UV_CACHE_DIR=.uv-cache uv run ruff format --check .
376 files already formatted
UV_CACHE_DIR=.uv-cache uv run ruff check .
All checks passed!
UV_CACHE_DIR=.uv-cache uv run python -m tools.check_import_boundaries
domain import boundary: ok
UV_CACHE_DIR=.uv-cache uv run python -m tools.check_docs
documentation structure and local links: ok
UV_CACHE_DIR=.uv-cache uv run python -m tools.check_contract_counts
current documentation contract counts: ok
UV_CACHE_DIR=.uv-cache uv run mypy
Success: no issues found in 373 source files
npm run typecheck --prefix sdk/typescript

> @iris-memory/sdk@0.11.2 typecheck
> tsc --project tsconfig.json --noEmit

UV_CACHE_DIR=.uv-cache uv run python -m tools.generate_contracts --check
generated contracts: ok
UV_CACHE_DIR=.uv-cache uv run python -m tools.check_compatibility
contract compatibility: ok
UV_CACHE_DIR=.uv-cache uv run python -m tools.check_public_api
public API exports, signatures, DTOs, CLI and HTTP snapshot: passed
UV_CACHE_DIR=.uv-cache uv run pytest tests/performance --no-cov -s
============================= test session starts ==============================
platform darwin -- Python 3.12.13, pytest-8.4.2, pluggy-1.6.0
rootdir: /Users/cassia/Local/Code/iris_memory_core
configfile: pyproject.toml
plugins: cov-7.1.0, anyio-4.15.0
collected 11 items

tests/performance/test_forget_latency.py ..
tests/performance/test_graph_profile_recall_latency.py 
graph+profile hybrid recall: p50=30.3ms p95=38.5ms max=70.1ms samples=40 budget=250ms
.
tests/performance/test_hybrid_recall_latency.py 
hybrid recall: p50=31.3ms p95=34.6ms max=38.8ms samples=40 embed_p50=0.03ms faiss_p50=1.68ms
..
tests/performance/test_observe_latency.py 
single-observation p95=3.87ms median=3.34ms
environment: python=3.12.13; sqlite=3.50.4; platform=arm64/Darwin; concurrency=1; payload=512B content per record
.
batch-100 p95=18.72ms median=12.19ms
environment: sqlite=(3, 50, 4); observations=7000; outbox_jobs=7000 (unsettled and completed)
.
tests/performance/test_persona_latency.py 
persona-current p95=1.74ms median=1.35ms
.
tests/performance/test_recall_latency.py 
structured recall: p50=29.34ms p95=39.22ms max=46.36ms samples=40
.
fts recall: p50=31.38ms p95=43.80ms max=56.61ms samples=40
.
tests/performance/test_state_latency.py 
environment: python=3.12.13 sqlite=3.50.4 machine=arm64 os=Darwin
state coalesced write (sequential stream, coalescing active): samples=120 payload_bytes=121 corpus=2000 rows | p50=9.13ms p95=9.99ms
contention burst (reported, single-writer gate queueing): samples=24 concurrency=8 p95=181.89ms | busy_events=0 | projection_jobs=2009 pending=2009 hot_key_revisions=155 queue_lag_us=19489095
.

============================= 11 passed in 43.53s ==============================
UV_CACHE_DIR=.uv-cache uv run pytest --ignore=tests/performance
============================= test session starts ==============================
platform darwin -- Python 3.12.13, pytest-8.4.2, pluggy-1.6.0
rootdir: /Users/cassia/Local/Code/iris_memory_core
configfile: pyproject.toml
testpaths: tests, sdk/python/tests
plugins: cov-7.1.0, anyio-4.15.0
collected 11966 items

tests/contract/test_asgi_authorization.py .............................. [  0%]
.....................                                                    [  0%]
tests/contract/test_console_contract.py ................................ [  0%]
........................................................................ [  1%]
........................................................................ [  1%]
........................................................................ [  2%]
........................................................................ [  3%]
........................................................................ [  3%]
...........                                                              [  3%]
tests/contract/test_http_operation_matrix.py ..                          [  3%]
tests/contract/test_json_schemas.py .................................... [  4%]
............                                                             [  4%]
tests/contract/test_mock_server.py ..................................... [  4%]
.................                                                        [  4%]
tests/contract/test_public_api.py ......                                 [  4%]
tests/contract/test_recall_batch_revalidation.py ......                  [  4%]
tests/fault/test_kill9.py ...............................                [  5%]
tests/integration/cognition/test_persona.py .................            [  5%]
tests/integration/cognition/test_reflection_pipeline.py ............     [  5%]
tests/integration/cognition/test_reflection_runtime.py ...               [  5%]
tests/integration/console/test_console_artifact_http.py ................ [  5%]
......                                                                   [  5%]
tests/integration/console/test_console_artifact_upload.py .............. [  5%]
......................                                                   [  5%]
tests/integration/console/test_console_authentication.py ............... [  5%]
............................................                             [  6%]
tests/integration/console/test_console_claim_http.py ................... [  6%]
.                                                                        [  6%]
tests/integration/console/test_console_commands.py ..................... [  6%]
..                                                                       [  6%]
tests/integration/console/test_console_entity_attributes.py ............ [  6%]
.......                                                                  [  6%]
tests/integration/console/test_console_entity_redirect.py .............. [  6%]
..                                                                       [  6%]
tests/integration/console/test_console_entity_tombstone.py .........     [  6%]
tests/integration/console/test_console_episode_http.py ................. [  7%]
...........                                                              [  7%]
tests/integration/console/test_console_event_dismiss.py ............     [  7%]
tests/integration/console/test_console_event_http.py ..........          [  7%]
tests/integration/console/test_console_event_recall.py ..                [  7%]
tests/integration/console/test_console_focus_commands.py ........        [  7%]
tests/integration/console/test_console_focus_forget.py .............     [  7%]
tests/integration/console/test_console_focus_http.py .                   [  7%]
tests/integration/console/test_console_forget_http.py .................. [  7%]
..............                                                           [  7%]
tests/integration/console/test_console_forget_selection.py ....          [  7%]
tests/integration/console/test_console_identity_http.py ................ [  8%]
..............                                                           [  8%]
tests/integration/console/test_console_note_http.py .................... [  8%]
...                                                                      [  8%]
tests/integration/console/test_console_observation_http.py ............. [  8%]
..                                                                       [  8%]
tests/integration/console/test_console_operation_batches.py ...........  [  8%]
tests/integration/console/test_console_operation_cancellation.py ...     [  8%]
tests/integration/console/test_console_operation_http.py ...             [  8%]
tests/integration/console/test_console_operation_ordering.py ..          [  8%]
tests/integration/console/test_console_operation_storage.py ..           [  8%]
tests/integration/console/test_console_persona_commands.py ............. [  8%]
....                                                                     [  8%]
tests/integration/console/test_console_persona_http.py ............      [  8%]
tests/integration/console/test_console_persona_policy.py ...........     [  8%]
tests/integration/console/test_console_persona_policy_http.py .......... [  9%]
........                                                                 [  9%]
tests/integration/console/test_console_persona_policy_recovery.py .      [  9%]
tests/integration/console/test_console_persona_proposals.py ............ [  9%]
                                                                         [  9%]
tests/integration/console/test_console_persona_proposals_http.py ....... [  9%]
....                                                                     [  9%]
tests/integration/console/test_console_persona_proposals_recovery.py .   [  9%]
tests/integration/console/test_console_persona_recovery.py ..            [  9%]
tests/integration/console/test_console_persona_state.py ................ [  9%]
..                                                                       [  9%]
tests/integration/console/test_console_persona_state_http.py ........... [  9%]
...                                                                      [  9%]
tests/integration/console/test_console_persona_state_recovery.py .       [  9%]
tests/integration/console/test_console_plane.py .......................  [  9%]
tests/integration/console/test_console_reads.py ........................ [ 10%]
...............................                                          [ 10%]
tests/integration/console/test_console_relation_http.py ................ [ 10%]
...............                                                          [ 10%]
tests/integration/console/test_console_state_forget.py .............     [ 10%]
tests/integration/console/test_console_state_http.py .............       [ 10%]
tests/integration/console/test_console_task_dependencies.py ............ [ 10%]
......                                                                   [ 10%]
tests/integration/console/test_console_task_forget.py .................. [ 11%]
.                                                                        [ 11%]
tests/integration/console/test_console_task_http.py ..............       [ 11%]
tests/integration/console/test_console_task_steps.py ............        [ 11%]
tests/integration/console/test_console_task_triggers.py ................ [ 11%]
.......                                                                  [ 11%]
tests/integration/console/test_console_worker_execution.py ......        [ 11%]
tests/integration/memory/test_claim_revision_events.py ......            [ 11%]
tests/integration/memory/test_concurrency.py ..                          [ 11%]
tests/integration/memory/test_consistency.py .............               [ 11%]
tests/integration/memory/test_entity_tombstone_ledger.py ......          [ 11%]
tests/integration/memory/test_events.py ..............................   [ 12%]
tests/integration/memory/test_focus_items.py ........................... [ 12%]
...                                                                      [ 12%]
tests/integration/memory/test_focus_promotion.py ....................... [ 12%]
....                                                                     [ 12%]
tests/integration/memory/test_memory_artifacts.py ..............         [ 12%]
tests/integration/memory/test_memory_cascade_and_privacy.py ...........  [ 12%]
tests/integration/memory/test_memory_claims.py ......................... [ 12%]
........                                                                 [ 12%]
tests/integration/memory/test_memory_concurrency.py ....                 [ 13%]
tests/integration/memory/test_memory_episodes_relations.py ...........   [ 13%]
tests/integration/memory/test_memory_evidence_scope_and_ledger.py ...... [ 13%]
.........                                                                [ 13%]
tests/integration/memory/test_memory_forget.py .....................     [ 13%]
tests/integration/memory/test_notes.py ...............                   [ 13%]
tests/integration/memory/test_recent_context.py .................        [ 13%]
tests/integration/memory/test_relation_endpoint_privacy.py ...           [ 13%]
tests/integration/memory/test_state_records.py ......................... [ 13%]
..                                                                       [ 13%]
tests/integration/memory/test_task_deletion_storage.py ...               [ 13%]
tests/integration/memory/test_task_event_jobs.py ...........             [ 14%]
tests/integration/memory/test_tasks.py ..................                [ 14%]
tests/integration/memory/test_triggers.py .............................. [ 14%]
.....                                                                    [ 14%]
tests/integration/memory/test_working_memory_jobs.py ............        [ 14%]
tests/integration/memory/test_working_memory_security.py .......         [ 14%]
tests/integration/migrations/test_console_migration.py ..                [ 14%]
tests/integration/migrations/test_console_operation_migration.py ..      [ 14%]
tests/integration/migrations/test_console_preview_migration.py .......   [ 14%]
tests/integration/migrations/test_dependency_lifecycle_migration.py .... [ 14%]
                                                                         [ 14%]
tests/integration/migrations/test_fts_recall_migration.py .............  [ 14%]
tests/integration/migrations/test_graph_profile_migration.py .......     [ 14%]
tests/integration/migrations/test_ingestion_migration.py ..............  [ 15%]
tests/integration/migrations/test_memory_migration.py ..........         [ 15%]
tests/integration/migrations/test_migrations.py ......................   [ 15%]
tests/integration/migrations/test_persona_migration.py ...               [ 15%]
tests/integration/migrations/test_reflection_migration.py ....           [ 15%]
tests/integration/migrations/test_state_deletion_migration.py ......     [ 15%]
tests/integration/migrations/test_task_event_migration.py .............. [ 15%]
.....                                                                    [ 15%]
tests/integration/migrations/test_vector_migration.py .........          [ 15%]
tests/integration/migrations/test_working_memory_migration.py .......... [ 15%]
......                                                                   [ 15%]
tests/integration/recall/test_fts_recall_fts.py ...............          [ 15%]
tests/integration/recall/test_fts_recall_recall.py ..................... [ 16%]
........                                                                 [ 16%]
tests/integration/recall/test_fts_recall_usage.py ...........            [ 16%]
tests/integration/recall/test_graph_http_fallbacks.py ...                [ 16%]
tests/integration/recall/test_graph_profile_concurrency.py .......       [ 16%]
tests/integration/recall/test_graph_profile_graph.py ................... [ 16%]
........................................................................ [ 17%]
......................................                                   [ 17%]
tests/integration/recall/test_graph_profile_jobs.py .........            [ 17%]
tests/integration/recall/test_graph_profile_privacy_and_consistency.py . [ 17%]
..........                                                               [ 17%]
tests/integration/recall/test_graph_profile_profile.py ................. [ 17%]
....                                                                     [ 17%]
tests/integration/recall/test_graph_profile_recall.py .................. [ 17%]
............................                                             [ 18%]
tests/integration/recall/test_graph_runtime_budgets.py ........          [ 18%]
tests/integration/recall/test_graph_runtime_races.py ................... [ 18%]
........................................................................ [ 18%]
........................................................................ [ 19%]
........................................................................ [ 20%]
...............                                                          [ 20%]
tests/integration/recall/test_projection_deletion_publication.py ....... [ 20%]
....................                                                     [ 20%]
tests/integration/recall/test_provider_deadline_and_circuit_probe.py ... [ 20%]
.                                                                        [ 20%]
tests/integration/recall/test_recall.py ...........................      [ 20%]
tests/integration/recall/test_recall_backlog_identity_and_replay.py .... [ 20%]
...........                                                              [ 20%]
tests/integration/recall/test_recall_deadline_scope_and_rebuild.py ..... [ 20%]
...............                                                          [ 21%]
tests/integration/recall/test_recall_publication_revalidation.py ....... [ 21%]
......                                                                   [ 21%]
tests/integration/recall/test_vector.py ............................     [ 21%]
tests/integration/recall/test_vector_concurrency.py .......              [ 21%]
tests/integration/recall/test_vector_crash_freshness_and_isolation.py .. [ 21%]
......................                                                   [ 21%]
tests/integration/recall/test_vector_idmap.py ........                   [ 21%]
tests/integration/recall/test_vector_provider.py ....................... [ 21%]
..                                                                       [ 21%]
tests/integration/recall/test_vector_recall.py ...........               [ 22%]
tests/integration/recovery/test_backup.py .......................        [ 22%]
tests/integration/recovery/test_console_operation_restore.py ........    [ 22%]
tests/integration/recovery/test_memory_backup.py .                       [ 22%]
tests/integration/recovery/test_memory_forget_commit_and_restore_atomicity.py . [ 22%]
...........                                                              [ 22%]
tests/integration/recovery/test_memory_legacy_restore_and_ledger_identity.py . [ 22%]
.......                                                                  [ 22%]
tests/integration/recovery/test_memory_resurrection.py .......           [ 22%]
tests/integration/recovery/test_recall_visibility_and_resurrection.py .. [ 22%]
......                                                                   [ 22%]
tests/integration/recovery/test_release_packaging.py .........           [ 22%]
tests/integration/recovery/test_trigger_backup_configuration.py .        [ 22%]
tests/integration/runtime/test_backpressure_health.py .................. [ 22%]
......                                                                   [ 22%]
tests/integration/runtime/test_http_recall_assembly.py ................. [ 23%]
...                                                                      [ 23%]
tests/integration/runtime/test_http_recall_provider_faults.py .........  [ 23%]
tests/integration/runtime/test_identity_registry.py .................... [ 23%]
.                                                                        [ 23%]
tests/integration/runtime/test_observations.py ......................... [ 23%]
.........                                                                [ 23%]
tests/integration/runtime/test_outbox.py ............................... [ 23%]
.........                                                                [ 23%]
tests/integration/runtime/test_provisioning.py ................          [ 24%]
tests/integration/runtime/test_release_surface.py ...................... [ 24%]
..........................                                               [ 24%]
tests/integration/runtime/test_runtime.py ......                         [ 24%]
tests/integration/runtime/test_runtime_authorization_fencing_and_health.py . [ 24%]
..............................................                           [ 24%]
tests/integration/runtime/test_scheduler.py ..........................   [ 25%]
tests/integration/runtime/test_surface.py .............................. [ 25%]
....                                                                     [ 25%]
tests/integration/runtime/test_task_event_surface_gate.py .............. [ 25%]
....................                                                     [ 25%]
tests/unit/test_cli.py .......                                           [ 25%]
tests/unit/test_contract_compatibility.py ...                            [ 25%]
tests/unit/test_contract_counts.py ....                                  [ 25%]
tests/unit/test_contract_generation.py ....                              [ 25%]
tests/unit/test_domain.py ..                                             [ 25%]
tests/unit/test_domain_rules.py ........                                 [ 25%]
tests/unit/test_graph_profile_domain.py ...........................      [ 26%]
tests/unit/test_identity_rules.py ........                               [ 26%]
tests/unit/test_import_boundaries.py ...                                 [ 26%]
tests/unit/test_ingestion_domain.py .................................... [ 26%]
..............                                                           [ 26%]
tests/unit/test_memory_domain.py ....................................... [ 26%]
........................................................................ [ 27%]
........................................................................ [ 28%]
........................................................................ [ 28%]
........................................................................ [ 29%]
........................................................................ [ 29%]
........................................................................ [ 30%]
........................................................................ [ 31%]
........................................................................ [ 31%]
........................................................................ [ 32%]
........................................................................ [ 33%]
........................................................................ [ 33%]
........................................................................ [ 34%]
........................................................................ [ 34%]
........................................................................ [ 35%]
........................................................................ [ 36%]
........................................................................ [ 36%]
........................................................................ [ 37%]
........................................................................ [ 37%]
........................................................................ [ 38%]
........................................................................ [ 39%]
........................................................................ [ 39%]
........................................................................ [ 40%]
........................................................................ [ 40%]
........................................................................ [ 41%]
........................................................................ [ 42%]
........................................................................ [ 42%]
........................................................................ [ 43%]
........................................................................ [ 43%]
........................................................................ [ 44%]
........................................................................ [ 45%]
........................................................................ [ 45%]
........................................................................ [ 46%]
........................................................................ [ 46%]
........................................................................ [ 47%]
........................................................................ [ 48%]
........................................................................ [ 48%]
........................................................................ [ 49%]
........................................................................ [ 49%]
........................................................................ [ 50%]
........................................................................ [ 51%]
........................................................................ [ 51%]
...............                                                          [ 51%]
tests/unit/test_persona_domain.py ....                                   [ 51%]
tests/unit/test_promotion_bounds.py ..                                   [ 51%]
tests/unit/test_reflection.py .......................................... [ 52%]
........................................................................ [ 52%]
........................................................................ [ 53%]
........................................................................ [ 53%]
........................................................................ [ 54%]
........................................................................ [ 55%]
........................................................................ [ 55%]
........................................................................ [ 56%]
........................................................................ [ 56%]
........................................................................ [ 57%]
........................................................................ [ 58%]
........................................................................ [ 58%]
........................................................................ [ 59%]
........................................................................ [ 60%]
........................................................................ [ 60%]
........................................................................ [ 61%]
........................................................................ [ 61%]
........................................................................ [ 62%]
........................................................................ [ 63%]
........................................................................ [ 63%]
........................................................................ [ 64%]
........................................................................ [ 64%]
........................................................................ [ 65%]
........................................................................ [ 66%]
........................................................................ [ 66%]
........................................................................ [ 67%]
........................................................................ [ 67%]
........................................................................ [ 68%]
........................................................................ [ 69%]
...........................................                              [ 69%]
tests/unit/test_task_event_domain.py ................................... [ 69%]
........................................................................ [ 70%]
........................................................................ [ 70%]
........................................................................ [ 71%]
........................................................................ [ 72%]
........................................................................ [ 72%]
........................................................................ [ 73%]
........................................................................ [ 73%]
........................................................................ [ 74%]
........................................................................ [ 75%]
........................................................................ [ 75%]
........................................................................ [ 76%]
........................................................................ [ 76%]
........................................................................ [ 77%]
........................................................................ [ 78%]
........................................................................ [ 78%]
........................................................................ [ 79%]
........................................................................ [ 79%]
........................................................................ [ 80%]
........................................................................ [ 81%]
........................................................................ [ 81%]
........................................................................ [ 82%]
........................................................................ [ 82%]
........................................................................ [ 83%]
........................................................................ [ 84%]
........................................................................ [ 84%]
........................................................................ [ 85%]
........................................................................ [ 85%]
........................................................................ [ 86%]
........................................................................ [ 87%]
........................................................................ [ 87%]
........................................................................ [ 88%]
........................................................................ [ 88%]
........................................................................ [ 89%]
........................................................................ [ 90%]
........................................................................ [ 90%]
........................................................................ [ 91%]
........................................................................ [ 91%]
........................................................................ [ 92%]
........................................................................ [ 93%]
........................................................................ [ 93%]
........................................................................ [ 94%]
........................................................................ [ 94%]
........................................................................ [ 95%]
........................................................................ [ 96%]
........................................................................ [ 96%]
........................................................................ [ 97%]
........................................................................ [ 97%]
........................................................................ [ 98%]
........................................................................ [ 99%]
...................................................                      [ 99%]
tests/unit/test_vector_domain.py ............................            [ 99%]
tests/unit/test_working_memory_domain.py ...................             [ 99%]
sdk/python/tests/test_fixtures.py ..                                     [100%]

=============================== warnings summary ===============================
.venv/lib/python3.12/site-packages/fastapi/testclient.py:1
  /Users/cassia/Local/Code/iris_memory_core/.venv/lib/python3.12/site-packages/fastapi/testclient.py:1: StarletteDeprecationWarning: Using `httpx` with `starlette.testclient` is deprecated; install `httpx2` instead.
    from starlette.testclient import TestClient as TestClient  # noqa

.venv/lib/python3.12/site-packages/starlette/testclient.py:53
  /Users/cassia/Local/Code/iris_memory_core/.venv/lib/python3.12/site-packages/starlette/testclient.py:53: DeprecationWarning: The anyio.abc.BlockingPortal alias is deprecated, use anyio.from_thread.BlockingPortal instead.
    _PortalFactoryType = Callable[[], AbstractContextManager[anyio.abc.BlockingPortal]]

-- Docs: https://docs.pytest.org/en/stable/how-to/capture-warnings.html
================================ tests coverage ================================
______________ coverage: platform darwin, python 3.12.13-final-0 _______________

Name                                                            Stmts   Miss Branch BrPart  Cover   Missing
-----------------------------------------------------------------------------------------------------------
sdk/python/src/iris_memory_sdk/client.py                          452     45    102     17    89%   58, 60, 174, 202, 204, 206, 231, 233, 327, 330->332, 350, 356, 358, 384, 459, 640, 1124, 1261-1269, 1286-1293, 1303-1313, 1316-1317, 1340-1354, 1363-1372, 1389-1396, 1401-1408, 1413-1420, 1429-1438
sdk/python/src/iris_memory_sdk/models.py                         1537    407    980    325    69%   16-17, 31, 60, 77, 83, 85, 89, 97, 102, 104-105, 109, 111, 114, 119-131, 163, 167-168, 170, 173-174, 178, 181, 185, 198, 204, 209, 213, 215, 218, 224, 227, 229, 232, 238, 242, 248, 254, 258, 260, 263, 266, 272, 277, 283, 287, 289, 291, 297, 301, 303, 305, 311, 317, 320, 322, 325, 332, 336, 339, 342, 348, 358, 366, 372, 374, 379, 385, 391-392, 395-396, 399, 401, 403, 409, 416, 423, 427-428, 432, 438, 443, 448, 453, 463, 496, 499, 504, 511, 514, 525, 528->530, 536, 543-545, 548, 551, 559, 569, 572, 575, 577, 583-590, 594-609, 614, 624, 627, 630, 634, 644, 650, 653, 658-671, 676, 678->680, 682, 685, 691-700, 705, 708->710, 712, 715, 718, 721, 723, 724->728, 734, 740, 742, 745, 751, 757, 763, 768-775, 830, 837, 845-846, 849-850, 853, 870-871, 876-877, 879, 881, 883, 885, 890, 895, 897, 902, 909, 911, 915, 926, 930, 933, 934->936, 939, 942, 949, 966, 968->967, 973, 980, 984, 988, 990, 993, 997, 1000, 1006, 1010-1011, 1020, 1022->1024, 1026-1027, 1036-1037, 1041, 1046, 1051, 1060, 1063, 1066, 1071, 1081, 1087, 1090->1095, 1092, 1100, 1104-1105, 1114, 1119, 1122, 1124->1123, 1130, 1134, 1140, 1145, 1147, 1154, 1161, 1164, 1166->1165, 1172, 1176, 1184, 1190, 1198, 1205, 1214, 1217, 1224, 1236, 1239, 1241->1240, 1245, 1253, 1260, 1263, 1266, 1269, 1276, 1283, 1286, 1290, 1297, 1300, 1302, 1305, 1308, 1315, 1322, 1325, 1327, 1329, 1335, 1339-1340, 1349, 1355, 1364, 1370, 1373, 1376, 1382, 1396-1397, 1404, 1407, 1411, 1429, 1432, 1438, 1442, 1445, 1453, 1456, 1458, 1461, 1464, 1478, 1484, 1496, 1499, 1508, 1510, 1513, 1519, 1522, 1527, 1530, 1533, 1539, 1548, 1565, 1569, 1573, 1583, 1589, 1592, 1595, 1598, 1605, 1609, 1612, 1616-1617, 1623, 1628, 1630, 1635, 1642-1643, 1651, 1660, 1666, 1669, 1672, 1674, 1676, 1678, 1684, 1688, 1691, 1694, 1697, 1705, 1710, 1713, 1717, 1719, 1721, 1727, 1736, 1745, 1749, 1752, 1759, 1763, 1765, 1774, 1778, 1784, 1791, 1799, 1804, 1806, 1808, 1814, 1822, 1827, 1834, 1848, 1852-1853, 1861, 1887, 1905, 1909, 1923, 1929, 1933, 1937-1938, 1941, 1944
src/iris_memory_core/__main__.py                                    1      1      0      0     0%   1
src/iris_memory_core/_resources.py                                 24      2      8      3    84%   28, 31, 36->38
src/iris_memory_core/api/app.py                                   908    137    382     50    83%   119, 125, 127, 138, 141, 166, 169, 206, 218, 221, 225, 233, 236, 239-241, 243, 299, 325, 339, 344-356, 383-384, 386, 393-396, 407-451, 457-468, 617, 626, 715, 734, 745, 970, 1019, 1026-1027, 1035-1036, 1237, 1250-1254, 1318-1321, 1394, 1411, 1422, 1451, 1456, 1459, 1541, 1554, 1560, 1564, 1566->1613, 1571, 1609-1611, 1639-1641, 1689->1697, 1727, 1739, 1761-1762, 1803, 1829, 1853, 1895-1896, 1903-1906, 1908-1909, 1958-1965
src/iris_memory_core/api/console/app.py                           123      6     34      3    93%   60, 83, 109, 126-128
src/iris_memory_core/api/console/auth.py                          115      4     42      2    96%   89-91, 110
src/iris_memory_core/api/console/config.py                         52      3     22      1    95%   16-17, 75
src/iris_memory_core/api/console/crypto.py                         62      5     10      3    89%   22-23, 27, 33, 84
src/iris_memory_core/api/console/errors.py                         46      1     14      1    97%   79
src/iris_memory_core/api/console/key_views.py                      57      1     16      1    97%   123
src/iris_memory_core/api/console/listening.py                      41      3      8      0    90%   26, 69-70
src/iris_memory_core/api/console/offline.py                        41      4      8      4    84%   40, 46, 48, 53
src/iris_memory_core/api/console/resource_views.py                110      3     50      3    96%   93, 97, 154
src/iris_memory_core/api/console/routes_artifacts.py               63      2     26      3    94%   37, 51->56, 53
src/iris_memory_core/api/console/routes_auth.py                   112      9     10      1    90%   81-86, 169-178
src/iris_memory_core/api/console/routes_forget.py                  29      2      6      2    89%   25, 43
src/iris_memory_core/api/console/routes_identity.py                56      3      6      3    90%   58, 104, 119
src/iris_memory_core/api/console/routes_memory.py                 378     28    114     25    89%   51, 118, 139, 163, 188, 208, 233, 253, 290, 311-312, 352, 359, 381-382, 422, 424, 446-447, 487, 513, 559, 572, 621, 690, 742, 833, 936
src/iris_memory_core/api/console/routes_operations.py              66      1     10      1    97%   54
src/iris_memory_core/api/console/routes_persona_policy.py          48      1     10      1    97%   138
src/iris_memory_core/api/console/routes_persona_proposals.py       40      1      2      0    98%   154
src/iris_memory_core/api/console/routes_personas.py                36      1      4      1    95%   21
src/iris_memory_core/api/errors.py                                 47      3     14      1    93%   82, 137-138
src/iris_memory_core/api/views.py                                 137      8     12      4    92%   79-80, 115, 123, 125, 127, 846, 895
src/iris_memory_core/application/artifacts.py                     218     25     72     19    84%   110, 143, 213, 215, 234, 275, 279, 281, 284-285, 297, 300, 305, 310, 333, 380, 385, 452, 457, 490, 571-574, 614
src/iris_memory_core/application/backpressure.py                  144      7     36      5    93%   52, 54, 56, 172-173, 176-177
src/iris_memory_core/application/console/artifacts.py              65      1      4      1    97%   164
src/iris_memory_core/application/console/authorization.py         127     22     80     11    81%   38-40, 44, 50, 55, 64-70, 88, 128-131, 148, 153, 161, 179
src/iris_memory_core/application/console/claims.py                 64      1      6      1    97%   158
src/iris_memory_core/application/console/commands.py              105     10     46     10    87%   155, 174, 176, 201, 221, 248, 258, 290, 293, 310
src/iris_memory_core/application/console/credentials.py           121     23     54     13    74%   98->97, 101, 133, 140-143, 146, 155-156, 159, 199, 221, 230, 233, 236, 275-296
src/iris_memory_core/application/console/episodes.py               63      1      8      1    97%   157
src/iris_memory_core/application/console/focus.py                  64      2      8      2    94%   92, 160
src/iris_memory_core/application/console/forget.py                274     26    126     24    88%   69, 96, 172, 177, 204, 212, 227, 230-231, 253, 266, 268, 271, 281, 418, 420, 422, 429, 472, 485, 488, 501, 571, 590, 598, 611
src/iris_memory_core/application/console/forget_selection.py       41     11     20      7    70%   33, 40, 42, 45, 48, 51-53, 62-64
src/iris_memory_core/application/console/identity.py              117      7     30      6    91%   43, 105, 149, 152-153, 210, 266, 294->296
src/iris_memory_core/application/console/notes.py                  65      1      8      1    97%   157
src/iris_memory_core/application/console/observations.py           60      1      6      1    97%   152
src/iris_memory_core/application/console/operations.py            160     14     44     14    86%   89, 92, 180, 188, 192, 196, 199, 223, 233, 317, 319, 406, 409, 419
src/iris_memory_core/application/console/persona_policy.py         44      2      4      2    92%   39, 43
src/iris_memory_core/application/console/persona_proposals.py      75      4     16      6    89%   53, 57, 67, 68->95, 78, 86->93
src/iris_memory_core/application/console/persona_states.py         57      2     10      2    94%   46, 50
src/iris_memory_core/application/console/personas.py               50      3      6      3    89%   41, 45, 49
src/iris_memory_core/application/console/reads.py                 182     20     82      9    88%   45, 48, 109-110, 118, 170-178, 187, 189, 234, 323, 326-327
src/iris_memory_core/application/console/relations.py              64      1      8      1    97%   161
src/iris_memory_core/application/console/security.py              286     23    120     22    89%   60, 101, 158, 163, 165, 175, 178, 288, 300, 402-403, 406, 412, 440, 472->exit, 502, 546, 590-598, 616, 622, 632, 657->661, 675, 689->680
src/iris_memory_core/application/console/tasks.py                 148      5     30      5    94%   98, 159, 219, 271, 421
src/iris_memory_core/application/entity_deletion.py                60      4     20      5    89%   32, 68, 137, 139->163, 146
src/iris_memory_core/application/episodes.py                      506     79    206     59    79%   118, 121, 136, 138, 147, 179, 186, 195, 199, 209, 222, 227, 243, 257, 297, 317, 395, 453, 455, 459, 461, 466, 468, 470, 472, 475, 483, 542, 547, 620, 668, 670, 736, 812-813, 825-842, 919, 979, 990, 998, 1038, 1058, 1062, 1105, 1126, 1134, 1181-1182, 1199, 1225, 1278, 1334, 1336, 1340, 1353, 1358, 1365, 1427, 1432, 1605, 1654-1655, 1670, 1677, 1694, 1701
src/iris_memory_core/application/events.py                        347     51    140     39    81%   89, 186, 305, 315, 349, 399, 401, 511, 569-570, 576, 581, 583, 588, 603, 605, 635, 697, 709, 711, 756, 765, 766->754, 772, 775, 786-788, 797, 798->773, 853, 856-857, 862-868, 879, 881, 907, 917, 939, 989, 999, 1118, 1202, 1208, 1223, 1228-1229, 1286-1287, 1289
src/iris_memory_core/application/focus.py                         485     52    188     43    86%   122, 124, 129, 131, 133, 136, 139, 141, 156, 160, 162, 165, 181-182, 249, 260, 295, 303-304, 306, 316, 344, 362, 382, 389, 398-399, 453, 495, 497, 519, 523, 583, 652, 773, 877, 921, 1028, 1032-1033, 1092, 1146-1147, 1189, 1232->1234, 1253->1255, 1269->1271, 1300-1301, 1316, 1382, 1387, 1398, 1453, 1490
src/iris_memory_core/application/forget.py                        533     52    262     46    86%   197->205, 271->277, 333->332, 345->344, 372->350, 398, 402->404, 448, 473, 548, 550, 632, 637, 657, 663, 665-667, 668->672, 671, 680, 716, 758, 791, 801, 816, 831-832, 976, 1083, 1094, 1109, 1120, 1139, 1150, 1182, 1186, 1190, 1194, 1200-1213, 1222, 1226, 1230, 1251, 1283, 1304, 1316, 1334, 1339->1347
src/iris_memory_core/application/health.py                        140     19     34      4    84%   116-117, 119-125, 134-138, 170, 175-176, 209, 229-230, 243
src/iris_memory_core/application/identity.py                      411     24    110     17    92%   262, 345, 349, 352-353, 357-358, 386, 411, 414, 523, 537, 539, 570, 574, 577-578, 583, 599, 610, 625, 665, 680, 1206
src/iris_memory_core/application/memory.py                        533     83    236     60    80%   106, 115, 119, 126, 129, 212, 231, 236-237, 239, 293, 303, 321, 332, 336, 340, 342-369, 390, 392, 403, 414, 416, 421, 423, 454, 456, 474, 491, 506, 510, 513, 516, 522, 582, 584, 587, 589, 592, 651, 653, 666, 669-670, 672, 678, 796, 801, 969, 1035, 1037, 1041, 1044, 1131, 1134-1141, 1164-1165, 1174, 1176, 1262, 1403-1404, 1443, 1457->1497, 1481, 1494, 1495->1457, 1587-1595, 1611, 1666
src/iris_memory_core/application/notes.py                         407     62    136     39    81%   134, 143, 147, 208, 212, 215-216, 231, 302, 410, 491, 497, 506, 521, 576, 580, 591, 593, 617, 651, 653, 712, 742-743, 834, 836, 850-851, 905, 932, 937, 939, 950, 1032, 1071-1072, 1125, 1127, 1137, 1168, 1185, 1190, 1208-1209, 1241-1250, 1293-1294, 1336, 1363-1412, 1446, 1453
src/iris_memory_core/application/observation.py                   362     35    188     37    87%   64, 76, 85, 124, 130, 145, 179, 186, 188, 201, 204-206, 216, 224, 227, 230, 291, 318, 451, 567->569, 573->575, 581, 609, 615, 622, 624, 627, 642, 665, 667, 670, 676, 678, 719->713, 733, 748, 750
src/iris_memory_core/application/outbox.py                        190      6     58      3    96%   366, 371, 376-381, 440
src/iris_memory_core/application/persona.py                       574     68    230     65    83%   85, 103, 135, 160, 173, 177, 198, 252, 314, 366, 385, 441, 494, 552, 583, 587, 602, 604, 666, 771, 782, 789, 802, 806, 816, 833, 848, 917, 919, 984, 994, 996, 1000, 1002, 1078-1085, 1115, 1160, 1174, 1182, 1387, 1408, 1419, 1423, 1429, 1435, 1444, 1455, 1459, 1462, 1470, 1481, 1489-1490, 1499, 1514, 1535, 1556, 1559, 1563, 1573, 1592, 1605, 1608, 1645, 1648, 1650, 1652
src/iris_memory_core/application/ports/clock.py                    33      4      0      0    88%   21, 42, 45, 48
src/iris_memory_core/application/promotion.py                     123      5     34      5    94%   131, 145, 155, 162, 276
src/iris_memory_core/application/provisioning.py                  210     19     46      5    89%   66, 348->363, 406, 482, 484, 491-492, 501-505, 508-520
src/iris_memory_core/application/recall.py                       1405    201    564    124    82%   238, 274, 376-377, 397, 601, 691, 693->695, 792, 805, 825, 867, 929, 954, 964, 966, 974, 976, 983, 1050, 1088, 1103, 1112, 1155, 1167, 1177-1182, 1190, 1194-1196, 1253, 1292, 1306, 1308, 1315, 1408, 1416, 1483, 1519, 1531, 1534, 1557, 1562, 1596, 1599, 1602, 1604, 1611, 1644, 1648-1649, 1651, 1653, 1662, 1664, 1692, 1768, 1771, 1774, 1776, 1783, 1995, 2078-2087, 2334, 2337, 2339, 2341, 2357, 2359, 2412, 2465-2466, 2468, 2470, 2472, 2474, 2484, 2486, 2498-2499, 2501, 2503, 2505, 2509, 2523-2524, 2526, 2528, 2531, 2542, 2555-2556, 2558, 2560, 2563, 2565, 2574, 2576, 2590-2591, 2595, 2598, 2600, 2608, 2610, 2613, 2615, 2623, 2639-2640, 2643-2661, 2674-2675, 2677, 2679, 2685, 2688, 2697, 2699, 2713-2714, 2718, 2720, 2723, 2726, 2728, 2737, 2739, 2748, 2764, 2766-2767, 2802, 3026, 3125, 3153, 3206, 3279, 3296, 3309->3326, 3328, 3360, 3367-3425, 3430-3489, 3495, 3591, 3599-3600, 3603-3604, 3667, 3699, 3705, 3708, 3717, 3747, 3752
src/iris_memory_core/application/recent.py                        161     18     66     13    85%   69, 89, 93, 97, 145, 206, 217, 223-224, 226, 228, 230, 241, 334-343, 431, 514
src/iris_memory_core/application/reflection.py                    360     65    120     33    79%   91, 93, 99, 105, 112, 115, 120, 123, 194-216, 272, 278, 315-316, 342, 377, 392, 405, 408-413, 432-438, 451, 455, 458, 474, 476, 493-503, 505-514, 518-527, 564, 657, 660, 667, 693-703, 739-745, 776, 816-820, 834, 900, 917, 939-950, 1025, 1043-1064
src/iris_memory_core/application/retention.py                     245     94     98     15    57%   68, 114, 145, 150, 164, 181, 249, 265-266, 290->235, 319, 332, 374->305, 380, 444, 460-491, 496-498, 510-588, 600-649, 654-686, 693-721, 735-759, 802, 806, 812
src/iris_memory_core/application/scheduler.py                     157     12     38      9    89%   68, 118, 120, 122, 190, 216-217, 291-292, 302->308, 351-352, 388
src/iris_memory_core/application/security.py                       46      3     10      3    89%   22, 85, 87
src/iris_memory_core/application/state.py                         222     29     88     24    83%   87, 89, 94, 98, 101, 104, 106, 147, 182, 186, 195, 209, 214, 216, 220, 227, 271, 320, 429, 438-439, 530-535, 585, 663, 677, 702
src/iris_memory_core/application/surface.py                       189      7     56      5    95%   64, 99, 277, 423, 447, 559-560
src/iris_memory_core/application/task_deletion.py                  57      7     34      8    84%   24->36, 27, 30, 33, 56, 62, 66, 77
src/iris_memory_core/application/tasks.py                        1032    139    462    127    82%   149, 156, 173, 175, 179, 190, 230, 240, 246, 249, 256, 258, 307, 336, 344, 349, 360, 363, 365, 404, 406, 410, 412, 414, 416, 431, 499, 506, 528, 572, 623, 625, 685, 706, 723, 725, 807, 809, 826-827, 882, 945->947, 982, 1041, 1067, 1084, 1091, 1101, 1111, 1114, 1135, 1140, 1162, 1245, 1284, 1286, 1290, 1292, 1294, 1296, 1373, 1410, 1481, 1483, 1499-1500, 1504, 1556, 1577, 1586, 1608, 1645, 1653, 1716, 1718, 1725, 1784, 1791, 1796, 1799, 1803, 1815, 1829, 1845->1849, 1848, 1915-1916, 1985, 2000, 2066, 2068, 2126, 2144, 2154, 2254, 2271, 2276, 2278->exit, 2317, 2388, 2407, 2414, 2426, 2429, 2439, 2443, 2445, 2450, 2453-2454, 2456, 2500, 2600, 2651, 2744->2726, 2756-2757, 2758->2760, 2844->2860, 2856-2857, 2884-2885, 2886->2908, 2896-2897, 2898->2908, 2966->2968, 2970, 2972->2978, 3010, 3014, 3016, 3074, 3080, 3093, 3100-3108, 3179, 3283, 3297->3262, 3300, 3311
src/iris_memory_core/application/write_support.py                  98     13     52     11    84%   119, 123, 125, 128, 144-145, 170, 174, 189, 192, 194, 279, 281
src/iris_memory_core/bootstrap.py                                  77      6     18      5    88%   62, 64, 73, 87-88, 108
src/iris_memory_core/cli.py                                       125      9     30      5    90%   18-21, 138, 140, 193-194, 206
src/iris_memory_core/coordinator/__init__.py                        2      2      0      0     0%   12-17
src/iris_memory_core/domain/access.py                              35      2     10      2    91%   52, 65
src/iris_memory_core/domain/console.py                            140      5     14      5    94%   31, 35, 38, 104, 112
src/iris_memory_core/domain/errors.py                             100      2      2      0    98%   131-132
src/iris_memory_core/domain/event.py                               92      4     16      4    93%   73, 75, 167, 169
src/iris_memory_core/domain/focus.py                              128      6     36      5    93%   133, 136, 160, 186, 188, 260
src/iris_memory_core/domain/fts.py                                139      4     16      4    95%   96, 98, 174, 183
src/iris_memory_core/domain/graph.py                              176      6     26      6    94%   155, 157, 159, 161, 165, 167
src/iris_memory_core/domain/jobs.py                               109      7     16      6    90%   74, 434, 463, 465, 467, 469, 503
src/iris_memory_core/domain/memory.py                             431     29    120     31    89%   256, 258, 265, 267, 274, 276, 278, 299, 303, 305, 364->371, 367, 373, 381, 386, 400, 406->420, 409, 412, 419, 478, 486, 743, 745, 759, 777, 779, 811, 815, 817, 820
src/iris_memory_core/domain/model.py                              252      3     32      3    98%   281, 315, 335
src/iris_memory_core/domain/note.py                                98      8     14      6    88%   85, 87, 94, 96, 98, 159, 194-196
src/iris_memory_core/domain/observation.py                        123      5     26      6    93%   81->exit, 124, 126, 140, 146, 148
src/iris_memory_core/domain/persona.py                            220     20     68     18    86%   192, 195, 199, 218, 225, 233, 235, 237-239, 256, 263, 268, 274, 287, 292, 296, 302, 305, 308
src/iris_memory_core/domain/privacy.py                             63      6     34      2    92%   74-76, 82-84
src/iris_memory_core/domain/profile.py                            216      3     38      2    98%   150, 152, 228
src/iris_memory_core/domain/recall.py                             159      4     50      4    96%   101, 104, 155, 210
src/iris_memory_core/domain/recent.py                             159     22     48     16    80%   78, 154, 159-163, 282, 315, 317, 320, 324, 326, 328, 330, 332, 337, 339, 344, 349, 353, 355
src/iris_memory_core/domain/reflection.py                         288     21     68     14    88%   121, 135, 295, 324, 326-329, 335, 355, 360-361, 367, 379, 384, 392, 424, 429, 437, 447-448
src/iris_memory_core/domain/retention.py                          141      7     38      7    92%   174, 178, 180, 182, 203, 207, 312
src/iris_memory_core/domain/schedule.py                           168     12     46      5    91%   86, 91, 96, 114, 117-119, 162, 220-223
src/iris_memory_core/domain/scope.py                               50      6     24      2    86%   40, 44-46, 49, 82
src/iris_memory_core/domain/state.py                              148     21     44     14    81%   67, 69, 71, 73, 75, 130, 197-198, 217, 248, 251-252, 262, 266, 268, 276-278, 281, 291, 293
src/iris_memory_core/domain/surface.py                             59      3     10      3    91%   55, 61, 63
src/iris_memory_core/domain/task.py                               347     26    106     16    89%   217, 219, 294, 296, 385, 479, 487-491, 509, 520, 543, 572-574, 593-595, 640, 642, 644, 646, 662, 680
src/iris_memory_core/domain/vector.py                             211      9     54      7    94%   131, 234, 236, 265, 357, 364, 366, 447, 457
src/iris_memory_core/indexing/faiss.py                             90      9     22      7    86%   30-31, 61, 89, 91, 96, 110, 142, 144
src/iris_memory_core/indexing/fts.py                              234     33     86     17    82%   187->168, 245-246, 270, 343, 346, 367, 370, 382-388, 432, 438-444, 448, 451-455, 487, 493, 500, 527, 540-543, 554
src/iris_memory_core/indexing/graph.py                            355     48    164     31    84%   105-106, 112->116, 146, 177, 206, 209, 284, 288, 332->exit, 334-335, 354, 362, 413, 415, 417-418, 460-461, 495-496, 500, 502, 533-534, 536, 538, 541, 572->574, 581->583, 591-594, 609-610, 641, 657-658, 662, 681, 692-693, 695, 699, 713, 726->732, 753-754, 771-773
src/iris_memory_core/indexing/profile.py                          390     49    178     39    84%   134-135, 138-139, 167, 193, 195->191, 199->197, 240, 244, 287->exit, 289-291, 310, 313, 327->339, 333-334, 347, 353->360, 359, 363-364, 367->373, 375-376, 381->388, 393, 415, 418-419, 423, 425, 431, 433, 443-444, 448, 468-470, 513, 559->570, 589, 598-599, 601, 616, 622, 625, 640, 657, 723, 747, 754, 766, 774, 795->793, 801->793
src/iris_memory_core/indexing/vector.py                           757     98    272     57    84%   205-211, 230->214, 261, 411-415, 449, 471-472, 494, 550-553, 577-578, 580, 583, 588, 602, 609, 616, 618, 623, 626, 654, 658, 660, 663, 667, 680, 690, 693, 696-697, 699, 717, 720, 725-726, 728, 739->737, 769, 773-774, 891, 941->exit, 943-945, 952, 981, 997-999, 1036-1037, 1136->1143, 1139-1142, 1144, 1147-1148, 1296, 1307, 1319-1324, 1378, 1393, 1399-1405, 1409, 1412-1416, 1437, 1443, 1446, 1448, 1452, 1464, 1479-1480, 1505, 1527, 1530, 1583, 1611->1613, 1637-1639
src/iris_memory_core/jobs/handlers.py                             446     90    120     42    75%   63, 196-199, 240, 265, 293, 298, 300, 302, 305, 334, 390, 417, 436, 439, 442, 461, 482, 504, 506, 541, 547-548, 558-565, 567, 585, 587, 590->exit, 621, 623, 672-701, 719, 721, 724->exit, 763, 766, 769, 771, 774, 778, 780, 790->792, 860-874, 883-892, 901-906, 925, 999, 1061, 1111-1116, 1129-1160, 1182, 1184
src/iris_memory_core/jobs/worker.py                                91      3     12      3    94%   50, 262, 267, 299->292
src/iris_memory_core/observability/logging.py                      59      2     22      4    93%   93, 116, 147->150, 148->147
src/iris_memory_core/observability/metrics.py                      87     11     12      1    88%   82, 127, 130, 133, 136, 139, 150, 155, 191-193
src/iris_memory_core/providers/cognitive.py                       305     57     86     24    77%   32-33, 48, 50, 52, 54, 56, 58, 93, 101, 113-117, 141->146, 143->146, 185-186, 195-196, 252, 263, 267-271, 284, 309->exit, 311->exit, 318, 339-350, 371, 404->391, 406-407, 426, 431-433, 478-483, 508, 510-511, 545-547, 557-559
src/iris_memory_core/providers/embedding.py                       295     26     78     16    88%   92, 94, 99, 101, 103, 105, 158, 231->exit, 355, 390-391, 438-439, 446, 450, 523, 527-529, 531, 535, 581, 602, 607-608, 612-613
src/iris_memory_core/recall_runtime.py                             42      1     10      2    94%   56->60, 58
src/iris_memory_core/runtime.py                                   185     18     80     17    85%   99->110, 111, 113, 115, 123, 126, 133, 139, 154, 177-180, 193, 197, 205->207, 214, 286-287, 294->300, 298, 301->305
src/iris_memory_core/storage/admin_archives.py                     65     10     18      4    78%   50, 60-63, 72, 85-88
src/iris_memory_core/storage/backup.py                           1001    134    460     85    84%   72, 79, 105, 108, 114, 140-142, 153, 158, 177-179, 190, 194, 196, 201, 213, 225, 227, 310, 313-314, 348, 383, 400, 420, 440-441, 443, 445-447, 457->474, 462-464, 471, 473, 588, 597, 622, 626, 633, 800, 807-808, 810-811, 814-816, 873, 884, 915, 937->944, 943, 949-950, 952, 998-1001, 1040-1043, 1072->1089, 1089->1106, 1107-1110, 1121-1122, 1124, 1148, 1156, 1160, 1166, 1171, 1198, 1207, 1211-1212, 1217, 1228, 1243-1244, 1246-1250, 1270, 1294, 1310-1313, 1318-1322, 1331-1334, 1352, 1362, 1412, 1419, 1426, 1451, 1464, 1471, 1494, 1508, 1522, 1587-1589, 1707, 1714, 1720, 1741, 1759, 1760->1767, 1773, 1786, 1792, 1799, 1806, 1819, 1826, 1833, 1923, 1929, 1975-1976, 1987->1983, 2007, 2032, 2064
src/iris_memory_core/storage/cognitive.py                         261      9     38      8    94%   346-347, 400, 418, 457, 706->709, 784, 816, 867-868, 947->950, 994->998
src/iris_memory_core/storage/console.py                           104      6     10      3    92%   76, 106, 157-158, 268-271
src/iris_memory_core/storage/console_operation_restore.py          65      3     24      4    92%   25, 38, 69, 143->145
src/iris_memory_core/storage/console_operations.py                 48      6     18      4    85%   35, 85-86, 88-89, 118
src/iris_memory_core/storage/console_reads.py                     335     28    172     24    89%   355-356, 361, 376, 377->363, 413, 448, 450, 452, 483-484, 492-493, 495-496, 520, 523-524, 544-545, 576->600, 596->577, 685-686, 707-711, 733-735, 738->742, 756->758, 760, 807->813, 846, 869->872, 877->896
src/iris_memory_core/storage/fts.py                               195     22     40      8    86%   39-40, 46, 117, 127, 139, 153-157, 215, 219-223, 309, 652, 678-681, 704, 767
src/iris_memory_core/storage/idempotency.py                       148     19     38      5    85%   127-136, 179, 248-256, 280, 346, 366->363, 437, 448-461, 478-479, 483
src/iris_memory_core/storage/memory.py                            734     91    140     33    86%   93, 100, 107, 261-262, 319-320, 351-352, 416-419, 431-432, 438-442, 644-645, 708-709, 760-761, 763-764, 772-773, 775-776, 846-847, 928-929, 945-950, 978-986, 1031-1033, 1068-1071, 1074-1079, 1148-1149, 1151-1152, 1176-1178, 1191, 1375-1376, 1429-1430, 1501->1504, 1539-1544, 1640-1641, 1650, 1787, 1875-1876, 1903, 1919, 1926, 1936, 1942, 1946-1949, 1959, 1961, 2032-2037, 2040-2045, 2180-2184, 2225-2226, 2247, 2310->2313, 2313->2316, 2316->2319, 2343-2344, 2384->2387, 2387->2390, 2390->2393, 2429-2435, 2438-2445, 2448-2453
src/iris_memory_core/storage/migrations.py                        246     14     70      8    92%   217, 236, 253, 261->282, 266-271, 282->335, 341, 346-349, 585->587, 635-636
src/iris_memory_core/storage/persona.py                           152     18     44     15    83%   39, 183-184, 190, 198, 209-211, 217-219, 259, 274, 327, 374, 407, 444, 479, 485, 540->538
src/iris_memory_core/storage/plans.py                             533     47     90     17    89%   84->87, 133, 140, 227, 277-278, 378-379, 409->413, 413->422, 423-424, 476-483, 712-715, 742-745, 789, 814, 862-863, 980->984, 1055, 1085-1086, 1204-1208, 1269-1270, 1352-1359, 1386, 1429-1430, 1504->1507, 1549->1552, 1609-1613, 1659-1665, 1774, 1829-1830, 1934-1935, 1989
src/iris_memory_core/storage/projection.py                        315     52     78     16    81%   48-49, 52, 58-59, 61, 64->63, 101, 114-118, 165, 169-173, 194-219, 298, 303, 423, 428->437, 432, 464-468, 498, 510-514, 642-647, 671, 680-685, 693-698, 718, 870->879, 874, 908
src/iris_memory_core/storage/reflection.py                        192     17     22      7    89%   40, 99-104, 123-141, 217, 232, 381, 502-509, 552, 584, 594-599, 701-702, 797
src/iris_memory_core/storage/repositories.py                      428     29     62     10    91%   122, 441, 490, 531, 534, 600, 803, 893, 960, 1064, 1111-1112, 1124-1127, 1156-1159, 1211, 1307-1309, 1578-1587
src/iris_memory_core/storage/spine.py                             393     23     66     12    92%   163->166, 166->169, 172->179, 238-242, 307-315, 390, 437, 473-474, 547, 577->569, 739->742, 916-917, 964-965, 1026-1027, 1040-1046, 1127, 1143, 1188-1189, 1230->1222, 1312-1317
src/iris_memory_core/storage/uow.py                               298     22     38      7    89%   91, 596, 624->626, 631->633, 636->exit, 667->670, 711-713, 743-751, 757->exit, 761-770
src/iris_memory_core/storage/vector.py                            167      6     38      7    94%   116, 146, 331, 549, 554->563, 558, 603
-----------------------------------------------------------------------------------------------------------
TOTAL                                                           30285   3303   9914   2155    86%

48 files skipped due to complete coverage.
Required test coverage of 80% reached. Total coverage: 85.52%
================ 11966 passed, 2 warnings in 1019.64s (0:16:59) ================
npm test --prefix sdk/typescript

> @iris-memory/sdk@0.11.2 test
> npm run build && node --test dist/test/*.test.js


> @iris-memory/sdk@0.11.2 build
> tsc --project tsconfig.json

✔ parseEventStream retains cursor and forward fields (0.435ms)
✔ adapter-facing reads propagate AbortSignal and authentication (10.071666ms)
✔ events sends Last-Event-ID and parses a finite SSE poll (0.561459ms)
✔ events rejects invalid saved checkpoints before transport (0.3305ms)
✔ events rejects an HTTP error instead of treating it as an empty poll (0.658ms)
✔ TypeScript SDK matches the shared fixture manifest (9.339917ms)
✔ Phase 10 management requests carry Bearer and idempotency headers (10.510875ms)
✔ noteAction carries the lease proof on the wire (2.673125ms)
✔ task and step transitions carry the lease proof on the wire (0.604166ms)
✔ ackCognitiveEvent carries the lease proof on the wire (0.318667ms)
✔ rememberClaim carries the lease proof on the wire (0.3495ms)
✔ correctClaim carries the lease proof on the wire (0.241166ms)
✔ forgetMemory carries the lease proof on the wire (0.296792ms)
✔ createArtifact carries the lease proof on the wire (0.297958ms)
✔ transitionEpisode carries target and the lease proof on the wire (0.297334ms)
✔ recall posts the full request scope on the wire (0.381792ms)
✔ reportRecallUsage posts stage ids and idempotency key (0.614292ms)
✔ search posts query and scope on the wire (0.222166ms)
✔ persona mutations carry idempotency keys and exact resource paths (0.7375ms)
ℹ tests 19
ℹ suites 0
ℹ pass 19
ℹ fail 0
ℹ cancelled 0
ℹ skipped 0
ℹ todo 0
ℹ duration_ms 56.063917
npm run check --prefix web/console

> @iris-memory/console@0.1.0 check
> npm run types:check && npm run lint && npm run typecheck && npm test && npm run build


> @iris-memory/console@0.1.0 types:check
> node scripts/check-types.mjs && node scripts/generate-protocol.mjs --check

Published Console type generation is deterministic.

> @iris-memory/console@0.1.0 lint
> eslint . --max-warnings 0


> @iris-memory/console@0.1.0 typecheck
> tsc --noEmit


> @iris-memory/console@0.1.0 test
> vitest run


 RUN  v3.2.4 /Users/cassia/Local/Code/iris_memory_core/web/console

 ✓ tests/client.test.ts (16 tests) 21ms
 ✓ tests/workflows.test.tsx (13 tests) 254ms

 Test Files  2 passed (2)
      Tests  29 passed (29)
   Start at  00:59:14
   Duration  1.01s (transform 157ms, setup 0ms, collect 338ms, tests 275ms, environment 599ms, prepare 115ms)


> @iris-memory/console@0.1.0 build
> tsc --noEmit && vite build && node scripts/check-build.mjs

vite v7.1.4 building for production...
transforming...
node_modules/react-router/dist/development/index.mjs (11:0): Module level directives cause errors when bundled, "use client" in "node_modules/react-router/dist/development/index.mjs" was ignored.
node_modules/react-router/dist/development/dom-export.mjs (1:0): Module level directives cause errors when bundled, "use client" in "node_modules/react-router/dist/development/dom-export.mjs" was ignored.
✓ 56 modules transformed.
rendering chunks...
computing gzip size...
dist/index.html                   0.44 kB │ gzip:  0.32 kB
dist/assets/index-DsQ9LCF9.css    6.82 kB │ gzip:  2.27 kB
dist/assets/index-BFsozoxe.js   309.05 kB │ gzip: 97.58 kB
✓ built in 516ms
Production assets: same-origin, no mock, no inline entry, no eval, allowed suffixes.
npm run test:browser --prefix web/console

> @iris-memory/console@0.1.0 test:browser
> playwright test

(node:6567) [DEP0205] DeprecationWarning: `module.register()` is deprecated. Use `module.registerHooks()` instead.
(Use `node --trace-deprecation ...` to show where the warning was created)
[WebServer] INFO:     Started server process [6571]
[WebServer] INFO:     Waiting for application startup.
[WebServer] INFO:     Application startup complete.
[WebServer] INFO:     Uvicorn running on http://127.0.0.1:8766 (Press CTRL+C to quit)
[WebServer] {"duration_ms": 46.903458000087994, "event": "console.request", "id_hash": "h_c7d368e3d8c4", "status": "200"}

Running 20 tests using 1 worker

(node:6575) Warning: The 'NO_COLOR' env is ignored due to the 'FORCE_COLOR' env being set.
(Use `node --trace-warnings ...` to show where the warning was created)
(node:6575) [DEP0205] DeprecationWarning: `module.register()` is deprecated. Use `module.registerHooks()` instead.
(node:6575) Warning: The 'NO_COLOR' env is ignored due to the 'FORCE_COLOR' env being set.
(Use `node --trace-warnings ...` to show where the warning was created)
[WebServer] {"duration_ms": 1.0446670003148029, "event": "console.request", "id_hash": "h_0d8f0db2b3aa", "status": "200"}
[WebServer] {"duration_ms": 1.8217500000901055, "event": "console.request", "id_hash": "h_0bb52afdf901", "status": "200"}
[WebServer] {"duration_ms": 1.060083999618655, "event": "console.request", "id_hash": "h_81bd4b80e26a", "status": "200"}
[WebServer] {"duration_ms": 8.365542000319692, "event": "console.request", "id_hash": "h_d1edaa99f18c", "status": "401"}
[WebServer] {"duration_ms": 108.98591700060933, "event": "console.request", "id_hash": "h_51b2080cb675", "status": "200"}
[WebServer] {"duration_ms": 46.81449999952747, "event": "console.request", "id_hash": "h_23118d7cb6f1", "status": "200"}
[WebServer] {"duration_ms": 122.56870799865283, "event": "console.request", "id_hash": "h_1f63f1c3453e", "status": "200"}
[WebServer] {"duration_ms": 25.47841699924902, "event": "console.request", "id_hash": "h_89feca85316a", "status": "200"}
[WebServer] {"duration_ms": 6.501125000795582, "event": "console.request", "id_hash": "h_d1de3747e308", "status": "200"}
[WebServer] {"duration_ms": 9.980249998989166, "event": "console.request", "id_hash": "h_169e2cad4377", "status": "200"}
[WebServer] {"duration_ms": 1.4193749993864913, "event": "console.request", "id_hash": "h_14ee35d42ed1", "status": "200"}
[WebServer] {"duration_ms": 8.382625001104316, "event": "console.request", "id_hash": "h_d72f657c4bdf", "status": "200"}
[WebServer] {"duration_ms": 2.260291999846231, "event": "console.request", "id_hash": "h_6837268e8d86", "status": "200"}
[WebServer] {"duration_ms": 1.3582499996118713, "event": "console.request", "id_hash": "h_dc94aba8f56b", "status": "200"}
[WebServer] {"duration_ms": 3.0429999987973133, "event": "console.request", "id_hash": "h_fc5441c2897a", "status": "200"}
[WebServer] {"duration_ms": 6.572999998752493, "event": "console.request", "id_hash": "h_52159cc56f26", "status": "200"}
[WebServer] {"duration_ms": 36.90512499997567, "event": "console.request", "id_hash": "h_066472e86149", "status": "200"}
[WebServer] {"duration_ms": 12.72274999973888, "event": "console.request", "id_hash": "h_c87842866234", "status": "200"}
[WebServer] {"duration_ms": 15.56041600088065, "event": "console.request", "id_hash": "h_f3e260378f2c", "status": "200"}
  ✓   1 tests/browser/console.spec.ts:6:1 › real memory registry, canonical list, detail and history (1.3s)
[WebServer] {"duration_ms": 1.71050000062678, "event": "console.request", "id_hash": "h_cd798f406332", "status": "200"}
[WebServer] {"duration_ms": 2.5124580006377073, "event": "console.request", "id_hash": "h_4be663077579", "status": "200"}
[WebServer] {"duration_ms": 1.6992500004562316, "event": "console.request", "id_hash": "h_e725c2a7c675", "status": "200"}
[WebServer] {"duration_ms": 5.910791000133031, "event": "console.request", "id_hash": "h_fdeeb880214c", "status": "401"}
[WebServer] {"duration_ms": 101.45945800104528, "event": "console.request", "id_hash": "h_8ea556be8e91", "status": "200"}
[WebServer] {"duration_ms": 6.284625000262167, "event": "console.request", "id_hash": "h_6684ddf63dea", "status": "200"}
[WebServer] {"duration_ms": 55.55400000048394, "event": "console.request", "id_hash": "h_f6044ecca844", "status": "200"}
[WebServer] {"duration_ms": 6.1466250008379575, "event": "console.request", "id_hash": "h_9847806dca31", "status": "200"}
[WebServer] {"duration_ms": 23.699332999967737, "event": "console.request", "id_hash": "h_438dd59e0cf5", "status": "200"}
[WebServer] {"duration_ms": 31.551457999739796, "event": "console.request", "id_hash": "h_cc41c4e54c3e", "status": "200"}
[WebServer] {"duration_ms": 32.677250001142966, "event": "console.request", "id_hash": "h_a61a1c59bf12", "status": "200"}
[WebServer] {"duration_ms": 32.250042000669055, "event": "console.request", "id_hash": "h_49c52cbac90e", "status": "200"}
[WebServer] {"duration_ms": 23.394249999910244, "event": "console.request", "id_hash": "h_1a6f4249f93b", "status": "201"}
[WebServer] {"duration_ms": 5.806999999549589, "event": "console.request", "id_hash": "h_3a5aeba5eb27", "status": "200"}
[WebServer] {"duration_ms": 9.558667001329013, "event": "console.request", "id_hash": "h_c11e49c157f0", "status": "200"}
[WebServer] {"duration_ms": 1.0614169987093192, "event": "console.request", "id_hash": "h_65854d752f8f", "status": "200"}
[WebServer] {"duration_ms": 0.9893750011542579, "event": "console.request", "id_hash": "h_0c3abe0751d9", "status": "200"}
[WebServer] {"duration_ms": 1.9921250004699687, "event": "console.request", "id_hash": "h_1a1f73ab4d49", "status": "200"}
[WebServer] {"duration_ms": 2.8208330004417803, "event": "console.request", "id_hash": "h_d22f88881b65", "status": "200"}
[WebServer] {"duration_ms": 6.862250000267522, "event": "console.request", "id_hash": "h_b3629422a228", "status": "200"}
[WebServer] {"duration_ms": 34.43716699985089, "event": "console.request", "id_hash": "h_11ef9f00fc48", "status": "200"}
[WebServer] {"duration_ms": 12.892374999864842, "event": "console.request", "id_hash": "h_380df4555b50", "status": "200"}
[WebServer] {"duration_ms": 16.203582999878563, "event": "console.request", "id_hash": "h_105794ff58f3", "status": "200"}
[WebServer] {"duration_ms": 21.98258399948827, "event": "console.request", "id_hash": "h_6ec48ec37431", "status": "200"}
[WebServer] {"duration_ms": 13.537834000089788, "event": "console.request", "id_hash": "h_e8b1e39c4b89", "status": "200"}
[WebServer] {"duration_ms": 15.204834000542178, "event": "console.request", "id_hash": "h_a96b053415f6", "status": "200"}
[WebServer] {"duration_ms": 21.924667000348563, "event": "console.request", "id_hash": "h_5bbd3b43b01f", "status": "200"}
[WebServer] {"duration_ms": 8.395584000027156, "event": "console.request", "id_hash": "h_fa04b52948e8", "status": "200"}
[WebServer] {"duration_ms": 13.48974999928032, "event": "console.request", "id_hash": "h_16ff4482c998", "status": "200"}
[WebServer] {"duration_ms": 1.140958000178216, "event": "console.request", "id_hash": "h_5cfb79a242b0", "status": "200"}
[WebServer] {"duration_ms": 1.5569999995932449, "event": "console.request", "id_hash": "h_22efdc1937e9", "status": "200"}
[WebServer] {"duration_ms": 1.998749999984284, "event": "console.request", "id_hash": "h_1fcfc173ffb4", "status": "200"}
[WebServer] {"duration_ms": 3.7336249988584314, "event": "console.request", "id_hash": "h_99af575d80ff", "status": "200"}
[WebServer] {"duration_ms": 5.823082999995677, "event": "console.request", "id_hash": "h_95e83b6a5edd", "status": "200"}
[WebServer] {"duration_ms": 33.78458299994236, "event": "console.request", "id_hash": "h_da2a863c46e1", "status": "200"}
[WebServer] {"duration_ms": 13.140709001163486, "event": "console.request", "id_hash": "h_e299e69ba0d5", "status": "200"}
[WebServer] {"duration_ms": 16.543957999601844, "event": "console.request", "id_hash": "h_54fc8ed4d70a", "status": "200"}
[WebServer] {"duration_ms": 5.148832999111619, "event": "console.request", "id_hash": "h_7d0ec629a7bb", "status": "200"}
[WebServer] {"duration_ms": 29.44049999859999, "event": "console.request", "id_hash": "h_09d6e14ffba2", "status": "200"}
[WebServer] {"duration_ms": 29.279750000569038, "event": "console.request", "id_hash": "h_b6fd3b8faf27", "status": "200"}
[WebServer] {"duration_ms": 29.717790999711724, "event": "console.request", "id_hash": "h_c92436750f54", "status": "200"}
[WebServer] {"duration_ms": 29.96295799857762, "event": "console.request", "id_hash": "h_8e7ea6cd251b", "status": "200"}
[WebServer] {"duration_ms": 21.00925000013376, "event": "console.request", "id_hash": "h_bce69d54b831", "status": "201"}
[WebServer] {"duration_ms": 5.738083000323968, "event": "console.request", "id_hash": "h_7a9ec2bc1349", "status": "200"}
[WebServer] {"duration_ms": 10.09104200056754, "event": "console.request", "id_hash": "h_6216d2b94032", "status": "200"}
[WebServer] {"duration_ms": 21.590958998785936, "event": "console.request", "id_hash": "h_a5dbf3c57831", "status": "200"}
[WebServer] {"duration_ms": 1.0447910008224426, "event": "console.request", "id_hash": "h_8ed31348fa9d", "status": "200"}
[WebServer] {"duration_ms": 1.8358329998591216, "event": "console.request", "id_hash": "h_2d66185c1420", "status": "200"}
[WebServer] {"duration_ms": 3.3514590013510315, "event": "console.request", "id_hash": "h_e8598ee6a4b6", "status": "200"}
[WebServer] {"duration_ms": 14.509542001178488, "event": "console.request", "id_hash": "h_121dc00435e0", "status": "200"}
[WebServer] {"duration_ms": 20.499958000073093, "event": "console.request", "id_hash": "h_fb76b5b8e89f", "status": "200"}
[WebServer] {"duration_ms": 3.1002079995232634, "event": "console.request", "id_hash": "h_e7d3ac428c5e", "status": "200"}
[WebServer] {"duration_ms": 5.690083000445156, "event": "console.request", "id_hash": "h_1ca8886196e8", "status": "200"}
[WebServer] {"duration_ms": 35.41245899941714, "event": "console.request", "id_hash": "h_9fb03e0e904f", "status": "200"}
[WebServer] {"duration_ms": 8.4282500010886, "event": "console.request", "id_hash": "h_4280cc4a5a65", "status": "200"}
[WebServer] {"duration_ms": 14.353665999806253, "event": "console.request", "id_hash": "h_4e474a58fbf0", "status": "200"}
[WebServer] {"duration_ms": 1.6207920016313437, "event": "console.request", "id_hash": "h_e890d7c9a6ec", "status": "200"}
[WebServer] {"duration_ms": 1.7443340002500918, "event": "console.request", "id_hash": "h_c3936c46964d", "status": "200"}
[WebServer] {"duration_ms": 1.2203330006741453, "event": "console.request", "id_hash": "h_3c2fe9658ea1", "status": "200"}
[WebServer] {"duration_ms": 3.871749999234453, "event": "console.request", "id_hash": "h_e5422cdb6aeb", "status": "200"}
[WebServer] {"duration_ms": 6.7204999995738035, "event": "console.request", "id_hash": "h_768696523efd", "status": "200"}
[WebServer] {"duration_ms": 36.192125000525266, "event": "console.request", "id_hash": "h_aabab5a45c58", "status": "200"}
[WebServer] {"duration_ms": 10.19987500149, "event": "console.request", "id_hash": "h_c6461f29ce94", "status": "200"}
[WebServer] {"duration_ms": 16.647292000925518, "event": "console.request", "id_hash": "h_30e018a1e843", "status": "200"}
[WebServer] {"duration_ms": 1.2179580007796176, "event": "console.request", "id_hash": "h_3dd43b98a1e1", "status": "200"}
[WebServer] {"duration_ms": 1.4550839987350628, "event": "console.request", "id_hash": "h_343d8b3393b0", "status": "200"}
[WebServer] {"duration_ms": 2.3266659991350025, "event": "console.request", "id_hash": "h_c3a471062e6b", "status": "200"}
[WebServer] {"duration_ms": 3.702542000610265, "event": "console.request", "id_hash": "h_8e6fa1fece64", "status": "200"}
[WebServer] {"duration_ms": 5.812249999507912, "event": "console.request", "id_hash": "h_b1ec4a78fe57", "status": "200"}
[WebServer] {"duration_ms": 36.514583000098355, "event": "console.request", "id_hash": "h_eb68b24d168a", "status": "200"}
[WebServer] {"duration_ms": 9.983540998291573, "event": "console.request", "id_hash": "h_5ac21d58fd4c", "status": "200"}
[WebServer] {"duration_ms": 16.46716700088291, "event": "console.request", "id_hash": "h_a38baacbb525", "status": "200"}
[WebServer] {"duration_ms": 1.0771249999379506, "event": "console.request", "id_hash": "h_b927dbbf0299", "status": "200"}
[WebServer] {"duration_ms": 1.5922499987937044, "event": "console.request", "id_hash": "h_3b8f30562c04", "status": "200"}
[WebServer] {"duration_ms": 1.1758749988075579, "event": "console.request", "id_hash": "h_015f4ad019f3", "status": "200"}
[WebServer] {"duration_ms": 4.00900000022375, "event": "console.request", "id_hash": "h_bedacc50ab24", "status": "200"}
[WebServer] {"duration_ms": 6.834499999968102, "event": "console.request", "id_hash": "h_970c2353d6be", "status": "200"}
[WebServer] {"duration_ms": 37.99099999923783, "event": "console.request", "id_hash": "h_d24f43549cc2", "status": "200"}
[WebServer] {"duration_ms": 5.4705830007151235, "event": "console.request", "id_hash": "h_7acb370eed71", "status": "200"}
[WebServer] {"duration_ms": 62.334499998542015, "event": "console.request", "id_hash": "h_cf4ed7ed0b01", "status": "200"}
[WebServer] {"duration_ms": 62.511458001608844, "event": "console.request", "id_hash": "h_a6c775b82cd2", "status": "200"}
[WebServer] {"duration_ms": 63.586584001313895, "event": "console.request", "id_hash": "h_f94b6a36cd1a", "status": "200"}
[WebServer] {"duration_ms": 66.01412500094739, "event": "console.request", "id_hash": "h_0752a497b903", "status": "200"}
[WebServer] {"duration_ms": 64.94083300094644, "event": "console.request", "id_hash": "h_025cf510d6be", "status": "200"}
[WebServer] {"duration_ms": 56.123833999663475, "event": "console.request", "id_hash": "h_bb41105591c8", "status": "201"}
[WebServer] {"duration_ms": 2.7675000001181616, "event": "console.request", "id_hash": "h_22be65a64793", "status": "200"}
[WebServer] {"duration_ms": 15.710417001173482, "event": "console.request", "id_hash": "h_c6a618d6355b", "status": "200"}
[WebServer] {"duration_ms": 1.877417000287096, "event": "console.request", "id_hash": "h_53885b2646f1", "status": "200"}
[WebServer] {"duration_ms": 3.360707998581347, "event": "console.request", "id_hash": "h_c17e6b286f36", "status": "200"}
[WebServer] {"duration_ms": 5.742540999563062, "event": "console.request", "id_hash": "h_7692b98d6130", "status": "200"}
[WebServer] {"duration_ms": 10.613624999677995, "event": "console.request", "id_hash": "h_248346f01053", "status": "200"}
[WebServer] {"duration_ms": 69.0759999997681, "event": "console.request", "id_hash": "h_d05ca1d700f5", "status": "200"}
[WebServer] {"duration_ms": 20.748208000441082, "event": "console.request", "id_hash": "h_812780a98cac", "status": "200"}
[WebServer] {"duration_ms": 26.61420900039957, "event": "console.request", "id_hash": "h_bc49d431d806", "status": "200"}
[WebServer] {"duration_ms": 39.724000000205706, "event": "console.request", "id_hash": "h_e28bd5e7663a", "status": "200"}
[WebServer] {"duration_ms": 1.7524169998068828, "event": "console.request", "id_hash": "h_7e95e17de0cc", "status": "200"}
[WebServer] {"duration_ms": 2.3375830005534226, "event": "console.request", "id_hash": "h_a4eb313b03db", "status": "200"}
[WebServer] {"duration_ms": 4.395916999783367, "event": "console.request", "id_hash": "h_7db8f9cd90ab", "status": "200"}
[WebServer] {"duration_ms": 24.784749999525957, "event": "console.request", "id_hash": "h_18656082169f", "status": "200"}
[WebServer] {"duration_ms": 10.525290999794379, "event": "console.request", "id_hash": "h_6c020242ad48", "status": "200"}
[WebServer] {"duration_ms": 37.15745899899048, "event": "console.request", "id_hash": "h_0e7c69800616", "status": "200"}
[WebServer] {"duration_ms": 7.725166999080102, "event": "console.request", "id_hash": "h_b66b69bc41d5", "status": "200"}
[WebServer] {"duration_ms": 74.98170799954096, "event": "console.request", "id_hash": "h_0ad8bd5b22ad", "status": "200"}
[WebServer] {"duration_ms": 18.850750000638072, "event": "console.request", "id_hash": "h_d3c13e7f5dd0", "status": "200"}
[WebServer] {"duration_ms": 24.729832999582868, "event": "console.request", "id_hash": "h_a792c85ce7cf", "status": "200"}
[WebServer] {"duration_ms": 32.15758300029847, "event": "console.request", "id_hash": "h_47bb7e36d489", "status": "200"}
[WebServer] {"duration_ms": 1.494250000177999, "event": "console.request", "id_hash": "h_8e16ea84c88a", "status": "200"}
[WebServer] {"duration_ms": 2.2352910000336124, "event": "console.request", "id_hash": "h_a182323fbec8", "status": "200"}
[WebServer] {"duration_ms": 3.7451249991136137, "event": "console.request", "id_hash": "h_bc0bb17160a0", "status": "200"}
[WebServer] {"duration_ms": 20.67683299901546, "event": "console.request", "id_hash": "h_2cece1d932b1", "status": "200"}
[WebServer] {"duration_ms": 29.144041998733883, "event": "console.request", "id_hash": "h_5fb4e778ff9b", "status": "200"}
[WebServer] {"duration_ms": 7.073208000292652, "event": "console.request", "id_hash": "h_a2d846155658", "status": "200"}
[WebServer] {"duration_ms": 6.748957999661798, "event": "console.request", "id_hash": "h_ed3858c080ae", "status": "200"}
[WebServer] {"duration_ms": 43.450957999084494, "event": "console.request", "id_hash": "h_f1705e52c93f", "status": "200"}
[WebServer] {"duration_ms": 10.83591699898534, "event": "console.request", "id_hash": "h_42e25d7af218", "status": "200"}
[WebServer] {"duration_ms": 18.763416999718174, "event": "console.request", "id_hash": "h_dd5c1fe413ba", "status": "200"}
[WebServer] {"duration_ms": 30.90995899947302, "event": "console.request", "id_hash": "h_43eba0301372", "status": "200"}
[WebServer] {"duration_ms": 2.10187500124448, "event": "console.request", "id_hash": "h_39f615add762", "status": "200"}
[WebServer] {"duration_ms": 3.3798749991547083, "event": "console.request", "id_hash": "h_e7dc057ab8b0", "status": "200"}
[WebServer] {"duration_ms": 2.702750000025844, "event": "console.request", "id_hash": "h_f59e2d5d3c8f", "status": "200"}
[WebServer] {"duration_ms": 19.357500001206063, "event": "console.request", "id_hash": "h_377843e3e2f2", "status": "200"}
[WebServer] {"duration_ms": 24.96358399912424, "event": "console.request", "id_hash": "h_b8a33a912391", "status": "200"}
[WebServer] {"duration_ms": 4.557042000669753, "event": "console.request", "id_hash": "h_119f6382345b", "status": "200"}
[WebServer] {"duration_ms": 7.283958999323659, "event": "console.request", "id_hash": "h_5c78a25ceea4", "status": "200"}
[WebServer] {"duration_ms": 43.1918329995824, "event": "console.request", "id_hash": "h_f187a7a956b1", "status": "200"}
[WebServer] {"duration_ms": 14.692665999973542, "event": "console.request", "id_hash": "h_8cb2f779d5d2", "status": "200"}
[WebServer] {"duration_ms": 18.92124999903899, "event": "console.request", "id_hash": "h_cca40d81c8bd", "status": "200"}
[WebServer] {"duration_ms": 7.438041999193956, "event": "console.request", "id_hash": "h_c4c388e367f5", "status": "200"}
[WebServer] {"duration_ms": 1.166832998933387, "event": "console.request", "id_hash": "h_f135a586e124", "status": "200"}
[WebServer] {"duration_ms": 1.9168750004610047, "event": "console.request", "id_hash": "h_c16d31e13a5e", "status": "200"}
[WebServer] {"duration_ms": 1.1980830004176823, "event": "console.request", "id_hash": "h_20e4c54e1e9b", "status": "200"}
[WebServer] {"duration_ms": 3.695792000144138, "event": "console.request", "id_hash": "h_a7cfdb2166a6", "status": "200"}
[WebServer] {"duration_ms": 6.302375000814209, "event": "console.request", "id_hash": "h_6ce6553546ea", "status": "200"}
[WebServer] {"duration_ms": 39.74791600012395, "event": "console.request", "id_hash": "h_a31503b4d96b", "status": "200"}
[WebServer] {"duration_ms": 5.781750000096508, "event": "console.request", "id_hash": "h_b35ffe6f7984", "status": "200"}
[WebServer] {"duration_ms": 31.432249999852502, "event": "console.request", "id_hash": "h_b3dfe17f7624", "status": "200"}
[WebServer] {"duration_ms": 34.033500000077765, "event": "console.request", "id_hash": "h_e0f0b96486d4", "status": "200"}
[WebServer] {"duration_ms": 35.256749999462045, "event": "console.request", "id_hash": "h_3a6436b975a4", "status": "200"}
[WebServer] {"duration_ms": 34.483333000025596, "event": "console.request", "id_hash": "h_357d9fcfb708", "status": "200"}
[WebServer] {"duration_ms": 25.071999998544925, "event": "console.request", "id_hash": "h_9a2a5f7540ba", "status": "201"}
[WebServer] {"duration_ms": 1.278166999327368, "event": "console.request", "id_hash": "h_4a7ca9e27dbe", "status": "200"}
[WebServer] {"duration_ms": 8.142458000293118, "event": "console.request", "id_hash": "h_3a89a58495a1", "status": "200"}
[WebServer] {"duration_ms": 1.7649999990680953, "event": "console.request", "id_hash": "h_9a46379fc5f8", "status": "200"}
[WebServer] {"duration_ms": 1.079041998309549, "event": "console.request", "id_hash": "h_251288992834", "status": "200"}
[WebServer] {"duration_ms": 4.398625000249012, "event": "console.request", "id_hash": "h_32299a742fda", "status": "200"}
[WebServer] {"duration_ms": 5.765750000136904, "event": "console.request", "id_hash": "h_f793dedb7dfb", "status": "200"}
[WebServer] {"duration_ms": 38.71479199915484, "event": "console.request", "id_hash": "h_f7229bb367a6", "status": "200"}
[WebServer] {"duration_ms": 13.546832999054459, "event": "console.request", "id_hash": "h_9e777d5a863b", "status": "200"}
[WebServer] {"duration_ms": 17.716624999593478, "event": "console.request", "id_hash": "h_d628dea82d27", "status": "200"}
[WebServer] {"duration_ms": 25.678375001007225, "event": "console.request", "id_hash": "h_88dd13a2af6e", "status": "200"}
[WebServer] {"duration_ms": 1.1059999997087289, "event": "console.request", "id_hash": "h_93918d406e13", "status": "200"}
[WebServer] {"duration_ms": 3.207583000403247, "event": "console.request", "id_hash": "h_df019d31f36f", "status": "200"}
[WebServer] {"duration_ms": 2.852125000572414, "event": "console.request", "id_hash": "h_3d3a8ae662cc", "status": "200"}
[WebServer] {"duration_ms": 23.476249998566345, "event": "console.request", "id_hash": "h_fafd344398b7", "status": "200"}
[WebServer] {"duration_ms": 8.845917000144254, "event": "console.request", "id_hash": "h_c08386bd6699", "status": "200"}
[WebServer] {"duration_ms": 34.998040999198565, "event": "console.request", "id_hash": "h_e4624a797a3f", "status": "200"}
[WebServer] {"duration_ms": 8.793958999376628, "event": "console.request", "id_hash": "h_9f8c189fcab7", "status": "200"}
[WebServer] {"duration_ms": 38.99908299899835, "event": "console.request", "id_hash": "h_7e3006ba1270", "status": "200"}
[WebServer] {"duration_ms": 18.056250000881846, "event": "console.request", "id_hash": "h_91aaea7eaeec", "status": "200"}
[WebServer] {"duration_ms": 22.21333299894468, "event": "console.request", "id_hash": "h_26c634b725bf", "status": "200"}
[WebServer] {"duration_ms": 24.949415999799385, "event": "console.request", "id_hash": "h_839434482a60", "status": "200"}
[WebServer] {"duration_ms": 1.6320419999829028, "event": "console.request", "id_hash": "h_b2353274834d", "status": "200"}
[WebServer] {"duration_ms": 3.5548750001908047, "event": "console.request", "id_hash": "h_91c565fbbea0", "status": "200"}
[WebServer] {"duration_ms": 2.2836670013930416, "event": "console.request", "id_hash": "h_c1cb2f1b1d05", "status": "200"}
[WebServer] {"duration_ms": 15.825458998733666, "event": "console.request", "id_hash": "h_35b901a89420", "status": "200"}
[WebServer] {"duration_ms": 20.081915999980993, "event": "console.request", "id_hash": "h_96303e2a8e07", "status": "200"}
[WebServer] {"duration_ms": 3.3551249998708954, "event": "console.request", "id_hash": "h_3357cd1dee67", "status": "200"}
[WebServer] {"duration_ms": 6.327958000838407, "event": "console.request", "id_hash": "h_75261c2bc3f9", "status": "200"}
[WebServer] {"duration_ms": 38.61495800083503, "event": "console.request", "id_hash": "h_840a44bc7a75", "status": "200"}
[WebServer] {"duration_ms": 14.723250000315602, "event": "console.request", "id_hash": "h_2b9d453edf73", "status": "200"}
[WebServer] {"duration_ms": 19.54933300112316, "event": "console.request", "id_hash": "h_7d85c34cdb40", "status": "200"}
[WebServer] {"duration_ms": 25.376333000167506, "event": "console.request", "id_hash": "h_d86c20a579d5", "status": "200"}
[WebServer] {"duration_ms": 1.1669579998851987, "event": "console.request", "id_hash": "h_2e819209fa84", "status": "200"}
[WebServer] {"duration_ms": 3.0187089996616123, "event": "console.request", "id_hash": "h_49d739bb8982", "status": "200"}
[WebServer] {"duration_ms": 2.1150829998077825, "event": "console.request", "id_hash": "h_67628430e0b3", "status": "200"}
[WebServer] {"duration_ms": 16.306957999404403, "event": "console.request", "id_hash": "h_f602738e46c6", "status": "200"}
[WebServer] {"duration_ms": 21.538542001508176, "event": "console.request", "id_hash": "h_ea66e7a4f031", "status": "200"}
[WebServer] {"duration_ms": 4.0334169989364455, "event": "console.request", "id_hash": "h_6e5a51edd938", "status": "200"}
[WebServer] {"duration_ms": 6.103666000853991, "event": "console.request", "id_hash": "h_416856560176", "status": "200"}
[WebServer] {"duration_ms": 38.53362499830837, "event": "console.request", "id_hash": "h_d063a3d0810a", "status": "200"}
[WebServer] {"duration_ms": 14.362042000357178, "event": "console.request", "id_hash": "h_b659ba587951", "status": "200"}
[WebServer] {"duration_ms": 17.59183300055156, "event": "console.request", "id_hash": "h_cc4d10752319", "status": "200"}
[WebServer] {"duration_ms": 7.61633299953246, "event": "console.request", "id_hash": "h_59cc2afe7e15", "status": "200"}
[WebServer] {"duration_ms": 1.230583000506158, "event": "console.request", "id_hash": "h_3533d87d344a", "status": "200"}
[WebServer] {"duration_ms": 1.9359159996383823, "event": "console.request", "id_hash": "h_4544558a4d6a", "status": "200"}
[WebServer] {"duration_ms": 1.3861249990441138, "event": "console.request", "id_hash": "h_a1d1db7dea84", "status": "200"}
[WebServer] {"duration_ms": 3.2067080010165228, "event": "console.request", "id_hash": "h_ca4da00838ec", "status": "200"}
[WebServer] {"duration_ms": 6.154291999337147, "event": "console.request", "id_hash": "h_6690e0ce065a", "status": "200"}
[WebServer] {"duration_ms": 36.462500000197906, "event": "console.request", "id_hash": "h_3f222f40ba86", "status": "200"}
[WebServer] {"duration_ms": 5.485542000315036, "event": "console.request", "id_hash": "h_e6031a137d2c", "status": "200"}
[WebServer] {"duration_ms": 62.57362499854935, "event": "console.request", "id_hash": "h_c3b094c1b1a4", "status": "200"}
[WebServer] {"duration_ms": 64.75495800077624, "event": "console.request", "id_hash": "h_784e93b73756", "status": "200"}
[WebServer] {"duration_ms": 64.08045799980755, "event": "console.request", "id_hash": "h_262a945b92b4", "status": "200"}
[WebServer] {"duration_ms": 63.43383300009009, "event": "console.request", "id_hash": "h_806459d066d0", "status": "200"}
[WebServer] {"duration_ms": 64.71024999882502, "event": "console.request", "id_hash": "h_7ac553f01e9e", "status": "200"}
[WebServer] {"duration_ms": 66.08029100061685, "event": "console.request", "id_hash": "h_cd928a823f02", "status": "200"}
[WebServer] {"duration_ms": 21.75054199869919, "event": "console.request", "id_hash": "h_2338dee56273", "status": "201"}
[WebServer] {"duration_ms": 1.044124999680207, "event": "console.request", "id_hash": "h_6c8190639b60", "status": "200"}
[WebServer] {"duration_ms": 8.018917000299552, "event": "console.request", "id_hash": "h_c7b04589e7b2", "status": "200"}
[WebServer] {"duration_ms": 0.8922920005716151, "event": "console.request", "id_hash": "h_869687454eaa", "status": "200"}
[WebServer] {"duration_ms": 1.705208000203129, "event": "console.request", "id_hash": "h_f81d1371998d", "status": "200"}
[WebServer] {"duration_ms": 3.0934999995224643, "event": "console.request", "id_hash": "h_523e9c048566", "status": "200"}
[WebServer] {"duration_ms": 21.112665999680758, "event": "console.request", "id_hash": "h_20bd27c595b5", "status": "200"}
[WebServer] {"duration_ms": 36.85495900026581, "event": "console.request", "id_hash": "h_d9ca638d19e6", "status": "200"}
[WebServer] {"duration_ms": 13.212124998972286, "event": "console.request", "id_hash": "h_3bf7af7586cd", "status": "200"}
[WebServer] {"duration_ms": 16.373584001485142, "event": "console.request", "id_hash": "h_4ac5a5cd4861", "status": "200"}
[WebServer] {"duration_ms": 10.288082999977632, "event": "console.request", "id_hash": "h_110b8bbf1279", "status": "200"}
[WebServer] {"duration_ms": 12.278333999347524, "event": "console.request", "id_hash": "h_94fbb3d254f1", "status": "200"}
[WebServer] {"duration_ms": 24.568207998527214, "event": "console.request", "id_hash": "h_7dfcdc9840aa", "status": "200"}
[WebServer] {"duration_ms": 1.2947920004080515, "event": "console.request", "id_hash": "h_ed856392d03e", "status": "200"}
[WebServer] {"duration_ms": 1.5889170008449582, "event": "console.request", "id_hash": "h_89696ecf37e7", "status": "200"}
[WebServer] {"duration_ms": 3.185499999744934, "event": "console.request", "id_hash": "h_79d438481265", "status": "200"}
[WebServer] {"duration_ms": 16.132124999785447, "event": "console.request", "id_hash": "h_57244bae5cf3", "status": "200"}
[WebServer] {"duration_ms": 22.088166999310488, "event": "console.request", "id_hash": "h_f2fbcc44014b", "status": "200"}
[WebServer] {"duration_ms": 5.234750000454369, "event": "console.request", "id_hash": "h_d9fe5d519d6b", "status": "200"}
[WebServer] {"duration_ms": 5.586708000919316, "event": "console.request", "id_hash": "h_5afd2553bb4d", "status": "200"}
[WebServer] {"duration_ms": 33.863374999782536, "event": "console.request", "id_hash": "h_b516be69bfe4", "status": "200"}
[WebServer] {"duration_ms": 14.401624999663909, "event": "console.request", "id_hash": "h_e455cf25148e", "status": "200"}
[WebServer] {"duration_ms": 17.324709000604344, "event": "console.request", "id_hash": "h_c1414ab84372", "status": "200"}
[WebServer] {"duration_ms": 24.836958000378218, "event": "console.request", "id_hash": "h_62ad04ecdd74", "status": "200"}
[WebServer] {"duration_ms": 1.2729169993690448, "event": "console.request", "id_hash": "h_e861ea079ef3", "status": "200"}
[WebServer] {"duration_ms": 2.4056660004134756, "event": "console.request", "id_hash": "h_165878a2fc75", "status": "200"}
[WebServer] {"duration_ms": 1.641541000935831, "event": "console.request", "id_hash": "h_86bdc48244bd", "status": "200"}
[WebServer] {"duration_ms": 15.625750000253902, "event": "console.request", "id_hash": "h_361ec0d95e99", "status": "200"}
[WebServer] {"duration_ms": 21.782916999654844, "event": "console.request", "id_hash": "h_a79dd8969b2f", "status": "200"}
[WebServer] {"duration_ms": 4.880541000602534, "event": "console.request", "id_hash": "h_9a6b387e3071", "status": "200"}
[WebServer] {"duration_ms": 5.7798750003712485, "event": "console.request", "id_hash": "h_8764f242e192", "status": "200"}
[WebServer] {"duration_ms": 36.06533300080628, "event": "console.request", "id_hash": "h_f75e6b0a59f9", "status": "200"}
[WebServer] {"duration_ms": 13.63708300050348, "event": "console.request", "id_hash": "h_a1ebec843257", "status": "200"}
[WebServer] {"duration_ms": 17.48208299977705, "event": "console.request", "id_hash": "h_cba674f0162a", "status": "200"}
[WebServer] {"duration_ms": 5.850166000527679, "event": "console.request", "id_hash": "h_c447e6c88967", "status": "200"}
[WebServer] {"duration_ms": 1.1774579998018453, "event": "console.request", "id_hash": "h_2ce3c86891d8", "status": "200"}
[WebServer] {"duration_ms": 1.7180839986394858, "event": "console.request", "id_hash": "h_d6458656a567", "status": "200"}
[WebServer] {"duration_ms": 1.2385420013742987, "event": "console.request", "id_hash": "h_f4cd36fb5fe1", "status": "200"}
[WebServer] {"duration_ms": 3.510374999677879, "event": "console.request", "id_hash": "h_64584dcd22d5", "status": "200"}
[WebServer] {"duration_ms": 5.354875000193715, "event": "console.request", "id_hash": "h_b2a885c52d9b", "status": "200"}
[WebServer] {"duration_ms": 34.428625000145985, "event": "console.request", "id_hash": "h_3b7625aae3b2", "status": "200"}
[WebServer] {"duration_ms": 5.079874999864842, "event": "console.request", "id_hash": "h_c03a71ed7952", "status": "200"}
[WebServer] {"duration_ms": 28.284750000239, "event": "console.request", "id_hash": "h_a22dd726c910", "status": "200"}
[WebServer] {"duration_ms": 29.83795899854158, "event": "console.request", "id_hash": "h_540871ad3c98", "status": "200"}
[WebServer] {"duration_ms": 28.75283299908915, "event": "console.request", "id_hash": "h_3af1a862c736", "status": "200"}
[WebServer] {"duration_ms": 28.92266699927859, "event": "console.request", "id_hash": "h_3fbf9c9bae4f", "status": "200"}
[WebServer] {"duration_ms": 21.591541999441688, "event": "console.request", "id_hash": "h_a6eabb51389c", "status": "201"}
[WebServer] {"duration_ms": 1.187916999697336, "event": "console.request", "id_hash": "h_31361fc1cae8", "status": "200"}
[WebServer] {"duration_ms": 6.904874999236199, "event": "console.request", "id_hash": "h_3a8112a826d4", "status": "200"}
[WebServer] {"duration_ms": 1.6127090002555633, "event": "console.request", "id_hash": "h_d486db57ec05", "status": "200"}
[WebServer] {"duration_ms": 1.0857500001293374, "event": "console.request", "id_hash": "h_b8c4458e7819", "status": "200"}
[WebServer] {"duration_ms": 1.0040830002253642, "event": "console.request", "id_hash": "h_6611c1089f22", "status": "200"}
[WebServer] {"duration_ms": 3.628000000389875, "event": "console.request", "id_hash": "h_786154b74560", "status": "200"}
[WebServer] {"duration_ms": 1.526874999399297, "event": "console.request", "id_hash": "h_5a037ab76f1d", "status": "200"}
[WebServer] {"duration_ms": 1.0493749996385304, "event": "console.request", "id_hash": "h_c3d0ba060f84", "status": "200"}
[WebServer] {"duration_ms": 2.6632909994077636, "event": "console.request", "id_hash": "h_7818acbe71b6", "status": "200"}
[WebServer] {"duration_ms": 5.25766700047825, "event": "console.request", "id_hash": "h_ed41afb7f190", "status": "200"}
[WebServer] {"duration_ms": 35.45487500014133, "event": "console.request", "id_hash": "h_5c544173bd54", "status": "200"}
[WebServer] {"duration_ms": 8.67587499851652, "event": "console.request", "id_hash": "h_6ba0a34282f2", "status": "200"}
[WebServer] {"duration_ms": 11.449083000115934, "event": "console.request", "id_hash": "h_a3d1d23b3c3a", "status": "200"}
[WebServer] {"duration_ms": 28.44675000051211, "event": "console.request", "id_hash": "h_36eca3d1bab1", "status": "200"}
[WebServer] {"duration_ms": 29.770041999654495, "event": "console.request", "id_hash": "h_845285b1ff52", "status": "200"}
[WebServer] {"duration_ms": 30.210249999072403, "event": "console.request", "id_hash": "h_c5705d65be15", "status": "200"}
[WebServer] {"duration_ms": 31.186457999865524, "event": "console.request", "id_hash": "h_70f68e288510", "status": "200"}
[WebServer] {"duration_ms": 27.00025000012829, "event": "console.request", "id_hash": "h_7dbc3e0e73cc", "status": "201"}
[WebServer] {"duration_ms": 14.253417000873014, "event": "console.request", "id_hash": "h_e05d0e49e9b0", "status": "200"}
[WebServer] {"duration_ms": 25.856582999040256, "event": "console.request", "id_hash": "h_b906fa97a344", "status": "200"}
[WebServer] {"duration_ms": 30.186665999281104, "event": "console.request", "id_hash": "h_91c727bdeda7", "status": "201"}
[WebServer] {"duration_ms": 0.9621249992051162, "event": "console.request", "id_hash": "h_6bc35435f600", "status": "200"}
[WebServer] {"duration_ms": 1.7992909997701645, "event": "console.request", "id_hash": "h_ad8d96a634d4", "status": "200"}
[WebServer] {"duration_ms": 1.17287499961094, "event": "console.request", "id_hash": "h_1632d3eb63b1", "status": "200"}
[WebServer] {"duration_ms": 0.8700839989614906, "event": "console.request", "id_hash": "h_54515ad62211", "status": "200"}
[WebServer] {"duration_ms": 4.423042000780697, "event": "console.request", "id_hash": "h_dbc43615b5ea", "status": "200"}
[WebServer] {"duration_ms": 1.6844580004544696, "event": "console.request", "id_hash": "h_5ba9faf5cde0", "status": "200"}
[WebServer] {"duration_ms": 1.3387090002652258, "event": "console.request", "id_hash": "h_70c02c7f1eaa", "status": "200"}
[WebServer] {"duration_ms": 2.6494579997233814, "event": "console.request", "id_hash": "h_5cf20ccb9b70", "status": "200"}
[WebServer] {"duration_ms": 4.9002920004568296, "event": "console.request", "id_hash": "h_89b1eef9c3b7", "status": "200"}
[WebServer] {"duration_ms": 32.839292000062414, "event": "console.request", "id_hash": "h_ef7efa99e5d6", "status": "200"}
[WebServer] {"duration_ms": 12.136417000874644, "event": "console.request", "id_hash": "h_e48d215a99fe", "status": "200"}
[WebServer] {"duration_ms": 12.581708000652725, "event": "console.request", "id_hash": "h_a66c4139d168", "status": "200"}
[WebServer] {"duration_ms": 0.8370840005227365, "event": "console.request", "id_hash": "h_268732cbf3c7", "status": "200"}
[WebServer] {"duration_ms": 0.9100830011448124, "event": "console.request", "id_hash": "h_ede4eb11f792", "status": "200"}
[WebServer] {"duration_ms": 1.9532919995981501, "event": "console.request", "id_hash": "h_46a86aa8042c", "status": "200"}
[WebServer] {"duration_ms": 3.071916000408237, "event": "console.request", "id_hash": "h_aa13c17b150a", "status": "200"}
[WebServer] {"duration_ms": 5.2825830007350305, "event": "console.request", "id_hash": "h_96a31f3bd25e", "status": "200"}
[WebServer] {"duration_ms": 33.49100000014005, "event": "console.request", "id_hash": "h_2198a5ab79ed", "status": "200"}
[WebServer] {"duration_ms": 5.402624999987893, "event": "console.request", "id_hash": "h_c56205d1f1d8", "status": "200"}
[WebServer] {"duration_ms": 20.84587500030466, "event": "console.request", "id_hash": "h_ad52e48e7d8b", "status": "201"}
[WebServer] {"duration_ms": 1.195749999169493, "event": "console.request", "id_hash": "h_f03b2b72da81", "status": "200"}
[WebServer] {"duration_ms": 6.505041999844252, "event": "console.request", "id_hash": "h_27c966eb8791", "status": "200"}
[WebServer] {"duration_ms": 1.4709589995618444, "event": "console.request", "id_hash": "h_05d283c10e9b", "status": "200"}
[WebServer] {"duration_ms": 1.0233339999103919, "event": "console.request", "id_hash": "h_251dc1a56b05", "status": "200"}
[WebServer] {"duration_ms": 2.906125000663451, "event": "console.request", "id_hash": "h_ad54aa51e018", "status": "200"}
[WebServer] {"duration_ms": 5.110041000079946, "event": "console.request", "id_hash": "h_1badd58e06d5", "status": "200"}
[WebServer] {"duration_ms": 34.04141700048058, "event": "console.request", "id_hash": "h_87f935daf6a4", "status": "200"}
[WebServer] {"duration_ms": 5.416624999270425, "event": "console.request", "id_hash": "h_8c0b7861d4a1", "status": "200"}
[WebServer] {"duration_ms": 5.83054199887556, "event": "console.request", "id_hash": "h_b824db90d902", "status": "200"}
[WebServer] {"duration_ms": 19.427459001235547, "event": "console.request", "id_hash": "h_5acdbf923a8e", "status": "201"}
[WebServer] {"duration_ms": 0.9157089989457745, "event": "console.request", "id_hash": "h_01c9f56d5ec2", "status": "200"}
[WebServer] {"duration_ms": 7.277416998476838, "event": "console.request", "id_hash": "h_6444d4e2ad55", "status": "200"}
[WebServer] {"duration_ms": 1.2686659993050853, "event": "console.request", "id_hash": "h_02ff0b98ba8c", "status": "200"}
[WebServer] {"duration_ms": 1.6480419999425067, "event": "console.request", "id_hash": "h_878661346a54", "status": "200"}
[WebServer] {"duration_ms": 2.929457999925944, "event": "console.request", "id_hash": "h_0df7ffef9a2d", "status": "200"}
[WebServer] {"duration_ms": 5.031541999414912, "event": "console.request", "id_hash": "h_6893988fd597", "status": "200"}
[WebServer] {"duration_ms": 48.83783299919742, "event": "console.request", "id_hash": "h_e75adc157065", "status": "200"}
[WebServer] {"duration_ms": 6.361375000778935, "event": "console.request", "id_hash": "h_5b652691d19a", "status": "200"}
[WebServer] {"duration_ms": 8.490832999086706, "event": "console.request", "id_hash": "h_67930688c3b2", "status": "200"}
[WebServer] {"duration_ms": 10.483084000952658, "event": "console.request", "id_hash": "h_a89d4e186ba6", "status": "200"}
[WebServer] {"duration_ms": 20.249041001079604, "event": "console.request", "id_hash": "h_d3c7ae38aa66", "status": "201"}
[WebServer] {"duration_ms": 1.1377080008969642, "event": "console.request", "id_hash": "h_04ffefc27ee5", "status": "200"}
[WebServer] {"duration_ms": 6.677542000034009, "event": "console.request", "id_hash": "h_a2fcae738647", "status": "200"}
[WebServer] {"duration_ms": 1.2538339997263392, "event": "console.request", "id_hash": "h_4b09075c5f98", "status": "200"}
[WebServer] {"duration_ms": 1.47133400059829, "event": "console.request", "id_hash": "h_c2c9bc0cc6fc", "status": "200"}
[WebServer] {"duration_ms": 2.9076250011712546, "event": "console.request", "id_hash": "h_ae02d7ff5f14", "status": "200"}
[WebServer] {"duration_ms": 5.223250000199187, "event": "console.request", "id_hash": "h_4850ea8fda93", "status": "200"}
[WebServer] {"duration_ms": 33.98291699886613, "event": "console.request", "id_hash": "h_308d34b75248", "status": "200"}
[WebServer] {"duration_ms": 9.715541998957633, "event": "console.request", "id_hash": "h_116806fcf979", "status": "200"}
[WebServer] {"duration_ms": 13.279583001349238, "event": "console.request", "id_hash": "h_ebc63194beba", "status": "200"}
[WebServer] {"duration_ms": 23.798874999556574, "event": "console.request", "id_hash": "h_1261f5cb4798", "status": "200"}
[WebServer] {"duration_ms": 1.7788750010367949, "event": "console.request", "id_hash": "h_462e63502a0c", "status": "200"}
[WebServer] {"duration_ms": 1.7138750008598436, "event": "console.request", "id_hash": "h_80adf6adf28e", "status": "200"}
[WebServer] {"duration_ms": 2.8873749997728737, "event": "console.request", "id_hash": "h_6cba3cac9948", "status": "200"}
[WebServer] {"duration_ms": 15.335625001171138, "event": "console.request", "id_hash": "h_fbf978857717", "status": "200"}
[WebServer] {"duration_ms": 17.467166000642464, "event": "console.request", "id_hash": "h_e787f40cef30", "status": "200"}
[WebServer] {"duration_ms": 3.1667919993196847, "event": "console.request", "id_hash": "h_980693df1968", "status": "200"}
[WebServer] {"duration_ms": 5.182708999200258, "event": "console.request", "id_hash": "h_f6b3daf1cc57", "status": "200"}
[WebServer] {"duration_ms": 34.942583999509225, "event": "console.request", "id_hash": "h_57656db21ca3", "status": "200"}
[WebServer] {"duration_ms": 13.156334000086645, "event": "console.request", "id_hash": "h_50f41868ad92", "status": "200"}
[WebServer] {"duration_ms": 13.858125001206645, "event": "console.request", "id_hash": "h_36daeaaa62bb", "status": "200"}
[WebServer] {"duration_ms": 23.754292000376154, "event": "console.request", "id_hash": "h_961a7d0f0f9d", "status": "200"}
[WebServer] {"duration_ms": 2.1354159998736577, "event": "console.request", "id_hash": "h_1fa3fe4fa61a", "status": "200"}
[WebServer] {"duration_ms": 3.507792000164045, "event": "console.request", "id_hash": "h_f75870a5085e", "status": "200"}
[WebServer] {"duration_ms": 2.8576250006153714, "event": "console.request", "id_hash": "h_326736e7ce1f", "status": "200"}
[WebServer] {"duration_ms": 15.398958999867318, "event": "console.request", "id_hash": "h_f9681fa55155", "status": "200"}
[WebServer] {"duration_ms": 17.797792001147172, "event": "console.request", "id_hash": "h_71200b5e7863", "status": "200"}
[WebServer] {"duration_ms": 3.5959159995400114, "event": "console.request", "id_hash": "h_cae619882eb0", "status": "200"}
[WebServer] {"duration_ms": 5.438500000309432, "event": "console.request", "id_hash": "h_5bb7967d6b31", "status": "200"}
[WebServer] {"duration_ms": 34.816082999896025, "event": "console.request", "id_hash": "h_7cd5de290d3a", "status": "200"}
[WebServer] {"duration_ms": 12.266333000297891, "event": "console.request", "id_hash": "h_74782e015d0b", "status": "200"}
[WebServer] {"duration_ms": 13.176583001040854, "event": "console.request", "id_hash": "h_9c04647dc4f2", "status": "200"}
[WebServer] {"duration_ms": 5.718125001294538, "event": "console.request", "id_hash": "h_a2b0f4c782d5", "status": "200"}
[WebServer] {"duration_ms": 1.2305410000408301, "event": "console.request", "id_hash": "h_3cdc0905ea3a", "status": "200"}
[WebServer] {"duration_ms": 1.676459000009345, "event": "console.request", "id_hash": "h_86f4620e2b7a", "status": "200"}
[WebServer] {"duration_ms": 1.6922909999266267, "event": "console.request", "id_hash": "h_9fed02c11f87", "status": "200"}
[WebServer] {"duration_ms": 3.33370900079899, "event": "console.request", "id_hash": "h_79432f96c5c4", "status": "200"}
[WebServer] {"duration_ms": 6.133875000159605, "event": "console.request", "id_hash": "h_262b7aeabc92", "status": "200"}
[WebServer] {"duration_ms": 37.32054200008861, "event": "console.request", "id_hash": "h_de7e76878296", "status": "200"}
[WebServer] {"duration_ms": 5.553834000238567, "event": "console.request", "id_hash": "h_7b4854b81868", "status": "200"}
[WebServer] {"duration_ms": 19.96549999967101, "event": "console.request", "id_hash": "h_dcaf1a1b744d", "status": "201"}
[WebServer] {"duration_ms": 0.9716670010675443, "event": "console.request", "id_hash": "h_38254fa2ec2b", "status": "200"}
[WebServer] {"duration_ms": 0.9942500000761356, "event": "console.request", "id_hash": "h_d2d062369b49", "status": "200"}
[WebServer] {"duration_ms": 1.9565420006983913, "event": "console.request", "id_hash": "h_16bc19fc25f7", "status": "200"}
[WebServer] {"duration_ms": 11.959166999076842, "event": "console.request", "id_hash": "h_71568823da53", "status": "200"}
[WebServer] {"duration_ms": 3.120750001471606, "event": "console.request", "id_hash": "h_916ce5de5b44", "status": "200"}
[WebServer] {"duration_ms": 5.505291001099977, "event": "console.request", "id_hash": "h_b2c6f0205b2e", "status": "200"}
[WebServer] {"duration_ms": 33.67337499912537, "event": "console.request", "id_hash": "h_44a7ce380e81", "status": "200"}
[WebServer] {"duration_ms": 12.050625000483706, "event": "console.request", "id_hash": "h_bdea886df7d5", "status": "200"}
[WebServer] {"duration_ms": 14.99820900062332, "event": "console.request", "id_hash": "h_9ae4354af68e", "status": "200"}
[WebServer] {"duration_ms": 7.174207999923965, "event": "console.request", "id_hash": "h_3fb4a3fb569e", "status": "200"}
[WebServer] {"duration_ms": 5.351666999558802, "event": "console.request", "id_hash": "h_3676a5d237ad", "status": "200"}
[WebServer] {"duration_ms": 20.101750000321772, "event": "console.request", "id_hash": "h_3343919de612", "status": "200"}
[WebServer] {"duration_ms": 0.9910000007948838, "event": "console.request", "id_hash": "h_3134fe998353", "status": "200"}
[WebServer] {"duration_ms": 2.1307499991962686, "event": "console.request", "id_hash": "h_03ae81b14640", "status": "200"}
[WebServer] {"duration_ms": 1.5800410001247656, "event": "console.request", "id_hash": "h_1c5540eeb41a", "status": "200"}
[WebServer] {"duration_ms": 14.071292000153335, "event": "console.request", "id_hash": "h_62da748a2618", "status": "200"}
[WebServer] {"duration_ms": 18.268334000822506, "event": "console.request", "id_hash": "h_55eb26260f05", "status": "200"}
[WebServer] {"duration_ms": 2.9247080001368886, "event": "console.request", "id_hash": "h_ab9a374858ea", "status": "200"}
[WebServer] {"duration_ms": 5.01720799911709, "event": "console.request", "id_hash": "h_aa0e95b78574", "status": "200"}
[WebServer] {"duration_ms": 32.81937499923515, "event": "console.request", "id_hash": "h_e1432be822b5", "status": "200"}
[WebServer] {"duration_ms": 9.522291000394034, "event": "console.request", "id_hash": "h_e2ed87952d51", "status": "200"}
[WebServer] {"duration_ms": 13.936375000412227, "event": "console.request", "id_hash": "h_9609a9b81899", "status": "200"}
[WebServer] {"duration_ms": 7.156833000408369, "event": "console.request", "id_hash": "h_27268eacdc75", "status": "200"}
[WebServer] {"duration_ms": 5.722874999264604, "event": "console.request", "id_hash": "h_340024efeab4", "status": "200"}
[WebServer] {"duration_ms": 1.3515419996110722, "event": "console.request", "id_hash": "h_4a73fe48633f", "status": "200"}
[WebServer] {"duration_ms": 1.9219169989810325, "event": "console.request", "id_hash": "h_41cbedf82970", "status": "200"}
[WebServer] {"duration_ms": 1.2809999989258358, "event": "console.request", "id_hash": "h_6ec63c33a669", "status": "200"}
[WebServer] {"duration_ms": 3.4829169999284204, "event": "console.request", "id_hash": "h_7f41378c570a", "status": "200"}
[WebServer] {"duration_ms": 5.417500000476139, "event": "console.request", "id_hash": "h_14ba75ecabed", "status": "200"}
[WebServer] {"duration_ms": 31.574083001032704, "event": "console.request", "id_hash": "h_141badea08f9", "status": "200"}
[WebServer] {"duration_ms": 7.895333999840659, "event": "console.request", "id_hash": "h_63dd0c011ac9", "status": "200"}
[WebServer] {"duration_ms": 12.378875000649714, "event": "console.request", "id_hash": "h_68e18fa8561f", "status": "200"}
[WebServer] {"duration_ms": 6.610375001400826, "event": "console.request", "id_hash": "h_556d48578e93", "status": "200"}
[WebServer] {"duration_ms": 6.699584000671166, "event": "console.request", "id_hash": "h_d5d6b5f85a9b", "status": "200"}
[WebServer] {"duration_ms": 22.068500000386848, "event": "console.request", "id_hash": "h_e60e87dfc6ea", "status": "200"}
[WebServer] {"duration_ms": 7.558541001344565, "event": "console.request", "id_hash": "h_1e5b5c860af2", "status": "200"}
[WebServer] {"duration_ms": 11.527833001309773, "event": "console.request", "id_hash": "h_0e1a167ed035", "status": "200"}
[WebServer] {"duration_ms": 6.1917500006529735, "event": "console.request", "id_hash": "h_ba27e17b4075", "status": "200"}
[WebServer] {"duration_ms": 6.120000000009895, "event": "console.request", "id_hash": "h_e2af8d781931", "status": "200"}
[WebServer] {"duration_ms": 18.189375001384178, "event": "console.request", "id_hash": "h_18e46a84737c", "status": "200"}
[WebServer] {"duration_ms": 10.55679199998849, "event": "console.request", "id_hash": "h_14ede5fa8777", "status": "200"}
[WebServer] {"duration_ms": 13.46387500052515, "event": "console.request", "id_hash": "h_a20e00f35000", "status": "200"}
[WebServer] {"duration_ms": 6.65820900030667, "event": "console.request", "id_hash": "h_4577404fb5ef", "status": "200"}
[WebServer] {"duration_ms": 6.233000000065658, "event": "console.request", "id_hash": "h_b2a6cc0df978", "status": "200"}
[WebServer] {"duration_ms": 17.69491699997161, "event": "console.request", "id_hash": "h_05dcecf2c674", "status": "200"}
[WebServer] {"duration_ms": 0.9877499996946426, "event": "console.request", "id_hash": "h_0841d3ad3437", "status": "200"}
[WebServer] {"duration_ms": 11.965083998802584, "event": "console.request", "id_hash": "h_04990f42b651", "status": "200"}
[WebServer] {"duration_ms": 2.385582998613245, "event": "console.request", "id_hash": "h_9dfa7d68448e", "status": "200"}
[WebServer] {"duration_ms": 1.6337910001311684, "event": "console.request", "id_hash": "h_ec9526e8cf6a", "status": "200"}
[WebServer] {"duration_ms": 16.9447919997765, "event": "console.request", "id_hash": "h_9757a9e60e88", "status": "200"}
[WebServer] {"duration_ms": 2.9792919995088596, "event": "console.request", "id_hash": "h_1770a51f8e28", "status": "200"}
[WebServer] {"duration_ms": 4.607541999575915, "event": "console.request", "id_hash": "h_61a8bf01e9d6", "status": "200"}
[WebServer] {"duration_ms": 45.11174999970535, "event": "console.request", "id_hash": "h_73668c401621", "status": "200"}
[WebServer] {"duration_ms": 9.402750001754612, "event": "console.request", "id_hash": "h_72604900f856", "status": "200"}
[WebServer] {"duration_ms": 12.991208001039922, "event": "console.request", "id_hash": "h_9af130599e75", "status": "200"}
[WebServer] {"duration_ms": 6.202958000358194, "event": "console.request", "id_hash": "h_28d93f0ad5da", "status": "200"}
[WebServer] {"duration_ms": 31.560833000185085, "event": "console.request", "id_hash": "h_ab0dc455ee4e", "status": "200"}
[WebServer] {"duration_ms": 25.560374999258784, "event": "console.request", "id_hash": "h_0daa8a96be97", "status": "200"}
[WebServer] {"duration_ms": 21.101083999383263, "event": "console.request", "id_hash": "h_8b9054943663", "status": "200"}
[WebServer] {"duration_ms": 21.824041999934707, "event": "console.request", "id_hash": "h_e9bc86586879", "status": "404"}
[WebServer] {"duration_ms": 21.277165998981218, "event": "console.request", "id_hash": "h_3e70c2dda471", "status": "404"}
[WebServer] {"duration_ms": 23.147459000028903, "event": "console.request", "id_hash": "h_b160a2848f7a", "status": "200"}
[WebServer] {"duration_ms": 4.417166999701294, "event": "console.request", "id_hash": "h_5326f9103678", "status": "404"}
[WebServer] {"duration_ms": 4.352958998424583, "event": "console.request", "id_hash": "h_f145c2668a23", "status": "404"}
[WebServer] {"duration_ms": 1.1975409997830866, "event": "console.request", "id_hash": "h_2eb45f179e9f", "status": "200"}
[WebServer] {"duration_ms": 0.9474159996898379, "event": "console.request", "id_hash": "h_864fef3dc03f", "status": "200"}
[WebServer] {"duration_ms": 1.8532079993747175, "event": "console.request", "id_hash": "h_a20b271153f6", "status": "200"}
[WebServer] {"duration_ms": 2.5989579989982303, "event": "console.request", "id_hash": "h_d80921907e39", "status": "200"}
[WebServer] {"duration_ms": 6.030333001035615, "event": "console.request", "id_hash": "h_bd3bece10b83", "status": "200"}
[WebServer] {"duration_ms": 1.0853339990717359, "event": "console.request", "id_hash": "h_f3cea05b3b67", "status": "200"}
[WebServer] {"duration_ms": 2.019417001065449, "event": "console.request", "id_hash": "h_95432939fadf", "status": "200"}
[WebServer] {"duration_ms": 1.5072080004756572, "event": "console.request", "id_hash": "h_df3d21aadac0", "status": "200"}
[WebServer] {"duration_ms": 17.290874999162043, "event": "console.request", "id_hash": "h_ce8e95d0eb6c", "status": "200"}
[WebServer] {"duration_ms": 36.8335000002844, "event": "console.request", "id_hash": "h_1532b3d911a3", "status": "200"}
[WebServer] {"duration_ms": 6.98733299941523, "event": "console.request", "id_hash": "h_88708710065d", "status": "200"}
[WebServer] {"duration_ms": 30.401709000216215, "event": "console.request", "id_hash": "h_b16fa4533d58", "status": "200"}
[WebServer] {"duration_ms": 12.045583000144688, "event": "console.request", "id_hash": "h_a693b53892bb", "status": "200"}
[WebServer] {"duration_ms": 13.98041600077704, "event": "console.request", "id_hash": "h_5d0318e33137", "status": "200"}
[WebServer] {"duration_ms": 35.196875000110595, "event": "console.request", "id_hash": "h_47daf4b7a0db", "status": "200"}
[WebServer] {"duration_ms": 24.31474999866623, "event": "console.request", "id_hash": "h_02008236adbd", "status": "200"}
[WebServer] {"duration_ms": 20.377082999402774, "event": "console.request", "id_hash": "h_cc7e4d1d17e9", "status": "200"}
[WebServer] {"duration_ms": 20.196290999592748, "event": "console.request", "id_hash": "h_93190c186fb8", "status": "404"}
[WebServer] {"duration_ms": 20.883209001112846, "event": "console.request", "id_hash": "h_2e755da7c4c6", "status": "200"}
[WebServer] {"duration_ms": 16.755249998823274, "event": "console.request", "id_hash": "h_75bce0a75519", "status": "404"}
[WebServer] {"duration_ms": 4.363583000667859, "event": "console.request", "id_hash": "h_b447ce01b3ac", "status": "404"}
[WebServer] {"duration_ms": 1.5635830004612217, "event": "console.request", "id_hash": "h_dc29e782d7a3", "status": "200"}
[WebServer] {"duration_ms": 1.1674580000544665, "event": "console.request", "id_hash": "h_c92faa076590", "status": "200"}
[WebServer] {"duration_ms": 2.124750000803033, "event": "console.request", "id_hash": "h_a570ed6c4844", "status": "200"}
[WebServer] {"duration_ms": 3.0643330010207137, "event": "console.request", "id_hash": "h_199e0262b9d5", "status": "200"}
[WebServer] {"duration_ms": 6.458249999923282, "event": "console.request", "id_hash": "h_bff13e7ae016", "status": "200"}
  ✓   2 tests/browser/console.spec.ts:58:1 › real operator manages notes and current observations in Required mode (11.0s)
[WebServer] {"duration_ms": 1.4445840006374056, "event": "console.request", "id_hash": "h_f53bd94bc2bb", "status": "200"}
[WebServer] {"duration_ms": 0.820957999167149, "event": "console.request", "id_hash": "h_a03ffde6c7e6", "status": "404"}
[WebServer] {"duration_ms": 0.8613339996372815, "event": "console.request", "id_hash": "h_5c8d5f6c0b18", "status": "200"}
[WebServer] {"duration_ms": 1.1582080005609896, "event": "console.request", "id_hash": "h_b9d7cb11120a", "status": "200"}
[WebServer] {"duration_ms": 1.9719579995580716, "event": "console.request", "id_hash": "h_cf04a36164f4", "status": "200"}
[WebServer] {"duration_ms": 2.4870829984138254, "event": "console.request", "id_hash": "h_3b6d7c911eaa", "status": "401"}
[WebServer] {"duration_ms": 101.55904199928045, "event": "console.request", "id_hash": "h_642e85648f80", "status": "200"}
[WebServer] {"duration_ms": 6.705042000248795, "event": "console.request", "id_hash": "h_cb2c495adfaa", "status": "200"}
[WebServer] {"duration_ms": 29.444584000884788, "event": "console.request", "id_hash": "h_50f8d66f626b", "status": "200"}
[WebServer] {"duration_ms": 31.047500000568107, "event": "console.request", "id_hash": "h_f768ee46056c", "status": "200"}
[WebServer] {"duration_ms": 1.1662090000754688, "event": "console.request", "id_hash": "h_5d3204484e4b", "status": "200"}
[WebServer] {"duration_ms": 1.6913340004975908, "event": "console.request", "id_hash": "h_8276c4756773", "status": "200"}
[WebServer] {"duration_ms": 1.776374998371466, "event": "console.request", "id_hash": "h_e090c5f23055", "status": "200"}
[WebServer] {"duration_ms": 3.1500000004598405, "event": "console.request", "id_hash": "h_cbd9b5d719cf", "status": "200"}
[WebServer] {"duration_ms": 6.155791001219768, "event": "console.request", "id_hash": "h_4f4bbbba05b3", "status": "200"}
[WebServer] {"duration_ms": 7.47975000012957, "event": "console.request", "id_hash": "h_f5e6db019ef6", "status": "200"}
[WebServer] {"duration_ms": 9.230542000295827, "event": "console.request", "id_hash": "h_250767ae55a5", "status": "200"}
[WebServer] {"duration_ms": 8.67445800031419, "event": "console.request", "id_hash": "h_bd6b1d52d565", "status": "204"}
  ✓   3 tests/browser/console.spec.ts:891:1 › real authentication, cookie recovery, key list, CSP, deep-route reload, API 404 (1.0s)
[WebServer] {"duration_ms": 1.6580419996898854, "event": "console.request", "id_hash": "h_6bc52652fae7", "status": "200"}
[WebServer] {"duration_ms": 0.7697090004512575, "event": "console.request", "id_hash": "h_b8ddfcf8dd09", "status": "200"}
[WebServer] {"duration_ms": 1.651500000662054, "event": "console.request", "id_hash": "h_27ec176bbab8", "status": "200"}
  ✓   4 tests/browser/console.spec.ts:932:1 › production CSP with explicit test fixtures: memory plain text, stats nulls and narrow layout (645ms)
[WebServer] {"duration_ms": 0.9893749993352685, "event": "console.request", "id_hash": "h_2eec3ace868c", "status": "200"}
[WebServer] {"duration_ms": 1.6420829997514375, "event": "console.request", "id_hash": "h_3da9cc4a2bbc", "status": "200"}
[WebServer] {"duration_ms": 1.110375000280328, "event": "console.request", "id_hash": "h_76cb51613934", "status": "200"}
  ✓   5 tests/browser/console.spec.ts:1019:1 › import wizard invalidates mapping report and distinguishes cancelled_partial (909ms)
[WebServer] {"duration_ms": 1.130583001213381, "event": "console.request", "id_hash": "h_0b12bcbc1ef8", "status": "200"}
[WebServer] {"duration_ms": 3.227250001145876, "event": "console.request", "id_hash": "h_2e4d8750e6d5", "status": "200"}
[WebServer] {"duration_ms": 2.2041669999453006, "event": "console.request", "id_hash": "h_d45222ff72d3", "status": "200"}
  ✓   6 tests/browser/console.spec.ts:1087:1 › provider rebuild acknowledgement and settings pending restart (1.1s)
[WebServer] {"duration_ms": 2.2241670012590475, "event": "console.request", "id_hash": "h_1843e0b2e133", "status": "200"}
[WebServer] {"duration_ms": 1.8423330002406146, "event": "console.request", "id_hash": "h_e71c3523ab31", "status": "200"}
[WebServer] {"duration_ms": 1.2415830005920725, "event": "console.request", "id_hash": "h_2f3a46a1ae19", "status": "200"}
[WebServer] {"duration_ms": 3.172041999278008, "event": "console.request", "id_hash": "h_ebc4319aa9f6", "status": "401"}
[WebServer] {"duration_ms": 100.87837500032037, "event": "console.request", "id_hash": "h_7606920f0ddb", "status": "200"}
[WebServer] {"duration_ms": 6.779874998755986, "event": "console.request", "id_hash": "h_8e5be5cc0dc6", "status": "200"}
[WebServer] {"duration_ms": 3.8832499994896352, "event": "console.request", "id_hash": "h_78cd849ff6ad", "status": "200"}
[WebServer] {"duration_ms": 10.879583000132698, "event": "console.request", "id_hash": "h_d367dfaa2d5d", "status": "200"}
[WebServer] {"duration_ms": 12.500791999627836, "event": "console.request", "id_hash": "h_860a979a86bb", "status": "200"}
[WebServer] {"duration_ms": 9.3600839991268, "event": "console.request", "id_hash": "h_1beeb580be88", "status": "403"}
[WebServer] {"duration_ms": 8.752917001402238, "event": "console.request", "id_hash": "h_96c6cd161894", "status": "200"}
[WebServer] {"duration_ms": 17.505542000435526, "event": "console.request", "id_hash": "h_ac7c1f98a641", "status": "201"}
[WebServer] {"duration_ms": 4.560875000606757, "event": "console.request", "id_hash": "h_76438d9d959a", "status": "200"}
[WebServer] {"duration_ms": 20.505749998847023, "event": "console.request", "id_hash": "h_871bca1d4ed5", "status": "200"}
[WebServer] {"duration_ms": 4.504958000325132, "event": "console.request", "id_hash": "h_d302cf4edce1", "status": "200"}
  ✓   7 tests/browser/console.spec.ts:1160:1 › real operator issuance prompts reauth, shows secret once, and revokes disposable test key (980ms)
[WebServer] {"duration_ms": 0.7970000006025657, "event": "console.request", "id_hash": "h_39aeb0ac731f", "status": "200"}
[WebServer] {"duration_ms": 1.7039580015989486, "event": "console.request", "id_hash": "h_5577592b342b", "status": "200"}
[WebServer] {"duration_ms": 1.1935840011574328, "event": "console.request", "id_hash": "h_0a0783d0823b", "status": "200"}
[WebServer] {"duration_ms": 4.930042001433321, "event": "console.request", "id_hash": "h_06f0916a0456", "status": "401"}
[WebServer] {"duration_ms": 100.41829200054053, "event": "console.request", "id_hash": "h_5389d6dbb365", "status": "200"}
[WebServer] {"duration_ms": 6.446584000514122, "event": "console.request", "id_hash": "h_16586e82f398", "status": "200"}
[WebServer] {"duration_ms": 35.87399999923946, "event": "console.request", "id_hash": "h_07fefbb04c85", "status": "200"}
[WebServer] {"duration_ms": 5.986542000755435, "event": "console.request", "id_hash": "h_6f8fca6072cc", "status": "200"}
[WebServer] {"duration_ms": 29.39495900136535, "event": "console.request", "id_hash": "h_67b151e2ab25", "status": "200"}
[WebServer] {"duration_ms": 29.747665999821038, "event": "console.request", "id_hash": "h_300f9eafdd10", "status": "200"}
[WebServer] {"duration_ms": 31.095833001018036, "event": "console.request", "id_hash": "h_f82ebdaab92c", "status": "200"}
[WebServer] {"duration_ms": 32.15495800031931, "event": "console.request", "id_hash": "h_28e39f717ceb", "status": "200"}
[WebServer] {"duration_ms": 21.59316600045713, "event": "console.request", "id_hash": "h_1e599c54f8bd", "status": "201"}
[WebServer] {"duration_ms": 5.729500000597909, "event": "console.request", "id_hash": "h_45d4924e0c0d", "status": "200"}
[WebServer] {"duration_ms": 8.811915999103803, "event": "console.request", "id_hash": "h_75a175bf5a1d", "status": "200"}
[WebServer] {"duration_ms": 21.641332999934093, "event": "console.request", "id_hash": "h_da92eeda0c96", "status": "200"}
[WebServer] {"duration_ms": 12.865624999903957, "event": "console.request", "id_hash": "h_e1767174f839", "status": "200"}
[WebServer] {"duration_ms": 16.2356250002631, "event": "console.request", "id_hash": "h_e553c6d80954", "status": "200"}
[WebServer] {"duration_ms": 27.114959000755334, "event": "console.request", "id_hash": "h_711c60cd0eac", "status": "200"}
[WebServer] {"duration_ms": 9.20520799991209, "event": "console.request", "id_hash": "h_2ef2b206d34f", "status": "200"}
[WebServer] {"duration_ms": 15.230416000122204, "event": "console.request", "id_hash": "h_80ea7c77d9e7", "status": "200"}
[WebServer] {"duration_ms": 21.327166999981273, "event": "console.request", "id_hash": "h_b111f4dd42a7", "status": "200"}
[WebServer] {"duration_ms": 1.15445800111047, "event": "console.request", "id_hash": "h_b2829347d46b", "status": "200"}
[WebServer] {"duration_ms": 2.314916999239358, "event": "console.request", "id_hash": "h_dc4c3045bd62", "status": "200"}
[WebServer] {"duration_ms": 2.7267499990557553, "event": "console.request", "id_hash": "h_772064641be7", "status": "200"}
[WebServer] {"duration_ms": 16.534875001525506, "event": "console.request", "id_hash": "h_6a8c3c7b7fc2", "status": "200"}
[WebServer] {"duration_ms": 7.234374999825377, "event": "console.request", "id_hash": "h_81dead737d01", "status": "200"}
[WebServer] {"duration_ms": 26.867041999139474, "event": "console.request", "id_hash": "h_732fc1a4cdcd", "status": "200"}
[WebServer] {"duration_ms": 4.58516700018663, "event": "console.request", "id_hash": "h_69a2b31ecbac", "status": "200"}
[WebServer] {"duration_ms": 34.191000000646454, "event": "console.request", "id_hash": "h_3cdcc718ca1a", "status": "200"}
[WebServer] {"duration_ms": 11.274334001427633, "event": "console.request", "id_hash": "h_62e1ba355250", "status": "200"}
[WebServer] {"duration_ms": 14.43245799964643, "event": "console.request", "id_hash": "h_530629cb0351", "status": "200"}
[WebServer] {"duration_ms": 24.174500000299304, "event": "console.request", "id_hash": "h_da800a0e1d3a", "status": "200"}
[WebServer] {"duration_ms": 11.706958001013845, "event": "console.request", "id_hash": "h_03482eaeaedb", "status": "200"}
[WebServer] {"duration_ms": 15.033666999443085, "event": "console.request", "id_hash": "h_193c0440572b", "status": "200"}
[WebServer] {"duration_ms": 5.000959001336014, "event": "console.request", "id_hash": "h_2b1d229b48cf", "status": "200"}
[WebServer] {"duration_ms": 8.778458000961109, "event": "console.request", "id_hash": "h_0d44f67310ce", "status": "200"}
[WebServer] {"duration_ms": 44.926167000085115, "event": "console.request", "id_hash": "h_aef98142e7a6", "status": "200"}
[WebServer] {"duration_ms": 46.66483300024993, "event": "console.request", "id_hash": "h_39b3c88b08e2", "status": "200"}
[WebServer] {"duration_ms": 44.503625000288594, "event": "console.request", "id_hash": "h_ea4c81b3a6c3", "status": "200"}
[WebServer] {"duration_ms": 1.2010409991489723, "event": "console.request", "id_hash": "h_e6a6653aab18", "status": "200"}
[WebServer] {"duration_ms": 1.1289590001979377, "event": "console.request", "id_hash": "h_930afd9620da", "status": "200"}
[WebServer] {"duration_ms": 2.3837500011723023, "event": "console.request", "id_hash": "h_ee0e20814a0d", "status": "200"}
[WebServer] {"duration_ms": 2.7634999987640185, "event": "console.request", "id_hash": "h_0f07b012d929", "status": "200"}
[WebServer] {"duration_ms": 5.137416999787092, "event": "console.request", "id_hash": "h_a8aedffd3847", "status": "200"}
[WebServer] {"duration_ms": 45.13054199924227, "event": "console.request", "id_hash": "h_f2b22761cdeb", "status": "200"}
[WebServer] {"duration_ms": 7.6855830011481885, "event": "console.request", "id_hash": "h_ab4c608cea29", "status": "200"}
[WebServer] {"duration_ms": 12.618333999853348, "event": "console.request", "id_hash": "h_3c9bb93ca476", "status": "200"}
[WebServer] {"duration_ms": 31.20837499955087, "event": "console.request", "id_hash": "h_e02fa3d659a1", "status": "200"}
[WebServer] {"duration_ms": 41.934916998798144, "event": "console.request", "id_hash": "h_5338cc786f7c", "status": "200"}
[WebServer] {"duration_ms": 42.98525000012887, "event": "console.request", "id_hash": "h_4b10af8f7cf0", "status": "200"}
[WebServer] {"duration_ms": 8.841291999488021, "event": "console.request", "id_hash": "h_cd2c97820b5b", "status": "200"}
[WebServer] {"duration_ms": 1.6340000001946464, "event": "console.request", "id_hash": "h_5a2e95d243fa", "status": "200"}
[WebServer] {"duration_ms": 1.144083998951828, "event": "console.request", "id_hash": "h_fa565503402f", "status": "200"}
[WebServer] {"duration_ms": 3.2646660001773853, "event": "console.request", "id_hash": "h_977a080233fc", "status": "200"}
[WebServer] {"duration_ms": 5.968417000985937, "event": "console.request", "id_hash": "h_b90c57d62cf3", "status": "200"}
[WebServer] {"duration_ms": 36.77679199972772, "event": "console.request", "id_hash": "h_8cfc4ac76b6b", "status": "200"}
[WebServer] {"duration_ms": 11.58591700004763, "event": "console.request", "id_hash": "h_c39610abc948", "status": "200"}
[WebServer] {"duration_ms": 14.608666000640369, "event": "console.request", "id_hash": "h_b122be5d669f", "status": "200"}
[WebServer] {"duration_ms": 33.74212500057183, "event": "console.request", "id_hash": "h_0080befd8f24", "status": "200"}
[WebServer] {"duration_ms": 20.56504199936171, "event": "console.request", "id_hash": "h_6066b5cad8c1", "status": "200"}
[WebServer] {"duration_ms": 19.282292001662427, "event": "console.request", "id_hash": "h_8b926b8187b9", "status": "200"}
[WebServer] {"duration_ms": 20.31633400110877, "event": "console.request", "id_hash": "h_c54c351dab84", "status": "404"}
[WebServer] {"duration_ms": 21.409124999991036, "event": "console.request", "id_hash": "h_ef038906da49", "status": "404"}
[WebServer] {"duration_ms": 23.438791999069508, "event": "console.request", "id_hash": "h_682fad42ce6c", "status": "200"}
[WebServer] {"duration_ms": 4.921499999909429, "event": "console.request", "id_hash": "h_14a5b5bcbf5d", "status": "404"}
[WebServer] {"duration_ms": 7.031499999357038, "event": "console.request", "id_hash": "h_f2bef9e32385", "status": "200"}
[WebServer] {"duration_ms": 0.8704589999979362, "event": "console.request", "id_hash": "h_34f86c5eac07", "status": "200"}
[WebServer] {"duration_ms": 1.266459001271869, "event": "console.request", "id_hash": "h_6905c81cad4c", "status": "200"}
[WebServer] {"duration_ms": 2.1151660002942663, "event": "console.request", "id_hash": "h_d8aa8f9fb799", "status": "200"}
[WebServer] {"duration_ms": 3.1534999998257263, "event": "console.request", "id_hash": "h_d3821e4b8028", "status": "200"}
[WebServer] {"duration_ms": 5.100667000078829, "event": "console.request", "id_hash": "h_c02510f14c33", "status": "200"}
  ✓   8 tests/browser/console.spec.ts:1240:1 › real Focus create edit dormant and activation preserve revisions in Required mode (2.2s)
[WebServer] {"duration_ms": 1.4202919992385432, "event": "console.request", "id_hash": "h_57058fdeb5a6", "status": "200"}
[WebServer] {"duration_ms": 1.6625829994154628, "event": "console.request", "id_hash": "h_eb937c455653", "status": "200"}
[WebServer] {"duration_ms": 1.6360410008928739, "event": "console.request", "id_hash": "h_e2f1028c2270", "status": "200"}
[WebServer] {"duration_ms": 4.0183749988500495, "event": "console.request", "id_hash": "h_4d7e942ac28a", "status": "401"}
[WebServer] {"duration_ms": 101.53704099866445, "event": "console.request", "id_hash": "h_ccbde39e1b5e", "status": "200"}
[WebServer] {"duration_ms": 7.742540999970515, "event": "console.request", "id_hash": "h_cc47fa17d85c", "status": "200"}
[WebServer] {"duration_ms": 33.99991700098326, "event": "console.request", "id_hash": "h_1029f5c7f9d9", "status": "200"}
[WebServer] {"duration_ms": 7.0462919993588, "event": "console.request", "id_hash": "h_d412b4fccf4a", "status": "200"}
[WebServer] {"duration_ms": 29.511041000660043, "event": "console.request", "id_hash": "h_587f5e9ccf77", "status": "200"}
[WebServer] {"duration_ms": 30.25629200055846, "event": "console.request", "id_hash": "h_a620b3b7b5e7", "status": "200"}
[WebServer] {"duration_ms": 31.0904580001079, "event": "console.request", "id_hash": "h_cf4c0259cdc2", "status": "200"}
[WebServer] {"duration_ms": 32.26529199855577, "event": "console.request", "id_hash": "h_3e70c23c09ce", "status": "200"}
[WebServer] {"duration_ms": 20.36558299914759, "event": "console.request", "id_hash": "h_9988258ce6cf", "status": "201"}
[WebServer] {"duration_ms": 5.837708000399289, "event": "console.request", "id_hash": "h_7c62e72d4fbf", "status": "200"}
[WebServer] {"duration_ms": 8.662791000460857, "event": "console.request", "id_hash": "h_110e6275a5d3", "status": "200"}
[WebServer] {"duration_ms": 21.101374999489053, "event": "console.request", "id_hash": "h_5d76a3162408", "status": "200"}
[WebServer] {"duration_ms": 12.981707999642822, "event": "console.request", "id_hash": "h_120228b3bb9b", "status": "200"}
[WebServer] {"duration_ms": 15.715542000179994, "event": "console.request", "id_hash": "h_96c834c5ba66", "status": "200"}
[WebServer] {"duration_ms": 19.292666998808272, "event": "console.request", "id_hash": "h_bf97157871df", "status": "200"}
[WebServer] {"duration_ms": 1.2767500011250377, "event": "console.request", "id_hash": "h_63042f31c878", "status": "200"}
[WebServer] {"duration_ms": 3.080250000493834, "event": "console.request", "id_hash": "h_59ce79dee8df", "status": "200"}
[WebServer] {"duration_ms": 1.9759160004468868, "event": "console.request", "id_hash": "h_0861ef0296e8", "status": "200"}
[WebServer] {"duration_ms": 12.466416001188918, "event": "console.request", "id_hash": "h_fbcdfdb25453", "status": "200"}
[WebServer] {"duration_ms": 16.14908400006243, "event": "console.request", "id_hash": "h_148a68ce4b86", "status": "200"}
[WebServer] {"duration_ms": 2.3882909990788903, "event": "console.request", "id_hash": "h_a2dc2274d283", "status": "200"}
[WebServer] {"duration_ms": 5.77204099863593, "event": "console.request", "id_hash": "h_977b97d8e293", "status": "200"}
[WebServer] {"duration_ms": 32.892125000216765, "event": "console.request", "id_hash": "h_994be1f58792", "status": "200"}
[WebServer] {"duration_ms": 11.482416999569978, "event": "console.request", "id_hash": "h_2132f5e13f80", "status": "200"}
[WebServer] {"duration_ms": 14.78362499983632, "event": "console.request", "id_hash": "h_496b31656399", "status": "200"}
[WebServer] {"duration_ms": 33.43004199996358, "event": "console.request", "id_hash": "h_ab2bfa82cef0", "status": "200"}
[WebServer] {"duration_ms": 21.40033400064567, "event": "console.request", "id_hash": "h_47bf9a7ad904", "status": "200"}
[WebServer] {"duration_ms": 22.713500000463682, "event": "console.request", "id_hash": "h_19fe25df2522", "status": "200"}
[WebServer] {"duration_ms": 22.482874999695923, "event": "console.request", "id_hash": "h_f209d346fd54", "status": "404"}
[WebServer] {"duration_ms": 23.696917000052053, "event": "console.request", "id_hash": "h_e1d463eee282", "status": "200"}
[WebServer] {"duration_ms": 23.560874999020598, "event": "console.request", "id_hash": "h_6675392d8cc9", "status": "404"}
[WebServer] {"duration_ms": 5.061792000560672, "event": "console.request", "id_hash": "h_edd27e80af69", "status": "404"}
[WebServer] {"duration_ms": 1.4190830006555188, "event": "console.request", "id_hash": "h_8a9e4dfb6e86", "status": "200"}
[WebServer] {"duration_ms": 1.8909999998868443, "event": "console.request", "id_hash": "h_72af30d68e6f", "status": "200"}
[WebServer] {"duration_ms": 2.3631250005564652, "event": "console.request", "id_hash": "h_e93b658b0448", "status": "200"}
[WebServer] {"duration_ms": 5.009458000131417, "event": "console.request", "id_hash": "h_74cc0462fe05", "status": "200"}
[WebServer] {"duration_ms": 4.678833000070881, "event": "console.request", "id_hash": "h_fc61c3e5a860", "status": "200"}
[WebServer] {"duration_ms": 31.967958000677754, "event": "console.request", "id_hash": "h_d53f52281998", "status": "200"}
[WebServer] {"duration_ms": 4.96979099989403, "event": "console.request", "id_hash": "h_e72f14b74a82", "status": "200"}
[WebServer] {"duration_ms": 32.081624998681946, "event": "console.request", "id_hash": "h_ebbb5999bb03", "status": "200"}
[WebServer] {"duration_ms": 33.65945800032932, "event": "console.request", "id_hash": "h_356c214ea9e6", "status": "200"}
[WebServer] {"duration_ms": 35.02820799985784, "event": "console.request", "id_hash": "h_dc1bd078acae", "status": "200"}
[WebServer] {"duration_ms": 34.330417000091984, "event": "console.request", "id_hash": "h_2d09503f0aa1", "status": "200"}
[WebServer] {"duration_ms": 45.32649999964633, "event": "console.request", "id_hash": "h_b51363249314", "status": "201"}
[WebServer] {"duration_ms": 1.3936249997641426, "event": "console.request", "id_hash": "h_21c7e2a3deeb", "status": "200"}
[WebServer] {"duration_ms": 13.374042000577901, "event": "console.request", "id_hash": "h_4f2310eb8882", "status": "200"}
[WebServer] {"duration_ms": 1.6893330011953367, "event": "console.request", "id_hash": "h_76a62d4fca80", "status": "200"}
[WebServer] {"duration_ms": 2.8053340010956163, "event": "console.request", "id_hash": "h_81753b1c0eab", "status": "200"}
[WebServer] {"duration_ms": 2.577291999841691, "event": "console.request", "id_hash": "h_8ad465f9c7a0", "status": "200"}
[WebServer] {"duration_ms": 8.118333000311395, "event": "console.request", "id_hash": "h_3bfe6a023192", "status": "200"}
[WebServer] {"duration_ms": 36.110582999754115, "event": "console.request", "id_hash": "h_da15cc45aed5", "status": "200"}
[WebServer] {"duration_ms": 6.070084000384668, "event": "console.request", "id_hash": "h_caed6a60f88f", "status": "200"}
[WebServer] {"duration_ms": 8.251540999481222, "event": "console.request", "id_hash": "h_5cf367765fa7", "status": "200"}
[WebServer] {"duration_ms": 5.832708000525599, "event": "console.request", "id_hash": "h_4b351d3c5666", "status": "404"}
  ✓   9 tests/browser/console.spec.ts:1429:1 › real State correction expiry deletion and recreation preserve identities (2.2s)
[WebServer] {"duration_ms": 1.500583000961342, "event": "console.request", "id_hash": "h_12c00d689973", "status": "200"}
[WebServer] {"duration_ms": 2.5074579989450285, "event": "console.request", "id_hash": "h_68d67e183215", "status": "200"}
[WebServer] {"duration_ms": 1.973959000679315, "event": "console.request", "id_hash": "h_6fcd48defa4d", "status": "200"}
[WebServer] {"duration_ms": 6.528292000439251, "event": "console.request", "id_hash": "h_9bee594a9fe6", "status": "401"}
[WebServer] {"duration_ms": 101.54237499955343, "event": "console.request", "id_hash": "h_310afd8081a6", "status": "200"}
[WebServer] {"duration_ms": 6.48400000136462, "event": "console.request", "id_hash": "h_9093e3b00726", "status": "200"}
[WebServer] {"duration_ms": 53.145791998758796, "event": "console.request", "id_hash": "h_fdcec8392bfd", "status": "200"}
[WebServer] {"duration_ms": 5.367874999137712, "event": "console.request", "id_hash": "h_db672af5fcfc", "status": "200"}
[WebServer] {"duration_ms": 45.782499999404536, "event": "console.request", "id_hash": "h_2f2d30bdb12b", "status": "200"}
[WebServer] {"duration_ms": 45.5325000002631, "event": "console.request", "id_hash": "h_15fd2a050420", "status": "200"}
[WebServer] {"duration_ms": 47.79104200133588, "event": "console.request", "id_hash": "h_d7199ef356eb", "status": "200"}
[WebServer] {"duration_ms": 48.74341700087825, "event": "console.request", "id_hash": "h_6e1d445d116c", "status": "200"}
[WebServer] {"duration_ms": 48.84541699902911, "event": "console.request", "id_hash": "h_0d139633fdd9", "status": "200"}
[WebServer] {"duration_ms": 21.412582998891594, "event": "console.request", "id_hash": "h_c4c2f5bc13ef", "status": "201"}
[WebServer] {"duration_ms": 6.132665999757592, "event": "console.request", "id_hash": "h_7442d1082454", "status": "200"}
[WebServer] {"duration_ms": 8.785124999121763, "event": "console.request", "id_hash": "h_d7de044f17ba", "status": "200"}
[WebServer] {"duration_ms": 31.38895899974159, "event": "console.request", "id_hash": "h_b163eef436e6", "status": "200"}
[WebServer] {"duration_ms": 38.63074999935634, "event": "console.request", "id_hash": "h_57520f2be02f", "status": "200"}
[WebServer] {"duration_ms": 39.66437500093889, "event": "console.request", "id_hash": "h_68a9c600df00", "status": "200"}
[WebServer] {"duration_ms": 22.07704200009175, "event": "console.request", "id_hash": "h_c6963d335b00", "status": "200"}
[WebServer] {"duration_ms": 12.452458000552724, "event": "console.request", "id_hash": "h_a7b6de80c758", "status": "200"}
[WebServer] {"duration_ms": 13.9252499993745, "event": "console.request", "id_hash": "h_05444328db08", "status": "200"}
[WebServer] {"duration_ms": 42.137917000218295, "event": "console.request", "id_hash": "h_97f69a9fc2df", "status": "200"}
[WebServer] {"duration_ms": 44.82704099973489, "event": "console.request", "id_hash": "h_1fb6dec31413", "status": "200"}
[WebServer] {"duration_ms": 44.67062500043539, "event": "console.request", "id_hash": "h_bf69141a23cb", "status": "200"}
[WebServer] {"duration_ms": 20.526249998511048, "event": "console.request", "id_hash": "h_31fe61582e96", "status": "200"}
[WebServer] {"duration_ms": 10.361749998992309, "event": "console.request", "id_hash": "h_cf838f65cdea", "status": "200"}
[WebServer] {"duration_ms": 13.584582999101258, "event": "console.request", "id_hash": "h_d5fc954e9fcf", "status": "200"}
[WebServer] {"duration_ms": 29.96908299974166, "event": "console.request", "id_hash": "h_83406c6c3b6b", "status": "200"}
[WebServer] {"duration_ms": 38.27149999960966, "event": "console.request", "id_hash": "h_9e91c1a0ca65", "status": "200"}
[WebServer] {"duration_ms": 38.28116600016074, "event": "console.request", "id_hash": "h_d52cfd646a30", "status": "200"}
[WebServer] {"duration_ms": 22.289667000222835, "event": "console.request", "id_hash": "h_57783d503ebe", "status": "200"}
[WebServer] {"duration_ms": 1.4237920004234184, "event": "console.request", "id_hash": "h_406476c8a913", "status": "200"}
[WebServer] {"duration_ms": 1.1635410010057967, "event": "console.request", "id_hash": "h_88377c3a4bbe", "status": "200"}
[WebServer] {"duration_ms": 2.044291999482084, "event": "console.request", "id_hash": "h_8e295cda30b2", "status": "200"}
[WebServer] {"duration_ms": 15.92295800037391, "event": "console.request", "id_hash": "h_76335b2c9dce", "status": "200"}
[WebServer] {"duration_ms": 23.360417000731104, "event": "console.request", "id_hash": "h_cf2dadeaff83", "status": "200"}
[WebServer] {"duration_ms": 5.140958999618306, "event": "console.request", "id_hash": "h_2bc279abc499", "status": "200"}
[WebServer] {"duration_ms": 4.71629200001189, "event": "console.request", "id_hash": "h_478da9a554ac", "status": "200"}
[WebServer] {"duration_ms": 35.38466600002721, "event": "console.request", "id_hash": "h_653e95e8c13a", "status": "200"}
[WebServer] {"duration_ms": 14.769082999919192, "event": "console.request", "id_hash": "h_4eb9b055c4b1", "status": "200"}
[WebServer] {"duration_ms": 17.440042000089306, "event": "console.request", "id_hash": "h_de2fabe1b55f", "status": "200"}
[WebServer] {"duration_ms": 32.181749998926534, "event": "console.request", "id_hash": "h_fcd820019081", "status": "200"}
  ✓  10 tests/browser/console.spec.ts:1596:1 › real Task create edit and transitions preserve revisions in Required mode (1.4s)
[WebServer] {"duration_ms": 48.80799999955343, "event": "console.request", "id_hash": "h_eec3e5d9ff10", "status": "200"}
[WebServer] {"duration_ms": 48.38954200022272, "event": "console.request", "id_hash": "h_4ca4887416d3", "status": "200"}
[WebServer] {"duration_ms": 1.3487910000549164, "event": "console.request", "id_hash": "h_6f2a9de6d109", "status": "200"}
[WebServer] {"duration_ms": 2.9349579999689013, "event": "console.request", "id_hash": "h_83d286b1c1d7", "status": "200"}
[WebServer] {"duration_ms": 1.3791669989586808, "event": "console.request", "id_hash": "h_5906bb61040e", "status": "200"}
[WebServer] {"duration_ms": 3.4102080007869517, "event": "console.request", "id_hash": "h_ff336229fcdc", "status": "401"}
[WebServer] {"duration_ms": 101.41141600070114, "event": "console.request", "id_hash": "h_0aba2e7a6919", "status": "200"}
[WebServer] {"duration_ms": 7.722457999989274, "event": "console.request", "id_hash": "h_28057963a3fd", "status": "200"}
[WebServer] {"duration_ms": 37.58387500056415, "event": "console.request", "id_hash": "h_df53316b2343", "status": "200"}
[WebServer] {"duration_ms": 7.974374999321299, "event": "console.request", "id_hash": "h_e67c2f245402", "status": "200"}
[WebServer] {"duration_ms": 44.03124999953434, "event": "console.request", "id_hash": "h_3d0568521cd9", "status": "200"}
[WebServer] {"duration_ms": 45.976625000548665, "event": "console.request", "id_hash": "h_af9ee463a5d3", "status": "200"}
[WebServer] {"duration_ms": 46.09912500018254, "event": "console.request", "id_hash": "h_12e558a41c6f", "status": "200"}
[WebServer] {"duration_ms": 47.674041999925976, "event": "console.request", "id_hash": "h_7bc7785b57fe", "status": "200"}
[WebServer] {"duration_ms": 47.128624999459134, "event": "console.request", "id_hash": "h_767bde0d7f40", "status": "200"}
[WebServer] {"duration_ms": 20.543708000332117, "event": "console.request", "id_hash": "h_10f10965e8d9", "status": "201"}
[WebServer] {"duration_ms": 5.689375000656582, "event": "console.request", "id_hash": "h_d0c187b37a79", "status": "200"}
[WebServer] {"duration_ms": 9.7467499999766, "event": "console.request", "id_hash": "h_4836b04144f2", "status": "200"}
[WebServer] {"duration_ms": 30.115125000520493, "event": "console.request", "id_hash": "h_886cd3b1b6bb", "status": "200"}
[WebServer] {"duration_ms": 39.358709000225645, "event": "console.request", "id_hash": "h_be05f5956e66", "status": "200"}
[WebServer] {"duration_ms": 39.04458299984981, "event": "console.request", "id_hash": "h_31f87996c0c7", "status": "200"}
[WebServer] {"duration_ms": 23.53366600073059, "event": "console.request", "id_hash": "h_cd6d1f14702c", "status": "201"}
[WebServer] {"duration_ms": 29.031582998868544, "event": "console.request", "id_hash": "h_caf0a2532d9b", "status": "200"}
[WebServer] {"duration_ms": 37.089957999342005, "event": "console.request", "id_hash": "h_6de275108cd3", "status": "200"}
[WebServer] {"duration_ms": 38.731082999220234, "event": "console.request", "id_hash": "h_b8beb3b4946e", "status": "200"}
[WebServer] {"duration_ms": 30.209917000320274, "event": "console.request", "id_hash": "h_55485b2f7d4e", "status": "200"}
[WebServer] {"duration_ms": 40.12866600169218, "event": "console.request", "id_hash": "h_ca192cb74b1a", "status": "200"}
[WebServer] {"duration_ms": 39.905542000269634, "event": "console.request", "id_hash": "h_c88847a8e0c6", "status": "200"}
[WebServer] {"duration_ms": 21.46491699932085, "event": "console.request", "id_hash": "h_a66e77bb1a84", "status": "200"}
[WebServer] {"duration_ms": 18.00754199939547, "event": "console.request", "id_hash": "h_16a8a4d43f26", "status": "200"}
[WebServer] {"duration_ms": 32.59116700064624, "event": "console.request", "id_hash": "h_7ec18844067d", "status": "200"}
[WebServer] {"duration_ms": 33.00291699997615, "event": "console.request", "id_hash": "h_9c30d6d171e4", "status": "200"}
[WebServer] {"duration_ms": 31.426416999238427, "event": "console.request", "id_hash": "h_e42bf1ad4db3", "status": "200"}
[WebServer] {"duration_ms": 40.096083999742405, "event": "console.request", "id_hash": "h_dde5cd7017e6", "status": "200"}
[WebServer] {"duration_ms": 39.61141699983273, "event": "console.request", "id_hash": "h_a5107809aba7", "status": "200"}
[WebServer] {"duration_ms": 21.31204099896422, "event": "console.request", "id_hash": "h_179e507f999b", "status": "200"}
[WebServer] {"duration_ms": 1.4606250006181654, "event": "console.request", "id_hash": "h_2c41512e8080", "status": "200"}
[WebServer] {"duration_ms": 0.9422500006621704, "event": "console.request", "id_hash": "h_c25b07c5a264", "status": "200"}
[WebServer] {"duration_ms": 2.3025419995974516, "event": "console.request", "id_hash": "h_c2903fb41348", "status": "200"}
[WebServer] {"duration_ms": 24.96383300058369, "event": "console.request", "id_hash": "h_3a487ecc9d97", "status": "200"}
[WebServer] {"duration_ms": 13.720165999984602, "event": "console.request", "id_hash": "h_1aea64b71056", "status": "200"}
[WebServer] {"duration_ms": 42.919666000670986, "event": "console.request", "id_hash": "h_326daecef8c0", "status": "200"}
[WebServer] {"duration_ms": 10.781749999296153, "event": "console.request", "id_hash": "h_ac0ac8fed3ed", "status": "200"}
[WebServer] {"duration_ms": 46.31287499978498, "event": "console.request", "id_hash": "h_6e1f99e9c74a", "status": "200"}
[WebServer] {"duration_ms": 33.023541000147816, "event": "console.request", "id_hash": "h_6ba6ab9eb964", "status": "200"}
[WebServer] {"duration_ms": 11.316125001030741, "event": "console.request", "id_hash": "h_5c471603ba7d", "status": "200"}
[WebServer] {"duration_ms": 15.407582999614533, "event": "console.request", "id_hash": "h_55b0ac0c2553", "status": "200"}
[WebServer] {"duration_ms": 38.723791998563684, "event": "console.request", "id_hash": "h_ffe03695d755", "status": "200"}
[WebServer] {"duration_ms": 49.92775000027905, "event": "console.request", "id_hash": "h_7b3f716b493a", "status": "200"}
[WebServer] {"duration_ms": 50.01887500111479, "event": "console.request", "id_hash": "h_4c382d738459", "status": "200"}
  ✓  11 tests/browser/console.spec.ts:1702:1 › real Task steps atomically advance child and parent revisions (1.7s)
[WebServer] {"duration_ms": 1.4557089998561423, "event": "console.request", "id_hash": "h_9bbaab46b280", "status": "200"}
[WebServer] {"duration_ms": 1.133750000008149, "event": "console.request", "id_hash": "h_e7a293011257", "status": "200"}
[WebServer] {"duration_ms": 2.3256250005943, "event": "console.request", "id_hash": "h_c6ac99440c6e", "status": "200"}
[WebServer] {"duration_ms": 5.310500000632601, "event": "console.request", "id_hash": "h_cf1162a2a882", "status": "401"}
[WebServer] {"duration_ms": 101.42154200002551, "event": "console.request", "id_hash": "h_6994aa3b9405", "status": "200"}
[WebServer] {"duration_ms": 7.442707999871345, "event": "console.request", "id_hash": "h_157d6e869bde", "status": "200"}
[WebServer] {"duration_ms": 83.71100000113074, "event": "console.request", "id_hash": "h_36babc2bfa7f", "status": "200"}
[WebServer] {"duration_ms": 8.549334001145326, "event": "console.request", "id_hash": "h_57c5e31d1113", "status": "200"}
[WebServer] {"duration_ms": 61.22791699999652, "event": "console.request", "id_hash": "h_6ad896dbe441", "status": "200"}
[WebServer] {"duration_ms": 60.29820799994923, "event": "console.request", "id_hash": "h_fa39cbd9f492", "status": "200"}
[WebServer] {"duration_ms": 60.85908400018525, "event": "console.request", "id_hash": "h_153931e76d21", "status": "200"}
[WebServer] {"duration_ms": 62.68370799989498, "event": "console.request", "id_hash": "h_f86261896fca", "status": "200"}
[WebServer] {"duration_ms": 64.20920900018245, "event": "console.request", "id_hash": "h_417d68b3bc8a", "status": "200"}
[WebServer] {"duration_ms": 27.382084001146723, "event": "console.request", "id_hash": "h_481f86546474", "status": "201"}
[WebServer] {"duration_ms": 6.961541999771725, "event": "console.request", "id_hash": "h_3b35548abfda", "status": "200"}
[WebServer] {"duration_ms": 12.748833001751336, "event": "console.request", "id_hash": "h_fb77163fe26b", "status": "200"}
[WebServer] {"duration_ms": 49.104333000286715, "event": "console.request", "id_hash": "h_893fcbe42723", "status": "200"}
[WebServer] {"duration_ms": 61.68141600028321, "event": "console.request", "id_hash": "h_be1854f4abba", "status": "200"}
[WebServer] {"duration_ms": 62.80279199927463, "event": "console.request", "id_hash": "h_be75ad7e1efa", "status": "200"}
[WebServer] {"duration_ms": 32.66687500035914, "event": "console.request", "id_hash": "h_1214fc4f4bc9", "status": "201"}
[WebServer] {"duration_ms": 39.60220799854142, "event": "console.request", "id_hash": "h_ac99c5bd125b", "status": "200"}
[WebServer] {"duration_ms": 49.19237499962037, "event": "console.request", "id_hash": "h_f42e650dfa2e", "status": "200"}
[WebServer] {"duration_ms": 51.708625000173924, "event": "console.request", "id_hash": "h_84bbe9a8339c", "status": "200"}
[WebServer] {"duration_ms": 49.931999999898835, "event": "console.request", "id_hash": "h_98037f209a46", "status": "200"}
[WebServer] {"duration_ms": 63.37608300054853, "event": "console.request", "id_hash": "h_90bd8e2fff3e", "status": "200"}
[WebServer] {"duration_ms": 62.49520900018979, "event": "console.request", "id_hash": "h_31ed0471ac4a", "status": "200"}
[WebServer] {"duration_ms": 33.64458299984108, "event": "console.request", "id_hash": "h_67025e2436b8", "status": "201"}
[WebServer] {"duration_ms": 38.17358400010562, "event": "console.request", "id_hash": "h_1ac28396415a", "status": "200"}
[WebServer] {"duration_ms": 50.08929199902923, "event": "console.request", "id_hash": "h_33c7d0d4d78f", "status": "200"}
[WebServer] {"duration_ms": 50.031791999572306, "event": "console.request", "id_hash": "h_3d19ae99ae75", "status": "200"}
[WebServer] {"duration_ms": 50.40579200067441, "event": "console.request", "id_hash": "h_2e2c3481872e", "status": "200"}
[WebServer] {"duration_ms": 62.62241700096638, "event": "console.request", "id_hash": "h_44f057d5bbac", "status": "200"}
[WebServer] {"duration_ms": 64.56324999999197, "event": "console.request", "id_hash": "h_40658cc0cb73", "status": "200"}
[WebServer] {"duration_ms": 24.236916999143432, "event": "console.request", "id_hash": "h_af7c4e56cdaa", "status": "200"}
[WebServer] {"duration_ms": 30.858459000228322, "event": "console.request", "id_hash": "h_09726b4beb88", "status": "200"}
[WebServer] {"duration_ms": 34.10420900036115, "event": "console.request", "id_hash": "h_2c3ed1314ba9", "status": "201"}
[WebServer] {"duration_ms": 40.727249999690684, "event": "console.request", "id_hash": "h_9ffa251dbf19", "status": "200"}
[WebServer] {"duration_ms": 57.0806249997986, "event": "console.request", "id_hash": "h_b2ca35d23ac7", "status": "200"}
[WebServer] {"duration_ms": 57.17374999949243, "event": "console.request", "id_hash": "h_aaa3128ea9ae", "status": "200"}
[WebServer] {"duration_ms": 63.80170800002816, "event": "console.request", "id_hash": "h_73639f9b90d7", "status": "200"}
[WebServer] {"duration_ms": 69.20358299976215, "event": "console.request", "id_hash": "h_16a8f37d2211", "status": "200"}
[WebServer] {"duration_ms": 76.64808400113543, "event": "console.request", "id_hash": "h_4fb33470e369", "status": "200"}
[WebServer] {"duration_ms": 33.675207998385304, "event": "console.request", "id_hash": "h_57a0a2c61b95", "status": "200"}
[WebServer] {"duration_ms": 39.1583750006248, "event": "console.request", "id_hash": "h_3cf7ec0e2f03", "status": "200"}
[WebServer] {"duration_ms": 55.58333299995866, "event": "console.request", "id_hash": "h_e5e281330323", "status": "200"}
[WebServer] {"duration_ms": 56.175124998844694, "event": "console.request", "id_hash": "h_432873edb3b3", "status": "200"}
[WebServer] {"duration_ms": 68.63299999895389, "event": "console.request", "id_hash": "h_0a40dde4fcb1", "status": "200"}
[WebServer] {"duration_ms": 80.05845899970154, "event": "console.request", "id_hash": "h_56a9623e7bb9", "status": "200"}
[WebServer] {"duration_ms": 86.24237500043819, "event": "console.request", "id_hash": "h_c65bd386b2dc", "status": "200"}
[WebServer] {"duration_ms": 27.794915999038494, "event": "console.request", "id_hash": "h_939fa53fe5d2", "status": "200"}
[WebServer] {"duration_ms": 32.73191699918243, "event": "console.request", "id_hash": "h_552ac73b1279", "status": "200"}
[WebServer] {"duration_ms": 34.632250000868225, "event": "console.request", "id_hash": "h_a99b8c97c304", "status": "201"}
[WebServer] {"duration_ms": 1.807125001505483, "event": "console.request", "id_hash": "h_42169360f21b", "status": "200"}
[WebServer] {"duration_ms": 3.6671660000138218, "event": "console.request", "id_hash": "h_cdc3729a4d93", "status": "200"}
[WebServer] {"duration_ms": 2.7649169987853384, "event": "console.request", "id_hash": "h_90ed7cdeb114", "status": "200"}
[WebServer] {"duration_ms": 43.68541700023343, "event": "console.request", "id_hash": "h_c8e2f9d940af", "status": "200"}
[WebServer] {"duration_ms": 19.841167000777205, "event": "console.request", "id_hash": "h_39bd71573b0f", "status": "200"}
[WebServer] {"duration_ms": 71.99558299907949, "event": "console.request", "id_hash": "h_a2407ca2b2f4", "status": "200"}
[WebServer] {"duration_ms": 24.97604200107162, "event": "console.request", "id_hash": "h_043e0f62e151", "status": "200"}
[WebServer] {"duration_ms": 75.7737919993815, "event": "console.request", "id_hash": "h_269e62b0a03e", "status": "200"}
[WebServer] {"duration_ms": 52.93191700002353, "event": "console.request", "id_hash": "h_2b7b7216e4fd", "status": "200"}
[WebServer] {"duration_ms": 15.397666000353638, "event": "console.request", "id_hash": "h_4734ecbe774f", "status": "200"}
[WebServer] {"duration_ms": 23.72379199914576, "event": "console.request", "id_hash": "h_0a17ed7da12e", "status": "200"}
[WebServer] {"duration_ms": 51.081790999887744, "event": "console.request", "id_hash": "h_8525e76af440", "status": "200"}
[WebServer] {"duration_ms": 66.01833300010185, "event": "console.request", "id_hash": "h_626a1a136341", "status": "200"}
[WebServer] {"duration_ms": 65.88091699995857, "event": "console.request", "id_hash": "h_24f6d65e8abe", "status": "200"}
  ✓  12 tests/browser/console.spec.ts:1803:1 › real dependency creation removal and reactivation preserve its ID (3.1s)
[WebServer] {"duration_ms": 2.28445799984911, "event": "console.request", "id_hash": "h_9afeba7a086a", "status": "200"}
[WebServer] {"duration_ms": 2.103374999933294, "event": "console.request", "id_hash": "h_a81d9b731fd4", "status": "200"}
[WebServer] {"duration_ms": 3.7227499997243285, "event": "console.request", "id_hash": "h_206e86aba4bd", "status": "200"}
[WebServer] {"duration_ms": 4.805208000107086, "event": "console.request", "id_hash": "h_789d9568f6d3", "status": "401"}
[WebServer] {"duration_ms": 101.54141700149921, "event": "console.request", "id_hash": "h_e51c1e82b98e", "status": "200"}
[WebServer] {"duration_ms": 8.623416999398614, "event": "console.request", "id_hash": "h_8fea60c01f7e", "status": "200"}
[WebServer] {"duration_ms": 53.131750000829925, "event": "console.request", "id_hash": "h_af4d495f54c0", "status": "200"}
[WebServer] {"duration_ms": 8.812082998701953, "event": "console.request", "id_hash": "h_7b96abe2791b", "status": "200"}
[WebServer] {"duration_ms": 61.88733300041349, "event": "console.request", "id_hash": "h_680c0178f547", "status": "200"}
[WebServer] {"duration_ms": 65.64720799906354, "event": "console.request", "id_hash": "h_2f5bd95c69fd", "status": "200"}
[WebServer] {"duration_ms": 66.76675000016985, "event": "console.request", "id_hash": "h_5f4960a6d112", "status": "200"}
[WebServer] {"duration_ms": 68.0008330000419, "event": "console.request", "id_hash": "h_bf819634113c", "status": "200"}
[WebServer] {"duration_ms": 66.38608399953227, "event": "console.request", "id_hash": "h_259ae9e07921", "status": "200"}
[WebServer] {"duration_ms": 27.87808299945027, "event": "console.request", "id_hash": "h_ec62e8127d2c", "status": "201"}
[WebServer] {"duration_ms": 7.377750000159722, "event": "console.request", "id_hash": "h_69ecb8e909f3", "status": "200"}
[WebServer] {"duration_ms": 12.041582998790545, "event": "console.request", "id_hash": "h_273fddd4156f", "status": "200"}
[WebServer] {"duration_ms": 67.21899999865855, "event": "console.request", "id_hash": "h_6e6d1fbbf59e", "status": "200"}
[WebServer] {"duration_ms": 66.71999999889522, "event": "console.request", "id_hash": "h_27a068e79bd8", "status": "200"}
[WebServer] {"duration_ms": 67.132665999452, "event": "console.request", "id_hash": "h_036413231965", "status": "200"}
[WebServer] {"duration_ms": 14.803125000980799, "event": "console.request", "id_hash": "h_fe8f7d074f31", "status": "200"}
[WebServer] {"duration_ms": 29.235541000161902, "event": "console.request", "id_hash": "h_f5ad37801e0a", "status": "201"}
[WebServer] {"duration_ms": 38.50662500008184, "event": "console.request", "id_hash": "h_9180704616ca", "status": "200"}
[WebServer] {"duration_ms": 51.338125000256696, "event": "console.request", "id_hash": "h_da1dff870850", "status": "200"}
[WebServer] {"duration_ms": 53.12012500144192, "event": "console.request", "id_hash": "h_dafbcaa43674", "status": "200"}
[WebServer] {"duration_ms": 58.25962499875459, "event": "console.request", "id_hash": "h_26790efcce29", "status": "200"}
[WebServer] {"duration_ms": 57.7537500012113, "event": "console.request", "id_hash": "h_19828627bea2", "status": "200"}
[WebServer] {"duration_ms": 65.29533299908508, "event": "console.request", "id_hash": "h_eb5ab5474eb1", "status": "200"}
[WebServer] {"duration_ms": 10.617374999128515, "event": "console.request", "id_hash": "h_026e110ca2f0", "status": "200"}
[WebServer] {"duration_ms": 13.989833001687657, "event": "console.request", "id_hash": "h_76639e7e430b", "status": "200"}
[WebServer] {"duration_ms": 29.2485409991059, "event": "console.request", "id_hash": "h_4a9e2966c03b", "status": "200"}
[WebServer] {"duration_ms": 39.922957999806385, "event": "console.request", "id_hash": "h_910725de7638", "status": "200"}
[WebServer] {"duration_ms": 54.1040839998459, "event": "console.request", "id_hash": "h_1fc287131640", "status": "200"}
[WebServer] {"duration_ms": 53.273499999704654, "event": "console.request", "id_hash": "h_9e7995e6a3af", "status": "200"}
[WebServer] {"duration_ms": 47.40983300143853, "event": "console.request", "id_hash": "h_c90b1304df26", "status": "200"}
[WebServer] {"duration_ms": 61.703708001005, "event": "console.request", "id_hash": "h_ec138471d7db", "status": "200"}
[WebServer] {"duration_ms": 62.24595799903909, "event": "console.request", "id_hash": "h_f9ecfd83f874", "status": "200"}
[WebServer] {"duration_ms": 10.12095800069801, "event": "console.request", "id_hash": "h_5e378dc09e82", "status": "200"}
[WebServer] {"duration_ms": 46.01520899996103, "event": "console.request", "id_hash": "h_66c1a77909ad", "status": "200"}
[WebServer] {"duration_ms": 38.80441699948278, "event": "console.request", "id_hash": "h_2ffedc10d24c", "status": "200"}
[WebServer] {"duration_ms": 39.862499999799184, "event": "console.request", "id_hash": "h_cd29bde9044b", "status": "200"}
[WebServer] {"duration_ms": 44.249624999793014, "event": "console.request", "id_hash": "h_d944eb7bf14f", "status": "200"}
[WebServer] {"duration_ms": 56.779624999762746, "event": "console.request", "id_hash": "h_e1ec41c354af", "status": "200"}
[WebServer] {"duration_ms": 57.524333000401384, "event": "console.request", "id_hash": "h_8ff3fa561215", "status": "200"}
[WebServer] {"duration_ms": 57.992250000097556, "event": "console.request", "id_hash": "h_bba6929f6c5e", "status": "200"}
[WebServer] {"duration_ms": 8.105291999527253, "event": "console.request", "id_hash": "h_cf7c087716f5", "status": "200"}
[WebServer] {"duration_ms": 23.276624999198248, "event": "console.request", "id_hash": "h_51867edc4712", "status": "200"}
[WebServer] {"duration_ms": 1.560917000460904, "event": "console.request", "id_hash": "h_82f9f4762184", "status": "200"}
[WebServer] {"duration_ms": 1.4457079996645916, "event": "console.request", "id_hash": "h_b134f8a84457", "status": "200"}
[WebServer] {"duration_ms": 3.2283329983329168, "event": "console.request", "id_hash": "h_4e2ef9805fbd", "status": "200"}
[WebServer] {"duration_ms": 37.44279199963785, "event": "console.request", "id_hash": "h_80fde4c934d9", "status": "200"}
[WebServer] {"duration_ms": 12.858374999268563, "event": "console.request", "id_hash": "h_cd111934e0f9", "status": "200"}
[WebServer] {"duration_ms": 55.47154200030491, "event": "console.request", "id_hash": "h_e5e2cc8437bb", "status": "200"}
[WebServer] {"duration_ms": 19.000833000973216, "event": "console.request", "id_hash": "h_2e9c37afbf86", "status": "200"}
[WebServer] {"duration_ms": 57.96858299981977, "event": "console.request", "id_hash": "h_f6ae6b924b75", "status": "200"}
[WebServer] {"duration_ms": 41.3412089983467, "event": "console.request", "id_hash": "h_eb180ff562d9", "status": "200"}
[WebServer] {"duration_ms": 10.442458000397892, "event": "console.request", "id_hash": "h_2d9241055701", "status": "200"}
[WebServer] {"duration_ms": 16.53637500021432, "event": "console.request", "id_hash": "h_c453068fe703", "status": "200"}
[WebServer] {"duration_ms": 34.852708000471466, "event": "console.request", "id_hash": "h_7f79f998bdc5", "status": "200"}
[WebServer] {"duration_ms": 47.01320899948769, "event": "console.request", "id_hash": "h_79ca79b58816", "status": "200"}
[WebServer] {"duration_ms": 46.902500000214786, "event": "console.request", "id_hash": "h_81eebdce406d", "status": "200"}
[WebServer] {"duration_ms": 7.58466600018437, "event": "console.request", "id_hash": "h_2086d69bc9f1", "status": "200"}
[WebServer] {"duration_ms": 10.294125000655185, "event": "console.request", "id_hash": "h_01d4aa45b167", "status": "200"}
[WebServer] {"duration_ms": 1.0525829984544544, "event": "console.request", "id_hash": "h_9d372845a128", "status": "200"}
[WebServer] {"duration_ms": 1.7887080011860235, "event": "console.request", "id_hash": "h_b00f2fa69076", "status": "200"}
[WebServer] {"duration_ms": 1.8791660004353616, "event": "console.request", "id_hash": "h_be50f747612b", "status": "200"}
[WebServer] {"duration_ms": 2.8657080001721624, "event": "console.request", "id_hash": "h_8f2055007ed9", "status": "200"}
[WebServer] {"duration_ms": 6.122958000560175, "event": "console.request", "id_hash": "h_8ddd79259806", "status": "200"}
[WebServer] {"duration_ms": 35.96404099880601, "event": "console.request", "id_hash": "h_1931cabba6d3", "status": "200"}
[WebServer] {"duration_ms": 9.956042000339949, "event": "console.request", "id_hash": "h_9c60ce67a446", "status": "200"}
[WebServer] {"duration_ms": 14.452875000642962, "event": "console.request", "id_hash": "h_55615fabb942", "status": "200"}
[WebServer] {"duration_ms": 47.91312499946798, "event": "console.request", "id_hash": "h_e3d3b573a238", "status": "200"}
[WebServer] {"duration_ms": 48.38833400026488, "event": "console.request", "id_hash": "h_409e0b780e6b", "status": "200"}
[WebServer] {"duration_ms": 49.34987500018906, "event": "console.request", "id_hash": "h_aec8c7d1b1e6", "status": "200"}
[WebServer] {"duration_ms": 22.901624999576597, "event": "console.request", "id_hash": "h_7ddee4faebf2", "status": "200"}
[WebServer] {"duration_ms": 12.341792000370333, "event": "console.request", "id_hash": "h_b92e7c20a428", "status": "200"}
[WebServer] {"duration_ms": 14.34312499986845, "event": "console.request", "id_hash": "h_242ab8006b02", "status": "200"}
[WebServer] {"duration_ms": 39.765916000760626, "event": "console.request", "id_hash": "h_e272a58db7e2", "status": "200"}
[WebServer] {"duration_ms": 50.8182499997929, "event": "console.request", "id_hash": "h_d7234d0f5a60", "status": "200"}
[WebServer] {"duration_ms": 50.27700000027835, "event": "console.request", "id_hash": "h_eb9ba8ee577b", "status": "200"}
[WebServer] {"duration_ms": 45.771291999699315, "event": "console.request", "id_hash": "h_1423ac3d27f4", "status": "200"}
[WebServer] {"duration_ms": 21.311958000296727, "event": "console.request", "id_hash": "h_2d35976bbb90", "status": "200"}
[WebServer] {"duration_ms": 20.318875000157277, "event": "console.request", "id_hash": "h_ae9502d05e16", "status": "200"}
[WebServer] {"duration_ms": 24.856833000740153, "event": "console.request", "id_hash": "h_e824cacfb7d5", "status": "404"}
[WebServer] {"duration_ms": 24.103957999614067, "event": "console.request", "id_hash": "h_cab0179e852f", "status": "404"}
[WebServer] {"duration_ms": 26.5441669998836, "event": "console.request", "id_hash": "h_36d497fd89e5", "status": "200"}
[WebServer] {"duration_ms": 4.901249998511048, "event": "console.request", "id_hash": "h_96338d9d1d3f", "status": "404"}
[WebServer] {"duration_ms": 5.521707998923375, "event": "console.request", "id_hash": "h_08b42723053d", "status": "404"}
[WebServer] {"duration_ms": 1.155791000201134, "event": "console.request", "id_hash": "h_41a500bea92a", "status": "200"}
[WebServer] {"duration_ms": 1.824458000555751, "event": "console.request", "id_hash": "h_ddac92cad147", "status": "200"}
[WebServer] {"duration_ms": 1.4675000002171146, "event": "console.request", "id_hash": "h_5c587b3ae73b", "status": "200"}
[WebServer] {"duration_ms": 3.244334000555682, "event": "console.request", "id_hash": "h_a8cf3a43d12a", "status": "200"}
[WebServer] {"duration_ms": 4.971958000169252, "event": "console.request", "id_hash": "h_d191d4584c14", "status": "200"}
[WebServer] {"duration_ms": 34.723624999969616, "event": "console.request", "id_hash": "h_cb2de868356f", "status": "200"}
[WebServer] {"duration_ms": 7.986957998582511, "event": "console.request", "id_hash": "h_82c88eb7a406", "status": "404"}
[WebServer] {"duration_ms": 12.016209000648814, "event": "console.request", "id_hash": "h_4c3b6c9ba422", "status": "200"}
  ✓  13 tests/browser/console.spec.ts:1925:1 › real trigger lifecycle and Task forget preserve revisions and delete the plan (3.2s)
[WebServer] {"duration_ms": 1.1795409991464112, "event": "console.request", "id_hash": "h_84426399fa93", "status": "200"}
[WebServer] {"duration_ms": 2.3567499993077945, "event": "console.request", "id_hash": "h_999db356700a", "status": "200"}
[WebServer] {"duration_ms": 1.9990420005342457, "event": "console.request", "id_hash": "h_a11d9d8ad8f2", "status": "200"}
[WebServer] {"duration_ms": 3.4539999996923143, "event": "console.request", "id_hash": "h_17fcf0682c64", "status": "401"}
[WebServer] {"duration_ms": 101.46454199821164, "event": "console.request", "id_hash": "h_3f70d65befa0", "status": "429"}
[WebServer] {"duration_ms": 104.5700829999987, "event": "console.request", "id_hash": "h_bf5833b7416e", "status": "200"}
[WebServer] {"duration_ms": 11.938457999349339, "event": "console.request", "id_hash": "h_08936f283a03", "status": "200"}
[WebServer] {"duration_ms": 54.891707999559, "event": "console.request", "id_hash": "h_6d23b245ee7a", "status": "200"}
[WebServer] {"duration_ms": 11.545499999556341, "event": "console.request", "id_hash": "h_c04daa72815e", "status": "200"}
[WebServer] {"duration_ms": 8.57262499994249, "event": "console.request", "id_hash": "h_c977061e47f7", "status": "200"}
[WebServer] {"duration_ms": 38.43691699876217, "event": "console.request", "id_hash": "h_3830526999c6", "status": "200"}
[WebServer] {"duration_ms": 46.13983400122379, "event": "console.request", "id_hash": "h_fe3e8c7ec3f9", "status": "200"}
[WebServer] {"duration_ms": 34.27600000031816, "event": "console.request", "id_hash": "h_5f874b844d46", "status": "202"}
[WebServer] {"duration_ms": 29.769375001706067, "event": "console.request", "id_hash": "h_59ca1f6cc7c0", "status": "200"}
[WebServer] {"duration_ms": 4.943874999298714, "event": "console.request", "id_hash": "h_706454dc4f81", "status": "200"}
[WebServer] {"duration_ms": 17.317375000857282, "event": "console.request", "id_hash": "h_0954e601aeac", "status": "200"}
[WebServer] {"duration_ms": 31.40654099843232, "event": "console.request", "id_hash": "h_4bb565f47bfa", "status": "200"}
[WebServer] {"duration_ms": 6.486165999376681, "event": "console.request", "id_hash": "h_cdce5c127dd1", "status": "200"}
[WebServer] {"duration_ms": 7.453917000020738, "event": "console.request", "id_hash": "h_a31f62a23bc8", "status": "200"}
  ✓  14 tests/browser/console.spec.ts:2108:1 › real fixed-filter operation accepts 51 targets and cancellation preserves the first committed batch (32.7s)
[WebServer] {"duration_ms": 1.3316670010681264, "event": "console.request", "id_hash": "h_01e905b5864a", "status": "200"}
[WebServer] {"duration_ms": 2.3574579990963684, "event": "console.request", "id_hash": "h_4b235b37efda", "status": "200"}
[WebServer] {"duration_ms": 2.034791999903973, "event": "console.request", "id_hash": "h_ce2ca9dc856c", "status": "200"}
[WebServer] {"duration_ms": 3.668583998660324, "event": "console.request", "id_hash": "h_20a4c3437780", "status": "401"}
[WebServer] {"duration_ms": 100.68324999883771, "event": "console.request", "id_hash": "h_d17b4a4f2f29", "status": "200"}
[WebServer] {"duration_ms": 1.1805000012827804, "event": "console.request", "id_hash": "h_b3fbaaf62a07", "status": "200"}
[WebServer] {"duration_ms": 11.740666999685345, "event": "console.request", "id_hash": "h_975471ca1aff", "status": "200"}
[WebServer] {"duration_ms": 1.294624998990912, "event": "console.request", "id_hash": "h_ae80abab7975", "status": "200"}
[WebServer] {"duration_ms": 2.1998330012138467, "event": "console.request", "id_hash": "h_72b9a6cbb0e1", "status": "200"}
[WebServer] {"duration_ms": 3.365333999681752, "event": "console.request", "id_hash": "h_24420a31bc9e", "status": "200"}
[WebServer] {"duration_ms": 5.322166998666944, "event": "console.request", "id_hash": "h_e0a81102f403", "status": "200"}
[WebServer] {"duration_ms": 31.9345420011814, "event": "console.request", "id_hash": "h_57193500c760", "status": "200"}
[WebServer] {"duration_ms": 9.554041000228608, "event": "console.request", "id_hash": "h_0e1caffde43d", "status": "200"}
[WebServer] {"duration_ms": 12.302625000302214, "event": "console.request", "id_hash": "h_271825a3ae86", "status": "200"}
[WebServer] {"duration_ms": 19.763792000958347, "event": "console.request", "id_hash": "h_afe49dec0cc4", "status": "200"}
[WebServer] {"duration_ms": 12.659165999139077, "event": "console.request", "id_hash": "h_2ecabae47e0f", "status": "200"}
[WebServer] {"duration_ms": 13.833917000738438, "event": "console.request", "id_hash": "h_ed33d916e31d", "status": "200"}
[WebServer] {"duration_ms": 1.122374998885789, "event": "console.request", "id_hash": "h_a02b19b8e00c", "status": "200"}
[WebServer] {"duration_ms": 1.6833329991641222, "event": "console.request", "id_hash": "h_721559c554b4", "status": "200"}
[WebServer] {"duration_ms": 1.4377919997059507, "event": "console.request", "id_hash": "h_74bcb8298d44", "status": "200"}
[WebServer] {"duration_ms": 3.4960829998453846, "event": "console.request", "id_hash": "h_7f6983571f62", "status": "200"}
[WebServer] {"duration_ms": 4.775957999299862, "event": "console.request", "id_hash": "h_2c3ec3cbdc04", "status": "200"}
[WebServer] {"duration_ms": 30.892875000063214, "event": "console.request", "id_hash": "h_14f0c6eb6eff", "status": "200"}
[WebServer] {"duration_ms": 11.507499999424908, "event": "console.request", "id_hash": "h_2abdba735de1", "status": "200"}
[WebServer] {"duration_ms": 11.954250001508626, "event": "console.request", "id_hash": "h_3703eba5657f", "status": "200"}
[WebServer] {"duration_ms": 0.8984580017568078, "event": "console.request", "id_hash": "h_892be9684142", "status": "200"}
[WebServer] {"duration_ms": 0.8652920005260967, "event": "console.request", "id_hash": "h_cd73ccc8ce63", "status": "200"}
[WebServer] {"duration_ms": 1.5718340000603348, "event": "console.request", "id_hash": "h_3ab8d6498ed0", "status": "200"}
[WebServer] {"duration_ms": 3.626083000199287, "event": "console.request", "id_hash": "h_1fc924ac459a", "status": "200"}
[WebServer] {"duration_ms": 5.265292000331101, "event": "console.request", "id_hash": "h_3f6e8193f734", "status": "200"}
[WebServer] {"duration_ms": 30.739624999114312, "event": "console.request", "id_hash": "h_4990619e12b3", "status": "200"}
[WebServer] {"duration_ms": 12.710624998362618, "event": "console.request", "id_hash": "h_cbebb6ce1649", "status": "200"}
[WebServer] {"duration_ms": 13.157542000044486, "event": "console.request", "id_hash": "h_a319083c1958", "status": "200"}
[WebServer] {"duration_ms": 19.05829099996481, "event": "console.request", "id_hash": "h_a1f9a4c75819", "status": "200"}
[WebServer] {"duration_ms": 12.098666999008856, "event": "console.request", "id_hash": "h_2c4fe295eee2", "status": "200"}
[WebServer] {"duration_ms": 12.334375000136788, "event": "console.request", "id_hash": "h_19be10308ccf", "status": "200"}
[WebServer] {"duration_ms": 1.219832998685888, "event": "console.request", "id_hash": "h_32b7ce09cfc5", "status": "200"}
[WebServer] {"duration_ms": 1.282458000787301, "event": "console.request", "id_hash": "h_8fb36704d7fb", "status": "200"}
[WebServer] {"duration_ms": 2.319375000297441, "event": "console.request", "id_hash": "h_82b9e846a1de", "status": "200"}
[WebServer] {"duration_ms": 2.9191670000727754, "event": "console.request", "id_hash": "h_a1dabbc41ac2", "status": "200"}
[WebServer] {"duration_ms": 5.1471250008034986, "event": "console.request", "id_hash": "h_976df140d6aa", "status": "200"}
[WebServer] {"duration_ms": 31.11512499890523, "event": "console.request", "id_hash": "h_ee10016f2dbe", "status": "200"}
[WebServer] {"duration_ms": 8.471625000311178, "event": "console.request", "id_hash": "h_ef5f42d08eb9", "status": "200"}
[WebServer] {"duration_ms": 10.570624999672873, "event": "console.request", "id_hash": "h_42dd8cd30a6b", "status": "200"}
[WebServer] {"duration_ms": 0.9781249991647201, "event": "console.request", "id_hash": "h_1fce4c8736c3", "status": "200"}
[WebServer] {"duration_ms": 1.4554579993273364, "event": "console.request", "id_hash": "h_e70f59ebf39c", "status": "200"}
[WebServer] {"duration_ms": 1.0925839997071307, "event": "console.request", "id_hash": "h_d2d48209fb9c", "status": "200"}
[WebServer] {"duration_ms": 2.503707999494509, "event": "console.request", "id_hash": "h_0f3cc039c339", "status": "200"}
[WebServer] {"duration_ms": 4.858166999838431, "event": "console.request", "id_hash": "h_b09de0340312", "status": "200"}
[WebServer] {"duration_ms": 31.056583000463434, "event": "console.request", "id_hash": "h_5a6e2c818700", "status": "200"}
[WebServer] {"duration_ms": 8.935583999118535, "event": "console.request", "id_hash": "h_8bc0f8304110", "status": "200"}
[WebServer] {"duration_ms": 13.542041999244248, "event": "console.request", "id_hash": "h_8714723dd6c5", "status": "200"}
  ✓  15 tests/browser/console.spec.ts:2227:1 › real event dismissal preserves delivery history and its Task in Required mode (1.1s)
[WebServer] {"duration_ms": 45.331291999900714, "event": "console.request", "id_hash": "h_fe3d204bc0a9", "status": "200"}
[WebServer] {"duration_ms": 44.970749999265536, "event": "console.request", "id_hash": "h_9ba29822adb0", "status": "200"}
[WebServer] {"duration_ms": 49.62537499886821, "event": "console.request", "id_hash": "h_b6fa9e024bb3", "status": "200"}
[WebServer] {"duration_ms": 0.9652089993323898, "event": "console.request", "id_hash": "h_915b622f6233", "status": "200"}
[WebServer] {"duration_ms": 1.7084999999497086, "event": "console.request", "id_hash": "h_ae5840a454b4", "status": "200"}
[WebServer] {"duration_ms": 1.3515419996110722, "event": "console.request", "id_hash": "h_f91f6f14cace", "status": "200"}
[WebServer] {"duration_ms": 3.4841250017052516, "event": "console.request", "id_hash": "h_5ad4ea6c1b40", "status": "401"}
[WebServer] {"duration_ms": 101.48945900073159, "event": "console.request", "id_hash": "h_eb08d88577d9", "status": "200"}
[WebServer] {"duration_ms": 5.991333999190829, "event": "console.request", "id_hash": "h_2fa296860948", "status": "200"}
[WebServer] {"duration_ms": 6.248290999792516, "event": "console.request", "id_hash": "h_a0b785988833", "status": "200"}
[WebServer] {"duration_ms": 50.77941599847691, "event": "console.request", "id_hash": "h_6ff0104a122e", "status": "200"}
[WebServer] {"duration_ms": 50.02516700005799, "event": "console.request", "id_hash": "h_fe2fdd2281c9", "status": "200"}
[WebServer] {"duration_ms": 54.116540999530116, "event": "console.request", "id_hash": "h_b85d45d62496", "status": "200"}
[WebServer] {"duration_ms": 59.225958000752144, "event": "console.request", "id_hash": "h_46965bbe9be4", "status": "200"}
[WebServer] {"duration_ms": 59.8320409990265, "event": "console.request", "id_hash": "h_bd5a81225232", "status": "200"}
[WebServer] {"duration_ms": 60.125042000436224, "event": "console.request", "id_hash": "h_8fefd0374d72", "status": "200"}
[WebServer] {"duration_ms": 14.639417000580579, "event": "console.request", "id_hash": "h_17b965a5c4d6", "status": "200"}
[WebServer] {"duration_ms": 0.8412919996771961, "event": "console.request", "id_hash": "h_512c00e827d4", "status": "200"}
[WebServer] {"duration_ms": 1.6024999986257171, "event": "console.request", "id_hash": "h_c85744fc36d8", "status": "200"}
[WebServer] {"duration_ms": 1.411167000696878, "event": "console.request", "id_hash": "h_b6a7bab62ecd", "status": "200"}
[WebServer] {"duration_ms": 3.776375000597909, "event": "console.request", "id_hash": "h_92dcc248bb12", "status": "200"}
[WebServer] {"duration_ms": 5.62920800075517, "event": "console.request", "id_hash": "h_53435a23336a", "status": "200"}
[WebServer] {"duration_ms": 51.84337500031688, "event": "console.request", "id_hash": "h_48adb4836b77", "status": "200"}
[WebServer] {"duration_ms": 54.04008299956331, "event": "console.request", "id_hash": "h_cd982cc35fdf", "status": "200"}
[WebServer] {"duration_ms": 55.671457999778795, "event": "console.request", "id_hash": "h_34ced2074846", "status": "200"}
[WebServer] {"duration_ms": 56.267916999786394, "event": "console.request", "id_hash": "h_a851b0bfafaa", "status": "200"}
[WebServer] {"duration_ms": 56.303125000340515, "event": "console.request", "id_hash": "h_5f6f1bd56cf7", "status": "200"}
[WebServer] {"duration_ms": 56.52225000085309, "event": "console.request", "id_hash": "h_9de6e6c2e836", "status": "200"}
[WebServer] {"duration_ms": 10.034708000603132, "event": "console.request", "id_hash": "h_d59f3e9e5e8f", "status": "200"}
[WebServer] {"duration_ms": 1.6001659987523453, "event": "console.request", "id_hash": "h_973f8d7569a7", "status": "200"}
[WebServer] {"duration_ms": 2.260125000248081, "event": "console.request", "id_hash": "h_343d568fddf1", "status": "200"}
[WebServer] {"duration_ms": 2.3182080003607552, "event": "console.request", "id_hash": "h_3bc2a075a586", "status": "200"}
[WebServer] {"duration_ms": 3.4289159993932117, "event": "console.request", "id_hash": "h_fde0c1f27fd5", "status": "200"}
[WebServer] {"duration_ms": 5.7742499993764795, "event": "console.request", "id_hash": "h_722926256be7", "status": "200"}
[WebServer] {"duration_ms": 58.80799999977171, "event": "console.request", "id_hash": "h_042708ad3fab", "status": "200"}
[WebServer] {"duration_ms": 59.26362500031246, "event": "console.request", "id_hash": "h_d23a26431e9c", "status": "200"}
[WebServer] {"duration_ms": 62.11654099934094, "event": "console.request", "id_hash": "h_62ac1f894dcc", "status": "200"}
[WebServer] {"duration_ms": 61.015040999336634, "event": "console.request", "id_hash": "h_7a597485de5b", "status": "200"}
[WebServer] {"duration_ms": 61.3480409992917, "event": "console.request", "id_hash": "h_640be10bc635", "status": "200"}
[WebServer] {"duration_ms": 61.734166998576256, "event": "console.request", "id_hash": "h_74aa460e43d3", "status": "200"}
[WebServer] {"duration_ms": 8.845583999573137, "event": "console.request", "id_hash": "h_16d796f8c375", "status": "200"}
[WebServer] {"duration_ms": 8.185708999008057, "event": "console.request", "id_hash": "h_96d21674d744", "status": "403"}
[WebServer] {"duration_ms": 8.122084000206087, "event": "console.request", "id_hash": "h_1aa6688f6589", "status": "200"}
[WebServer] {"duration_ms": 17.35966699925484, "event": "console.request", "id_hash": "h_6479d1d2f477", "status": "200"}
[WebServer] {"duration_ms": 51.206542000727495, "event": "console.request", "id_hash": "h_d9333f1fc0b6", "status": "200"}
[WebServer] {"duration_ms": 53.54654099937761, "event": "console.request", "id_hash": "h_b110b70c64b0", "status": "200"}
[WebServer] {"duration_ms": 52.76116599998204, "event": "console.request", "id_hash": "h_1d3a89be6384", "status": "200"}
[WebServer] {"duration_ms": 56.10633400101506, "event": "console.request", "id_hash": "h_0e785d3ff5f8", "status": "200"}
[WebServer] {"duration_ms": 56.604375000461005, "event": "console.request", "id_hash": "h_7d510c08426f", "status": "200"}
[WebServer] {"duration_ms": 55.80762499994307, "event": "console.request", "id_hash": "h_38c37e4186d1", "status": "200"}
[WebServer] {"duration_ms": 16.0481670009176, "event": "console.request", "id_hash": "h_95ea01707706", "status": "409"}
[WebServer] {"duration_ms": 4.341666999607696, "event": "console.request", "id_hash": "h_02c2ebbe8b4a", "status": "200"}
[WebServer] {"duration_ms": 19.152459000906674, "event": "console.request", "id_hash": "h_4ffc57d9fd6e", "status": "409"}
[WebServer] {"duration_ms": 4.530749998593819, "event": "console.request", "id_hash": "h_a31a72e80835", "status": "200"}
[WebServer] {"duration_ms": 51.434666998829925, "event": "console.request", "id_hash": "h_c56c759119af", "status": "200"}
[WebServer] {"duration_ms": 55.39449999923818, "event": "console.request", "id_hash": "h_5c32115ab586", "status": "200"}
[WebServer] {"duration_ms": 54.90099999951781, "event": "console.request", "id_hash": "h_52f34c070f82", "status": "200"}
[WebServer] {"duration_ms": 55.407666999599314, "event": "console.request", "id_hash": "h_d0d36b23fd2c", "status": "200"}
[WebServer] {"duration_ms": 55.831958999988274, "event": "console.request", "id_hash": "h_8eb0620f7abe", "status": "200"}
[WebServer] {"duration_ms": 58.37970899847278, "event": "console.request", "id_hash": "h_3389104b7a57", "status": "200"}
[WebServer] {"duration_ms": 0.8074170000327285, "event": "console.request", "id_hash": "h_0678ca8f5548", "status": "200"}
[WebServer] {"duration_ms": 1.5060000005178154, "event": "console.request", "id_hash": "h_799724480c09", "status": "200"}
[WebServer] {"duration_ms": 1.3330410001799464, "event": "console.request", "id_hash": "h_4ac6b5935843", "status": "200"}
[WebServer] {"duration_ms": 3.227625000363332, "event": "console.request", "id_hash": "h_03df1fd2d7c5", "status": "200"}
[WebServer] {"duration_ms": 4.541083000731305, "event": "console.request", "id_hash": "h_7068d6551b63", "status": "200"}
[WebServer] {"duration_ms": 49.37754099955782, "event": "console.request", "id_hash": "h_a51cad134551", "status": "200"}
[WebServer] {"duration_ms": 56.62204100008239, "event": "console.request", "id_hash": "h_e29aec9afc98", "status": "200"}
[WebServer] {"duration_ms": 58.20629200024996, "event": "console.request", "id_hash": "h_25fd24764398", "status": "200"}
[WebServer] {"duration_ms": 57.67487499906565, "event": "console.request", "id_hash": "h_5f9a68521a18", "status": "200"}
[WebServer] {"duration_ms": 57.86337499921501, "event": "console.request", "id_hash": "h_23b6717da600", "status": "200"}
[WebServer] {"duration_ms": 58.78808399938862, "event": "console.request", "id_hash": "h_99d02f43200c", "status": "200"}
[WebServer] {"duration_ms": 13.881000000765198, "event": "console.request", "id_hash": "h_3d7cdfc36730", "status": "200"}
[WebServer] {"duration_ms": 4.600374999427004, "event": "console.request", "id_hash": "h_3ffad7c4858c", "status": "200"}
[WebServer] {"duration_ms": 4.820500000278116, "event": "console.request", "id_hash": "h_1e3bb9232c50", "status": "200"}
  ✓  16 tests/browser/persona-policy.spec.ts:3:1 › real Policy edits require reauth, preserve precision and show concurrent edit differences (1.8s)
[WebServer] {"duration_ms": 0.7808330010448117, "event": "console.request", "id_hash": "h_638505ae7cec", "status": "200"}
[WebServer] {"duration_ms": 0.7683750009164214, "event": "console.request", "id_hash": "h_7397e6f3bd1c", "status": "200"}
[WebServer] {"duration_ms": 1.4060829998925328, "event": "console.request", "id_hash": "h_1d87e6475f32", "status": "200"}
[WebServer] {"duration_ms": 3.613999999288353, "event": "console.request", "id_hash": "h_1f4201405ba0", "status": "401"}
[WebServer] {"duration_ms": 101.41983299945423, "event": "console.request", "id_hash": "h_7199b667d1c4", "status": "200"}
[WebServer] {"duration_ms": 6.759541000064928, "event": "console.request", "id_hash": "h_b56c6e491692", "status": "200"}
[WebServer] {"duration_ms": 6.212125001184177, "event": "console.request", "id_hash": "h_ce9491e04c1d", "status": "200"}
[WebServer] {"duration_ms": 64.0184580006462, "event": "console.request", "id_hash": "h_07eeb392da2f", "status": "200"}
[WebServer] {"duration_ms": 77.09883399911632, "event": "console.request", "id_hash": "h_6afdcec5eb84", "status": "200"}
[WebServer] {"duration_ms": 56.103040999005316, "event": "console.request", "id_hash": "h_8e3c582204a1", "status": "200"}
[WebServer] {"duration_ms": 59.1143750007177, "event": "console.request", "id_hash": "h_3725b762262d", "status": "200"}
[WebServer] {"duration_ms": 79.98699999916425, "event": "console.request", "id_hash": "h_0290a92e8c15", "status": "200"}
[WebServer] {"duration_ms": 60.02295800135471, "event": "console.request", "id_hash": "h_ce93c8fbe94a", "status": "200"}
[WebServer] {"duration_ms": 19.493959000101313, "event": "console.request", "id_hash": "h_708dd023cda7", "status": "201"}
[WebServer] {"duration_ms": 53.23350000071514, "event": "console.request", "id_hash": "h_66413e1ccc46", "status": "200"}
[WebServer] {"duration_ms": 55.25691699949675, "event": "console.request", "id_hash": "h_a7dd94dfa0da", "status": "200"}
[WebServer] {"duration_ms": 56.35375000019849, "event": "console.request", "id_hash": "h_78633c6c8bb3", "status": "200"}
[WebServer] {"duration_ms": 57.18770800012862, "event": "console.request", "id_hash": "h_1adccfc5d67d", "status": "200"}
[WebServer] {"duration_ms": 58.32583400115254, "event": "console.request", "id_hash": "h_0538e1d77382", "status": "200"}
[WebServer] {"duration_ms": 60.56024999998044, "event": "console.request", "id_hash": "h_127c2cacf4a5", "status": "200"}
[WebServer] {"duration_ms": 17.824459000621573, "event": "console.request", "id_hash": "h_ce2f89c2d01f", "status": "201"}
[WebServer] {"duration_ms": 52.004584000314935, "event": "console.request", "id_hash": "h_0be14ff41b3a", "status": "200"}
[WebServer] {"duration_ms": 52.707791999637266, "event": "console.request", "id_hash": "h_b45a238686ce", "status": "200"}
[WebServer] {"duration_ms": 53.39612500029034, "event": "console.request", "id_hash": "h_78aba743c78d", "status": "200"}
[WebServer] {"duration_ms": 54.08187500142958, "event": "console.request", "id_hash": "h_75914b5df2e4", "status": "200"}
[WebServer] {"duration_ms": 57.028916000490426, "event": "console.request", "id_hash": "h_5ecfb131b09d", "status": "200"}
[WebServer] {"duration_ms": 57.21083400021598, "event": "console.request", "id_hash": "h_7b04c2d1dcb2", "status": "200"}
[WebServer] {"duration_ms": 5.262874999971245, "event": "console.request", "id_hash": "h_1fd84aa08c2c", "status": "200"}
[WebServer] {"duration_ms": 0.820041999759269, "event": "console.request", "id_hash": "h_f1393488a596", "status": "200"}
[WebServer] {"duration_ms": 1.5307909998227842, "event": "console.request", "id_hash": "h_e54be54b5ebd", "status": "200"}
[WebServer] {"duration_ms": 0.9252090003428748, "event": "console.request", "id_hash": "h_1b31791c068c", "status": "200"}
[WebServer] {"duration_ms": 7.687458000873448, "event": "console.request", "id_hash": "h_00af934abe32", "status": "401"}
[WebServer] {"duration_ms": 101.43775000142341, "event": "console.request", "id_hash": "h_d7eda7aca37e", "status": "200"}
[WebServer] {"duration_ms": 6.923208999069175, "event": "console.request", "id_hash": "h_cb0cfc5fd4b6", "status": "200"}
[WebServer] {"duration_ms": 6.100541999330744, "event": "console.request", "id_hash": "h_3f4cc5e24ed8", "status": "200"}
[WebServer] {"duration_ms": 68.91100000029837, "event": "console.request", "id_hash": "h_b7e1c4c304a3", "status": "200"}
[WebServer] {"duration_ms": 70.31425000059244, "event": "console.request", "id_hash": "h_085f604c8fb0", "status": "200"}
[WebServer] {"duration_ms": 70.99849999940488, "event": "console.request", "id_hash": "h_44e407890d4e", "status": "200"}
[WebServer] {"duration_ms": 2.742333999776747, "event": "console.request", "id_hash": "h_3cc31d007811", "status": "200"}
[WebServer] {"duration_ms": 72.03062500047963, "event": "console.request", "id_hash": "h_4ddf2648f2e2", "status": "200"}
[WebServer] {"duration_ms": 73.26012500016077, "event": "console.request", "id_hash": "h_2fc0948328f5", "status": "200"}
[WebServer] {"duration_ms": 76.33724999868718, "event": "console.request", "id_hash": "h_137029d2d75a", "status": "200"}
[WebServer] {"duration_ms": 1.0341659999539843, "event": "console.request", "id_hash": "h_4a376b47105f", "status": "200"}
[WebServer] {"duration_ms": 1.2647910007217433, "event": "console.request", "id_hash": "h_f42b5fd5576c", "status": "200"}
[WebServer] {"duration_ms": 4.285250000975793, "event": "console.request", "id_hash": "h_723207c63f8b", "status": "200"}
[WebServer] {"duration_ms": 5.744457999753649, "event": "console.request", "id_hash": "h_98fc04bd652f", "status": "200"}
[WebServer] {"duration_ms": 52.18195800080139, "event": "console.request", "id_hash": "h_c564d74b212c", "status": "200"}
[WebServer] {"duration_ms": 54.72533300053328, "event": "console.request", "id_hash": "h_9eb85d612bd0", "status": "200"}
[WebServer] {"duration_ms": 55.276957999012666, "event": "console.request", "id_hash": "h_97e6ef86c71a", "status": "200"}
[WebServer] {"duration_ms": 56.004625001151, "event": "console.request", "id_hash": "h_31bea6197d2f", "status": "200"}
[WebServer] {"duration_ms": 59.46287499864411, "event": "console.request", "id_hash": "h_eb51dfbbe30b", "status": "200"}
[WebServer] {"duration_ms": 59.57566700089956, "event": "console.request", "id_hash": "h_2a25203052a3", "status": "200"}
[WebServer] {"duration_ms": 12.927541998578818, "event": "console.request", "id_hash": "h_13ffb4db427a", "status": "200"}
[WebServer] {"duration_ms": 5.980874999295338, "event": "console.request", "id_hash": "h_315124ce7d30", "status": "200"}
[WebServer] {"duration_ms": 6.007791998854373, "event": "console.request", "id_hash": "h_a27a6dee373a", "status": "200"}
[WebServer] {"duration_ms": 10.276792001604917, "event": "console.request", "id_hash": "h_571357a30ded", "status": "403"}
[WebServer] {"duration_ms": 10.981457999150734, "event": "console.request", "id_hash": "h_727da887f668", "status": "200"}
[WebServer] {"duration_ms": 20.807875000173226, "event": "console.request", "id_hash": "h_252533e1845c", "status": "200"}
[WebServer] {"duration_ms": 53.42824999934237, "event": "console.request", "id_hash": "h_beb117826e53", "status": "200"}
[WebServer] {"duration_ms": 53.25862499921641, "event": "console.request", "id_hash": "h_7f56c7153848", "status": "200"}
[WebServer] {"duration_ms": 54.88812499970663, "event": "console.request", "id_hash": "h_b6a3d0bcf025", "status": "200"}
[WebServer] {"duration_ms": 56.32041699936963, "event": "console.request", "id_hash": "h_501b693ef30c", "status": "200"}
[WebServer] {"duration_ms": 56.969999999637366, "event": "console.request", "id_hash": "h_e5b4b0c564ce", "status": "200"}
[WebServer] {"duration_ms": 55.90887499965902, "event": "console.request", "id_hash": "h_e35c00351e21", "status": "200"}
[WebServer] {"duration_ms": 27.61041700068745, "event": "console.request", "id_hash": "h_9fedc0aa0261", "status": "409"}
[WebServer] {"duration_ms": 4.937499999869033, "event": "console.request", "id_hash": "h_5c6a929dc5b9", "status": "200"}
[WebServer] {"duration_ms": 21.839041999555775, "event": "console.request", "id_hash": "h_68dd12576949", "status": "409"}
[WebServer] {"duration_ms": 6.084874999942258, "event": "console.request", "id_hash": "h_35817c22abd5", "status": "200"}
[WebServer] {"duration_ms": 54.76379199899384, "event": "console.request", "id_hash": "h_631aefef1408", "status": "200"}
[WebServer] {"duration_ms": 64.64833400059433, "event": "console.request", "id_hash": "h_26ced55d59c2", "status": "200"}
[WebServer] {"duration_ms": 66.70679200033192, "event": "console.request", "id_hash": "h_9dc4980690d4", "status": "200"}
[WebServer] {"duration_ms": 65.05283299884468, "event": "console.request", "id_hash": "h_db43886508eb", "status": "200"}
[WebServer] {"duration_ms": 67.68787499822793, "event": "console.request", "id_hash": "h_0f86a33e4423", "status": "200"}
[WebServer] {"duration_ms": 68.13416600016353, "event": "console.request", "id_hash": "h_b5e78368b355", "status": "200"}
[WebServer] {"duration_ms": 0.9297080014221137, "event": "console.request", "id_hash": "h_85e1b0303b94", "status": "200"}
[WebServer] {"duration_ms": 0.9341669992863899, "event": "console.request", "id_hash": "h_ae6beae79406", "status": "200"}
[WebServer] {"duration_ms": 1.9273750003776513, "event": "console.request", "id_hash": "h_a4535f668e86", "status": "200"}
[WebServer] {"duration_ms": 3.055832999962149, "event": "console.request", "id_hash": "h_0f901b1dc4da", "status": "200"}
[WebServer] {"duration_ms": 4.609250001522014, "event": "console.request", "id_hash": "h_439ebef28d72", "status": "200"}
[WebServer] {"duration_ms": 52.22500000127184, "event": "console.request", "id_hash": "h_62be53df403e", "status": "200"}
[WebServer] {"duration_ms": 54.221542000959744, "event": "console.request", "id_hash": "h_497c0db67797", "status": "200"}
[WebServer] {"duration_ms": 54.60704199867905, "event": "console.request", "id_hash": "h_908bbdfb89ed", "status": "200"}
[WebServer] {"duration_ms": 55.10883399983868, "event": "console.request", "id_hash": "h_7b5ea3bcf83d", "status": "200"}
[WebServer] {"duration_ms": 57.83504199825984, "event": "console.request", "id_hash": "h_0a46ebabb7b1", "status": "200"}
[WebServer] {"duration_ms": 57.89504200038209, "event": "console.request", "id_hash": "h_a3564aa4f61a", "status": "200"}
[WebServer] {"duration_ms": 10.903209000389325, "event": "console.request", "id_hash": "h_7399d823c20a", "status": "200"}
[WebServer] {"duration_ms": 5.078707999928156, "event": "console.request", "id_hash": "h_3e2efa73e4c3", "status": "200"}
[WebServer] {"duration_ms": 17.97741599875735, "event": "console.request", "id_hash": "h_b2cd1d0c8076", "status": "200"}
[WebServer] {"duration_ms": 50.8707079989108, "event": "console.request", "id_hash": "h_3aba6162c26e", "status": "200"}
[WebServer] {"duration_ms": 56.997458001205814, "event": "console.request", "id_hash": "h_bc16e2782624", "status": "200"}
[WebServer] {"duration_ms": 58.89112500153715, "event": "console.request", "id_hash": "h_3fba7a5d5081", "status": "200"}
[WebServer] {"duration_ms": 58.944957998392056, "event": "console.request", "id_hash": "h_8510e7bc2a6c", "status": "200"}
[WebServer] {"duration_ms": 59.24404100005631, "event": "console.request", "id_hash": "h_b493706f650e", "status": "200"}
[WebServer] {"duration_ms": 58.66495800000848, "event": "console.request", "id_hash": "h_64134b90238f", "status": "200"}
[WebServer] {"duration_ms": 0.9456669995415723, "event": "console.request", "id_hash": "h_23420535ee12", "status": "200"}
[WebServer] {"duration_ms": 2.4226669993367977, "event": "console.request", "id_hash": "h_554433240fa2", "status": "200"}
[WebServer] {"duration_ms": 1.3739999994868413, "event": "console.request", "id_hash": "h_57e0cc3a0f2d", "status": "200"}
[WebServer] {"duration_ms": 7.050374999380438, "event": "console.request", "id_hash": "h_12b29567dab9", "status": "200"}
[WebServer] {"duration_ms": 15.1017080006568, "event": "console.request", "id_hash": "h_685808d7febb", "status": "200"}
[WebServer] {"duration_ms": 25.111124999966705, "event": "console.request", "id_hash": "h_527ed11758a1", "status": "200"}
[WebServer] {"duration_ms": 25.577792001058697, "event": "console.request", "id_hash": "h_4886ee552377", "status": "200"}
  ✓  17 tests/browser/persona-proposals.spec.ts:3:1 › real proposal writer cannot auto-publish; reviewer reauth publishes and rejects stale proposal (3.4s)
[WebServer] {"duration_ms": 65.03916600013326, "event": "console.request", "id_hash": "h_c98f7ee98b88", "status": "200"}
[WebServer] {"duration_ms": 70.32879200050957, "event": "console.request", "id_hash": "h_2472c3e9c86c", "status": "200"}
[WebServer] {"duration_ms": 69.4392080004036, "event": "console.request", "id_hash": "h_d5a9c6d7f71f", "status": "200"}
[WebServer] {"duration_ms": 69.7944589992403, "event": "console.request", "id_hash": "h_5b92b7d8351b", "status": "200"}
[WebServer] {"duration_ms": 70.12579100046423, "event": "console.request", "id_hash": "h_15cf6441fc58", "status": "200"}
[WebServer] {"duration_ms": 69.25987499926123, "event": "console.request", "id_hash": "h_2fd14caf53d1", "status": "200"}
[WebServer] {"duration_ms": 0.9257499987143092, "event": "console.request", "id_hash": "h_0e080ab5b40e", "status": "200"}
[WebServer] {"duration_ms": 1.8096669991791714, "event": "console.request", "id_hash": "h_777b45b64c10", "status": "200"}
[WebServer] {"duration_ms": 1.2367500003165333, "event": "console.request", "id_hash": "h_f7c7792ab113", "status": "200"}
[WebServer] {"duration_ms": 5.329249999704189, "event": "console.request", "id_hash": "h_a6b36d46a6de", "status": "401"}
[WebServer] {"duration_ms": 101.37625000061234, "event": "console.request", "id_hash": "h_d4369b850cba", "status": "200"}
[WebServer] {"duration_ms": 6.89799999963725, "event": "console.request", "id_hash": "h_e701b83435a3", "status": "200"}
[WebServer] {"duration_ms": 6.696874999761349, "event": "console.request", "id_hash": "h_06b84f8bcd23", "status": "200"}
[WebServer] {"duration_ms": 39.59741600010602, "event": "console.request", "id_hash": "h_b1c124e724ed", "status": "200"}
[WebServer] {"duration_ms": 56.89412500032631, "event": "console.request", "id_hash": "h_8f71c16d1181", "status": "200"}
[WebServer] {"duration_ms": 55.28612500165764, "event": "console.request", "id_hash": "h_b536b8dbf28e", "status": "200"}
[WebServer] {"duration_ms": 55.59854100101802, "event": "console.request", "id_hash": "h_36ba1aad231c", "status": "200"}
[WebServer] {"duration_ms": 58.38666599993303, "event": "console.request", "id_hash": "h_3b5a9f205262", "status": "200"}
[WebServer] {"duration_ms": 58.198709000862436, "event": "console.request", "id_hash": "h_73bc70d9c0a1", "status": "200"}
[WebServer] {"duration_ms": 4.616792000888381, "event": "console.request", "id_hash": "h_b99d9077cf25", "status": "200"}
[WebServer] {"duration_ms": 0.9018750006362097, "event": "console.request", "id_hash": "h_26f0820b70be", "status": "200"}
[WebServer] {"duration_ms": 1.803082999686012, "event": "console.request", "id_hash": "h_e3cb4cf27e17", "status": "200"}
[WebServer] {"duration_ms": 2.0615840003301855, "event": "console.request", "id_hash": "h_555b8aaccef6", "status": "200"}
[WebServer] {"duration_ms": 3.7524170002143364, "event": "console.request", "id_hash": "h_e7af9267529c", "status": "200"}
[WebServer] {"duration_ms": 4.670500000429456, "event": "console.request", "id_hash": "h_b5f3f732843e", "status": "200"}
[WebServer] {"duration_ms": 57.002749999810476, "event": "console.request", "id_hash": "h_94472b1ec6ec", "status": "200"}
[WebServer] {"duration_ms": 60.08450000081211, "event": "console.request", "id_hash": "h_93fb44112e42", "status": "200"}
[WebServer] {"duration_ms": 61.1149589985871, "event": "console.request", "id_hash": "h_a83721d7f124", "status": "200"}
[WebServer] {"duration_ms": 60.79929100087611, "event": "console.request", "id_hash": "h_d1ac70147d3c", "status": "200"}
[WebServer] {"duration_ms": 61.96979100059252, "event": "console.request", "id_hash": "h_f3a8db68107c", "status": "200"}
[WebServer] {"duration_ms": 62.24100000144972, "event": "console.request", "id_hash": "h_be4c46965e4e", "status": "200"}
[WebServer] {"duration_ms": 10.411042001578608, "event": "console.request", "id_hash": "h_14c5502c5065", "status": "200"}
[WebServer] {"duration_ms": 16.999708999719587, "event": "console.request", "id_hash": "h_893911ea9db2", "status": "200"}
[WebServer] {"duration_ms": 4.917000000205007, "event": "console.request", "id_hash": "h_0b30847a8413", "status": "200"}
[WebServer] {"duration_ms": 19.558915999368764, "event": "console.request", "id_hash": "h_c4336a32d5a6", "status": "409"}
[WebServer] {"duration_ms": 5.168708999917726, "event": "console.request", "id_hash": "h_beda20147d34", "status": "200"}
[WebServer] {"duration_ms": 6.109459000072093, "event": "console.request", "id_hash": "h_f24c6d3e0b2c", "status": "200"}
[WebServer] {"duration_ms": 1.0424159991089255, "event": "console.request", "id_hash": "h_b9dd0de137e8", "status": "200"}
[WebServer] {"duration_ms": 2.8313329985394375, "event": "console.request", "id_hash": "h_3875a968045f", "status": "200"}
[WebServer] {"duration_ms": 3.4152919997723075, "event": "console.request", "id_hash": "h_b48fbcc80c27", "status": "200"}
[WebServer] {"duration_ms": 3.397790998860728, "event": "console.request", "id_hash": "h_f9dbc12031cb", "status": "200"}
[WebServer] {"duration_ms": 6.215875000634696, "event": "console.request", "id_hash": "h_a8832e12b760", "status": "200"}
[WebServer] {"duration_ms": 51.917875000071945, "event": "console.request", "id_hash": "h_29cacb4cfd95", "status": "200"}
[WebServer] {"duration_ms": 54.95754199910152, "event": "console.request", "id_hash": "h_19163cdaec3d", "status": "200"}
[WebServer] {"duration_ms": 54.33891699976812, "event": "console.request", "id_hash": "h_2f135ea44816", "status": "200"}
[WebServer] {"duration_ms": 57.656583998323185, "event": "console.request", "id_hash": "h_8835b9b98793", "status": "200"}
[WebServer] {"duration_ms": 58.38866700105427, "event": "console.request", "id_hash": "h_8c8bf9c9679f", "status": "200"}
[WebServer] {"duration_ms": 58.78862499957904, "event": "console.request", "id_hash": "h_fb06ddc12238", "status": "200"}
[WebServer] {"duration_ms": 11.712791998434113, "event": "console.request", "id_hash": "h_ee45cb179b8f", "status": "200"}
[WebServer] {"duration_ms": 4.552667000098154, "event": "console.request", "id_hash": "h_e201bd890b90", "status": "200"}
[WebServer] {"duration_ms": 6.596249999347492, "event": "console.request", "id_hash": "h_9a7a391d77b6", "status": "200"}
[WebServer] {"duration_ms": 10.236250000161817, "event": "console.request", "id_hash": "h_dd4ca91465d2", "status": "200"}
[WebServer] {"duration_ms": 14.89324999965902, "event": "console.request", "id_hash": "h_99c7220067c5", "status": "200"}
[WebServer] {"duration_ms": 9.975249999115476, "event": "console.request", "id_hash": "h_8c4ca0725fa9", "status": "200"}
[WebServer] {"duration_ms": 23.706916999799432, "event": "console.request", "id_hash": "h_1db0ff5a03b8", "status": "200"}
[WebServer] {"duration_ms": 5.710999999791966, "event": "console.request", "id_hash": "h_aa6cb846a1ac", "status": "200"}
[WebServer] {"duration_ms": 1.3659579999512061, "event": "console.request", "id_hash": "h_1b9314d76798", "status": "200"}
[WebServer] {"duration_ms": 2.082499999232823, "event": "console.request", "id_hash": "h_49f71845c4db", "status": "200"}
[WebServer] {"duration_ms": 1.9106660001853015, "event": "console.request", "id_hash": "h_f82d3c010f18", "status": "200"}
[WebServer] {"duration_ms": 6.280499999775202, "event": "console.request", "id_hash": "h_4001dc851b50", "status": "200"}
[WebServer] {"duration_ms": 10.290874999554944, "event": "console.request", "id_hash": "h_f1444b6e25aa", "status": "200"}
[WebServer] {"duration_ms": 8.06462499895133, "event": "console.request", "id_hash": "h_67e1e12bf441", "status": "200"}
[WebServer] {"duration_ms": 13.962291999632725, "event": "console.request", "id_hash": "h_d8c7608eb1a2", "status": "200"}
  ✓  18 tests/browser/persona-state.spec.ts:3:1 › real State writer updates and clears expired State without changing Persona Core (2.6s)
[WebServer] {"duration_ms": 70.00474999949802, "event": "console.request", "id_hash": "h_3da8ba827302", "status": "200"}
[WebServer] {"duration_ms": 71.36458399872936, "event": "console.request", "id_hash": "h_3acd4365e83d", "status": "200"}
[WebServer] {"duration_ms": 72.04591700065066, "event": "console.request", "id_hash": "h_c57e5b84d8b4", "status": "200"}
[WebServer] {"duration_ms": 72.55020800039347, "event": "console.request", "id_hash": "h_5604c0d56fe2", "status": "200"}
[WebServer] {"duration_ms": 72.79845800076146, "event": "console.request", "id_hash": "h_d24881c39b8f", "status": "200"}
[WebServer] {"duration_ms": 63.325708000775194, "event": "console.request", "id_hash": "h_298be430dcb2", "status": "200"}
[WebServer] {"duration_ms": 0.8817079997243127, "event": "console.request", "id_hash": "h_0c501f7e053a", "status": "200"}
[WebServer] {"duration_ms": 2.7388329999666894, "event": "console.request", "id_hash": "h_c661ec81320c", "status": "200"}
[WebServer] {"duration_ms": 2.0006670001748716, "event": "console.request", "id_hash": "h_bf2b865122cb", "status": "200"}
[WebServer] {"duration_ms": 3.9323330001934664, "event": "console.request", "id_hash": "h_31119fc69571", "status": "401"}
[WebServer] {"duration_ms": 101.43837499890651, "event": "console.request", "id_hash": "h_d90c3711dfc5", "status": "200"}
[WebServer] {"duration_ms": 6.581084000572446, "event": "console.request", "id_hash": "h_679cf370ae54", "status": "200"}
[WebServer] {"duration_ms": 6.237915999008692, "event": "console.request", "id_hash": "h_b9ec782e4f5b", "status": "200"}
[WebServer] {"duration_ms": 52.76683299962315, "event": "console.request", "id_hash": "h_361934b973db", "status": "200"}
[WebServer] {"duration_ms": 53.88429100094072, "event": "console.request", "id_hash": "h_396ec716c743", "status": "200"}
[WebServer] {"duration_ms": 54.671541998686735, "event": "console.request", "id_hash": "h_974a070f7c0f", "status": "200"}
[WebServer] {"duration_ms": 56.67616600112524, "event": "console.request", "id_hash": "h_2fc39ea5345a", "status": "200"}
[WebServer] {"duration_ms": 59.94779100001324, "event": "console.request", "id_hash": "h_9d062211110e", "status": "200"}
[WebServer] {"duration_ms": 57.462541000859346, "event": "console.request", "id_hash": "h_2a2a83518b1a", "status": "200"}
[WebServer] {"duration_ms": 7.735374998446787, "event": "console.request", "id_hash": "h_a1b6e816ac0b", "status": "200"}
[WebServer] {"duration_ms": 6.29425000079209, "event": "console.request", "id_hash": "h_e570f834010f", "status": "200"}
  ✓  19 tests/browser/persona.spec.ts:3:1 › real Persona reader has current and history without publication controls (622ms)
[WebServer] {"duration_ms": 1.2205420007376233, "event": "console.request", "id_hash": "h_9f890cf7697e", "status": "200"}
[WebServer] {"duration_ms": 1.6056249987741467, "event": "console.request", "id_hash": "h_482fc807450c", "status": "200"}
[WebServer] {"duration_ms": 0.9657499995228136, "event": "console.request", "id_hash": "h_20e5e929d5a0", "status": "200"}
[WebServer] {"duration_ms": 3.9072499985195464, "event": "console.request", "id_hash": "h_1301f6c7ef3b", "status": "401"}
[WebServer] {"duration_ms": 101.35141700084205, "event": "console.request", "id_hash": "h_dfa32f1bc0e8", "status": "200"}
[WebServer] {"duration_ms": 6.259709000005387, "event": "console.request", "id_hash": "h_40901327b26f", "status": "200"}
[WebServer] {"duration_ms": 6.036624999978812, "event": "console.request", "id_hash": "h_ea3b61a111ac", "status": "200"}
[WebServer] {"duration_ms": 52.607708999858005, "event": "console.request", "id_hash": "h_7a2d8ccccda0", "status": "200"}
[WebServer] {"duration_ms": 57.47229100052209, "event": "console.request", "id_hash": "h_bd1e9b365a48", "status": "200"}
[WebServer] {"duration_ms": 59.11145800018858, "event": "console.request", "id_hash": "h_efe206ec150e", "status": "200"}
[WebServer] {"duration_ms": 59.518624999327585, "event": "console.request", "id_hash": "h_9ea4577801ee", "status": "200"}
[WebServer] {"duration_ms": 61.88237499918614, "event": "console.request", "id_hash": "h_787c5ecdb95f", "status": "200"}
[WebServer] {"duration_ms": 59.8556249988178, "event": "console.request", "id_hash": "h_2b93adfbd1c7", "status": "200"}
[WebServer] {"duration_ms": 4.91274999876623, "event": "console.request", "id_hash": "h_5e219721307f", "status": "200"}
[WebServer] {"duration_ms": 1.0338749998481944, "event": "console.request", "id_hash": "h_dbe3878da0bf", "status": "200"}
[WebServer] {"duration_ms": 2.1435830003611045, "event": "console.request", "id_hash": "h_ab43d0f69aca", "status": "200"}
[WebServer] {"duration_ms": 1.634458998523769, "event": "console.request", "id_hash": "h_3160c423c326", "status": "200"}
[WebServer] {"duration_ms": 3.5937499997089617, "event": "console.request", "id_hash": "h_5767428e5889", "status": "200"}
[WebServer] {"duration_ms": 5.0827079994633095, "event": "console.request", "id_hash": "h_90f16a05966a", "status": "200"}
[WebServer] {"duration_ms": 58.883375000732485, "event": "console.request", "id_hash": "h_bfe5c92e458b", "status": "200"}
[WebServer] {"duration_ms": 62.57437500062224, "event": "console.request", "id_hash": "h_bb40ca3bbd4a", "status": "200"}
[WebServer] {"duration_ms": 63.85216699891316, "event": "console.request", "id_hash": "h_aa8d8bbb9162", "status": "200"}
[WebServer] {"duration_ms": 65.08774999929301, "event": "console.request", "id_hash": "h_b678071e82c3", "status": "200"}
[WebServer] {"duration_ms": 64.66250000084983, "event": "console.request", "id_hash": "h_50c009669981", "status": "200"}
[WebServer] {"duration_ms": 65.26345800011768, "event": "console.request", "id_hash": "h_71cb10fdf48d", "status": "200"}
[WebServer] {"duration_ms": 14.022041999851353, "event": "console.request", "id_hash": "h_2ca1acb9f1b4", "status": "200"}
[WebServer] {"duration_ms": 8.525666999048553, "event": "console.request", "id_hash": "h_d8cb06f58b0a", "status": "403"}
[WebServer] {"duration_ms": 9.071333000974846, "event": "console.request", "id_hash": "h_18fd70887e3c", "status": "200"}
[WebServer] {"duration_ms": 18.239458000607556, "event": "console.request", "id_hash": "h_747351fd6685", "status": "201"}
[WebServer] {"duration_ms": 53.55204199986474, "event": "console.request", "id_hash": "h_64c9f710747a", "status": "200"}
[WebServer] {"duration_ms": 54.39933300112898, "event": "console.request", "id_hash": "h_e04065a356bb", "status": "200"}
[WebServer] {"duration_ms": 55.60979199981375, "event": "console.request", "id_hash": "h_7bc56cfcd33e", "status": "200"}
[WebServer] {"duration_ms": 54.73866699867358, "event": "console.request", "id_hash": "h_b94a9ea2b5b2", "status": "200"}
[WebServer] {"duration_ms": 55.18491599832487, "event": "console.request", "id_hash": "h_69f977fbc371", "status": "200"}
[WebServer] {"duration_ms": 58.027332999699865, "event": "console.request", "id_hash": "h_0c5a8e184aee", "status": "200"}
[WebServer] {"duration_ms": 17.087833000914543, "event": "console.request", "id_hash": "h_79bfa7cf2ec1", "status": "409"}
[WebServer] {"duration_ms": 4.151584000283037, "event": "console.request", "id_hash": "h_3cb66b93902a", "status": "200"}
[WebServer] {"duration_ms": 56.50920799962478, "event": "console.request", "id_hash": "h_f1a304abdd65", "status": "200"}
[WebServer] {"duration_ms": 62.59183299880533, "event": "console.request", "id_hash": "h_83fa54d7599e", "status": "200"}
[WebServer] {"duration_ms": 64.75212499935878, "event": "console.request", "id_hash": "h_f847afcc0678", "status": "200"}
[WebServer] {"duration_ms": 66.2226250005915, "event": "console.request", "id_hash": "h_290d702d062a", "status": "200"}
[WebServer] {"duration_ms": 65.43899999996938, "event": "console.request", "id_hash": "h_7b69e6e44ce8", "status": "200"}
[WebServer] {"duration_ms": 64.52804100081266, "event": "console.request", "id_hash": "h_e6d468141989", "status": "200"}
[WebServer] {"duration_ms": 0.9630410004319856, "event": "console.request", "id_hash": "h_3dcd81439809", "status": "200"}
[WebServer] {"duration_ms": 1.6710420004528714, "event": "console.request", "id_hash": "h_2cbf1b2aee97", "status": "200"}
[WebServer] {"duration_ms": 2.053124999292777, "event": "console.request", "id_hash": "h_aef5d3efb176", "status": "200"}
[WebServer] {"duration_ms": 3.0952919987612404, "event": "console.request", "id_hash": "h_07259e065472", "status": "200"}
[WebServer] {"duration_ms": 4.788958000062848, "event": "console.request", "id_hash": "h_e92229394f6f", "status": "200"}
[WebServer] {"duration_ms": 58.35533299978124, "event": "console.request", "id_hash": "h_72a2bafd88b0", "status": "200"}
[WebServer] {"duration_ms": 66.67062499946041, "event": "console.request", "id_hash": "h_d80f74982c7d", "status": "200"}
[WebServer] {"duration_ms": 66.6733749985724, "event": "console.request", "id_hash": "h_4e3bab36ae51", "status": "200"}
[WebServer] {"duration_ms": 69.89408399931563, "event": "console.request", "id_hash": "h_68606702037c", "status": "200"}
[WebServer] {"duration_ms": 71.77266599865106, "event": "console.request", "id_hash": "h_dc280b0db7ba", "status": "200"}
[WebServer] {"duration_ms": 75.12858300106018, "event": "console.request", "id_hash": "h_d48419afd59c", "status": "200"}
[WebServer] {"duration_ms": 17.865624999103602, "event": "console.request", "id_hash": "h_3c390723a39b", "status": "200"}
[WebServer] {"duration_ms": 18.297374999747262, "event": "console.request", "id_hash": "h_c783682ffec1", "status": "201"}
[WebServer] {"duration_ms": 57.022708000658895, "event": "console.request", "id_hash": "h_f7c7184f5022", "status": "200"}
[WebServer] {"duration_ms": 63.96491699888429, "event": "console.request", "id_hash": "h_1298f4e2de0d", "status": "200"}
[WebServer] {"duration_ms": 64.18533400028537, "event": "console.request", "id_hash": "h_70d797055ff4", "status": "200"}
[WebServer] {"duration_ms": 63.40329200065753, "event": "console.request", "id_hash": "h_623a88284a99", "status": "200"}
[WebServer] {"duration_ms": 63.978707999922335, "event": "console.request", "id_hash": "h_b5db538575a6", "status": "200"}
[WebServer] {"duration_ms": 64.15758399998595, "event": "console.request", "id_hash": "h_76ecab12cd7d", "status": "200"}
[WebServer] {"duration_ms": 1.1995419990853406, "event": "console.request", "id_hash": "h_f2d90f6d506e", "status": "200"}
[WebServer] {"duration_ms": 0.9494579990132479, "event": "console.request", "id_hash": "h_0532fe8bdfee", "status": "200"}
[WebServer] {"duration_ms": 1.835457998822676, "event": "console.request", "id_hash": "h_b73552f5499f", "status": "200"}
[WebServer] {"duration_ms": 3.288375000920496, "event": "console.request", "id_hash": "h_6ea129cc823a", "status": "200"}
[WebServer] {"duration_ms": 5.642415999318473, "event": "console.request", "id_hash": "h_8edd3448d3d4", "status": "200"}
[WebServer] {"duration_ms": 57.71829199875356, "event": "console.request", "id_hash": "h_84849d6a2d0e", "status": "200"}
[WebServer] {"duration_ms": 56.509250000090105, "event": "console.request", "id_hash": "h_5d11b8a13f3c", "status": "200"}
[WebServer] {"duration_ms": 58.535790998575976, "event": "console.request", "id_hash": "h_3dc0815cb14e", "status": "200"}
[WebServer] {"duration_ms": 59.136959000170464, "event": "console.request", "id_hash": "h_d7ecb59de4e6", "status": "200"}
[WebServer] {"duration_ms": 59.34037499901024, "event": "console.request", "id_hash": "h_0f4e4bb0492a", "status": "200"}
[WebServer] {"duration_ms": 61.35491599889065, "event": "console.request", "id_hash": "h_aa8244a09f24", "status": "200"}
[WebServer] {"duration_ms": 8.71170800019172, "event": "console.request", "id_hash": "h_83dad79a8184", "status": "200"}
[WebServer] {"duration_ms": 4.7430840004381025, "event": "console.request", "id_hash": "h_6367b775823b", "status": "200"}
  ✓  20 tests/browser/persona.spec.ts:67:1 › real Persona publish, reauth, refresh and rollback preserve immutable history in Required mode (1.9s)

  20 passed (1.3m)
UV_CACHE_DIR=.uv-cache uv run python -m tools.check_packages
warning: The cache directory `.uv-cache` is inside the build source directory `.` and may be included in distributions
Building source distribution...
Building wheel from source distribution...
Successfully built /var/folders/vr/xq2gyj_j1w5f2rbw5h06rtqw0000gn/T/iris-package-check-klqt7hxf/core/iris_memory_core-0.13.0.tar.gz
Successfully built /var/folders/vr/xq2gyj_j1w5f2rbw5h06rtqw0000gn/T/iris-package-check-klqt7hxf/core/iris_memory_core-0.13.0-py3-none-any.whl
Building source distribution...
Building wheel from source distribution...
Successfully built /var/folders/vr/xq2gyj_j1w5f2rbw5h06rtqw0000gn/T/iris-package-check-klqt7hxf/sdk/iris_memory_sdk-0.11.1.tar.gz
Successfully built /var/folders/vr/xq2gyj_j1w5f2rbw5h06rtqw0000gn/T/iris-package-check-klqt7hxf/sdk/iris_memory_sdk-0.11.1-py3-none-any.whl
{"artifact_digests": [{"name": "iris_memory_core-0.13.0-py3-none-any.whl", "sha256": "244eb8ecdfce7db0874f1d011107117d75b1a3ac84b2599b8e83a3b613c8fb58", "bytes": 841391}, {"name": "iris_memory_core-0.13.0.tar.gz", "sha256": "948835297fbed9dd2e79f14c131f8a19a176428930eb55a8b9dea111c6f70633", "bytes": 698711}, {"name": "iris_memory_sdk-0.11.1-py3-none-any.whl", "sha256": "19f3cd76e9dc5adcd68417d6ae638a7aff2206b62d39f2b3975df2f273c5cbeb", "bytes": 33574}, {"name": "iris_memory_sdk-0.11.1.tar.gz", "sha256": "6d96c57f839c28d2614d4314bb1c2b1e30391fab9ada9586093d54e87060d3f9", "bytes": 32705}]}
Using CPython 3.12.13
Creating virtual environment at: /var/folders/vr/xq2gyj_j1w5f2rbw5h06rtqw0000gn/T/iris-installation-1zbdsfwk/venv
Activate with: source /var/folders/vr/xq2gyj_j1w5f2rbw5h06rtqw0000gn/T/iris-installation-1zbdsfwk/venv/bin/activate
Using Python 3.12.13 environment at: /var/folders/vr/xq2gyj_j1w5f2rbw5h06rtqw0000gn/T/iris-installation-1zbdsfwk/venv
Resolved 26 packages in 2.38s
Prepared 2 packages in 25ms
Installed 26 packages in 37ms
 + annotated-doc==0.0.5
 + annotated-types==0.8.0
 + anyio==4.15.1
 + attrs==26.1.0
 + cffi==2.1.1
 + click==8.5.0
 + cryptography==50.0.1
 + faiss-cpu==1.15.0
 + fastapi==0.141.1
 + h11==0.16.0
 + idna==3.19
 + iris-memory-core==0.13.0 (from file:///private/var/folders/vr/xq2gyj_j1w5f2rbw5h06rtqw0000gn/T/iris-package-check-klqt7hxf/core/iris_memory_core-0.13.0-py3-none-any.whl)
 + iris-memory-sdk==0.11.1 (from file:///private/var/folders/vr/xq2gyj_j1w5f2rbw5h06rtqw0000gn/T/iris-package-check-klqt7hxf/sdk/iris_memory_sdk-0.11.1-py3-none-any.whl)
 + jsonschema==4.26.0
 + jsonschema-specifications==2025.9.1
 + numpy==2.5.3
 + packaging==26.3
 + pycparser==3.0
 + pydantic==2.13.5
 + pydantic-core==2.46.5
 + referencing==0.37.0
 + rpds-py==2026.6.3
 + starlette==1.6.0
 + typing-extensions==4.16.0
 + typing-inspection==0.4.4
 + uvicorn==0.52.4
public API exports, signatures, DTOs, CLI and HTTP snapshot: passed
{
  "core_version": "0.13.0",
  "development_sqlite_override": true,
  "private_endpoint_rejections": 4,
  "public_sdk_smoke": "passed",
  "schema_version": 20,
  "sdk_version": "0.11.1",
  "serve_exit_code": -15,
  "shutdown_seconds": 0.13099641600092582,
  "surface_mode": "required",
  "worker_once": "passed"
}
{"rebuild": "vector", "state": [["pending", 0, null]]}
{"rebuild": "vector", "state": [["leased", 1, null]]}
{"rebuild": "vector", "state": [["completed", 1, null]]}
{"rebuild": "graph", "state": [["completed", 1, null]]}
{"rebuild": "fts", "state": [["completed", 1, null]]}
{"rebuild": "profile", "state": [["completed", 1, null]]}
{
  "development_embedding": true,
  "installed_recall": {
    "graph": {
      "expected_resource_found": true,
      "trace_candidates": 2
    },
    "vector": {
      "expected_resource_found": true,
      "trace_candidates": 1
    }
  },
  "required_lease": true,
  "worker_rebuilds": 4
}
fresh package build, archive boundaries and isolated installation: passed
