UV_CACHE_DIR=.uv-cache uv run pytest tests/integration/cognition/test_persona_policy_quantitative.py -s --no-cov
============================= test session starts ==============================
platform darwin -- Python 3.12.13, pytest-8.4.2, pluggy-1.6.0
rootdir: /Users/cassia/Local/Code/iris_memory_core
configfile: pyproject.toml
plugins: cov-7.1.0, anyio-4.15.0
collected 2800 items

tests/integration/cognition/test_persona_policy_quantitative.py W03 locked/0: rejected by locked policy forbids Persona proposals; current unchanged
.W03 locked/1: rejected by locked policy forbids Persona proposals; current unchanged
.W03 locked/2: rejected by locked policy forbids Persona proposals; current unchanged
.W03 locked/3: rejected by locked policy forbids Persona proposals; current unchanged
.W03 locked/4: rejected by locked policy forbids Persona proposals; current unchanged
.W03 locked/5: rejected by locked policy forbids Persona proposals; current unchanged
.W03 locked/6: rejected by locked policy forbids Persona proposals; current unchanged
.W03 locked/7: rejected by locked policy forbids Persona proposals; current unchanged
.W03 locked/8: rejected by locked policy forbids Persona proposals; current unchanged
.W03 locked/9: rejected by locked policy forbids Persona proposals; current unchanged
.W03 locked/10: rejected by locked policy forbids Persona proposals; current unchanged
.W03 locked/11: rejected by locked policy forbids Persona proposals; current unchanged
.W03 locked/12: rejected by locked policy forbids Persona proposals; current unchanged
.W03 locked/13: rejected by locked policy forbids Persona proposals; current unchanged
.W03 locked/14: rejected by locked policy forbids Persona proposals; current unchanged
.W03 locked/15: rejected by locked policy forbids Persona proposals; current unchanged
.W03 locked/16: rejected by locked policy forbids Persona proposals; current unchanged
.W03 locked/17: rejected by locked policy forbids Persona proposals; current unchanged
.W03 locked/18: rejected by locked policy forbids Persona proposals; current unchanged
.W03 locked/19: rejected by locked policy forbids Persona proposals; current unchanged
.W03 locked/20: rejected by locked policy forbids Persona proposals; current unchanged
.W03 locked/21: rejected by locked policy forbids Persona proposals; current unchanged
.W03 locked/22: rejected by locked policy forbids Persona proposals; current unchanged
.W03 locked/23: rejected by locked policy forbids Persona proposals; current unchanged
.W03 locked/24: rejected by locked policy forbids Persona proposals; current unchanged
.W03 locked/25: rejected by locked policy forbids Persona proposals; current unchanged
.W03 locked/26: rejected by locked policy forbids Persona proposals; current unchanged
.W03 locked/27: rejected by locked policy forbids Persona proposals; current unchanged
.W03 locked/28: rejected by locked policy forbids Persona proposals; current unchanged
.W03 locked/29: rejected by locked policy forbids Persona proposals; current unchanged
.W03 locked/30: rejected by locked policy forbids Persona proposals; current unchanged
.W03 locked/31: rejected by locked policy forbids Persona proposals; current unchanged
.W03 locked/32: rejected by locked policy forbids Persona proposals; current unchanged
.W03 locked/33: rejected by locked policy forbids Persona proposals; current unchanged
.W03 locked/34: rejected by locked policy forbids Persona proposals; current unchanged
.W03 locked/35: rejected by locked policy forbids Persona proposals; current unchanged
.W03 locked/36: rejected by locked policy forbids Persona proposals; current unchanged
.W03 locked/37: rejected by locked policy forbids Persona proposals; current unchanged
.W03 locked/38: rejected by locked policy forbids Persona proposals; current unchanged
.W03 locked/39: rejected by locked policy forbids Persona proposals; current unchanged
.W03 locked/40: rejected by locked policy forbids Persona proposals; current unchanged
.W03 locked/41: rejected by locked policy forbids Persona proposals; current unchanged
.W03 locked/42: rejected by locked policy forbids Persona proposals; current unchanged
.W03 locked/43: rejected by locked policy forbids Persona proposals; current unchanged
.W03 locked/44: rejected by locked policy forbids Persona proposals; current unchanged
.W03 locked/45: rejected by locked policy forbids Persona proposals; current unchanged
.W03 locked/46: rejected by locked policy forbids Persona proposals; current unchanged
.W03 locked/47: rejected by locked policy forbids Persona proposals; current unchanged
.W03 locked/48: rejected by locked policy forbids Persona proposals; current unchanged
.W03 locked/49: rejected by locked policy forbids Persona proposals; current unchanged
.W03 locked/50: rejected by locked policy forbids Persona proposals; current unchanged
.W03 locked/51: rejected by locked policy forbids Persona proposals; current unchanged
.W03 locked/52: rejected by locked policy forbids Persona proposals; current unchanged
.W03 locked/53: rejected by locked policy forbids Persona proposals; current unchanged
.W03 locked/54: rejected by locked policy forbids Persona proposals; current unchanged
.W03 locked/55: rejected by locked policy forbids Persona proposals; current unchanged
.W03 locked/56: rejected by locked policy forbids Persona proposals; current unchanged
.W03 locked/57: rejected by locked policy forbids Persona proposals; current unchanged
.W03 locked/58: rejected by locked policy forbids Persona proposals; current unchanged
.W03 locked/59: rejected by locked policy forbids Persona proposals; current unchanged
.W03 locked/60: rejected by locked policy forbids Persona proposals; current unchanged
.W03 locked/61: rejected by locked policy forbids Persona proposals; current unchanged
.W03 locked/62: rejected by locked policy forbids Persona proposals; current unchanged
.W03 locked/63: rejected by locked policy forbids Persona proposals; current unchanged
.W03 locked/64: rejected by locked policy forbids Persona proposals; current unchanged
.W03 locked/65: rejected by locked policy forbids Persona proposals; current unchanged
.W03 locked/66: rejected by locked policy forbids Persona proposals; current unchanged
.W03 locked/67: rejected by locked policy forbids Persona proposals; current unchanged
.W03 locked/68: rejected by locked policy forbids Persona proposals; current unchanged
.W03 locked/69: rejected by locked policy forbids Persona proposals; current unchanged
.W03 locked/70: rejected by locked policy forbids Persona proposals; current unchanged
.W03 locked/71: rejected by locked policy forbids Persona proposals; current unchanged
.W03 locked/72: rejected by locked policy forbids Persona proposals; current unchanged
.W03 locked/73: rejected by locked policy forbids Persona proposals; current unchanged
.W03 locked/74: rejected by locked policy forbids Persona proposals; current unchanged
.W03 locked/75: rejected by locked policy forbids Persona proposals; current unchanged
.W03 locked/76: rejected by locked policy forbids Persona proposals; current unchanged
.W03 locked/77: rejected by locked policy forbids Persona proposals; current unchanged
.W03 locked/78: rejected by locked policy forbids Persona proposals; current unchanged
.W03 locked/79: rejected by locked policy forbids Persona proposals; current unchanged
.W03 locked/80: rejected by locked policy forbids Persona proposals; current unchanged
.W03 locked/81: rejected by locked policy forbids Persona proposals; current unchanged
.W03 locked/82: rejected by locked policy forbids Persona proposals; current unchanged
.W03 locked/83: rejected by locked policy forbids Persona proposals; current unchanged
.W03 locked/84: rejected by locked policy forbids Persona proposals; current unchanged
.W03 locked/85: rejected by locked policy forbids Persona proposals; current unchanged
.W03 locked/86: rejected by locked policy forbids Persona proposals; current unchanged
.W03 locked/87: rejected by locked policy forbids Persona proposals; current unchanged
.W03 locked/88: rejected by locked policy forbids Persona proposals; current unchanged
.W03 locked/89: rejected by locked policy forbids Persona proposals; current unchanged
.W03 locked/90: rejected by locked policy forbids Persona proposals; current unchanged
.W03 locked/91: rejected by locked policy forbids Persona proposals; current unchanged
.W03 locked/92: rejected by locked policy forbids Persona proposals; current unchanged
.W03 locked/93: rejected by locked policy forbids Persona proposals; current unchanged
.W03 locked/94: rejected by locked policy forbids Persona proposals; current unchanged
.W03 locked/95: rejected by locked policy forbids Persona proposals; current unchanged
.W03 locked/96: rejected by locked policy forbids Persona proposals; current unchanged
.W03 locked/97: rejected by locked policy forbids Persona proposals; current unchanged
.W03 locked/98: rejected by locked policy forbids Persona proposals; current unchanged
.W03 locked/99: rejected by locked policy forbids Persona proposals; current unchanged
.W03 locked/100: rejected by locked policy forbids Persona proposals; current unchanged
.W03 locked/101: rejected by locked policy forbids Persona proposals; current unchanged
.W03 locked/102: rejected by locked policy forbids Persona proposals; current unchanged
.W03 locked/103: rejected by locked policy forbids Persona proposals; current unchanged
.W03 locked/104: rejected by locked policy forbids Persona proposals; current unchanged
.W03 locked/105: rejected by locked policy forbids Persona proposals; current unchanged
.W03 locked/106: rejected by locked policy forbids Persona proposals; current unchanged
.W03 locked/107: rejected by locked policy forbids Persona proposals; current unchanged
.W03 locked/108: rejected by locked policy forbids Persona proposals; current unchanged
.W03 locked/109: rejected by locked policy forbids Persona proposals; current unchanged
.W03 locked/110: rejected by locked policy forbids Persona proposals; current unchanged
.W03 locked/111: rejected by locked policy forbids Persona proposals; current unchanged
.W03 locked/112: rejected by locked policy forbids Persona proposals; current unchanged
.W03 locked/113: rejected by locked policy forbids Persona proposals; current unchanged
.W03 locked/114: rejected by locked policy forbids Persona proposals; current unchanged
.W03 locked/115: rejected by locked policy forbids Persona proposals; current unchanged
.W03 locked/116: rejected by locked policy forbids Persona proposals; current unchanged
.W03 locked/117: rejected by locked policy forbids Persona proposals; current unchanged
.W03 locked/118: rejected by locked policy forbids Persona proposals; current unchanged
.W03 locked/119: rejected by locked policy forbids Persona proposals; current unchanged
.W03 locked/120: rejected by locked policy forbids Persona proposals; current unchanged
.W03 locked/121: rejected by locked policy forbids Persona proposals; current unchanged
.W03 locked/122: rejected by locked policy forbids Persona proposals; current unchanged
.W03 locked/123: rejected by locked policy forbids Persona proposals; current unchanged
.W03 locked/124: rejected by locked policy forbids Persona proposals; current unchanged
.W03 locked/125: rejected by locked policy forbids Persona proposals; current unchanged
.W03 locked/126: rejected by locked policy forbids Persona proposals; current unchanged
.W03 locked/127: rejected by locked policy forbids Persona proposals; current unchanged
.W03 locked/128: rejected by locked policy forbids Persona proposals; current unchanged
.W03 locked/129: rejected by locked policy forbids Persona proposals; current unchanged
.W03 locked/130: rejected by locked policy forbids Persona proposals; current unchanged
.W03 locked/131: rejected by locked policy forbids Persona proposals; current unchanged
.W03 locked/132: rejected by locked policy forbids Persona proposals; current unchanged
.W03 locked/133: rejected by locked policy forbids Persona proposals; current unchanged
.W03 locked/134: rejected by locked policy forbids Persona proposals; current unchanged
.W03 locked/135: rejected by locked policy forbids Persona proposals; current unchanged
.W03 locked/136: rejected by locked policy forbids Persona proposals; current unchanged
.W03 locked/137: rejected by locked policy forbids Persona proposals; current unchanged
.W03 locked/138: rejected by locked policy forbids Persona proposals; current unchanged
.W03 locked/139: rejected by locked policy forbids Persona proposals; current unchanged
.W03 locked/140: rejected by locked policy forbids Persona proposals; current unchanged
.W03 locked/141: rejected by locked policy forbids Persona proposals; current unchanged
.W03 locked/142: rejected by locked policy forbids Persona proposals; current unchanged
.W03 locked/143: rejected by locked policy forbids Persona proposals; current unchanged
.W03 locked/144: rejected by locked policy forbids Persona proposals; current unchanged
.W03 locked/145: rejected by locked policy forbids Persona proposals; current unchanged
.W03 locked/146: rejected by locked policy forbids Persona proposals; current unchanged
.W03 locked/147: rejected by locked policy forbids Persona proposals; current unchanged
.W03 locked/148: rejected by locked policy forbids Persona proposals; current unchanged
.W03 locked/149: rejected by locked policy forbids Persona proposals; current unchanged
.W03 locked/150: rejected by locked policy forbids Persona proposals; current unchanged
.W03 locked/151: rejected by locked policy forbids Persona proposals; current unchanged
.W03 locked/152: rejected by locked policy forbids Persona proposals; current unchanged
.W03 locked/153: rejected by locked policy forbids Persona proposals; current unchanged
.W03 locked/154: rejected by locked policy forbids Persona proposals; current unchanged
.W03 locked/155: rejected by locked policy forbids Persona proposals; current unchanged
.W03 locked/156: rejected by locked policy forbids Persona proposals; current unchanged
.W03 locked/157: rejected by locked policy forbids Persona proposals; current unchanged
.W03 locked/158: rejected by locked policy forbids Persona proposals; current unchanged
.W03 locked/159: rejected by locked policy forbids Persona proposals; current unchanged
.W03 locked/160: rejected by locked policy forbids Persona proposals; current unchanged
.W03 locked/161: rejected by locked policy forbids Persona proposals; current unchanged
.W03 locked/162: rejected by locked policy forbids Persona proposals; current unchanged
.W03 locked/163: rejected by locked policy forbids Persona proposals; current unchanged
.W03 locked/164: rejected by locked policy forbids Persona proposals; current unchanged
.W03 locked/165: rejected by locked policy forbids Persona proposals; current unchanged
.W03 locked/166: rejected by locked policy forbids Persona proposals; current unchanged
.W03 locked/167: rejected by locked policy forbids Persona proposals; current unchanged
.W03 locked/168: rejected by locked policy forbids Persona proposals; current unchanged
.W03 locked/169: rejected by locked policy forbids Persona proposals; current unchanged
.W03 locked/170: rejected by locked policy forbids Persona proposals; current unchanged
.W03 locked/171: rejected by locked policy forbids Persona proposals; current unchanged
.W03 locked/172: rejected by locked policy forbids Persona proposals; current unchanged
.W03 locked/173: rejected by locked policy forbids Persona proposals; current unchanged
.W03 locked/174: rejected by locked policy forbids Persona proposals; current unchanged
.W03 locked/175: rejected by locked policy forbids Persona proposals; current unchanged
.W03 locked/176: rejected by locked policy forbids Persona proposals; current unchanged
.W03 locked/177: rejected by locked policy forbids Persona proposals; current unchanged
.W03 locked/178: rejected by locked policy forbids Persona proposals; current unchanged
.W03 locked/179: rejected by locked policy forbids Persona proposals; current unchanged
.W03 locked/180: rejected by locked policy forbids Persona proposals; current unchanged
.W03 locked/181: rejected by locked policy forbids Persona proposals; current unchanged
.W03 locked/182: rejected by locked policy forbids Persona proposals; current unchanged
.W03 locked/183: rejected by locked policy forbids Persona proposals; current unchanged
.W03 locked/184: rejected by locked policy forbids Persona proposals; current unchanged
.W03 locked/185: rejected by locked policy forbids Persona proposals; current unchanged
.W03 locked/186: rejected by locked policy forbids Persona proposals; current unchanged
.W03 locked/187: rejected by locked policy forbids Persona proposals; current unchanged
.W03 locked/188: rejected by locked policy forbids Persona proposals; current unchanged
.W03 locked/189: rejected by locked policy forbids Persona proposals; current unchanged
.W03 locked/190: rejected by locked policy forbids Persona proposals; current unchanged
.W03 locked/191: rejected by locked policy forbids Persona proposals; current unchanged
.W03 locked/192: rejected by locked policy forbids Persona proposals; current unchanged
.W03 locked/193: rejected by locked policy forbids Persona proposals; current unchanged
.W03 locked/194: rejected by locked policy forbids Persona proposals; current unchanged
.W03 locked/195: rejected by locked policy forbids Persona proposals; current unchanged
.W03 locked/196: rejected by locked policy forbids Persona proposals; current unchanged
.W03 locked/197: rejected by locked policy forbids Persona proposals; current unchanged
.W03 locked/198: rejected by locked policy forbids Persona proposals; current unchanged
.W03 locked/199: rejected by locked policy forbids Persona proposals; current unchanged
.W03 manual/0: accepted at boundary; one Current revision
.W03 manual/1: accepted at boundary; one Current revision
.W03 manual/2: accepted at boundary; one Current revision
.W03 manual/3: accepted at boundary; one Current revision
.W03 manual/4: accepted at boundary; one Current revision
.W03 manual/5: accepted at boundary; one Current revision
.W03 manual/6: accepted at boundary; one Current revision
.W03 manual/7: accepted at boundary; one Current revision
.W03 manual/8: accepted at boundary; one Current revision
.W03 manual/9: accepted at boundary; one Current revision
.W03 manual/10: accepted at boundary; one Current revision
.W03 manual/11: accepted at boundary; one Current revision
.W03 manual/12: accepted at boundary; one Current revision
.W03 manual/13: accepted at boundary; one Current revision
.W03 manual/14: accepted at boundary; one Current revision
.W03 manual/15: accepted at boundary; one Current revision
.W03 manual/16: accepted at boundary; one Current revision
.W03 manual/17: accepted at boundary; one Current revision
.W03 manual/18: accepted at boundary; one Current revision
.W03 manual/19: accepted at boundary; one Current revision
.W03 manual/20: accepted at boundary; one Current revision
.W03 manual/21: accepted at boundary; one Current revision
.W03 manual/22: accepted at boundary; one Current revision
.W03 manual/23: accepted at boundary; one Current revision
.W03 manual/24: accepted at boundary; one Current revision
.W03 manual/25: accepted at boundary; one Current revision
.W03 manual/26: accepted at boundary; one Current revision
.W03 manual/27: accepted at boundary; one Current revision
.W03 manual/28: accepted at boundary; one Current revision
.W03 manual/29: accepted at boundary; one Current revision
.W03 manual/30: accepted at boundary; one Current revision
.W03 manual/31: accepted at boundary; one Current revision
.W03 manual/32: accepted at boundary; one Current revision
.W03 manual/33: accepted at boundary; one Current revision
.W03 manual/34: accepted at boundary; one Current revision
.W03 manual/35: accepted at boundary; one Current revision
.W03 manual/36: accepted at boundary; one Current revision
.W03 manual/37: accepted at boundary; one Current revision
.W03 manual/38: accepted at boundary; one Current revision
.W03 manual/39: accepted at boundary; one Current revision
.W03 manual/40: accepted at boundary; one Current revision
.W03 manual/41: accepted at boundary; one Current revision
.W03 manual/42: accepted at boundary; one Current revision
.W03 manual/43: accepted at boundary; one Current revision
.W03 manual/44: accepted at boundary; one Current revision
.W03 manual/45: accepted at boundary; one Current revision
.W03 manual/46: accepted at boundary; one Current revision
.W03 manual/47: accepted at boundary; one Current revision
.W03 manual/48: accepted at boundary; one Current revision
.W03 manual/49: accepted at boundary; one Current revision
.W03 manual/50: accepted at boundary; one Current revision
.W03 manual/51: accepted at boundary; one Current revision
.W03 manual/52: accepted at boundary; one Current revision
.W03 manual/53: accepted at boundary; one Current revision
.W03 manual/54: accepted at boundary; one Current revision
.W03 manual/55: accepted at boundary; one Current revision
.W03 manual/56: accepted at boundary; one Current revision
.W03 manual/57: accepted at boundary; one Current revision
.W03 manual/58: accepted at boundary; one Current revision
.W03 manual/59: accepted at boundary; one Current revision
.W03 manual/60: accepted at boundary; one Current revision
.W03 manual/61: accepted at boundary; one Current revision
.W03 manual/62: accepted at boundary; one Current revision
.W03 manual/63: accepted at boundary; one Current revision
.W03 manual/64: accepted at boundary; one Current revision
.W03 manual/65: accepted at boundary; one Current revision
.W03 manual/66: accepted at boundary; one Current revision
.W03 manual/67: accepted at boundary; one Current revision
.W03 manual/68: accepted at boundary; one Current revision
.W03 manual/69: accepted at boundary; one Current revision
.W03 manual/70: accepted at boundary; one Current revision
.W03 manual/71: accepted at boundary; one Current revision
.W03 manual/72: accepted at boundary; one Current revision
.W03 manual/73: accepted at boundary; one Current revision
.W03 manual/74: accepted at boundary; one Current revision
.W03 manual/75: accepted at boundary; one Current revision
.W03 manual/76: accepted at boundary; one Current revision
.W03 manual/77: accepted at boundary; one Current revision
.W03 manual/78: accepted at boundary; one Current revision
.W03 manual/79: accepted at boundary; one Current revision
.W03 manual/80: accepted at boundary; one Current revision
.W03 manual/81: accepted at boundary; one Current revision
.W03 manual/82: accepted at boundary; one Current revision
.W03 manual/83: accepted at boundary; one Current revision
.W03 manual/84: accepted at boundary; one Current revision
.W03 manual/85: accepted at boundary; one Current revision
.W03 manual/86: accepted at boundary; one Current revision
.W03 manual/87: accepted at boundary; one Current revision
.W03 manual/88: accepted at boundary; one Current revision
.W03 manual/89: accepted at boundary; one Current revision
.W03 manual/90: accepted at boundary; one Current revision
.W03 manual/91: accepted at boundary; one Current revision
.W03 manual/92: accepted at boundary; one Current revision
.W03 manual/93: accepted at boundary; one Current revision
.W03 manual/94: accepted at boundary; one Current revision
.W03 manual/95: accepted at boundary; one Current revision
.W03 manual/96: accepted at boundary; one Current revision
.W03 manual/97: accepted at boundary; one Current revision
.W03 manual/98: accepted at boundary; one Current revision
.W03 manual/99: accepted at boundary; one Current revision
.W03 manual/100: accepted at boundary; one Current revision
.W03 manual/101: accepted at boundary; one Current revision
.W03 manual/102: accepted at boundary; one Current revision
.W03 manual/103: accepted at boundary; one Current revision
.W03 manual/104: accepted at boundary; one Current revision
.W03 manual/105: accepted at boundary; one Current revision
.W03 manual/106: accepted at boundary; one Current revision
.W03 manual/107: accepted at boundary; one Current revision
.W03 manual/108: accepted at boundary; one Current revision
.W03 manual/109: accepted at boundary; one Current revision
.W03 manual/110: accepted at boundary; one Current revision
.W03 manual/111: accepted at boundary; one Current revision
.W03 manual/112: accepted at boundary; one Current revision
.W03 manual/113: accepted at boundary; one Current revision
.W03 manual/114: accepted at boundary; one Current revision
.W03 manual/115: accepted at boundary; one Current revision
.W03 manual/116: accepted at boundary; one Current revision
.W03 manual/117: accepted at boundary; one Current revision
.W03 manual/118: accepted at boundary; one Current revision
.W03 manual/119: accepted at boundary; one Current revision
.W03 manual/120: accepted at boundary; one Current revision
.W03 manual/121: accepted at boundary; one Current revision
.W03 manual/122: accepted at boundary; one Current revision
.W03 manual/123: accepted at boundary; one Current revision
.W03 manual/124: accepted at boundary; one Current revision
.W03 manual/125: accepted at boundary; one Current revision
.W03 manual/126: accepted at boundary; one Current revision
.W03 manual/127: accepted at boundary; one Current revision
.W03 manual/128: accepted at boundary; one Current revision
.W03 manual/129: accepted at boundary; one Current revision
.W03 manual/130: accepted at boundary; one Current revision
.W03 manual/131: accepted at boundary; one Current revision
.W03 manual/132: accepted at boundary; one Current revision
.W03 manual/133: accepted at boundary; one Current revision
.W03 manual/134: accepted at boundary; one Current revision
.W03 manual/135: accepted at boundary; one Current revision
.W03 manual/136: accepted at boundary; one Current revision
.W03 manual/137: accepted at boundary; one Current revision
.W03 manual/138: accepted at boundary; one Current revision
.W03 manual/139: accepted at boundary; one Current revision
.W03 manual/140: accepted at boundary; one Current revision
.W03 manual/141: accepted at boundary; one Current revision
.W03 manual/142: accepted at boundary; one Current revision
.W03 manual/143: accepted at boundary; one Current revision
.W03 manual/144: accepted at boundary; one Current revision
.W03 manual/145: accepted at boundary; one Current revision
.W03 manual/146: accepted at boundary; one Current revision
.W03 manual/147: accepted at boundary; one Current revision
.W03 manual/148: accepted at boundary; one Current revision
.W03 manual/149: accepted at boundary; one Current revision
.W03 manual/150: accepted at boundary; one Current revision
.W03 manual/151: accepted at boundary; one Current revision
.W03 manual/152: accepted at boundary; one Current revision
.W03 manual/153: accepted at boundary; one Current revision
.W03 manual/154: accepted at boundary; one Current revision
.W03 manual/155: accepted at boundary; one Current revision
.W03 manual/156: accepted at boundary; one Current revision
.W03 manual/157: accepted at boundary; one Current revision
.W03 manual/158: accepted at boundary; one Current revision
.W03 manual/159: accepted at boundary; one Current revision
.W03 manual/160: accepted at boundary; one Current revision
.W03 manual/161: accepted at boundary; one Current revision
.W03 manual/162: accepted at boundary; one Current revision
.W03 manual/163: accepted at boundary; one Current revision
.W03 manual/164: accepted at boundary; one Current revision
.W03 manual/165: accepted at boundary; one Current revision
.W03 manual/166: accepted at boundary; one Current revision
.W03 manual/167: accepted at boundary; one Current revision
.W03 manual/168: accepted at boundary; one Current revision
.W03 manual/169: accepted at boundary; one Current revision
.W03 manual/170: accepted at boundary; one Current revision
.W03 manual/171: accepted at boundary; one Current revision
.W03 manual/172: accepted at boundary; one Current revision
.W03 manual/173: accepted at boundary; one Current revision
.W03 manual/174: accepted at boundary; one Current revision
.W03 manual/175: accepted at boundary; one Current revision
.W03 manual/176: accepted at boundary; one Current revision
.W03 manual/177: accepted at boundary; one Current revision
.W03 manual/178: accepted at boundary; one Current revision
.W03 manual/179: accepted at boundary; one Current revision
.W03 manual/180: accepted at boundary; one Current revision
.W03 manual/181: accepted at boundary; one Current revision
.W03 manual/182: accepted at boundary; one Current revision
.W03 manual/183: accepted at boundary; one Current revision
.W03 manual/184: accepted at boundary; one Current revision
.W03 manual/185: accepted at boundary; one Current revision
.W03 manual/186: accepted at boundary; one Current revision
.W03 manual/187: accepted at boundary; one Current revision
.W03 manual/188: accepted at boundary; one Current revision
.W03 manual/189: accepted at boundary; one Current revision
.W03 manual/190: accepted at boundary; one Current revision
.W03 manual/191: accepted at boundary; one Current revision
.W03 manual/192: accepted at boundary; one Current revision
.W03 manual/193: accepted at boundary; one Current revision
.W03 manual/194: accepted at boundary; one Current revision
.W03 manual/195: accepted at boundary; one Current revision
.W03 manual/196: accepted at boundary; one Current revision
.W03 manual/197: accepted at boundary; one Current revision
.W03 manual/198: accepted at boundary; one Current revision
.W03 manual/199: accepted at boundary; one Current revision
.W03 bounded_auto/0: accepted at boundary; one Current revision
.W03 bounded_auto/1: accepted at boundary; one Current revision
.W03 bounded_auto/2: accepted at boundary; one Current revision
.W03 bounded_auto/3: accepted at boundary; one Current revision
.W03 bounded_auto/4: accepted at boundary; one Current revision
.W03 bounded_auto/5: accepted at boundary; one Current revision
.W03 bounded_auto/6: accepted at boundary; one Current revision
.W03 bounded_auto/7: accepted at boundary; one Current revision
.W03 bounded_auto/8: accepted at boundary; one Current revision
.W03 bounded_auto/9: accepted at boundary; one Current revision
.W03 bounded_auto/10: accepted at boundary; one Current revision
.W03 bounded_auto/11: accepted at boundary; one Current revision
.W03 bounded_auto/12: accepted at boundary; one Current revision
.W03 bounded_auto/13: accepted at boundary; one Current revision
.W03 bounded_auto/14: accepted at boundary; one Current revision
.W03 bounded_auto/15: accepted at boundary; one Current revision
.W03 bounded_auto/16: accepted at boundary; one Current revision
.W03 bounded_auto/17: accepted at boundary; one Current revision
.W03 bounded_auto/18: accepted at boundary; one Current revision
.W03 bounded_auto/19: accepted at boundary; one Current revision
.W03 bounded_auto/20: accepted at boundary; one Current revision
.W03 bounded_auto/21: accepted at boundary; one Current revision
.W03 bounded_auto/22: accepted at boundary; one Current revision
.W03 bounded_auto/23: accepted at boundary; one Current revision
.W03 bounded_auto/24: accepted at boundary; one Current revision
.W03 bounded_auto/25: accepted at boundary; one Current revision
.W03 bounded_auto/26: accepted at boundary; one Current revision
.W03 bounded_auto/27: accepted at boundary; one Current revision
.W03 bounded_auto/28: accepted at boundary; one Current revision
.W03 bounded_auto/29: accepted at boundary; one Current revision
.W03 bounded_auto/30: accepted at boundary; one Current revision
.W03 bounded_auto/31: accepted at boundary; one Current revision
.W03 bounded_auto/32: accepted at boundary; one Current revision
.W03 bounded_auto/33: accepted at boundary; one Current revision
.W03 bounded_auto/34: accepted at boundary; one Current revision
.W03 bounded_auto/35: accepted at boundary; one Current revision
.W03 bounded_auto/36: accepted at boundary; one Current revision
.W03 bounded_auto/37: accepted at boundary; one Current revision
.W03 bounded_auto/38: accepted at boundary; one Current revision
.W03 bounded_auto/39: accepted at boundary; one Current revision
.W03 bounded_auto/40: accepted at boundary; one Current revision
.W03 bounded_auto/41: accepted at boundary; one Current revision
.W03 bounded_auto/42: accepted at boundary; one Current revision
.W03 bounded_auto/43: accepted at boundary; one Current revision
.W03 bounded_auto/44: accepted at boundary; one Current revision
.W03 bounded_auto/45: accepted at boundary; one Current revision
.W03 bounded_auto/46: accepted at boundary; one Current revision
.W03 bounded_auto/47: accepted at boundary; one Current revision
.W03 bounded_auto/48: accepted at boundary; one Current revision
.W03 bounded_auto/49: accepted at boundary; one Current revision
.W03 bounded_auto/50: accepted at boundary; one Current revision
.W03 bounded_auto/51: accepted at boundary; one Current revision
.W03 bounded_auto/52: accepted at boundary; one Current revision
.W03 bounded_auto/53: accepted at boundary; one Current revision
.W03 bounded_auto/54: accepted at boundary; one Current revision
.W03 bounded_auto/55: accepted at boundary; one Current revision
.W03 bounded_auto/56: accepted at boundary; one Current revision
.W03 bounded_auto/57: accepted at boundary; one Current revision
.W03 bounded_auto/58: accepted at boundary; one Current revision
.W03 bounded_auto/59: accepted at boundary; one Current revision
.W03 bounded_auto/60: accepted at boundary; one Current revision
.W03 bounded_auto/61: accepted at boundary; one Current revision
.W03 bounded_auto/62: accepted at boundary; one Current revision
.W03 bounded_auto/63: accepted at boundary; one Current revision
.W03 bounded_auto/64: accepted at boundary; one Current revision
.W03 bounded_auto/65: accepted at boundary; one Current revision
.W03 bounded_auto/66: accepted at boundary; one Current revision
.W03 bounded_auto/67: accepted at boundary; one Current revision
.W03 bounded_auto/68: accepted at boundary; one Current revision
.W03 bounded_auto/69: accepted at boundary; one Current revision
.W03 bounded_auto/70: accepted at boundary; one Current revision
.W03 bounded_auto/71: accepted at boundary; one Current revision
.W03 bounded_auto/72: accepted at boundary; one Current revision
.W03 bounded_auto/73: accepted at boundary; one Current revision
.W03 bounded_auto/74: accepted at boundary; one Current revision
.W03 bounded_auto/75: accepted at boundary; one Current revision
.W03 bounded_auto/76: accepted at boundary; one Current revision
.W03 bounded_auto/77: accepted at boundary; one Current revision
.W03 bounded_auto/78: accepted at boundary; one Current revision
.W03 bounded_auto/79: accepted at boundary; one Current revision
.W03 bounded_auto/80: accepted at boundary; one Current revision
.W03 bounded_auto/81: accepted at boundary; one Current revision
.W03 bounded_auto/82: accepted at boundary; one Current revision
.W03 bounded_auto/83: accepted at boundary; one Current revision
.W03 bounded_auto/84: accepted at boundary; one Current revision
.W03 bounded_auto/85: accepted at boundary; one Current revision
.W03 bounded_auto/86: accepted at boundary; one Current revision
.W03 bounded_auto/87: accepted at boundary; one Current revision
.W03 bounded_auto/88: accepted at boundary; one Current revision
.W03 bounded_auto/89: accepted at boundary; one Current revision
.W03 bounded_auto/90: accepted at boundary; one Current revision
.W03 bounded_auto/91: accepted at boundary; one Current revision
.W03 bounded_auto/92: accepted at boundary; one Current revision
.W03 bounded_auto/93: accepted at boundary; one Current revision
.W03 bounded_auto/94: accepted at boundary; one Current revision
.W03 bounded_auto/95: accepted at boundary; one Current revision
.W03 bounded_auto/96: accepted at boundary; one Current revision
.W03 bounded_auto/97: accepted at boundary; one Current revision
.W03 bounded_auto/98: accepted at boundary; one Current revision
.W03 bounded_auto/99: accepted at boundary; one Current revision
.W03 bounded_auto/100: accepted at boundary; one Current revision
.W03 bounded_auto/101: accepted at boundary; one Current revision
.W03 bounded_auto/102: accepted at boundary; one Current revision
.W03 bounded_auto/103: accepted at boundary; one Current revision
.W03 bounded_auto/104: accepted at boundary; one Current revision
.W03 bounded_auto/105: accepted at boundary; one Current revision
.W03 bounded_auto/106: accepted at boundary; one Current revision
.W03 bounded_auto/107: accepted at boundary; one Current revision
.W03 bounded_auto/108: accepted at boundary; one Current revision
.W03 bounded_auto/109: accepted at boundary; one Current revision
.W03 bounded_auto/110: accepted at boundary; one Current revision
.W03 bounded_auto/111: accepted at boundary; one Current revision
.W03 bounded_auto/112: accepted at boundary; one Current revision
.W03 bounded_auto/113: accepted at boundary; one Current revision
.W03 bounded_auto/114: accepted at boundary; one Current revision
.W03 bounded_auto/115: accepted at boundary; one Current revision
.W03 bounded_auto/116: accepted at boundary; one Current revision
.W03 bounded_auto/117: accepted at boundary; one Current revision
.W03 bounded_auto/118: accepted at boundary; one Current revision
.W03 bounded_auto/119: accepted at boundary; one Current revision
.W03 bounded_auto/120: accepted at boundary; one Current revision
.W03 bounded_auto/121: accepted at boundary; one Current revision
.W03 bounded_auto/122: accepted at boundary; one Current revision
.W03 bounded_auto/123: accepted at boundary; one Current revision
.W03 bounded_auto/124: accepted at boundary; one Current revision
.W03 bounded_auto/125: accepted at boundary; one Current revision
.W03 bounded_auto/126: accepted at boundary; one Current revision
.W03 bounded_auto/127: accepted at boundary; one Current revision
.W03 bounded_auto/128: accepted at boundary; one Current revision
.W03 bounded_auto/129: accepted at boundary; one Current revision
.W03 bounded_auto/130: accepted at boundary; one Current revision
.W03 bounded_auto/131: accepted at boundary; one Current revision
.W03 bounded_auto/132: accepted at boundary; one Current revision
.W03 bounded_auto/133: accepted at boundary; one Current revision
.W03 bounded_auto/134: accepted at boundary; one Current revision
.W03 bounded_auto/135: accepted at boundary; one Current revision
.W03 bounded_auto/136: accepted at boundary; one Current revision
.W03 bounded_auto/137: accepted at boundary; one Current revision
.W03 bounded_auto/138: accepted at boundary; one Current revision
.W03 bounded_auto/139: accepted at boundary; one Current revision
.W03 bounded_auto/140: accepted at boundary; one Current revision
.W03 bounded_auto/141: accepted at boundary; one Current revision
.W03 bounded_auto/142: accepted at boundary; one Current revision
.W03 bounded_auto/143: accepted at boundary; one Current revision
.W03 bounded_auto/144: accepted at boundary; one Current revision
.W03 bounded_auto/145: accepted at boundary; one Current revision
.W03 bounded_auto/146: accepted at boundary; one Current revision
.W03 bounded_auto/147: accepted at boundary; one Current revision
.W03 bounded_auto/148: accepted at boundary; one Current revision
.W03 bounded_auto/149: accepted at boundary; one Current revision
.W03 bounded_auto/150: accepted at boundary; one Current revision
.W03 bounded_auto/151: accepted at boundary; one Current revision
.W03 bounded_auto/152: accepted at boundary; one Current revision
.W03 bounded_auto/153: accepted at boundary; one Current revision
.W03 bounded_auto/154: accepted at boundary; one Current revision
.W03 bounded_auto/155: accepted at boundary; one Current revision
.W03 bounded_auto/156: accepted at boundary; one Current revision
.W03 bounded_auto/157: accepted at boundary; one Current revision
.W03 bounded_auto/158: accepted at boundary; one Current revision
.W03 bounded_auto/159: accepted at boundary; one Current revision
.W03 bounded_auto/160: accepted at boundary; one Current revision
.W03 bounded_auto/161: accepted at boundary; one Current revision
.W03 bounded_auto/162: accepted at boundary; one Current revision
.W03 bounded_auto/163: accepted at boundary; one Current revision
.W03 bounded_auto/164: accepted at boundary; one Current revision
.W03 bounded_auto/165: accepted at boundary; one Current revision
.W03 bounded_auto/166: accepted at boundary; one Current revision
.W03 bounded_auto/167: accepted at boundary; one Current revision
.W03 bounded_auto/168: accepted at boundary; one Current revision
.W03 bounded_auto/169: accepted at boundary; one Current revision
.W03 bounded_auto/170: accepted at boundary; one Current revision
.W03 bounded_auto/171: accepted at boundary; one Current revision
.W03 bounded_auto/172: accepted at boundary; one Current revision
.W03 bounded_auto/173: accepted at boundary; one Current revision
.W03 bounded_auto/174: accepted at boundary; one Current revision
.W03 bounded_auto/175: accepted at boundary; one Current revision
.W03 bounded_auto/176: accepted at boundary; one Current revision
.W03 bounded_auto/177: accepted at boundary; one Current revision
.W03 bounded_auto/178: accepted at boundary; one Current revision
.W03 bounded_auto/179: accepted at boundary; one Current revision
.W03 bounded_auto/180: accepted at boundary; one Current revision
.W03 bounded_auto/181: accepted at boundary; one Current revision
.W03 bounded_auto/182: accepted at boundary; one Current revision
.W03 bounded_auto/183: accepted at boundary; one Current revision
.W03 bounded_auto/184: accepted at boundary; one Current revision
.W03 bounded_auto/185: accepted at boundary; one Current revision
.W03 bounded_auto/186: accepted at boundary; one Current revision
.W03 bounded_auto/187: accepted at boundary; one Current revision
.W03 bounded_auto/188: accepted at boundary; one Current revision
.W03 bounded_auto/189: accepted at boundary; one Current revision
.W03 bounded_auto/190: accepted at boundary; one Current revision
.W03 bounded_auto/191: accepted at boundary; one Current revision
.W03 bounded_auto/192: accepted at boundary; one Current revision
.W03 bounded_auto/193: accepted at boundary; one Current revision
.W03 bounded_auto/194: accepted at boundary; one Current revision
.W03 bounded_auto/195: accepted at boundary; one Current revision
.W03 bounded_auto/196: accepted at boundary; one Current revision
.W03 bounded_auto/197: accepted at boundary; one Current revision
.W03 bounded_auto/198: accepted at boundary; one Current revision
.W03 bounded_auto/199: accepted at boundary; one Current revision
.W03 allowlist/0: rejected by outside the policy allowlist; current unchanged
.W03 allowlist/1: accepted at boundary; one Current revision
.W03 allowlist/2: rejected by outside the policy allowlist; current unchanged
.W03 allowlist/3: accepted at boundary; one Current revision
.W03 allowlist/4: rejected by outside the policy allowlist; current unchanged
.W03 allowlist/5: accepted at boundary; one Current revision
.W03 allowlist/6: rejected by outside the policy allowlist; current unchanged
.W03 allowlist/7: accepted at boundary; one Current revision
.W03 allowlist/8: rejected by outside the policy allowlist; current unchanged
.W03 allowlist/9: accepted at boundary; one Current revision
.W03 allowlist/10: rejected by outside the policy allowlist; current unchanged
.W03 allowlist/11: accepted at boundary; one Current revision
.W03 allowlist/12: rejected by outside the policy allowlist; current unchanged
.W03 allowlist/13: accepted at boundary; one Current revision
.W03 allowlist/14: rejected by outside the policy allowlist; current unchanged
.W03 allowlist/15: accepted at boundary; one Current revision
.W03 allowlist/16: rejected by outside the policy allowlist; current unchanged
.W03 allowlist/17: accepted at boundary; one Current revision
.W03 allowlist/18: rejected by outside the policy allowlist; current unchanged
.W03 allowlist/19: accepted at boundary; one Current revision
.W03 allowlist/20: rejected by outside the policy allowlist; current unchanged
.W03 allowlist/21: accepted at boundary; one Current revision
.W03 allowlist/22: rejected by outside the policy allowlist; current unchanged
.W03 allowlist/23: accepted at boundary; one Current revision
.W03 allowlist/24: rejected by outside the policy allowlist; current unchanged
.W03 allowlist/25: accepted at boundary; one Current revision
.W03 allowlist/26: rejected by outside the policy allowlist; current unchanged
.W03 allowlist/27: accepted at boundary; one Current revision
.W03 allowlist/28: rejected by outside the policy allowlist; current unchanged
.W03 allowlist/29: accepted at boundary; one Current revision
.W03 allowlist/30: rejected by outside the policy allowlist; current unchanged
.W03 allowlist/31: accepted at boundary; one Current revision
.W03 allowlist/32: rejected by outside the policy allowlist; current unchanged
.W03 allowlist/33: accepted at boundary; one Current revision
.W03 allowlist/34: rejected by outside the policy allowlist; current unchanged
.W03 allowlist/35: accepted at boundary; one Current revision
.W03 allowlist/36: rejected by outside the policy allowlist; current unchanged
.W03 allowlist/37: accepted at boundary; one Current revision
.W03 allowlist/38: rejected by outside the policy allowlist; current unchanged
.W03 allowlist/39: accepted at boundary; one Current revision
.W03 allowlist/40: rejected by outside the policy allowlist; current unchanged
.W03 allowlist/41: accepted at boundary; one Current revision
.W03 allowlist/42: rejected by outside the policy allowlist; current unchanged
.W03 allowlist/43: accepted at boundary; one Current revision
.W03 allowlist/44: rejected by outside the policy allowlist; current unchanged
.W03 allowlist/45: accepted at boundary; one Current revision
.W03 allowlist/46: rejected by outside the policy allowlist; current unchanged
.W03 allowlist/47: accepted at boundary; one Current revision
.W03 allowlist/48: rejected by outside the policy allowlist; current unchanged
.W03 allowlist/49: accepted at boundary; one Current revision
.W03 allowlist/50: rejected by outside the policy allowlist; current unchanged
.W03 allowlist/51: accepted at boundary; one Current revision
.W03 allowlist/52: rejected by outside the policy allowlist; current unchanged
.W03 allowlist/53: accepted at boundary; one Current revision
.W03 allowlist/54: rejected by outside the policy allowlist; current unchanged
.W03 allowlist/55: accepted at boundary; one Current revision
.W03 allowlist/56: rejected by outside the policy allowlist; current unchanged
.W03 allowlist/57: accepted at boundary; one Current revision
.W03 allowlist/58: rejected by outside the policy allowlist; current unchanged
.W03 allowlist/59: accepted at boundary; one Current revision
.W03 allowlist/60: rejected by outside the policy allowlist; current unchanged
.W03 allowlist/61: accepted at boundary; one Current revision
.W03 allowlist/62: rejected by outside the policy allowlist; current unchanged
.W03 allowlist/63: accepted at boundary; one Current revision
.W03 allowlist/64: rejected by outside the policy allowlist; current unchanged
.W03 allowlist/65: accepted at boundary; one Current revision
.W03 allowlist/66: rejected by outside the policy allowlist; current unchanged
.W03 allowlist/67: accepted at boundary; one Current revision
.W03 allowlist/68: rejected by outside the policy allowlist; current unchanged
.W03 allowlist/69: accepted at boundary; one Current revision
.W03 allowlist/70: rejected by outside the policy allowlist; current unchanged
.W03 allowlist/71: accepted at boundary; one Current revision
.W03 allowlist/72: rejected by outside the policy allowlist; current unchanged
.W03 allowlist/73: accepted at boundary; one Current revision
.W03 allowlist/74: rejected by outside the policy allowlist; current unchanged
.W03 allowlist/75: accepted at boundary; one Current revision
.W03 allowlist/76: rejected by outside the policy allowlist; current unchanged
.W03 allowlist/77: accepted at boundary; one Current revision
.W03 allowlist/78: rejected by outside the policy allowlist; current unchanged
.W03 allowlist/79: accepted at boundary; one Current revision
.W03 allowlist/80: rejected by outside the policy allowlist; current unchanged
.W03 allowlist/81: accepted at boundary; one Current revision
.W03 allowlist/82: rejected by outside the policy allowlist; current unchanged
.W03 allowlist/83: accepted at boundary; one Current revision
.W03 allowlist/84: rejected by outside the policy allowlist; current unchanged
.W03 allowlist/85: accepted at boundary; one Current revision
.W03 allowlist/86: rejected by outside the policy allowlist; current unchanged
.W03 allowlist/87: accepted at boundary; one Current revision
.W03 allowlist/88: rejected by outside the policy allowlist; current unchanged
.W03 allowlist/89: accepted at boundary; one Current revision
.W03 allowlist/90: rejected by outside the policy allowlist; current unchanged
.W03 allowlist/91: accepted at boundary; one Current revision
.W03 allowlist/92: rejected by outside the policy allowlist; current unchanged
.W03 allowlist/93: accepted at boundary; one Current revision
.W03 allowlist/94: rejected by outside the policy allowlist; current unchanged
.W03 allowlist/95: accepted at boundary; one Current revision
.W03 allowlist/96: rejected by outside the policy allowlist; current unchanged
.W03 allowlist/97: accepted at boundary; one Current revision
.W03 allowlist/98: rejected by outside the policy allowlist; current unchanged
.W03 allowlist/99: accepted at boundary; one Current revision
.W03 allowlist/100: rejected by outside the policy allowlist; current unchanged
.W03 allowlist/101: accepted at boundary; one Current revision
.W03 allowlist/102: rejected by outside the policy allowlist; current unchanged
.W03 allowlist/103: accepted at boundary; one Current revision
.W03 allowlist/104: rejected by outside the policy allowlist; current unchanged
.W03 allowlist/105: accepted at boundary; one Current revision
.W03 allowlist/106: rejected by outside the policy allowlist; current unchanged
.W03 allowlist/107: accepted at boundary; one Current revision
.W03 allowlist/108: rejected by outside the policy allowlist; current unchanged
.W03 allowlist/109: accepted at boundary; one Current revision
.W03 allowlist/110: rejected by outside the policy allowlist; current unchanged
.W03 allowlist/111: accepted at boundary; one Current revision
.W03 allowlist/112: rejected by outside the policy allowlist; current unchanged
.W03 allowlist/113: accepted at boundary; one Current revision
.W03 allowlist/114: rejected by outside the policy allowlist; current unchanged
.W03 allowlist/115: accepted at boundary; one Current revision
.W03 allowlist/116: rejected by outside the policy allowlist; current unchanged
.W03 allowlist/117: accepted at boundary; one Current revision
.W03 allowlist/118: rejected by outside the policy allowlist; current unchanged
.W03 allowlist/119: accepted at boundary; one Current revision
.W03 allowlist/120: rejected by outside the policy allowlist; current unchanged
.W03 allowlist/121: accepted at boundary; one Current revision
.W03 allowlist/122: rejected by outside the policy allowlist; current unchanged
.W03 allowlist/123: accepted at boundary; one Current revision
.W03 allowlist/124: rejected by outside the policy allowlist; current unchanged
.W03 allowlist/125: accepted at boundary; one Current revision
.W03 allowlist/126: rejected by outside the policy allowlist; current unchanged
.W03 allowlist/127: accepted at boundary; one Current revision
.W03 allowlist/128: rejected by outside the policy allowlist; current unchanged
.W03 allowlist/129: accepted at boundary; one Current revision
.W03 allowlist/130: rejected by outside the policy allowlist; current unchanged
.W03 allowlist/131: accepted at boundary; one Current revision
.W03 allowlist/132: rejected by outside the policy allowlist; current unchanged
.W03 allowlist/133: accepted at boundary; one Current revision
.W03 allowlist/134: rejected by outside the policy allowlist; current unchanged
.W03 allowlist/135: accepted at boundary; one Current revision
.W03 allowlist/136: rejected by outside the policy allowlist; current unchanged
.W03 allowlist/137: accepted at boundary; one Current revision
.W03 allowlist/138: rejected by outside the policy allowlist; current unchanged
.W03 allowlist/139: accepted at boundary; one Current revision
.W03 allowlist/140: rejected by outside the policy allowlist; current unchanged
.W03 allowlist/141: accepted at boundary; one Current revision
.W03 allowlist/142: rejected by outside the policy allowlist; current unchanged
.W03 allowlist/143: accepted at boundary; one Current revision
.W03 allowlist/144: rejected by outside the policy allowlist; current unchanged
.W03 allowlist/145: accepted at boundary; one Current revision
.W03 allowlist/146: rejected by outside the policy allowlist; current unchanged
.W03 allowlist/147: accepted at boundary; one Current revision
.W03 allowlist/148: rejected by outside the policy allowlist; current unchanged
.W03 allowlist/149: accepted at boundary; one Current revision
.W03 allowlist/150: rejected by outside the policy allowlist; current unchanged
.W03 allowlist/151: accepted at boundary; one Current revision
.W03 allowlist/152: rejected by outside the policy allowlist; current unchanged
.W03 allowlist/153: accepted at boundary; one Current revision
.W03 allowlist/154: rejected by outside the policy allowlist; current unchanged
.W03 allowlist/155: accepted at boundary; one Current revision
.W03 allowlist/156: rejected by outside the policy allowlist; current unchanged
.W03 allowlist/157: accepted at boundary; one Current revision
.W03 allowlist/158: rejected by outside the policy allowlist; current unchanged
.W03 allowlist/159: accepted at boundary; one Current revision
.W03 allowlist/160: rejected by outside the policy allowlist; current unchanged
.W03 allowlist/161: accepted at boundary; one Current revision
.W03 allowlist/162: rejected by outside the policy allowlist; current unchanged
.W03 allowlist/163: accepted at boundary; one Current revision
.W03 allowlist/164: rejected by outside the policy allowlist; current unchanged
.W03 allowlist/165: accepted at boundary; one Current revision
.W03 allowlist/166: rejected by outside the policy allowlist; current unchanged
.W03 allowlist/167: accepted at boundary; one Current revision
.W03 allowlist/168: rejected by outside the policy allowlist; current unchanged
.W03 allowlist/169: accepted at boundary; one Current revision
.W03 allowlist/170: rejected by outside the policy allowlist; current unchanged
.W03 allowlist/171: accepted at boundary; one Current revision
.W03 allowlist/172: rejected by outside the policy allowlist; current unchanged
.W03 allowlist/173: accepted at boundary; one Current revision
.W03 allowlist/174: rejected by outside the policy allowlist; current unchanged
.W03 allowlist/175: accepted at boundary; one Current revision
.W03 allowlist/176: rejected by outside the policy allowlist; current unchanged
.W03 allowlist/177: accepted at boundary; one Current revision
.W03 allowlist/178: rejected by outside the policy allowlist; current unchanged
.W03 allowlist/179: accepted at boundary; one Current revision
.W03 allowlist/180: rejected by outside the policy allowlist; current unchanged
.W03 allowlist/181: accepted at boundary; one Current revision
.W03 allowlist/182: rejected by outside the policy allowlist; current unchanged
.W03 allowlist/183: accepted at boundary; one Current revision
.W03 allowlist/184: rejected by outside the policy allowlist; current unchanged
.W03 allowlist/185: accepted at boundary; one Current revision
.W03 allowlist/186: rejected by outside the policy allowlist; current unchanged
.W03 allowlist/187: accepted at boundary; one Current revision
.W03 allowlist/188: rejected by outside the policy allowlist; current unchanged
.W03 allowlist/189: accepted at boundary; one Current revision
.W03 allowlist/190: rejected by outside the policy allowlist; current unchanged
.W03 allowlist/191: accepted at boundary; one Current revision
.W03 allowlist/192: rejected by outside the policy allowlist; current unchanged
.W03 allowlist/193: accepted at boundary; one Current revision
.W03 allowlist/194: rejected by outside the policy allowlist; current unchanged
.W03 allowlist/195: accepted at boundary; one Current revision
.W03 allowlist/196: rejected by outside the policy allowlist; current unchanged
.W03 allowlist/197: accepted at boundary; one Current revision
.W03 allowlist/198: rejected by outside the policy allowlist; current unchanged
.W03 allowlist/199: accepted at boundary; one Current revision
.W03 single_delta/0: rejected by per-change magnitude limit; current unchanged
.W03 single_delta/1: accepted at boundary; one Current revision
.W03 single_delta/2: rejected by per-change magnitude limit; current unchanged
.W03 single_delta/3: accepted at boundary; one Current revision
.W03 single_delta/4: rejected by per-change magnitude limit; current unchanged
.W03 single_delta/5: accepted at boundary; one Current revision
.W03 single_delta/6: rejected by per-change magnitude limit; current unchanged
.W03 single_delta/7: accepted at boundary; one Current revision
.W03 single_delta/8: rejected by per-change magnitude limit; current unchanged
.W03 single_delta/9: accepted at boundary; one Current revision
.W03 single_delta/10: rejected by per-change magnitude limit; current unchanged
.W03 single_delta/11: accepted at boundary; one Current revision
.W03 single_delta/12: rejected by per-change magnitude limit; current unchanged
.W03 single_delta/13: accepted at boundary; one Current revision
.W03 single_delta/14: rejected by per-change magnitude limit; current unchanged
.W03 single_delta/15: accepted at boundary; one Current revision
.W03 single_delta/16: rejected by per-change magnitude limit; current unchanged
.W03 single_delta/17: accepted at boundary; one Current revision
.W03 single_delta/18: rejected by per-change magnitude limit; current unchanged
.W03 single_delta/19: accepted at boundary; one Current revision
.W03 single_delta/20: rejected by per-change magnitude limit; current unchanged
.W03 single_delta/21: accepted at boundary; one Current revision
.W03 single_delta/22: rejected by per-change magnitude limit; current unchanged
.W03 single_delta/23: accepted at boundary; one Current revision
.W03 single_delta/24: rejected by per-change magnitude limit; current unchanged
.W03 single_delta/25: accepted at boundary; one Current revision
.W03 single_delta/26: rejected by per-change magnitude limit; current unchanged
.W03 single_delta/27: accepted at boundary; one Current revision
.W03 single_delta/28: rejected by per-change magnitude limit; current unchanged
.W03 single_delta/29: accepted at boundary; one Current revision
.W03 single_delta/30: rejected by per-change magnitude limit; current unchanged
.W03 single_delta/31: accepted at boundary; one Current revision
.W03 single_delta/32: rejected by per-change magnitude limit; current unchanged
.W03 single_delta/33: accepted at boundary; one Current revision
.W03 single_delta/34: rejected by per-change magnitude limit; current unchanged
.W03 single_delta/35: accepted at boundary; one Current revision
.W03 single_delta/36: rejected by per-change magnitude limit; current unchanged
.W03 single_delta/37: accepted at boundary; one Current revision
.W03 single_delta/38: rejected by per-change magnitude limit; current unchanged
.W03 single_delta/39: accepted at boundary; one Current revision
.W03 single_delta/40: rejected by per-change magnitude limit; current unchanged
.W03 single_delta/41: accepted at boundary; one Current revision
.W03 single_delta/42: rejected by per-change magnitude limit; current unchanged
.W03 single_delta/43: accepted at boundary; one Current revision
.W03 single_delta/44: rejected by per-change magnitude limit; current unchanged
.W03 single_delta/45: accepted at boundary; one Current revision
.W03 single_delta/46: rejected by per-change magnitude limit; current unchanged
.W03 single_delta/47: accepted at boundary; one Current revision
.W03 single_delta/48: rejected by per-change magnitude limit; current unchanged
.W03 single_delta/49: accepted at boundary; one Current revision
.W03 single_delta/50: rejected by per-change magnitude limit; current unchanged
.W03 single_delta/51: accepted at boundary; one Current revision
.W03 single_delta/52: rejected by per-change magnitude limit; current unchanged
.W03 single_delta/53: accepted at boundary; one Current revision
.W03 single_delta/54: rejected by per-change magnitude limit; current unchanged
.W03 single_delta/55: accepted at boundary; one Current revision
.W03 single_delta/56: rejected by per-change magnitude limit; current unchanged
.W03 single_delta/57: accepted at boundary; one Current revision
.W03 single_delta/58: rejected by per-change magnitude limit; current unchanged
.W03 single_delta/59: accepted at boundary; one Current revision
.W03 single_delta/60: rejected by per-change magnitude limit; current unchanged
.W03 single_delta/61: accepted at boundary; one Current revision
.W03 single_delta/62: rejected by per-change magnitude limit; current unchanged
.W03 single_delta/63: accepted at boundary; one Current revision
.W03 single_delta/64: rejected by per-change magnitude limit; current unchanged
.W03 single_delta/65: accepted at boundary; one Current revision
.W03 single_delta/66: rejected by per-change magnitude limit; current unchanged
.W03 single_delta/67: accepted at boundary; one Current revision
.W03 single_delta/68: rejected by per-change magnitude limit; current unchanged
.W03 single_delta/69: accepted at boundary; one Current revision
.W03 single_delta/70: rejected by per-change magnitude limit; current unchanged
.W03 single_delta/71: accepted at boundary; one Current revision
.W03 single_delta/72: rejected by per-change magnitude limit; current unchanged
.W03 single_delta/73: accepted at boundary; one Current revision
.W03 single_delta/74: rejected by per-change magnitude limit; current unchanged
.W03 single_delta/75: accepted at boundary; one Current revision
.W03 single_delta/76: rejected by per-change magnitude limit; current unchanged
.W03 single_delta/77: accepted at boundary; one Current revision
.W03 single_delta/78: rejected by per-change magnitude limit; current unchanged
.W03 single_delta/79: accepted at boundary; one Current revision
.W03 single_delta/80: rejected by per-change magnitude limit; current unchanged
.W03 single_delta/81: accepted at boundary; one Current revision
.W03 single_delta/82: rejected by per-change magnitude limit; current unchanged
.W03 single_delta/83: accepted at boundary; one Current revision
.W03 single_delta/84: rejected by per-change magnitude limit; current unchanged
.W03 single_delta/85: accepted at boundary; one Current revision
.W03 single_delta/86: rejected by per-change magnitude limit; current unchanged
.W03 single_delta/87: accepted at boundary; one Current revision
.W03 single_delta/88: rejected by per-change magnitude limit; current unchanged
.W03 single_delta/89: accepted at boundary; one Current revision
.W03 single_delta/90: rejected by per-change magnitude limit; current unchanged
.W03 single_delta/91: accepted at boundary; one Current revision
.W03 single_delta/92: rejected by per-change magnitude limit; current unchanged
.W03 single_delta/93: accepted at boundary; one Current revision
.W03 single_delta/94: rejected by per-change magnitude limit; current unchanged
.W03 single_delta/95: accepted at boundary; one Current revision
.W03 single_delta/96: rejected by per-change magnitude limit; current unchanged
.W03 single_delta/97: accepted at boundary; one Current revision
.W03 single_delta/98: rejected by per-change magnitude limit; current unchanged
.W03 single_delta/99: accepted at boundary; one Current revision
.W03 single_delta/100: rejected by per-change magnitude limit; current unchanged
.W03 single_delta/101: accepted at boundary; one Current revision
.W03 single_delta/102: rejected by per-change magnitude limit; current unchanged
.W03 single_delta/103: accepted at boundary; one Current revision
.W03 single_delta/104: rejected by per-change magnitude limit; current unchanged
.W03 single_delta/105: accepted at boundary; one Current revision
.W03 single_delta/106: rejected by per-change magnitude limit; current unchanged
.W03 single_delta/107: accepted at boundary; one Current revision
.W03 single_delta/108: rejected by per-change magnitude limit; current unchanged
.W03 single_delta/109: accepted at boundary; one Current revision
.W03 single_delta/110: rejected by per-change magnitude limit; current unchanged
.W03 single_delta/111: accepted at boundary; one Current revision
.W03 single_delta/112: rejected by per-change magnitude limit; current unchanged
.W03 single_delta/113: accepted at boundary; one Current revision
.W03 single_delta/114: rejected by per-change magnitude limit; current unchanged
.W03 single_delta/115: accepted at boundary; one Current revision
.W03 single_delta/116: rejected by per-change magnitude limit; current unchanged
.W03 single_delta/117: accepted at boundary; one Current revision
.W03 single_delta/118: rejected by per-change magnitude limit; current unchanged
.W03 single_delta/119: accepted at boundary; one Current revision
.W03 single_delta/120: rejected by per-change magnitude limit; current unchanged
.W03 single_delta/121: accepted at boundary; one Current revision
.W03 single_delta/122: rejected by per-change magnitude limit; current unchanged
.W03 single_delta/123: accepted at boundary; one Current revision
.W03 single_delta/124: rejected by per-change magnitude limit; current unchanged
.W03 single_delta/125: accepted at boundary; one Current revision
.W03 single_delta/126: rejected by per-change magnitude limit; current unchanged
.W03 single_delta/127: accepted at boundary; one Current revision
.W03 single_delta/128: rejected by per-change magnitude limit; current unchanged
.W03 single_delta/129: accepted at boundary; one Current revision
.W03 single_delta/130: rejected by per-change magnitude limit; current unchanged
.W03 single_delta/131: accepted at boundary; one Current revision
.W03 single_delta/132: rejected by per-change magnitude limit; current unchanged
.W03 single_delta/133: accepted at boundary; one Current revision
.W03 single_delta/134: rejected by per-change magnitude limit; current unchanged
.W03 single_delta/135: accepted at boundary; one Current revision
.W03 single_delta/136: rejected by per-change magnitude limit; current unchanged
.W03 single_delta/137: accepted at boundary; one Current revision
.W03 single_delta/138: rejected by per-change magnitude limit; current unchanged
.W03 single_delta/139: accepted at boundary; one Current revision
.W03 single_delta/140: rejected by per-change magnitude limit; current unchanged
.W03 single_delta/141: accepted at boundary; one Current revision
.W03 single_delta/142: rejected by per-change magnitude limit; current unchanged
.W03 single_delta/143: accepted at boundary; one Current revision
.W03 single_delta/144: rejected by per-change magnitude limit; current unchanged
.W03 single_delta/145: accepted at boundary; one Current revision
.W03 single_delta/146: rejected by per-change magnitude limit; current unchanged
.W03 single_delta/147: accepted at boundary; one Current revision
.W03 single_delta/148: rejected by per-change magnitude limit; current unchanged
.W03 single_delta/149: accepted at boundary; one Current revision
.W03 single_delta/150: rejected by per-change magnitude limit; current unchanged
.W03 single_delta/151: accepted at boundary; one Current revision
.W03 single_delta/152: rejected by per-change magnitude limit; current unchanged
.W03 single_delta/153: accepted at boundary; one Current revision
.W03 single_delta/154: rejected by per-change magnitude limit; current unchanged
.W03 single_delta/155: accepted at boundary; one Current revision
.W03 single_delta/156: rejected by per-change magnitude limit; current unchanged
.W03 single_delta/157: accepted at boundary; one Current revision
.W03 single_delta/158: rejected by per-change magnitude limit; current unchanged
.W03 single_delta/159: accepted at boundary; one Current revision
.W03 single_delta/160: rejected by per-change magnitude limit; current unchanged
.W03 single_delta/161: accepted at boundary; one Current revision
.W03 single_delta/162: rejected by per-change magnitude limit; current unchanged
.W03 single_delta/163: accepted at boundary; one Current revision
.W03 single_delta/164: rejected by per-change magnitude limit; current unchanged
.W03 single_delta/165: accepted at boundary; one Current revision
.W03 single_delta/166: rejected by per-change magnitude limit; current unchanged
.W03 single_delta/167: accepted at boundary; one Current revision
.W03 single_delta/168: rejected by per-change magnitude limit; current unchanged
.W03 single_delta/169: accepted at boundary; one Current revision
.W03 single_delta/170: rejected by per-change magnitude limit; current unchanged
.W03 single_delta/171: accepted at boundary; one Current revision
.W03 single_delta/172: rejected by per-change magnitude limit; current unchanged
.W03 single_delta/173: accepted at boundary; one Current revision
.W03 single_delta/174: rejected by per-change magnitude limit; current unchanged
.W03 single_delta/175: accepted at boundary; one Current revision
.W03 single_delta/176: rejected by per-change magnitude limit; current unchanged
.W03 single_delta/177: accepted at boundary; one Current revision
.W03 single_delta/178: rejected by per-change magnitude limit; current unchanged
.W03 single_delta/179: accepted at boundary; one Current revision
.W03 single_delta/180: rejected by per-change magnitude limit; current unchanged
.W03 single_delta/181: accepted at boundary; one Current revision
.W03 single_delta/182: rejected by per-change magnitude limit; current unchanged
.W03 single_delta/183: accepted at boundary; one Current revision
.W03 single_delta/184: rejected by per-change magnitude limit; current unchanged
.W03 single_delta/185: accepted at boundary; one Current revision
.W03 single_delta/186: rejected by per-change magnitude limit; current unchanged
.W03 single_delta/187: accepted at boundary; one Current revision
.W03 single_delta/188: rejected by per-change magnitude limit; current unchanged
.W03 single_delta/189: accepted at boundary; one Current revision
.W03 single_delta/190: rejected by per-change magnitude limit; current unchanged
.W03 single_delta/191: accepted at boundary; one Current revision
.W03 single_delta/192: rejected by per-change magnitude limit; current unchanged
.W03 single_delta/193: accepted at boundary; one Current revision
.W03 single_delta/194: rejected by per-change magnitude limit; current unchanged
.W03 single_delta/195: accepted at boundary; one Current revision
.W03 single_delta/196: rejected by per-change magnitude limit; current unchanged
.W03 single_delta/197: accepted at boundary; one Current revision
.W03 single_delta/198: rejected by per-change magnitude limit; current unchanged
.W03 single_delta/199: accepted at boundary; one Current revision
.W03 cumulative_delta/0: rejected by cumulative magnitude limit; current unchanged
.W03 cumulative_delta/1: accepted at boundary; one Current revision
.W03 cumulative_delta/2: rejected by cumulative magnitude limit; current unchanged
.W03 cumulative_delta/3: accepted at boundary; one Current revision
.W03 cumulative_delta/4: rejected by cumulative magnitude limit; current unchanged
.W03 cumulative_delta/5: accepted at boundary; one Current revision
.W03 cumulative_delta/6: rejected by cumulative magnitude limit; current unchanged
.W03 cumulative_delta/7: accepted at boundary; one Current revision
.W03 cumulative_delta/8: rejected by cumulative magnitude limit; current unchanged
.W03 cumulative_delta/9: accepted at boundary; one Current revision
.W03 cumulative_delta/10: rejected by cumulative magnitude limit; current unchanged
.W03 cumulative_delta/11: accepted at boundary; one Current revision
.W03 cumulative_delta/12: rejected by cumulative magnitude limit; current unchanged
.W03 cumulative_delta/13: accepted at boundary; one Current revision
.W03 cumulative_delta/14: rejected by cumulative magnitude limit; current unchanged
.W03 cumulative_delta/15: accepted at boundary; one Current revision
.W03 cumulative_delta/16: rejected by cumulative magnitude limit; current unchanged
.W03 cumulative_delta/17: accepted at boundary; one Current revision
.W03 cumulative_delta/18: rejected by cumulative magnitude limit; current unchanged
.W03 cumulative_delta/19: accepted at boundary; one Current revision
.W03 cumulative_delta/20: rejected by cumulative magnitude limit; current unchanged
.W03 cumulative_delta/21: accepted at boundary; one Current revision
.W03 cumulative_delta/22: rejected by cumulative magnitude limit; current unchanged
.W03 cumulative_delta/23: accepted at boundary; one Current revision
.W03 cumulative_delta/24: rejected by cumulative magnitude limit; current unchanged
.W03 cumulative_delta/25: accepted at boundary; one Current revision
.W03 cumulative_delta/26: rejected by cumulative magnitude limit; current unchanged
.W03 cumulative_delta/27: accepted at boundary; one Current revision
.W03 cumulative_delta/28: rejected by cumulative magnitude limit; current unchanged
.W03 cumulative_delta/29: accepted at boundary; one Current revision
.W03 cumulative_delta/30: rejected by cumulative magnitude limit; current unchanged
.W03 cumulative_delta/31: accepted at boundary; one Current revision
.W03 cumulative_delta/32: rejected by cumulative magnitude limit; current unchanged
.W03 cumulative_delta/33: accepted at boundary; one Current revision
.W03 cumulative_delta/34: rejected by cumulative magnitude limit; current unchanged
.W03 cumulative_delta/35: accepted at boundary; one Current revision
.W03 cumulative_delta/36: rejected by cumulative magnitude limit; current unchanged
.W03 cumulative_delta/37: accepted at boundary; one Current revision
.W03 cumulative_delta/38: rejected by cumulative magnitude limit; current unchanged
.W03 cumulative_delta/39: accepted at boundary; one Current revision
.W03 cumulative_delta/40: rejected by cumulative magnitude limit; current unchanged
.W03 cumulative_delta/41: accepted at boundary; one Current revision
.W03 cumulative_delta/42: rejected by cumulative magnitude limit; current unchanged
.W03 cumulative_delta/43: accepted at boundary; one Current revision
.W03 cumulative_delta/44: rejected by cumulative magnitude limit; current unchanged
.W03 cumulative_delta/45: accepted at boundary; one Current revision
.W03 cumulative_delta/46: rejected by cumulative magnitude limit; current unchanged
.W03 cumulative_delta/47: accepted at boundary; one Current revision
.W03 cumulative_delta/48: rejected by cumulative magnitude limit; current unchanged
.W03 cumulative_delta/49: accepted at boundary; one Current revision
.W03 cumulative_delta/50: rejected by cumulative magnitude limit; current unchanged
.W03 cumulative_delta/51: accepted at boundary; one Current revision
.W03 cumulative_delta/52: rejected by cumulative magnitude limit; current unchanged
.W03 cumulative_delta/53: accepted at boundary; one Current revision
.W03 cumulative_delta/54: rejected by cumulative magnitude limit; current unchanged
.W03 cumulative_delta/55: accepted at boundary; one Current revision
.W03 cumulative_delta/56: rejected by cumulative magnitude limit; current unchanged
.W03 cumulative_delta/57: accepted at boundary; one Current revision
.W03 cumulative_delta/58: rejected by cumulative magnitude limit; current unchanged
.W03 cumulative_delta/59: accepted at boundary; one Current revision
.W03 cumulative_delta/60: rejected by cumulative magnitude limit; current unchanged
.W03 cumulative_delta/61: accepted at boundary; one Current revision
.W03 cumulative_delta/62: rejected by cumulative magnitude limit; current unchanged
.W03 cumulative_delta/63: accepted at boundary; one Current revision
.W03 cumulative_delta/64: rejected by cumulative magnitude limit; current unchanged
.W03 cumulative_delta/65: accepted at boundary; one Current revision
.W03 cumulative_delta/66: rejected by cumulative magnitude limit; current unchanged
.W03 cumulative_delta/67: accepted at boundary; one Current revision
.W03 cumulative_delta/68: rejected by cumulative magnitude limit; current unchanged
.W03 cumulative_delta/69: accepted at boundary; one Current revision
.W03 cumulative_delta/70: rejected by cumulative magnitude limit; current unchanged
.W03 cumulative_delta/71: accepted at boundary; one Current revision
.W03 cumulative_delta/72: rejected by cumulative magnitude limit; current unchanged
.W03 cumulative_delta/73: accepted at boundary; one Current revision
.W03 cumulative_delta/74: rejected by cumulative magnitude limit; current unchanged
.W03 cumulative_delta/75: accepted at boundary; one Current revision
.W03 cumulative_delta/76: rejected by cumulative magnitude limit; current unchanged
.W03 cumulative_delta/77: accepted at boundary; one Current revision
.W03 cumulative_delta/78: rejected by cumulative magnitude limit; current unchanged
.W03 cumulative_delta/79: accepted at boundary; one Current revision
.W03 cumulative_delta/80: rejected by cumulative magnitude limit; current unchanged
.W03 cumulative_delta/81: accepted at boundary; one Current revision
.W03 cumulative_delta/82: rejected by cumulative magnitude limit; current unchanged
.W03 cumulative_delta/83: accepted at boundary; one Current revision
.W03 cumulative_delta/84: rejected by cumulative magnitude limit; current unchanged
.W03 cumulative_delta/85: accepted at boundary; one Current revision
.W03 cumulative_delta/86: rejected by cumulative magnitude limit; current unchanged
.W03 cumulative_delta/87: accepted at boundary; one Current revision
.W03 cumulative_delta/88: rejected by cumulative magnitude limit; current unchanged
.W03 cumulative_delta/89: accepted at boundary; one Current revision
.W03 cumulative_delta/90: rejected by cumulative magnitude limit; current unchanged
.W03 cumulative_delta/91: accepted at boundary; one Current revision
.W03 cumulative_delta/92: rejected by cumulative magnitude limit; current unchanged
.W03 cumulative_delta/93: accepted at boundary; one Current revision
.W03 cumulative_delta/94: rejected by cumulative magnitude limit; current unchanged
.W03 cumulative_delta/95: accepted at boundary; one Current revision
.W03 cumulative_delta/96: rejected by cumulative magnitude limit; current unchanged
.W03 cumulative_delta/97: accepted at boundary; one Current revision
.W03 cumulative_delta/98: rejected by cumulative magnitude limit; current unchanged
.W03 cumulative_delta/99: accepted at boundary; one Current revision
.W03 cumulative_delta/100: rejected by cumulative magnitude limit; current unchanged
.W03 cumulative_delta/101: accepted at boundary; one Current revision
.W03 cumulative_delta/102: rejected by cumulative magnitude limit; current unchanged
.W03 cumulative_delta/103: accepted at boundary; one Current revision
.W03 cumulative_delta/104: rejected by cumulative magnitude limit; current unchanged
.W03 cumulative_delta/105: accepted at boundary; one Current revision
.W03 cumulative_delta/106: rejected by cumulative magnitude limit; current unchanged
.W03 cumulative_delta/107: accepted at boundary; one Current revision
.W03 cumulative_delta/108: rejected by cumulative magnitude limit; current unchanged
.W03 cumulative_delta/109: accepted at boundary; one Current revision
.W03 cumulative_delta/110: rejected by cumulative magnitude limit; current unchanged
.W03 cumulative_delta/111: accepted at boundary; one Current revision
.W03 cumulative_delta/112: rejected by cumulative magnitude limit; current unchanged
.W03 cumulative_delta/113: accepted at boundary; one Current revision
.W03 cumulative_delta/114: rejected by cumulative magnitude limit; current unchanged
.W03 cumulative_delta/115: accepted at boundary; one Current revision
.W03 cumulative_delta/116: rejected by cumulative magnitude limit; current unchanged
.W03 cumulative_delta/117: accepted at boundary; one Current revision
.W03 cumulative_delta/118: rejected by cumulative magnitude limit; current unchanged
.W03 cumulative_delta/119: accepted at boundary; one Current revision
.W03 cumulative_delta/120: rejected by cumulative magnitude limit; current unchanged
.W03 cumulative_delta/121: accepted at boundary; one Current revision
.W03 cumulative_delta/122: rejected by cumulative magnitude limit; current unchanged
.W03 cumulative_delta/123: accepted at boundary; one Current revision
.W03 cumulative_delta/124: rejected by cumulative magnitude limit; current unchanged
.W03 cumulative_delta/125: accepted at boundary; one Current revision
.W03 cumulative_delta/126: rejected by cumulative magnitude limit; current unchanged
.W03 cumulative_delta/127: accepted at boundary; one Current revision
.W03 cumulative_delta/128: rejected by cumulative magnitude limit; current unchanged
.W03 cumulative_delta/129: accepted at boundary; one Current revision
.W03 cumulative_delta/130: rejected by cumulative magnitude limit; current unchanged
.W03 cumulative_delta/131: accepted at boundary; one Current revision
.W03 cumulative_delta/132: rejected by cumulative magnitude limit; current unchanged
.W03 cumulative_delta/133: accepted at boundary; one Current revision
.W03 cumulative_delta/134: rejected by cumulative magnitude limit; current unchanged
.W03 cumulative_delta/135: accepted at boundary; one Current revision
.W03 cumulative_delta/136: rejected by cumulative magnitude limit; current unchanged
.W03 cumulative_delta/137: accepted at boundary; one Current revision
.W03 cumulative_delta/138: rejected by cumulative magnitude limit; current unchanged
.W03 cumulative_delta/139: accepted at boundary; one Current revision
.W03 cumulative_delta/140: rejected by cumulative magnitude limit; current unchanged
.W03 cumulative_delta/141: accepted at boundary; one Current revision
.W03 cumulative_delta/142: rejected by cumulative magnitude limit; current unchanged
.W03 cumulative_delta/143: accepted at boundary; one Current revision
.W03 cumulative_delta/144: rejected by cumulative magnitude limit; current unchanged
.W03 cumulative_delta/145: accepted at boundary; one Current revision
.W03 cumulative_delta/146: rejected by cumulative magnitude limit; current unchanged
.W03 cumulative_delta/147: accepted at boundary; one Current revision
.W03 cumulative_delta/148: rejected by cumulative magnitude limit; current unchanged
.W03 cumulative_delta/149: accepted at boundary; one Current revision
.W03 cumulative_delta/150: rejected by cumulative magnitude limit; current unchanged
.W03 cumulative_delta/151: accepted at boundary; one Current revision
.W03 cumulative_delta/152: rejected by cumulative magnitude limit; current unchanged
.W03 cumulative_delta/153: accepted at boundary; one Current revision
.W03 cumulative_delta/154: rejected by cumulative magnitude limit; current unchanged
.W03 cumulative_delta/155: accepted at boundary; one Current revision
.W03 cumulative_delta/156: rejected by cumulative magnitude limit; current unchanged
.W03 cumulative_delta/157: accepted at boundary; one Current revision
.W03 cumulative_delta/158: rejected by cumulative magnitude limit; current unchanged
.W03 cumulative_delta/159: accepted at boundary; one Current revision
.W03 cumulative_delta/160: rejected by cumulative magnitude limit; current unchanged
.W03 cumulative_delta/161: accepted at boundary; one Current revision
.W03 cumulative_delta/162: rejected by cumulative magnitude limit; current unchanged
.W03 cumulative_delta/163: accepted at boundary; one Current revision
.W03 cumulative_delta/164: rejected by cumulative magnitude limit; current unchanged
.W03 cumulative_delta/165: accepted at boundary; one Current revision
.W03 cumulative_delta/166: rejected by cumulative magnitude limit; current unchanged
.W03 cumulative_delta/167: accepted at boundary; one Current revision
.W03 cumulative_delta/168: rejected by cumulative magnitude limit; current unchanged
.W03 cumulative_delta/169: accepted at boundary; one Current revision
.W03 cumulative_delta/170: rejected by cumulative magnitude limit; current unchanged
.W03 cumulative_delta/171: accepted at boundary; one Current revision
.W03 cumulative_delta/172: rejected by cumulative magnitude limit; current unchanged
.W03 cumulative_delta/173: accepted at boundary; one Current revision
.W03 cumulative_delta/174: rejected by cumulative magnitude limit; current unchanged
.W03 cumulative_delta/175: accepted at boundary; one Current revision
.W03 cumulative_delta/176: rejected by cumulative magnitude limit; current unchanged
.W03 cumulative_delta/177: accepted at boundary; one Current revision
.W03 cumulative_delta/178: rejected by cumulative magnitude limit; current unchanged
.W03 cumulative_delta/179: accepted at boundary; one Current revision
.W03 cumulative_delta/180: rejected by cumulative magnitude limit; current unchanged
.W03 cumulative_delta/181: accepted at boundary; one Current revision
.W03 cumulative_delta/182: rejected by cumulative magnitude limit; current unchanged
.W03 cumulative_delta/183: accepted at boundary; one Current revision
.W03 cumulative_delta/184: rejected by cumulative magnitude limit; current unchanged
.W03 cumulative_delta/185: accepted at boundary; one Current revision
.W03 cumulative_delta/186: rejected by cumulative magnitude limit; current unchanged
.W03 cumulative_delta/187: accepted at boundary; one Current revision
.W03 cumulative_delta/188: rejected by cumulative magnitude limit; current unchanged
.W03 cumulative_delta/189: accepted at boundary; one Current revision
.W03 cumulative_delta/190: rejected by cumulative magnitude limit; current unchanged
.W03 cumulative_delta/191: accepted at boundary; one Current revision
.W03 cumulative_delta/192: rejected by cumulative magnitude limit; current unchanged
.W03 cumulative_delta/193: accepted at boundary; one Current revision
.W03 cumulative_delta/194: rejected by cumulative magnitude limit; current unchanged
.W03 cumulative_delta/195: accepted at boundary; one Current revision
.W03 cumulative_delta/196: rejected by cumulative magnitude limit; current unchanged
.W03 cumulative_delta/197: accepted at boundary; one Current revision
.W03 cumulative_delta/198: rejected by cumulative magnitude limit; current unchanged
.W03 cumulative_delta/199: accepted at boundary; one Current revision
.W03 evidence_count/0: rejected by insufficient Evidence$; current unchanged
.W03 evidence_count/1: accepted at boundary; one Current revision
.W03 evidence_count/2: rejected by insufficient Evidence$; current unchanged
.W03 evidence_count/3: accepted at boundary; one Current revision
.W03 evidence_count/4: rejected by insufficient Evidence$; current unchanged
.W03 evidence_count/5: accepted at boundary; one Current revision
.W03 evidence_count/6: rejected by insufficient Evidence$; current unchanged
.W03 evidence_count/7: accepted at boundary; one Current revision
.W03 evidence_count/8: rejected by insufficient Evidence$; current unchanged
.W03 evidence_count/9: accepted at boundary; one Current revision
.W03 evidence_count/10: rejected by insufficient Evidence$; current unchanged
.W03 evidence_count/11: accepted at boundary; one Current revision
.W03 evidence_count/12: rejected by insufficient Evidence$; current unchanged
.W03 evidence_count/13: accepted at boundary; one Current revision
.W03 evidence_count/14: rejected by insufficient Evidence$; current unchanged
.W03 evidence_count/15: accepted at boundary; one Current revision
.W03 evidence_count/16: rejected by insufficient Evidence$; current unchanged
.W03 evidence_count/17: accepted at boundary; one Current revision
.W03 evidence_count/18: rejected by insufficient Evidence$; current unchanged
.W03 evidence_count/19: accepted at boundary; one Current revision
.W03 evidence_count/20: rejected by insufficient Evidence$; current unchanged
.W03 evidence_count/21: accepted at boundary; one Current revision
.W03 evidence_count/22: rejected by insufficient Evidence$; current unchanged
.W03 evidence_count/23: accepted at boundary; one Current revision
.W03 evidence_count/24: rejected by insufficient Evidence$; current unchanged
.W03 evidence_count/25: accepted at boundary; one Current revision
.W03 evidence_count/26: rejected by insufficient Evidence$; current unchanged
.W03 evidence_count/27: accepted at boundary; one Current revision
.W03 evidence_count/28: rejected by insufficient Evidence$; current unchanged
.W03 evidence_count/29: accepted at boundary; one Current revision
.W03 evidence_count/30: rejected by insufficient Evidence$; current unchanged
.W03 evidence_count/31: accepted at boundary; one Current revision
.W03 evidence_count/32: rejected by insufficient Evidence$; current unchanged
.W03 evidence_count/33: accepted at boundary; one Current revision
.W03 evidence_count/34: rejected by insufficient Evidence$; current unchanged
.W03 evidence_count/35: accepted at boundary; one Current revision
.W03 evidence_count/36: rejected by insufficient Evidence$; current unchanged
.W03 evidence_count/37: accepted at boundary; one Current revision
.W03 evidence_count/38: rejected by insufficient Evidence$; current unchanged
.W03 evidence_count/39: accepted at boundary; one Current revision
.W03 evidence_count/40: rejected by insufficient Evidence$; current unchanged
.W03 evidence_count/41: accepted at boundary; one Current revision
.W03 evidence_count/42: rejected by insufficient Evidence$; current unchanged
.W03 evidence_count/43: accepted at boundary; one Current revision
.W03 evidence_count/44: rejected by insufficient Evidence$; current unchanged
.W03 evidence_count/45: accepted at boundary; one Current revision
.W03 evidence_count/46: rejected by insufficient Evidence$; current unchanged
.W03 evidence_count/47: accepted at boundary; one Current revision
.W03 evidence_count/48: rejected by insufficient Evidence$; current unchanged
.W03 evidence_count/49: accepted at boundary; one Current revision
.W03 evidence_count/50: rejected by insufficient Evidence$; current unchanged
.W03 evidence_count/51: accepted at boundary; one Current revision
.W03 evidence_count/52: rejected by insufficient Evidence$; current unchanged
.W03 evidence_count/53: accepted at boundary; one Current revision
.W03 evidence_count/54: rejected by insufficient Evidence$; current unchanged
.W03 evidence_count/55: accepted at boundary; one Current revision
.W03 evidence_count/56: rejected by insufficient Evidence$; current unchanged
.W03 evidence_count/57: accepted at boundary; one Current revision
.W03 evidence_count/58: rejected by insufficient Evidence$; current unchanged
.W03 evidence_count/59: accepted at boundary; one Current revision
.W03 evidence_count/60: rejected by insufficient Evidence$; current unchanged
.W03 evidence_count/61: accepted at boundary; one Current revision
.W03 evidence_count/62: rejected by insufficient Evidence$; current unchanged
.W03 evidence_count/63: accepted at boundary; one Current revision
.W03 evidence_count/64: rejected by insufficient Evidence$; current unchanged
.W03 evidence_count/65: accepted at boundary; one Current revision
.W03 evidence_count/66: rejected by insufficient Evidence$; current unchanged
.W03 evidence_count/67: accepted at boundary; one Current revision
.W03 evidence_count/68: rejected by insufficient Evidence$; current unchanged
.W03 evidence_count/69: accepted at boundary; one Current revision
.W03 evidence_count/70: rejected by insufficient Evidence$; current unchanged
.W03 evidence_count/71: accepted at boundary; one Current revision
.W03 evidence_count/72: rejected by insufficient Evidence$; current unchanged
.W03 evidence_count/73: accepted at boundary; one Current revision
.W03 evidence_count/74: rejected by insufficient Evidence$; current unchanged
.W03 evidence_count/75: accepted at boundary; one Current revision
.W03 evidence_count/76: rejected by insufficient Evidence$; current unchanged
.W03 evidence_count/77: accepted at boundary; one Current revision
.W03 evidence_count/78: rejected by insufficient Evidence$; current unchanged
.W03 evidence_count/79: accepted at boundary; one Current revision
.W03 evidence_count/80: rejected by insufficient Evidence$; current unchanged
.W03 evidence_count/81: accepted at boundary; one Current revision
.W03 evidence_count/82: rejected by insufficient Evidence$; current unchanged
.W03 evidence_count/83: accepted at boundary; one Current revision
.W03 evidence_count/84: rejected by insufficient Evidence$; current unchanged
.W03 evidence_count/85: accepted at boundary; one Current revision
.W03 evidence_count/86: rejected by insufficient Evidence$; current unchanged
.W03 evidence_count/87: accepted at boundary; one Current revision
.W03 evidence_count/88: rejected by insufficient Evidence$; current unchanged
.W03 evidence_count/89: accepted at boundary; one Current revision
.W03 evidence_count/90: rejected by insufficient Evidence$; current unchanged
.W03 evidence_count/91: accepted at boundary; one Current revision
.W03 evidence_count/92: rejected by insufficient Evidence$; current unchanged
.W03 evidence_count/93: accepted at boundary; one Current revision
.W03 evidence_count/94: rejected by insufficient Evidence$; current unchanged
.W03 evidence_count/95: accepted at boundary; one Current revision
.W03 evidence_count/96: rejected by insufficient Evidence$; current unchanged
.W03 evidence_count/97: accepted at boundary; one Current revision
.W03 evidence_count/98: rejected by insufficient Evidence$; current unchanged
.W03 evidence_count/99: accepted at boundary; one Current revision
.W03 evidence_count/100: rejected by insufficient Evidence$; current unchanged
.W03 evidence_count/101: accepted at boundary; one Current revision
.W03 evidence_count/102: rejected by insufficient Evidence$; current unchanged
.W03 evidence_count/103: accepted at boundary; one Current revision
.W03 evidence_count/104: rejected by insufficient Evidence$; current unchanged
.W03 evidence_count/105: accepted at boundary; one Current revision
.W03 evidence_count/106: rejected by insufficient Evidence$; current unchanged
.W03 evidence_count/107: accepted at boundary; one Current revision
.W03 evidence_count/108: rejected by insufficient Evidence$; current unchanged
.W03 evidence_count/109: accepted at boundary; one Current revision
.W03 evidence_count/110: rejected by insufficient Evidence$; current unchanged
.W03 evidence_count/111: accepted at boundary; one Current revision
.W03 evidence_count/112: rejected by insufficient Evidence$; current unchanged
.W03 evidence_count/113: accepted at boundary; one Current revision
.W03 evidence_count/114: rejected by insufficient Evidence$; current unchanged
.W03 evidence_count/115: accepted at boundary; one Current revision
.W03 evidence_count/116: rejected by insufficient Evidence$; current unchanged
.W03 evidence_count/117: accepted at boundary; one Current revision
.W03 evidence_count/118: rejected by insufficient Evidence$; current unchanged
.W03 evidence_count/119: accepted at boundary; one Current revision
.W03 evidence_count/120: rejected by insufficient Evidence$; current unchanged
.W03 evidence_count/121: accepted at boundary; one Current revision
.W03 evidence_count/122: rejected by insufficient Evidence$; current unchanged
.W03 evidence_count/123: accepted at boundary; one Current revision
.W03 evidence_count/124: rejected by insufficient Evidence$; current unchanged
.W03 evidence_count/125: accepted at boundary; one Current revision
.W03 evidence_count/126: rejected by insufficient Evidence$; current unchanged
.W03 evidence_count/127: accepted at boundary; one Current revision
.W03 evidence_count/128: rejected by insufficient Evidence$; current unchanged
.W03 evidence_count/129: accepted at boundary; one Current revision
.W03 evidence_count/130: rejected by insufficient Evidence$; current unchanged
.W03 evidence_count/131: accepted at boundary; one Current revision
.W03 evidence_count/132: rejected by insufficient Evidence$; current unchanged
.W03 evidence_count/133: accepted at boundary; one Current revision
.W03 evidence_count/134: rejected by insufficient Evidence$; current unchanged
.W03 evidence_count/135: accepted at boundary; one Current revision
.W03 evidence_count/136: rejected by insufficient Evidence$; current unchanged
.W03 evidence_count/137: accepted at boundary; one Current revision
.W03 evidence_count/138: rejected by insufficient Evidence$; current unchanged
.W03 evidence_count/139: accepted at boundary; one Current revision
.W03 evidence_count/140: rejected by insufficient Evidence$; current unchanged
.W03 evidence_count/141: accepted at boundary; one Current revision
.W03 evidence_count/142: rejected by insufficient Evidence$; current unchanged
.W03 evidence_count/143: accepted at boundary; one Current revision
.W03 evidence_count/144: rejected by insufficient Evidence$; current unchanged
.W03 evidence_count/145: accepted at boundary; one Current revision
.W03 evidence_count/146: rejected by insufficient Evidence$; current unchanged
.W03 evidence_count/147: accepted at boundary; one Current revision
.W03 evidence_count/148: rejected by insufficient Evidence$; current unchanged
.W03 evidence_count/149: accepted at boundary; one Current revision
.W03 evidence_count/150: rejected by insufficient Evidence$; current unchanged
.W03 evidence_count/151: accepted at boundary; one Current revision
.W03 evidence_count/152: rejected by insufficient Evidence$; current unchanged
.W03 evidence_count/153: accepted at boundary; one Current revision
.W03 evidence_count/154: rejected by insufficient Evidence$; current unchanged
.W03 evidence_count/155: accepted at boundary; one Current revision
.W03 evidence_count/156: rejected by insufficient Evidence$; current unchanged
.W03 evidence_count/157: accepted at boundary; one Current revision
.W03 evidence_count/158: rejected by insufficient Evidence$; current unchanged
.W03 evidence_count/159: accepted at boundary; one Current revision
.W03 evidence_count/160: rejected by insufficient Evidence$; current unchanged
.W03 evidence_count/161: accepted at boundary; one Current revision
.W03 evidence_count/162: rejected by insufficient Evidence$; current unchanged
.W03 evidence_count/163: accepted at boundary; one Current revision
.W03 evidence_count/164: rejected by insufficient Evidence$; current unchanged
.W03 evidence_count/165: accepted at boundary; one Current revision
.W03 evidence_count/166: rejected by insufficient Evidence$; current unchanged
.W03 evidence_count/167: accepted at boundary; one Current revision
.W03 evidence_count/168: rejected by insufficient Evidence$; current unchanged
.W03 evidence_count/169: accepted at boundary; one Current revision
.W03 evidence_count/170: rejected by insufficient Evidence$; current unchanged
.W03 evidence_count/171: accepted at boundary; one Current revision
.W03 evidence_count/172: rejected by insufficient Evidence$; current unchanged
.W03 evidence_count/173: accepted at boundary; one Current revision
.W03 evidence_count/174: rejected by insufficient Evidence$; current unchanged
.W03 evidence_count/175: accepted at boundary; one Current revision
.W03 evidence_count/176: rejected by insufficient Evidence$; current unchanged
.W03 evidence_count/177: accepted at boundary; one Current revision
.W03 evidence_count/178: rejected by insufficient Evidence$; current unchanged
.W03 evidence_count/179: accepted at boundary; one Current revision
.W03 evidence_count/180: rejected by insufficient Evidence$; current unchanged
.W03 evidence_count/181: accepted at boundary; one Current revision
.W03 evidence_count/182: rejected by insufficient Evidence$; current unchanged
.W03 evidence_count/183: accepted at boundary; one Current revision
.W03 evidence_count/184: rejected by insufficient Evidence$; current unchanged
.W03 evidence_count/185: accepted at boundary; one Current revision
.W03 evidence_count/186: rejected by insufficient Evidence$; current unchanged
.W03 evidence_count/187: accepted at boundary; one Current revision
.W03 evidence_count/188: rejected by insufficient Evidence$; current unchanged
.W03 evidence_count/189: accepted at boundary; one Current revision
.W03 evidence_count/190: rejected by insufficient Evidence$; current unchanged
.W03 evidence_count/191: accepted at boundary; one Current revision
.W03 evidence_count/192: rejected by insufficient Evidence$; current unchanged
.W03 evidence_count/193: accepted at boundary; one Current revision
.W03 evidence_count/194: rejected by insufficient Evidence$; current unchanged
.W03 evidence_count/195: accepted at boundary; one Current revision
.W03 evidence_count/196: rejected by insufficient Evidence$; current unchanged
.W03 evidence_count/197: accepted at boundary; one Current revision
.W03 evidence_count/198: rejected by insufficient Evidence$; current unchanged
.W03 evidence_count/199: accepted at boundary; one Current revision
.W03 evidence_diversity/0: rejected by insufficient Evidence diversity; current unchanged
.W03 evidence_diversity/1: accepted at boundary; one Current revision
.W03 evidence_diversity/2: rejected by insufficient Evidence diversity; current unchanged
.W03 evidence_diversity/3: accepted at boundary; one Current revision
.W03 evidence_diversity/4: rejected by insufficient Evidence diversity; current unchanged
.W03 evidence_diversity/5: accepted at boundary; one Current revision
.W03 evidence_diversity/6: rejected by insufficient Evidence diversity; current unchanged
.W03 evidence_diversity/7: accepted at boundary; one Current revision
.W03 evidence_diversity/8: rejected by insufficient Evidence diversity; current unchanged
.W03 evidence_diversity/9: accepted at boundary; one Current revision
.W03 evidence_diversity/10: rejected by insufficient Evidence diversity; current unchanged
.W03 evidence_diversity/11: accepted at boundary; one Current revision
.W03 evidence_diversity/12: rejected by insufficient Evidence diversity; current unchanged
.W03 evidence_diversity/13: accepted at boundary; one Current revision
.W03 evidence_diversity/14: rejected by insufficient Evidence diversity; current unchanged
.W03 evidence_diversity/15: accepted at boundary; one Current revision
.W03 evidence_diversity/16: rejected by insufficient Evidence diversity; current unchanged
.W03 evidence_diversity/17: accepted at boundary; one Current revision
.W03 evidence_diversity/18: rejected by insufficient Evidence diversity; current unchanged
.W03 evidence_diversity/19: accepted at boundary; one Current revision
.W03 evidence_diversity/20: rejected by insufficient Evidence diversity; current unchanged
.W03 evidence_diversity/21: accepted at boundary; one Current revision
.W03 evidence_diversity/22: rejected by insufficient Evidence diversity; current unchanged
.W03 evidence_diversity/23: accepted at boundary; one Current revision
.W03 evidence_diversity/24: rejected by insufficient Evidence diversity; current unchanged
.W03 evidence_diversity/25: accepted at boundary; one Current revision
.W03 evidence_diversity/26: rejected by insufficient Evidence diversity; current unchanged
.W03 evidence_diversity/27: accepted at boundary; one Current revision
.W03 evidence_diversity/28: rejected by insufficient Evidence diversity; current unchanged
.W03 evidence_diversity/29: accepted at boundary; one Current revision
.W03 evidence_diversity/30: rejected by insufficient Evidence diversity; current unchanged
.W03 evidence_diversity/31: accepted at boundary; one Current revision
.W03 evidence_diversity/32: rejected by insufficient Evidence diversity; current unchanged
.W03 evidence_diversity/33: accepted at boundary; one Current revision
.W03 evidence_diversity/34: rejected by insufficient Evidence diversity; current unchanged
.W03 evidence_diversity/35: accepted at boundary; one Current revision
.W03 evidence_diversity/36: rejected by insufficient Evidence diversity; current unchanged
.W03 evidence_diversity/37: accepted at boundary; one Current revision
.W03 evidence_diversity/38: rejected by insufficient Evidence diversity; current unchanged
.W03 evidence_diversity/39: accepted at boundary; one Current revision
.W03 evidence_diversity/40: rejected by insufficient Evidence diversity; current unchanged
.W03 evidence_diversity/41: accepted at boundary; one Current revision
.W03 evidence_diversity/42: rejected by insufficient Evidence diversity; current unchanged
.W03 evidence_diversity/43: accepted at boundary; one Current revision
.W03 evidence_diversity/44: rejected by insufficient Evidence diversity; current unchanged
.W03 evidence_diversity/45: accepted at boundary; one Current revision
.W03 evidence_diversity/46: rejected by insufficient Evidence diversity; current unchanged
.W03 evidence_diversity/47: accepted at boundary; one Current revision
.W03 evidence_diversity/48: rejected by insufficient Evidence diversity; current unchanged
.W03 evidence_diversity/49: accepted at boundary; one Current revision
.W03 evidence_diversity/50: rejected by insufficient Evidence diversity; current unchanged
.W03 evidence_diversity/51: accepted at boundary; one Current revision
.W03 evidence_diversity/52: rejected by insufficient Evidence diversity; current unchanged
.W03 evidence_diversity/53: accepted at boundary; one Current revision
.W03 evidence_diversity/54: rejected by insufficient Evidence diversity; current unchanged
.W03 evidence_diversity/55: accepted at boundary; one Current revision
.W03 evidence_diversity/56: rejected by insufficient Evidence diversity; current unchanged
.W03 evidence_diversity/57: accepted at boundary; one Current revision
.W03 evidence_diversity/58: rejected by insufficient Evidence diversity; current unchanged
.W03 evidence_diversity/59: accepted at boundary; one Current revision
.W03 evidence_diversity/60: rejected by insufficient Evidence diversity; current unchanged
.W03 evidence_diversity/61: accepted at boundary; one Current revision
.W03 evidence_diversity/62: rejected by insufficient Evidence diversity; current unchanged
.W03 evidence_diversity/63: accepted at boundary; one Current revision
.W03 evidence_diversity/64: rejected by insufficient Evidence diversity; current unchanged
.W03 evidence_diversity/65: accepted at boundary; one Current revision
.W03 evidence_diversity/66: rejected by insufficient Evidence diversity; current unchanged
.W03 evidence_diversity/67: accepted at boundary; one Current revision
.W03 evidence_diversity/68: rejected by insufficient Evidence diversity; current unchanged
.W03 evidence_diversity/69: accepted at boundary; one Current revision
.W03 evidence_diversity/70: rejected by insufficient Evidence diversity; current unchanged
.W03 evidence_diversity/71: accepted at boundary; one Current revision
.W03 evidence_diversity/72: rejected by insufficient Evidence diversity; current unchanged
.W03 evidence_diversity/73: accepted at boundary; one Current revision
.W03 evidence_diversity/74: rejected by insufficient Evidence diversity; current unchanged
.W03 evidence_diversity/75: accepted at boundary; one Current revision
.W03 evidence_diversity/76: rejected by insufficient Evidence diversity; current unchanged
.W03 evidence_diversity/77: accepted at boundary; one Current revision
.W03 evidence_diversity/78: rejected by insufficient Evidence diversity; current unchanged
.W03 evidence_diversity/79: accepted at boundary; one Current revision
.W03 evidence_diversity/80: rejected by insufficient Evidence diversity; current unchanged
.W03 evidence_diversity/81: accepted at boundary; one Current revision
.W03 evidence_diversity/82: rejected by insufficient Evidence diversity; current unchanged
.W03 evidence_diversity/83: accepted at boundary; one Current revision
.W03 evidence_diversity/84: rejected by insufficient Evidence diversity; current unchanged
.W03 evidence_diversity/85: accepted at boundary; one Current revision
.W03 evidence_diversity/86: rejected by insufficient Evidence diversity; current unchanged
.W03 evidence_diversity/87: accepted at boundary; one Current revision
.W03 evidence_diversity/88: rejected by insufficient Evidence diversity; current unchanged
.W03 evidence_diversity/89: accepted at boundary; one Current revision
.W03 evidence_diversity/90: rejected by insufficient Evidence diversity; current unchanged
.W03 evidence_diversity/91: accepted at boundary; one Current revision
.W03 evidence_diversity/92: rejected by insufficient Evidence diversity; current unchanged
.W03 evidence_diversity/93: accepted at boundary; one Current revision
.W03 evidence_diversity/94: rejected by insufficient Evidence diversity; current unchanged
.W03 evidence_diversity/95: accepted at boundary; one Current revision
.W03 evidence_diversity/96: rejected by insufficient Evidence diversity; current unchanged
.W03 evidence_diversity/97: accepted at boundary; one Current revision
.W03 evidence_diversity/98: rejected by insufficient Evidence diversity; current unchanged
.W03 evidence_diversity/99: accepted at boundary; one Current revision
.W03 evidence_diversity/100: rejected by insufficient Evidence diversity; current unchanged
.W03 evidence_diversity/101: accepted at boundary; one Current revision
.W03 evidence_diversity/102: rejected by insufficient Evidence diversity; current unchanged
.W03 evidence_diversity/103: accepted at boundary; one Current revision
.W03 evidence_diversity/104: rejected by insufficient Evidence diversity; current unchanged
.W03 evidence_diversity/105: accepted at boundary; one Current revision
.W03 evidence_diversity/106: rejected by insufficient Evidence diversity; current unchanged
.W03 evidence_diversity/107: accepted at boundary; one Current revision
.W03 evidence_diversity/108: rejected by insufficient Evidence diversity; current unchanged
.W03 evidence_diversity/109: accepted at boundary; one Current revision
.W03 evidence_diversity/110: rejected by insufficient Evidence diversity; current unchanged
.W03 evidence_diversity/111: accepted at boundary; one Current revision
.W03 evidence_diversity/112: rejected by insufficient Evidence diversity; current unchanged
.W03 evidence_diversity/113: accepted at boundary; one Current revision
.W03 evidence_diversity/114: rejected by insufficient Evidence diversity; current unchanged
.W03 evidence_diversity/115: accepted at boundary; one Current revision
.W03 evidence_diversity/116: rejected by insufficient Evidence diversity; current unchanged
.W03 evidence_diversity/117: accepted at boundary; one Current revision
.W03 evidence_diversity/118: rejected by insufficient Evidence diversity; current unchanged
.W03 evidence_diversity/119: accepted at boundary; one Current revision
.W03 evidence_diversity/120: rejected by insufficient Evidence diversity; current unchanged
.W03 evidence_diversity/121: accepted at boundary; one Current revision
.W03 evidence_diversity/122: rejected by insufficient Evidence diversity; current unchanged
.W03 evidence_diversity/123: accepted at boundary; one Current revision
.W03 evidence_diversity/124: rejected by insufficient Evidence diversity; current unchanged
.W03 evidence_diversity/125: accepted at boundary; one Current revision
.W03 evidence_diversity/126: rejected by insufficient Evidence diversity; current unchanged
.W03 evidence_diversity/127: accepted at boundary; one Current revision
.W03 evidence_diversity/128: rejected by insufficient Evidence diversity; current unchanged
.W03 evidence_diversity/129: accepted at boundary; one Current revision
.W03 evidence_diversity/130: rejected by insufficient Evidence diversity; current unchanged
.W03 evidence_diversity/131: accepted at boundary; one Current revision
.W03 evidence_diversity/132: rejected by insufficient Evidence diversity; current unchanged
.W03 evidence_diversity/133: accepted at boundary; one Current revision
.W03 evidence_diversity/134: rejected by insufficient Evidence diversity; current unchanged
.W03 evidence_diversity/135: accepted at boundary; one Current revision
.W03 evidence_diversity/136: rejected by insufficient Evidence diversity; current unchanged
.W03 evidence_diversity/137: accepted at boundary; one Current revision
.W03 evidence_diversity/138: rejected by insufficient Evidence diversity; current unchanged
.W03 evidence_diversity/139: accepted at boundary; one Current revision
.W03 evidence_diversity/140: rejected by insufficient Evidence diversity; current unchanged
.W03 evidence_diversity/141: accepted at boundary; one Current revision
.W03 evidence_diversity/142: rejected by insufficient Evidence diversity; current unchanged
.W03 evidence_diversity/143: accepted at boundary; one Current revision
.W03 evidence_diversity/144: rejected by insufficient Evidence diversity; current unchanged
.W03 evidence_diversity/145: accepted at boundary; one Current revision
.W03 evidence_diversity/146: rejected by insufficient Evidence diversity; current unchanged
.W03 evidence_diversity/147: accepted at boundary; one Current revision
.W03 evidence_diversity/148: rejected by insufficient Evidence diversity; current unchanged
.W03 evidence_diversity/149: accepted at boundary; one Current revision
.W03 evidence_diversity/150: rejected by insufficient Evidence diversity; current unchanged
.W03 evidence_diversity/151: accepted at boundary; one Current revision
.W03 evidence_diversity/152: rejected by insufficient Evidence diversity; current unchanged
.W03 evidence_diversity/153: accepted at boundary; one Current revision
.W03 evidence_diversity/154: rejected by insufficient Evidence diversity; current unchanged
.W03 evidence_diversity/155: accepted at boundary; one Current revision
.W03 evidence_diversity/156: rejected by insufficient Evidence diversity; current unchanged
.W03 evidence_diversity/157: accepted at boundary; one Current revision
.W03 evidence_diversity/158: rejected by insufficient Evidence diversity; current unchanged
.W03 evidence_diversity/159: accepted at boundary; one Current revision
.W03 evidence_diversity/160: rejected by insufficient Evidence diversity; current unchanged
.W03 evidence_diversity/161: accepted at boundary; one Current revision
.W03 evidence_diversity/162: rejected by insufficient Evidence diversity; current unchanged
.W03 evidence_diversity/163: accepted at boundary; one Current revision
.W03 evidence_diversity/164: rejected by insufficient Evidence diversity; current unchanged
.W03 evidence_diversity/165: accepted at boundary; one Current revision
.W03 evidence_diversity/166: rejected by insufficient Evidence diversity; current unchanged
.W03 evidence_diversity/167: accepted at boundary; one Current revision
.W03 evidence_diversity/168: rejected by insufficient Evidence diversity; current unchanged
.W03 evidence_diversity/169: accepted at boundary; one Current revision
.W03 evidence_diversity/170: rejected by insufficient Evidence diversity; current unchanged
.W03 evidence_diversity/171: accepted at boundary; one Current revision
.W03 evidence_diversity/172: rejected by insufficient Evidence diversity; current unchanged
.W03 evidence_diversity/173: accepted at boundary; one Current revision
.W03 evidence_diversity/174: rejected by insufficient Evidence diversity; current unchanged
.W03 evidence_diversity/175: accepted at boundary; one Current revision
.W03 evidence_diversity/176: rejected by insufficient Evidence diversity; current unchanged
.W03 evidence_diversity/177: accepted at boundary; one Current revision
.W03 evidence_diversity/178: rejected by insufficient Evidence diversity; current unchanged
.W03 evidence_diversity/179: accepted at boundary; one Current revision
.W03 evidence_diversity/180: rejected by insufficient Evidence diversity; current unchanged
.W03 evidence_diversity/181: accepted at boundary; one Current revision
.W03 evidence_diversity/182: rejected by insufficient Evidence diversity; current unchanged
.W03 evidence_diversity/183: accepted at boundary; one Current revision
.W03 evidence_diversity/184: rejected by insufficient Evidence diversity; current unchanged
.W03 evidence_diversity/185: accepted at boundary; one Current revision
.W03 evidence_diversity/186: rejected by insufficient Evidence diversity; current unchanged
.W03 evidence_diversity/187: accepted at boundary; one Current revision
.W03 evidence_diversity/188: rejected by insufficient Evidence diversity; current unchanged
.W03 evidence_diversity/189: accepted at boundary; one Current revision
.W03 evidence_diversity/190: rejected by insufficient Evidence diversity; current unchanged
.W03 evidence_diversity/191: accepted at boundary; one Current revision
.W03 evidence_diversity/192: rejected by insufficient Evidence diversity; current unchanged
.W03 evidence_diversity/193: accepted at boundary; one Current revision
.W03 evidence_diversity/194: rejected by insufficient Evidence diversity; current unchanged
.W03 evidence_diversity/195: accepted at boundary; one Current revision
.W03 evidence_diversity/196: rejected by insufficient Evidence diversity; current unchanged
.W03 evidence_diversity/197: accepted at boundary; one Current revision
.W03 evidence_diversity/198: rejected by insufficient Evidence diversity; current unchanged
.W03 evidence_diversity/199: accepted at boundary; one Current revision
.W03 evidence_span/0: rejected by Evidence time span is too short; current unchanged
.W03 evidence_span/1: accepted at boundary; one Current revision
.W03 evidence_span/2: rejected by Evidence time span is too short; current unchanged
.W03 evidence_span/3: accepted at boundary; one Current revision
.W03 evidence_span/4: rejected by Evidence time span is too short; current unchanged
.W03 evidence_span/5: accepted at boundary; one Current revision
.W03 evidence_span/6: rejected by Evidence time span is too short; current unchanged
.W03 evidence_span/7: accepted at boundary; one Current revision
.W03 evidence_span/8: rejected by Evidence time span is too short; current unchanged
.W03 evidence_span/9: accepted at boundary; one Current revision
.W03 evidence_span/10: rejected by Evidence time span is too short; current unchanged
.W03 evidence_span/11: accepted at boundary; one Current revision
.W03 evidence_span/12: rejected by Evidence time span is too short; current unchanged
.W03 evidence_span/13: accepted at boundary; one Current revision
.W03 evidence_span/14: rejected by Evidence time span is too short; current unchanged
.W03 evidence_span/15: accepted at boundary; one Current revision
.W03 evidence_span/16: rejected by Evidence time span is too short; current unchanged
.W03 evidence_span/17: accepted at boundary; one Current revision
.W03 evidence_span/18: rejected by Evidence time span is too short; current unchanged
.W03 evidence_span/19: accepted at boundary; one Current revision
.W03 evidence_span/20: rejected by Evidence time span is too short; current unchanged
.W03 evidence_span/21: accepted at boundary; one Current revision
.W03 evidence_span/22: rejected by Evidence time span is too short; current unchanged
.W03 evidence_span/23: accepted at boundary; one Current revision
.W03 evidence_span/24: rejected by Evidence time span is too short; current unchanged
.W03 evidence_span/25: accepted at boundary; one Current revision
.W03 evidence_span/26: rejected by Evidence time span is too short; current unchanged
.W03 evidence_span/27: accepted at boundary; one Current revision
.W03 evidence_span/28: rejected by Evidence time span is too short; current unchanged
.W03 evidence_span/29: accepted at boundary; one Current revision
.W03 evidence_span/30: rejected by Evidence time span is too short; current unchanged
.W03 evidence_span/31: accepted at boundary; one Current revision
.W03 evidence_span/32: rejected by Evidence time span is too short; current unchanged
.W03 evidence_span/33: accepted at boundary; one Current revision
.W03 evidence_span/34: rejected by Evidence time span is too short; current unchanged
.W03 evidence_span/35: accepted at boundary; one Current revision
.W03 evidence_span/36: rejected by Evidence time span is too short; current unchanged
.W03 evidence_span/37: accepted at boundary; one Current revision
.W03 evidence_span/38: rejected by Evidence time span is too short; current unchanged
.W03 evidence_span/39: accepted at boundary; one Current revision
.W03 evidence_span/40: rejected by Evidence time span is too short; current unchanged
.W03 evidence_span/41: accepted at boundary; one Current revision
.W03 evidence_span/42: rejected by Evidence time span is too short; current unchanged
.W03 evidence_span/43: accepted at boundary; one Current revision
.W03 evidence_span/44: rejected by Evidence time span is too short; current unchanged
.W03 evidence_span/45: accepted at boundary; one Current revision
.W03 evidence_span/46: rejected by Evidence time span is too short; current unchanged
.W03 evidence_span/47: accepted at boundary; one Current revision
.W03 evidence_span/48: rejected by Evidence time span is too short; current unchanged
.W03 evidence_span/49: accepted at boundary; one Current revision
.W03 evidence_span/50: rejected by Evidence time span is too short; current unchanged
.W03 evidence_span/51: accepted at boundary; one Current revision
.W03 evidence_span/52: rejected by Evidence time span is too short; current unchanged
.W03 evidence_span/53: accepted at boundary; one Current revision
.W03 evidence_span/54: rejected by Evidence time span is too short; current unchanged
.W03 evidence_span/55: accepted at boundary; one Current revision
.W03 evidence_span/56: rejected by Evidence time span is too short; current unchanged
.W03 evidence_span/57: accepted at boundary; one Current revision
.W03 evidence_span/58: rejected by Evidence time span is too short; current unchanged
.W03 evidence_span/59: accepted at boundary; one Current revision
.W03 evidence_span/60: rejected by Evidence time span is too short; current unchanged
.W03 evidence_span/61: accepted at boundary; one Current revision
.W03 evidence_span/62: rejected by Evidence time span is too short; current unchanged
.W03 evidence_span/63: accepted at boundary; one Current revision
.W03 evidence_span/64: rejected by Evidence time span is too short; current unchanged
.W03 evidence_span/65: accepted at boundary; one Current revision
.W03 evidence_span/66: rejected by Evidence time span is too short; current unchanged
.W03 evidence_span/67: accepted at boundary; one Current revision
.W03 evidence_span/68: rejected by Evidence time span is too short; current unchanged
.W03 evidence_span/69: accepted at boundary; one Current revision
.W03 evidence_span/70: rejected by Evidence time span is too short; current unchanged
.W03 evidence_span/71: accepted at boundary; one Current revision
.W03 evidence_span/72: rejected by Evidence time span is too short; current unchanged
.W03 evidence_span/73: accepted at boundary; one Current revision
.W03 evidence_span/74: rejected by Evidence time span is too short; current unchanged
.W03 evidence_span/75: accepted at boundary; one Current revision
.W03 evidence_span/76: rejected by Evidence time span is too short; current unchanged
.W03 evidence_span/77: accepted at boundary; one Current revision
.W03 evidence_span/78: rejected by Evidence time span is too short; current unchanged
.W03 evidence_span/79: accepted at boundary; one Current revision
.W03 evidence_span/80: rejected by Evidence time span is too short; current unchanged
.W03 evidence_span/81: accepted at boundary; one Current revision
.W03 evidence_span/82: rejected by Evidence time span is too short; current unchanged
.W03 evidence_span/83: accepted at boundary; one Current revision
.W03 evidence_span/84: rejected by Evidence time span is too short; current unchanged
.W03 evidence_span/85: accepted at boundary; one Current revision
.W03 evidence_span/86: rejected by Evidence time span is too short; current unchanged
.W03 evidence_span/87: accepted at boundary; one Current revision
.W03 evidence_span/88: rejected by Evidence time span is too short; current unchanged
.W03 evidence_span/89: accepted at boundary; one Current revision
.W03 evidence_span/90: rejected by Evidence time span is too short; current unchanged
.W03 evidence_span/91: accepted at boundary; one Current revision
.W03 evidence_span/92: rejected by Evidence time span is too short; current unchanged
.W03 evidence_span/93: accepted at boundary; one Current revision
.W03 evidence_span/94: rejected by Evidence time span is too short; current unchanged
.W03 evidence_span/95: accepted at boundary; one Current revision
.W03 evidence_span/96: rejected by Evidence time span is too short; current unchanged
.W03 evidence_span/97: accepted at boundary; one Current revision
.W03 evidence_span/98: rejected by Evidence time span is too short; current unchanged
.W03 evidence_span/99: accepted at boundary; one Current revision
.W03 evidence_span/100: rejected by Evidence time span is too short; current unchanged
.W03 evidence_span/101: accepted at boundary; one Current revision
.W03 evidence_span/102: rejected by Evidence time span is too short; current unchanged
.W03 evidence_span/103: accepted at boundary; one Current revision
.W03 evidence_span/104: rejected by Evidence time span is too short; current unchanged
.W03 evidence_span/105: accepted at boundary; one Current revision
.W03 evidence_span/106: rejected by Evidence time span is too short; current unchanged
.W03 evidence_span/107: accepted at boundary; one Current revision
.W03 evidence_span/108: rejected by Evidence time span is too short; current unchanged
.W03 evidence_span/109: accepted at boundary; one Current revision
.W03 evidence_span/110: rejected by Evidence time span is too short; current unchanged
.W03 evidence_span/111: accepted at boundary; one Current revision
.W03 evidence_span/112: rejected by Evidence time span is too short; current unchanged
.W03 evidence_span/113: accepted at boundary; one Current revision
.W03 evidence_span/114: rejected by Evidence time span is too short; current unchanged
.W03 evidence_span/115: accepted at boundary; one Current revision
.W03 evidence_span/116: rejected by Evidence time span is too short; current unchanged
.W03 evidence_span/117: accepted at boundary; one Current revision
.W03 evidence_span/118: rejected by Evidence time span is too short; current unchanged
.W03 evidence_span/119: accepted at boundary; one Current revision
.W03 evidence_span/120: rejected by Evidence time span is too short; current unchanged
.W03 evidence_span/121: accepted at boundary; one Current revision
.W03 evidence_span/122: rejected by Evidence time span is too short; current unchanged
.W03 evidence_span/123: accepted at boundary; one Current revision
.W03 evidence_span/124: rejected by Evidence time span is too short; current unchanged
.W03 evidence_span/125: accepted at boundary; one Current revision
.W03 evidence_span/126: rejected by Evidence time span is too short; current unchanged
.W03 evidence_span/127: accepted at boundary; one Current revision
.W03 evidence_span/128: rejected by Evidence time span is too short; current unchanged
.W03 evidence_span/129: accepted at boundary; one Current revision
.W03 evidence_span/130: rejected by Evidence time span is too short; current unchanged
.W03 evidence_span/131: accepted at boundary; one Current revision
.W03 evidence_span/132: rejected by Evidence time span is too short; current unchanged
.W03 evidence_span/133: accepted at boundary; one Current revision
.W03 evidence_span/134: rejected by Evidence time span is too short; current unchanged
.W03 evidence_span/135: accepted at boundary; one Current revision
.W03 evidence_span/136: rejected by Evidence time span is too short; current unchanged
.W03 evidence_span/137: accepted at boundary; one Current revision
.W03 evidence_span/138: rejected by Evidence time span is too short; current unchanged
.W03 evidence_span/139: accepted at boundary; one Current revision
.W03 evidence_span/140: rejected by Evidence time span is too short; current unchanged
.W03 evidence_span/141: accepted at boundary; one Current revision
.W03 evidence_span/142: rejected by Evidence time span is too short; current unchanged
.W03 evidence_span/143: accepted at boundary; one Current revision
.W03 evidence_span/144: rejected by Evidence time span is too short; current unchanged
.W03 evidence_span/145: accepted at boundary; one Current revision
.W03 evidence_span/146: rejected by Evidence time span is too short; current unchanged
.W03 evidence_span/147: accepted at boundary; one Current revision
.W03 evidence_span/148: rejected by Evidence time span is too short; current unchanged
.W03 evidence_span/149: accepted at boundary; one Current revision
.W03 evidence_span/150: rejected by Evidence time span is too short; current unchanged
.W03 evidence_span/151: accepted at boundary; one Current revision
.W03 evidence_span/152: rejected by Evidence time span is too short; current unchanged
.W03 evidence_span/153: accepted at boundary; one Current revision
.W03 evidence_span/154: rejected by Evidence time span is too short; current unchanged
.W03 evidence_span/155: accepted at boundary; one Current revision
.W03 evidence_span/156: rejected by Evidence time span is too short; current unchanged
.W03 evidence_span/157: accepted at boundary; one Current revision
.W03 evidence_span/158: rejected by Evidence time span is too short; current unchanged
.W03 evidence_span/159: accepted at boundary; one Current revision
.W03 evidence_span/160: rejected by Evidence time span is too short; current unchanged
.W03 evidence_span/161: accepted at boundary; one Current revision
.W03 evidence_span/162: rejected by Evidence time span is too short; current unchanged
.W03 evidence_span/163: accepted at boundary; one Current revision
.W03 evidence_span/164: rejected by Evidence time span is too short; current unchanged
.W03 evidence_span/165: accepted at boundary; one Current revision
.W03 evidence_span/166: rejected by Evidence time span is too short; current unchanged
.W03 evidence_span/167: accepted at boundary; one Current revision
.W03 evidence_span/168: rejected by Evidence time span is too short; current unchanged
.W03 evidence_span/169: accepted at boundary; one Current revision
.W03 evidence_span/170: rejected by Evidence time span is too short; current unchanged
.W03 evidence_span/171: accepted at boundary; one Current revision
.W03 evidence_span/172: rejected by Evidence time span is too short; current unchanged
.W03 evidence_span/173: accepted at boundary; one Current revision
.W03 evidence_span/174: rejected by Evidence time span is too short; current unchanged
.W03 evidence_span/175: accepted at boundary; one Current revision
.W03 evidence_span/176: rejected by Evidence time span is too short; current unchanged
.W03 evidence_span/177: accepted at boundary; one Current revision
.W03 evidence_span/178: rejected by Evidence time span is too short; current unchanged
.W03 evidence_span/179: accepted at boundary; one Current revision
.W03 evidence_span/180: rejected by Evidence time span is too short; current unchanged
.W03 evidence_span/181: accepted at boundary; one Current revision
.W03 evidence_span/182: rejected by Evidence time span is too short; current unchanged
.W03 evidence_span/183: accepted at boundary; one Current revision
.W03 evidence_span/184: rejected by Evidence time span is too short; current unchanged
.W03 evidence_span/185: accepted at boundary; one Current revision
.W03 evidence_span/186: rejected by Evidence time span is too short; current unchanged
.W03 evidence_span/187: accepted at boundary; one Current revision
.W03 evidence_span/188: rejected by Evidence time span is too short; current unchanged
.W03 evidence_span/189: accepted at boundary; one Current revision
.W03 evidence_span/190: rejected by Evidence time span is too short; current unchanged
.W03 evidence_span/191: accepted at boundary; one Current revision
.W03 evidence_span/192: rejected by Evidence time span is too short; current unchanged
.W03 evidence_span/193: accepted at boundary; one Current revision
.W03 evidence_span/194: rejected by Evidence time span is too short; current unchanged
.W03 evidence_span/195: accepted at boundary; one Current revision
.W03 evidence_span/196: rejected by Evidence time span is too short; current unchanged
.W03 evidence_span/197: accepted at boundary; one Current revision
.W03 evidence_span/198: rejected by Evidence time span is too short; current unchanged
.W03 evidence_span/199: accepted at boundary; one Current revision
.W03 cooldown/0: rejected by cooldown is active; current unchanged
.W03 cooldown/1: accepted at boundary; one Current revision
.W03 cooldown/2: rejected by cooldown is active; current unchanged
.W03 cooldown/3: accepted at boundary; one Current revision
.W03 cooldown/4: rejected by cooldown is active; current unchanged
.W03 cooldown/5: accepted at boundary; one Current revision
.W03 cooldown/6: rejected by cooldown is active; current unchanged
.W03 cooldown/7: accepted at boundary; one Current revision
.W03 cooldown/8: rejected by cooldown is active; current unchanged
.W03 cooldown/9: accepted at boundary; one Current revision
.W03 cooldown/10: rejected by cooldown is active; current unchanged
.W03 cooldown/11: accepted at boundary; one Current revision
.W03 cooldown/12: rejected by cooldown is active; current unchanged
.W03 cooldown/13: accepted at boundary; one Current revision
.W03 cooldown/14: rejected by cooldown is active; current unchanged
.W03 cooldown/15: accepted at boundary; one Current revision
.W03 cooldown/16: rejected by cooldown is active; current unchanged
.W03 cooldown/17: accepted at boundary; one Current revision
.W03 cooldown/18: rejected by cooldown is active; current unchanged
.W03 cooldown/19: accepted at boundary; one Current revision
.W03 cooldown/20: rejected by cooldown is active; current unchanged
.W03 cooldown/21: accepted at boundary; one Current revision
.W03 cooldown/22: rejected by cooldown is active; current unchanged
.W03 cooldown/23: accepted at boundary; one Current revision
.W03 cooldown/24: rejected by cooldown is active; current unchanged
.W03 cooldown/25: accepted at boundary; one Current revision
.W03 cooldown/26: rejected by cooldown is active; current unchanged
.W03 cooldown/27: accepted at boundary; one Current revision
.W03 cooldown/28: rejected by cooldown is active; current unchanged
.W03 cooldown/29: accepted at boundary; one Current revision
.W03 cooldown/30: rejected by cooldown is active; current unchanged
.W03 cooldown/31: accepted at boundary; one Current revision
.W03 cooldown/32: rejected by cooldown is active; current unchanged
.W03 cooldown/33: accepted at boundary; one Current revision
.W03 cooldown/34: rejected by cooldown is active; current unchanged
.W03 cooldown/35: accepted at boundary; one Current revision
.W03 cooldown/36: rejected by cooldown is active; current unchanged
.W03 cooldown/37: accepted at boundary; one Current revision
.W03 cooldown/38: rejected by cooldown is active; current unchanged
.W03 cooldown/39: accepted at boundary; one Current revision
.W03 cooldown/40: rejected by cooldown is active; current unchanged
.W03 cooldown/41: accepted at boundary; one Current revision
.W03 cooldown/42: rejected by cooldown is active; current unchanged
.W03 cooldown/43: accepted at boundary; one Current revision
.W03 cooldown/44: rejected by cooldown is active; current unchanged
.W03 cooldown/45: accepted at boundary; one Current revision
.W03 cooldown/46: rejected by cooldown is active; current unchanged
.W03 cooldown/47: accepted at boundary; one Current revision
.W03 cooldown/48: rejected by cooldown is active; current unchanged
.W03 cooldown/49: accepted at boundary; one Current revision
.W03 cooldown/50: rejected by cooldown is active; current unchanged
.W03 cooldown/51: accepted at boundary; one Current revision
.W03 cooldown/52: rejected by cooldown is active; current unchanged
.W03 cooldown/53: accepted at boundary; one Current revision
.W03 cooldown/54: rejected by cooldown is active; current unchanged
.W03 cooldown/55: accepted at boundary; one Current revision
.W03 cooldown/56: rejected by cooldown is active; current unchanged
.W03 cooldown/57: accepted at boundary; one Current revision
.W03 cooldown/58: rejected by cooldown is active; current unchanged
.W03 cooldown/59: accepted at boundary; one Current revision
.W03 cooldown/60: rejected by cooldown is active; current unchanged
.W03 cooldown/61: accepted at boundary; one Current revision
.W03 cooldown/62: rejected by cooldown is active; current unchanged
.W03 cooldown/63: accepted at boundary; one Current revision
.W03 cooldown/64: rejected by cooldown is active; current unchanged
.W03 cooldown/65: accepted at boundary; one Current revision
.W03 cooldown/66: rejected by cooldown is active; current unchanged
.W03 cooldown/67: accepted at boundary; one Current revision
.W03 cooldown/68: rejected by cooldown is active; current unchanged
.W03 cooldown/69: accepted at boundary; one Current revision
.W03 cooldown/70: rejected by cooldown is active; current unchanged
.W03 cooldown/71: accepted at boundary; one Current revision
.W03 cooldown/72: rejected by cooldown is active; current unchanged
.W03 cooldown/73: accepted at boundary; one Current revision
.W03 cooldown/74: rejected by cooldown is active; current unchanged
.W03 cooldown/75: accepted at boundary; one Current revision
.W03 cooldown/76: rejected by cooldown is active; current unchanged
.W03 cooldown/77: accepted at boundary; one Current revision
.W03 cooldown/78: rejected by cooldown is active; current unchanged
.W03 cooldown/79: accepted at boundary; one Current revision
.W03 cooldown/80: rejected by cooldown is active; current unchanged
.W03 cooldown/81: accepted at boundary; one Current revision
.W03 cooldown/82: rejected by cooldown is active; current unchanged
.W03 cooldown/83: accepted at boundary; one Current revision
.W03 cooldown/84: rejected by cooldown is active; current unchanged
.W03 cooldown/85: accepted at boundary; one Current revision
.W03 cooldown/86: rejected by cooldown is active; current unchanged
.W03 cooldown/87: accepted at boundary; one Current revision
.W03 cooldown/88: rejected by cooldown is active; current unchanged
.W03 cooldown/89: accepted at boundary; one Current revision
.W03 cooldown/90: rejected by cooldown is active; current unchanged
.W03 cooldown/91: accepted at boundary; one Current revision
.W03 cooldown/92: rejected by cooldown is active; current unchanged
.W03 cooldown/93: accepted at boundary; one Current revision
.W03 cooldown/94: rejected by cooldown is active; current unchanged
.W03 cooldown/95: accepted at boundary; one Current revision
.W03 cooldown/96: rejected by cooldown is active; current unchanged
.W03 cooldown/97: accepted at boundary; one Current revision
.W03 cooldown/98: rejected by cooldown is active; current unchanged
.W03 cooldown/99: accepted at boundary; one Current revision
.W03 cooldown/100: rejected by cooldown is active; current unchanged
.W03 cooldown/101: accepted at boundary; one Current revision
.W03 cooldown/102: rejected by cooldown is active; current unchanged
.W03 cooldown/103: accepted at boundary; one Current revision
.W03 cooldown/104: rejected by cooldown is active; current unchanged
.W03 cooldown/105: accepted at boundary; one Current revision
.W03 cooldown/106: rejected by cooldown is active; current unchanged
.W03 cooldown/107: accepted at boundary; one Current revision
.W03 cooldown/108: rejected by cooldown is active; current unchanged
.W03 cooldown/109: accepted at boundary; one Current revision
.W03 cooldown/110: rejected by cooldown is active; current unchanged
.W03 cooldown/111: accepted at boundary; one Current revision
.W03 cooldown/112: rejected by cooldown is active; current unchanged
.W03 cooldown/113: accepted at boundary; one Current revision
.W03 cooldown/114: rejected by cooldown is active; current unchanged
.W03 cooldown/115: accepted at boundary; one Current revision
.W03 cooldown/116: rejected by cooldown is active; current unchanged
.W03 cooldown/117: accepted at boundary; one Current revision
.W03 cooldown/118: rejected by cooldown is active; current unchanged
.W03 cooldown/119: accepted at boundary; one Current revision
.W03 cooldown/120: rejected by cooldown is active; current unchanged
.W03 cooldown/121: accepted at boundary; one Current revision
.W03 cooldown/122: rejected by cooldown is active; current unchanged
.W03 cooldown/123: accepted at boundary; one Current revision
.W03 cooldown/124: rejected by cooldown is active; current unchanged
.W03 cooldown/125: accepted at boundary; one Current revision
.W03 cooldown/126: rejected by cooldown is active; current unchanged
.W03 cooldown/127: accepted at boundary; one Current revision
.W03 cooldown/128: rejected by cooldown is active; current unchanged
.W03 cooldown/129: accepted at boundary; one Current revision
.W03 cooldown/130: rejected by cooldown is active; current unchanged
.W03 cooldown/131: accepted at boundary; one Current revision
.W03 cooldown/132: rejected by cooldown is active; current unchanged
.W03 cooldown/133: accepted at boundary; one Current revision
.W03 cooldown/134: rejected by cooldown is active; current unchanged
.W03 cooldown/135: accepted at boundary; one Current revision
.W03 cooldown/136: rejected by cooldown is active; current unchanged
.W03 cooldown/137: accepted at boundary; one Current revision
.W03 cooldown/138: rejected by cooldown is active; current unchanged
.W03 cooldown/139: accepted at boundary; one Current revision
.W03 cooldown/140: rejected by cooldown is active; current unchanged
.W03 cooldown/141: accepted at boundary; one Current revision
.W03 cooldown/142: rejected by cooldown is active; current unchanged
.W03 cooldown/143: accepted at boundary; one Current revision
.W03 cooldown/144: rejected by cooldown is active; current unchanged
.W03 cooldown/145: accepted at boundary; one Current revision
.W03 cooldown/146: rejected by cooldown is active; current unchanged
.W03 cooldown/147: accepted at boundary; one Current revision
.W03 cooldown/148: rejected by cooldown is active; current unchanged
.W03 cooldown/149: accepted at boundary; one Current revision
.W03 cooldown/150: rejected by cooldown is active; current unchanged
.W03 cooldown/151: accepted at boundary; one Current revision
.W03 cooldown/152: rejected by cooldown is active; current unchanged
.W03 cooldown/153: accepted at boundary; one Current revision
.W03 cooldown/154: rejected by cooldown is active; current unchanged
.W03 cooldown/155: accepted at boundary; one Current revision
.W03 cooldown/156: rejected by cooldown is active; current unchanged
.W03 cooldown/157: accepted at boundary; one Current revision
.W03 cooldown/158: rejected by cooldown is active; current unchanged
.W03 cooldown/159: accepted at boundary; one Current revision
.W03 cooldown/160: rejected by cooldown is active; current unchanged
.W03 cooldown/161: accepted at boundary; one Current revision
.W03 cooldown/162: rejected by cooldown is active; current unchanged
.W03 cooldown/163: accepted at boundary; one Current revision
.W03 cooldown/164: rejected by cooldown is active; current unchanged
.W03 cooldown/165: accepted at boundary; one Current revision
.W03 cooldown/166: rejected by cooldown is active; current unchanged
.W03 cooldown/167: accepted at boundary; one Current revision
.W03 cooldown/168: rejected by cooldown is active; current unchanged
.W03 cooldown/169: accepted at boundary; one Current revision
.W03 cooldown/170: rejected by cooldown is active; current unchanged
.W03 cooldown/171: accepted at boundary; one Current revision
.W03 cooldown/172: rejected by cooldown is active; current unchanged
.W03 cooldown/173: accepted at boundary; one Current revision
.W03 cooldown/174: rejected by cooldown is active; current unchanged
.W03 cooldown/175: accepted at boundary; one Current revision
.W03 cooldown/176: rejected by cooldown is active; current unchanged
.W03 cooldown/177: accepted at boundary; one Current revision
.W03 cooldown/178: rejected by cooldown is active; current unchanged
.W03 cooldown/179: accepted at boundary; one Current revision
.W03 cooldown/180: rejected by cooldown is active; current unchanged
.W03 cooldown/181: accepted at boundary; one Current revision
.W03 cooldown/182: rejected by cooldown is active; current unchanged
.W03 cooldown/183: accepted at boundary; one Current revision
.W03 cooldown/184: rejected by cooldown is active; current unchanged
.W03 cooldown/185: accepted at boundary; one Current revision
.W03 cooldown/186: rejected by cooldown is active; current unchanged
.W03 cooldown/187: accepted at boundary; one Current revision
.W03 cooldown/188: rejected by cooldown is active; current unchanged
.W03 cooldown/189: accepted at boundary; one Current revision
.W03 cooldown/190: rejected by cooldown is active; current unchanged
.W03 cooldown/191: accepted at boundary; one Current revision
.W03 cooldown/192: rejected by cooldown is active; current unchanged
.W03 cooldown/193: accepted at boundary; one Current revision
.W03 cooldown/194: rejected by cooldown is active; current unchanged
.W03 cooldown/195: accepted at boundary; one Current revision
.W03 cooldown/196: rejected by cooldown is active; current unchanged
.W03 cooldown/197: accepted at boundary; one Current revision
.W03 cooldown/198: rejected by cooldown is active; current unchanged
.W03 cooldown/199: accepted at boundary; one Current revision
.W03 stale_base/0: create+approve rejected; current unchanged
.W03 stale_base/1: accepted at boundary; one Current revision
.W03 stale_base/2: create+approve rejected; current unchanged
.W03 stale_base/3: accepted at boundary; one Current revision
.W03 stale_base/4: create+approve rejected; current unchanged
.W03 stale_base/5: accepted at boundary; one Current revision
.W03 stale_base/6: create+approve rejected; current unchanged
.W03 stale_base/7: accepted at boundary; one Current revision
.W03 stale_base/8: create+approve rejected; current unchanged
.W03 stale_base/9: accepted at boundary; one Current revision
.W03 stale_base/10: create+approve rejected; current unchanged
.W03 stale_base/11: accepted at boundary; one Current revision
.W03 stale_base/12: create+approve rejected; current unchanged
.W03 stale_base/13: accepted at boundary; one Current revision
.W03 stale_base/14: create+approve rejected; current unchanged
.W03 stale_base/15: accepted at boundary; one Current revision
.W03 stale_base/16: create+approve rejected; current unchanged
.W03 stale_base/17: accepted at boundary; one Current revision
.W03 stale_base/18: create+approve rejected; current unchanged
.W03 stale_base/19: accepted at boundary; one Current revision
.W03 stale_base/20: create+approve rejected; current unchanged
.W03 stale_base/21: accepted at boundary; one Current revision
.W03 stale_base/22: create+approve rejected; current unchanged
.W03 stale_base/23: accepted at boundary; one Current revision
.W03 stale_base/24: create+approve rejected; current unchanged
.W03 stale_base/25: accepted at boundary; one Current revision
.W03 stale_base/26: create+approve rejected; current unchanged
.W03 stale_base/27: accepted at boundary; one Current revision
.W03 stale_base/28: create+approve rejected; current unchanged
.W03 stale_base/29: accepted at boundary; one Current revision
.W03 stale_base/30: create+approve rejected; current unchanged
.W03 stale_base/31: accepted at boundary; one Current revision
.W03 stale_base/32: create+approve rejected; current unchanged
.W03 stale_base/33: accepted at boundary; one Current revision
.W03 stale_base/34: create+approve rejected; current unchanged
.W03 stale_base/35: accepted at boundary; one Current revision
.W03 stale_base/36: create+approve rejected; current unchanged
.W03 stale_base/37: accepted at boundary; one Current revision
.W03 stale_base/38: create+approve rejected; current unchanged
.W03 stale_base/39: accepted at boundary; one Current revision
.W03 stale_base/40: create+approve rejected; current unchanged
.W03 stale_base/41: accepted at boundary; one Current revision
.W03 stale_base/42: create+approve rejected; current unchanged
.W03 stale_base/43: accepted at boundary; one Current revision
.W03 stale_base/44: create+approve rejected; current unchanged
.W03 stale_base/45: accepted at boundary; one Current revision
.W03 stale_base/46: create+approve rejected; current unchanged
.W03 stale_base/47: accepted at boundary; one Current revision
.W03 stale_base/48: create+approve rejected; current unchanged
.W03 stale_base/49: accepted at boundary; one Current revision
.W03 stale_base/50: create+approve rejected; current unchanged
.W03 stale_base/51: accepted at boundary; one Current revision
.W03 stale_base/52: create+approve rejected; current unchanged
.W03 stale_base/53: accepted at boundary; one Current revision
.W03 stale_base/54: create+approve rejected; current unchanged
.W03 stale_base/55: accepted at boundary; one Current revision
.W03 stale_base/56: create+approve rejected; current unchanged
.W03 stale_base/57: accepted at boundary; one Current revision
.W03 stale_base/58: create+approve rejected; current unchanged
.W03 stale_base/59: accepted at boundary; one Current revision
.W03 stale_base/60: create+approve rejected; current unchanged
.W03 stale_base/61: accepted at boundary; one Current revision
.W03 stale_base/62: create+approve rejected; current unchanged
.W03 stale_base/63: accepted at boundary; one Current revision
.W03 stale_base/64: create+approve rejected; current unchanged
.W03 stale_base/65: accepted at boundary; one Current revision
.W03 stale_base/66: create+approve rejected; current unchanged
.W03 stale_base/67: accepted at boundary; one Current revision
.W03 stale_base/68: create+approve rejected; current unchanged
.W03 stale_base/69: accepted at boundary; one Current revision
.W03 stale_base/70: create+approve rejected; current unchanged
.W03 stale_base/71: accepted at boundary; one Current revision
.W03 stale_base/72: create+approve rejected; current unchanged
.W03 stale_base/73: accepted at boundary; one Current revision
.W03 stale_base/74: create+approve rejected; current unchanged
.W03 stale_base/75: accepted at boundary; one Current revision
.W03 stale_base/76: create+approve rejected; current unchanged
.W03 stale_base/77: accepted at boundary; one Current revision
.W03 stale_base/78: create+approve rejected; current unchanged
.W03 stale_base/79: accepted at boundary; one Current revision
.W03 stale_base/80: create+approve rejected; current unchanged
.W03 stale_base/81: accepted at boundary; one Current revision
.W03 stale_base/82: create+approve rejected; current unchanged
.W03 stale_base/83: accepted at boundary; one Current revision
.W03 stale_base/84: create+approve rejected; current unchanged
.W03 stale_base/85: accepted at boundary; one Current revision
.W03 stale_base/86: create+approve rejected; current unchanged
.W03 stale_base/87: accepted at boundary; one Current revision
.W03 stale_base/88: create+approve rejected; current unchanged
.W03 stale_base/89: accepted at boundary; one Current revision
.W03 stale_base/90: create+approve rejected; current unchanged
.W03 stale_base/91: accepted at boundary; one Current revision
.W03 stale_base/92: create+approve rejected; current unchanged
.W03 stale_base/93: accepted at boundary; one Current revision
.W03 stale_base/94: create+approve rejected; current unchanged
.W03 stale_base/95: accepted at boundary; one Current revision
.W03 stale_base/96: create+approve rejected; current unchanged
.W03 stale_base/97: accepted at boundary; one Current revision
.W03 stale_base/98: create+approve rejected; current unchanged
.W03 stale_base/99: accepted at boundary; one Current revision
.W03 stale_base/100: create+approve rejected; current unchanged
.W03 stale_base/101: accepted at boundary; one Current revision
.W03 stale_base/102: create+approve rejected; current unchanged
.W03 stale_base/103: accepted at boundary; one Current revision
.W03 stale_base/104: create+approve rejected; current unchanged
.W03 stale_base/105: accepted at boundary; one Current revision
.W03 stale_base/106: create+approve rejected; current unchanged
.W03 stale_base/107: accepted at boundary; one Current revision
.W03 stale_base/108: create+approve rejected; current unchanged
.W03 stale_base/109: accepted at boundary; one Current revision
.W03 stale_base/110: create+approve rejected; current unchanged
.W03 stale_base/111: accepted at boundary; one Current revision
.W03 stale_base/112: create+approve rejected; current unchanged
.W03 stale_base/113: accepted at boundary; one Current revision
.W03 stale_base/114: create+approve rejected; current unchanged
.W03 stale_base/115: accepted at boundary; one Current revision
.W03 stale_base/116: create+approve rejected; current unchanged
.W03 stale_base/117: accepted at boundary; one Current revision
.W03 stale_base/118: create+approve rejected; current unchanged
.W03 stale_base/119: accepted at boundary; one Current revision
.W03 stale_base/120: create+approve rejected; current unchanged
.W03 stale_base/121: accepted at boundary; one Current revision
.W03 stale_base/122: create+approve rejected; current unchanged
.W03 stale_base/123: accepted at boundary; one Current revision
.W03 stale_base/124: create+approve rejected; current unchanged
.W03 stale_base/125: accepted at boundary; one Current revision
.W03 stale_base/126: create+approve rejected; current unchanged
.W03 stale_base/127: accepted at boundary; one Current revision
.W03 stale_base/128: create+approve rejected; current unchanged
.W03 stale_base/129: accepted at boundary; one Current revision
.W03 stale_base/130: create+approve rejected; current unchanged
.W03 stale_base/131: accepted at boundary; one Current revision
.W03 stale_base/132: create+approve rejected; current unchanged
.W03 stale_base/133: accepted at boundary; one Current revision
.W03 stale_base/134: create+approve rejected; current unchanged
.W03 stale_base/135: accepted at boundary; one Current revision
.W03 stale_base/136: create+approve rejected; current unchanged
.W03 stale_base/137: accepted at boundary; one Current revision
.W03 stale_base/138: create+approve rejected; current unchanged
.W03 stale_base/139: accepted at boundary; one Current revision
.W03 stale_base/140: create+approve rejected; current unchanged
.W03 stale_base/141: accepted at boundary; one Current revision
.W03 stale_base/142: create+approve rejected; current unchanged
.W03 stale_base/143: accepted at boundary; one Current revision
.W03 stale_base/144: create+approve rejected; current unchanged
.W03 stale_base/145: accepted at boundary; one Current revision
.W03 stale_base/146: create+approve rejected; current unchanged
.W03 stale_base/147: accepted at boundary; one Current revision
.W03 stale_base/148: create+approve rejected; current unchanged
.W03 stale_base/149: accepted at boundary; one Current revision
.W03 stale_base/150: create+approve rejected; current unchanged
.W03 stale_base/151: accepted at boundary; one Current revision
.W03 stale_base/152: create+approve rejected; current unchanged
.W03 stale_base/153: accepted at boundary; one Current revision
.W03 stale_base/154: create+approve rejected; current unchanged
.W03 stale_base/155: accepted at boundary; one Current revision
.W03 stale_base/156: create+approve rejected; current unchanged
.W03 stale_base/157: accepted at boundary; one Current revision
.W03 stale_base/158: create+approve rejected; current unchanged
.W03 stale_base/159: accepted at boundary; one Current revision
.W03 stale_base/160: create+approve rejected; current unchanged
.W03 stale_base/161: accepted at boundary; one Current revision
.W03 stale_base/162: create+approve rejected; current unchanged
.W03 stale_base/163: accepted at boundary; one Current revision
.W03 stale_base/164: create+approve rejected; current unchanged
.W03 stale_base/165: accepted at boundary; one Current revision
.W03 stale_base/166: create+approve rejected; current unchanged
.W03 stale_base/167: accepted at boundary; one Current revision
.W03 stale_base/168: create+approve rejected; current unchanged
.W03 stale_base/169: accepted at boundary; one Current revision
.W03 stale_base/170: create+approve rejected; current unchanged
.W03 stale_base/171: accepted at boundary; one Current revision
.W03 stale_base/172: create+approve rejected; current unchanged
.W03 stale_base/173: accepted at boundary; one Current revision
.W03 stale_base/174: create+approve rejected; current unchanged
.W03 stale_base/175: accepted at boundary; one Current revision
.W03 stale_base/176: create+approve rejected; current unchanged
.W03 stale_base/177: accepted at boundary; one Current revision
.W03 stale_base/178: create+approve rejected; current unchanged
.W03 stale_base/179: accepted at boundary; one Current revision
.W03 stale_base/180: create+approve rejected; current unchanged
.W03 stale_base/181: accepted at boundary; one Current revision
.W03 stale_base/182: create+approve rejected; current unchanged
.W03 stale_base/183: accepted at boundary; one Current revision
.W03 stale_base/184: create+approve rejected; current unchanged
.W03 stale_base/185: accepted at boundary; one Current revision
.W03 stale_base/186: create+approve rejected; current unchanged
.W03 stale_base/187: accepted at boundary; one Current revision
.W03 stale_base/188: create+approve rejected; current unchanged
.W03 stale_base/189: accepted at boundary; one Current revision
.W03 stale_base/190: create+approve rejected; current unchanged
.W03 stale_base/191: accepted at boundary; one Current revision
.W03 stale_base/192: create+approve rejected; current unchanged
.W03 stale_base/193: accepted at boundary; one Current revision
.W03 stale_base/194: create+approve rejected; current unchanged
.W03 stale_base/195: accepted at boundary; one Current revision
.W03 stale_base/196: create+approve rejected; current unchanged
.W03 stale_base/197: accepted at boundary; one Current revision
.W03 stale_base/198: create+approve rejected; current unchanged
.W03 stale_base/199: accepted at boundary; one Current revision
.W03 confidence/0: rejected by confidence is below policy minimum; current unchanged
.W03 confidence/1: accepted at boundary; one Current revision
.W03 confidence/2: rejected by confidence is below policy minimum; current unchanged
.W03 confidence/3: accepted at boundary; one Current revision
.W03 confidence/4: rejected by confidence is below policy minimum; current unchanged
.W03 confidence/5: accepted at boundary; one Current revision
.W03 confidence/6: rejected by confidence is below policy minimum; current unchanged
.W03 confidence/7: accepted at boundary; one Current revision
.W03 confidence/8: rejected by confidence is below policy minimum; current unchanged
.W03 confidence/9: accepted at boundary; one Current revision
.W03 confidence/10: rejected by confidence is below policy minimum; current unchanged
.W03 confidence/11: accepted at boundary; one Current revision
.W03 confidence/12: rejected by confidence is below policy minimum; current unchanged
.W03 confidence/13: accepted at boundary; one Current revision
.W03 confidence/14: rejected by confidence is below policy minimum; current unchanged
.W03 confidence/15: accepted at boundary; one Current revision
.W03 confidence/16: rejected by confidence is below policy minimum; current unchanged
.W03 confidence/17: accepted at boundary; one Current revision
.W03 confidence/18: rejected by confidence is below policy minimum; current unchanged
.W03 confidence/19: accepted at boundary; one Current revision
.W03 confidence/20: rejected by confidence is below policy minimum; current unchanged
.W03 confidence/21: accepted at boundary; one Current revision
.W03 confidence/22: rejected by confidence is below policy minimum; current unchanged
.W03 confidence/23: accepted at boundary; one Current revision
.W03 confidence/24: rejected by confidence is below policy minimum; current unchanged
.W03 confidence/25: accepted at boundary; one Current revision
.W03 confidence/26: rejected by confidence is below policy minimum; current unchanged
.W03 confidence/27: accepted at boundary; one Current revision
.W03 confidence/28: rejected by confidence is below policy minimum; current unchanged
.W03 confidence/29: accepted at boundary; one Current revision
.W03 confidence/30: rejected by confidence is below policy minimum; current unchanged
.W03 confidence/31: accepted at boundary; one Current revision
.W03 confidence/32: rejected by confidence is below policy minimum; current unchanged
.W03 confidence/33: accepted at boundary; one Current revision
.W03 confidence/34: rejected by confidence is below policy minimum; current unchanged
.W03 confidence/35: accepted at boundary; one Current revision
.W03 confidence/36: rejected by confidence is below policy minimum; current unchanged
.W03 confidence/37: accepted at boundary; one Current revision
.W03 confidence/38: rejected by confidence is below policy minimum; current unchanged
.W03 confidence/39: accepted at boundary; one Current revision
.W03 confidence/40: rejected by confidence is below policy minimum; current unchanged
.W03 confidence/41: accepted at boundary; one Current revision
.W03 confidence/42: rejected by confidence is below policy minimum; current unchanged
.W03 confidence/43: accepted at boundary; one Current revision
.W03 confidence/44: rejected by confidence is below policy minimum; current unchanged
.W03 confidence/45: accepted at boundary; one Current revision
.W03 confidence/46: rejected by confidence is below policy minimum; current unchanged
.W03 confidence/47: accepted at boundary; one Current revision
.W03 confidence/48: rejected by confidence is below policy minimum; current unchanged
.W03 confidence/49: accepted at boundary; one Current revision
.W03 confidence/50: rejected by confidence is below policy minimum; current unchanged
.W03 confidence/51: accepted at boundary; one Current revision
.W03 confidence/52: rejected by confidence is below policy minimum; current unchanged
.W03 confidence/53: accepted at boundary; one Current revision
.W03 confidence/54: rejected by confidence is below policy minimum; current unchanged
.W03 confidence/55: accepted at boundary; one Current revision
.W03 confidence/56: rejected by confidence is below policy minimum; current unchanged
.W03 confidence/57: accepted at boundary; one Current revision
.W03 confidence/58: rejected by confidence is below policy minimum; current unchanged
.W03 confidence/59: accepted at boundary; one Current revision
.W03 confidence/60: rejected by confidence is below policy minimum; current unchanged
.W03 confidence/61: accepted at boundary; one Current revision
.W03 confidence/62: rejected by confidence is below policy minimum; current unchanged
.W03 confidence/63: accepted at boundary; one Current revision
.W03 confidence/64: rejected by confidence is below policy minimum; current unchanged
.W03 confidence/65: accepted at boundary; one Current revision
.W03 confidence/66: rejected by confidence is below policy minimum; current unchanged
.W03 confidence/67: accepted at boundary; one Current revision
.W03 confidence/68: rejected by confidence is below policy minimum; current unchanged
.W03 confidence/69: accepted at boundary; one Current revision
.W03 confidence/70: rejected by confidence is below policy minimum; current unchanged
.W03 confidence/71: accepted at boundary; one Current revision
.W03 confidence/72: rejected by confidence is below policy minimum; current unchanged
.W03 confidence/73: accepted at boundary; one Current revision
.W03 confidence/74: rejected by confidence is below policy minimum; current unchanged
.W03 confidence/75: accepted at boundary; one Current revision
.W03 confidence/76: rejected by confidence is below policy minimum; current unchanged
.W03 confidence/77: accepted at boundary; one Current revision
.W03 confidence/78: rejected by confidence is below policy minimum; current unchanged
.W03 confidence/79: accepted at boundary; one Current revision
.W03 confidence/80: rejected by confidence is below policy minimum; current unchanged
.W03 confidence/81: accepted at boundary; one Current revision
.W03 confidence/82: rejected by confidence is below policy minimum; current unchanged
.W03 confidence/83: accepted at boundary; one Current revision
.W03 confidence/84: rejected by confidence is below policy minimum; current unchanged
.W03 confidence/85: accepted at boundary; one Current revision
.W03 confidence/86: rejected by confidence is below policy minimum; current unchanged
.W03 confidence/87: accepted at boundary; one Current revision
.W03 confidence/88: rejected by confidence is below policy minimum; current unchanged
.W03 confidence/89: accepted at boundary; one Current revision
.W03 confidence/90: rejected by confidence is below policy minimum; current unchanged
.W03 confidence/91: accepted at boundary; one Current revision
.W03 confidence/92: rejected by confidence is below policy minimum; current unchanged
.W03 confidence/93: accepted at boundary; one Current revision
.W03 confidence/94: rejected by confidence is below policy minimum; current unchanged
.W03 confidence/95: accepted at boundary; one Current revision
.W03 confidence/96: rejected by confidence is below policy minimum; current unchanged
.W03 confidence/97: accepted at boundary; one Current revision
.W03 confidence/98: rejected by confidence is below policy minimum; current unchanged
.W03 confidence/99: accepted at boundary; one Current revision
.W03 confidence/100: rejected by confidence is below policy minimum; current unchanged
.W03 confidence/101: accepted at boundary; one Current revision
.W03 confidence/102: rejected by confidence is below policy minimum; current unchanged
.W03 confidence/103: accepted at boundary; one Current revision
.W03 confidence/104: rejected by confidence is below policy minimum; current unchanged
.W03 confidence/105: accepted at boundary; one Current revision
.W03 confidence/106: rejected by confidence is below policy minimum; current unchanged
.W03 confidence/107: accepted at boundary; one Current revision
.W03 confidence/108: rejected by confidence is below policy minimum; current unchanged
.W03 confidence/109: accepted at boundary; one Current revision
.W03 confidence/110: rejected by confidence is below policy minimum; current unchanged
.W03 confidence/111: accepted at boundary; one Current revision
.W03 confidence/112: rejected by confidence is below policy minimum; current unchanged
.W03 confidence/113: accepted at boundary; one Current revision
.W03 confidence/114: rejected by confidence is below policy minimum; current unchanged
.W03 confidence/115: accepted at boundary; one Current revision
.W03 confidence/116: rejected by confidence is below policy minimum; current unchanged
.W03 confidence/117: accepted at boundary; one Current revision
.W03 confidence/118: rejected by confidence is below policy minimum; current unchanged
.W03 confidence/119: accepted at boundary; one Current revision
.W03 confidence/120: rejected by confidence is below policy minimum; current unchanged
.W03 confidence/121: accepted at boundary; one Current revision
.W03 confidence/122: rejected by confidence is below policy minimum; current unchanged
.W03 confidence/123: accepted at boundary; one Current revision
.W03 confidence/124: rejected by confidence is below policy minimum; current unchanged
.W03 confidence/125: accepted at boundary; one Current revision
.W03 confidence/126: rejected by confidence is below policy minimum; current unchanged
.W03 confidence/127: accepted at boundary; one Current revision
.W03 confidence/128: rejected by confidence is below policy minimum; current unchanged
.W03 confidence/129: accepted at boundary; one Current revision
.W03 confidence/130: rejected by confidence is below policy minimum; current unchanged
.W03 confidence/131: accepted at boundary; one Current revision
.W03 confidence/132: rejected by confidence is below policy minimum; current unchanged
.W03 confidence/133: accepted at boundary; one Current revision
.W03 confidence/134: rejected by confidence is below policy minimum; current unchanged
.W03 confidence/135: accepted at boundary; one Current revision
.W03 confidence/136: rejected by confidence is below policy minimum; current unchanged
.W03 confidence/137: accepted at boundary; one Current revision
.W03 confidence/138: rejected by confidence is below policy minimum; current unchanged
.W03 confidence/139: accepted at boundary; one Current revision
.W03 confidence/140: rejected by confidence is below policy minimum; current unchanged
.W03 confidence/141: accepted at boundary; one Current revision
.W03 confidence/142: rejected by confidence is below policy minimum; current unchanged
.W03 confidence/143: accepted at boundary; one Current revision
.W03 confidence/144: rejected by confidence is below policy minimum; current unchanged
.W03 confidence/145: accepted at boundary; one Current revision
.W03 confidence/146: rejected by confidence is below policy minimum; current unchanged
.W03 confidence/147: accepted at boundary; one Current revision
.W03 confidence/148: rejected by confidence is below policy minimum; current unchanged
.W03 confidence/149: accepted at boundary; one Current revision
.W03 confidence/150: rejected by confidence is below policy minimum; current unchanged
.W03 confidence/151: accepted at boundary; one Current revision
.W03 confidence/152: rejected by confidence is below policy minimum; current unchanged
.W03 confidence/153: accepted at boundary; one Current revision
.W03 confidence/154: rejected by confidence is below policy minimum; current unchanged
.W03 confidence/155: accepted at boundary; one Current revision
.W03 confidence/156: rejected by confidence is below policy minimum; current unchanged
.W03 confidence/157: accepted at boundary; one Current revision
.W03 confidence/158: rejected by confidence is below policy minimum; current unchanged
.W03 confidence/159: accepted at boundary; one Current revision
.W03 confidence/160: rejected by confidence is below policy minimum; current unchanged
.W03 confidence/161: accepted at boundary; one Current revision
.W03 confidence/162: rejected by confidence is below policy minimum; current unchanged
.W03 confidence/163: accepted at boundary; one Current revision
.W03 confidence/164: rejected by confidence is below policy minimum; current unchanged
.W03 confidence/165: accepted at boundary; one Current revision
.W03 confidence/166: rejected by confidence is below policy minimum; current unchanged
.W03 confidence/167: accepted at boundary; one Current revision
.W03 confidence/168: rejected by confidence is below policy minimum; current unchanged
.W03 confidence/169: accepted at boundary; one Current revision
.W03 confidence/170: rejected by confidence is below policy minimum; current unchanged
.W03 confidence/171: accepted at boundary; one Current revision
.W03 confidence/172: rejected by confidence is below policy minimum; current unchanged
.W03 confidence/173: accepted at boundary; one Current revision
.W03 confidence/174: rejected by confidence is below policy minimum; current unchanged
.W03 confidence/175: accepted at boundary; one Current revision
.W03 confidence/176: rejected by confidence is below policy minimum; current unchanged
.W03 confidence/177: accepted at boundary; one Current revision
.W03 confidence/178: rejected by confidence is below policy minimum; current unchanged
.W03 confidence/179: accepted at boundary; one Current revision
.W03 confidence/180: rejected by confidence is below policy minimum; current unchanged
.W03 confidence/181: accepted at boundary; one Current revision
.W03 confidence/182: rejected by confidence is below policy minimum; current unchanged
.W03 confidence/183: accepted at boundary; one Current revision
.W03 confidence/184: rejected by confidence is below policy minimum; current unchanged
.W03 confidence/185: accepted at boundary; one Current revision
.W03 confidence/186: rejected by confidence is below policy minimum; current unchanged
.W03 confidence/187: accepted at boundary; one Current revision
.W03 confidence/188: rejected by confidence is below policy minimum; current unchanged
.W03 confidence/189: accepted at boundary; one Current revision
.W03 confidence/190: rejected by confidence is below policy minimum; current unchanged
.W03 confidence/191: accepted at boundary; one Current revision
.W03 confidence/192: rejected by confidence is below policy minimum; current unchanged
.W03 confidence/193: accepted at boundary; one Current revision
.W03 confidence/194: rejected by confidence is below policy minimum; current unchanged
.W03 confidence/195: accepted at boundary; one Current revision
.W03 confidence/196: rejected by confidence is below policy minimum; current unchanged
.W03 confidence/197: accepted at boundary; one Current revision
.W03 confidence/198: rejected by confidence is below policy minimum; current unchanged
.W03 confidence/199: accepted at boundary; one Current revision
.W03 observation_window/0: rejected by Evidence time span is too short; current unchanged
.W03 observation_window/1: accepted at boundary; one Current revision
.W03 observation_window/2: rejected by Evidence time span is too short; current unchanged
.W03 observation_window/3: accepted at boundary; one Current revision
.W03 observation_window/4: rejected by Evidence time span is too short; current unchanged
.W03 observation_window/5: accepted at boundary; one Current revision
.W03 observation_window/6: rejected by Evidence time span is too short; current unchanged
.W03 observation_window/7: accepted at boundary; one Current revision
.W03 observation_window/8: rejected by Evidence time span is too short; current unchanged
.W03 observation_window/9: accepted at boundary; one Current revision
.W03 observation_window/10: rejected by Evidence time span is too short; current unchanged
.W03 observation_window/11: accepted at boundary; one Current revision
.W03 observation_window/12: rejected by Evidence time span is too short; current unchanged
.W03 observation_window/13: accepted at boundary; one Current revision
.W03 observation_window/14: rejected by Evidence time span is too short; current unchanged
.W03 observation_window/15: accepted at boundary; one Current revision
.W03 observation_window/16: rejected by Evidence time span is too short; current unchanged
.W03 observation_window/17: accepted at boundary; one Current revision
.W03 observation_window/18: rejected by Evidence time span is too short; current unchanged
.W03 observation_window/19: accepted at boundary; one Current revision
.W03 observation_window/20: rejected by Evidence time span is too short; current unchanged
.W03 observation_window/21: accepted at boundary; one Current revision
.W03 observation_window/22: rejected by Evidence time span is too short; current unchanged
.W03 observation_window/23: accepted at boundary; one Current revision
.W03 observation_window/24: rejected by Evidence time span is too short; current unchanged
.W03 observation_window/25: accepted at boundary; one Current revision
.W03 observation_window/26: rejected by Evidence time span is too short; current unchanged
.W03 observation_window/27: accepted at boundary; one Current revision
.W03 observation_window/28: rejected by Evidence time span is too short; current unchanged
.W03 observation_window/29: accepted at boundary; one Current revision
.W03 observation_window/30: rejected by Evidence time span is too short; current unchanged
.W03 observation_window/31: accepted at boundary; one Current revision
.W03 observation_window/32: rejected by Evidence time span is too short; current unchanged
.W03 observation_window/33: accepted at boundary; one Current revision
.W03 observation_window/34: rejected by Evidence time span is too short; current unchanged
.W03 observation_window/35: accepted at boundary; one Current revision
.W03 observation_window/36: rejected by Evidence time span is too short; current unchanged
.W03 observation_window/37: accepted at boundary; one Current revision
.W03 observation_window/38: rejected by Evidence time span is too short; current unchanged
.W03 observation_window/39: accepted at boundary; one Current revision
.W03 observation_window/40: rejected by Evidence time span is too short; current unchanged
.W03 observation_window/41: accepted at boundary; one Current revision
.W03 observation_window/42: rejected by Evidence time span is too short; current unchanged
.W03 observation_window/43: accepted at boundary; one Current revision
.W03 observation_window/44: rejected by Evidence time span is too short; current unchanged
.W03 observation_window/45: accepted at boundary; one Current revision
.W03 observation_window/46: rejected by Evidence time span is too short; current unchanged
.W03 observation_window/47: accepted at boundary; one Current revision
.W03 observation_window/48: rejected by Evidence time span is too short; current unchanged
.W03 observation_window/49: accepted at boundary; one Current revision
.W03 observation_window/50: rejected by Evidence time span is too short; current unchanged
.W03 observation_window/51: accepted at boundary; one Current revision
.W03 observation_window/52: rejected by Evidence time span is too short; current unchanged
.W03 observation_window/53: accepted at boundary; one Current revision
.W03 observation_window/54: rejected by Evidence time span is too short; current unchanged
.W03 observation_window/55: accepted at boundary; one Current revision
.W03 observation_window/56: rejected by Evidence time span is too short; current unchanged
.W03 observation_window/57: accepted at boundary; one Current revision
.W03 observation_window/58: rejected by Evidence time span is too short; current unchanged
.W03 observation_window/59: accepted at boundary; one Current revision
.W03 observation_window/60: rejected by Evidence time span is too short; current unchanged
.W03 observation_window/61: accepted at boundary; one Current revision
.W03 observation_window/62: rejected by Evidence time span is too short; current unchanged
.W03 observation_window/63: accepted at boundary; one Current revision
.W03 observation_window/64: rejected by Evidence time span is too short; current unchanged
.W03 observation_window/65: accepted at boundary; one Current revision
.W03 observation_window/66: rejected by Evidence time span is too short; current unchanged
.W03 observation_window/67: accepted at boundary; one Current revision
.W03 observation_window/68: rejected by Evidence time span is too short; current unchanged
.W03 observation_window/69: accepted at boundary; one Current revision
.W03 observation_window/70: rejected by Evidence time span is too short; current unchanged
.W03 observation_window/71: accepted at boundary; one Current revision
.W03 observation_window/72: rejected by Evidence time span is too short; current unchanged
.W03 observation_window/73: accepted at boundary; one Current revision
.W03 observation_window/74: rejected by Evidence time span is too short; current unchanged
.W03 observation_window/75: accepted at boundary; one Current revision
.W03 observation_window/76: rejected by Evidence time span is too short; current unchanged
.W03 observation_window/77: accepted at boundary; one Current revision
.W03 observation_window/78: rejected by Evidence time span is too short; current unchanged
.W03 observation_window/79: accepted at boundary; one Current revision
.W03 observation_window/80: rejected by Evidence time span is too short; current unchanged
.W03 observation_window/81: accepted at boundary; one Current revision
.W03 observation_window/82: rejected by Evidence time span is too short; current unchanged
.W03 observation_window/83: accepted at boundary; one Current revision
.W03 observation_window/84: rejected by Evidence time span is too short; current unchanged
.W03 observation_window/85: accepted at boundary; one Current revision
.W03 observation_window/86: rejected by Evidence time span is too short; current unchanged
.W03 observation_window/87: accepted at boundary; one Current revision
.W03 observation_window/88: rejected by Evidence time span is too short; current unchanged
.W03 observation_window/89: accepted at boundary; one Current revision
.W03 observation_window/90: rejected by Evidence time span is too short; current unchanged
.W03 observation_window/91: accepted at boundary; one Current revision
.W03 observation_window/92: rejected by Evidence time span is too short; current unchanged
.W03 observation_window/93: accepted at boundary; one Current revision
.W03 observation_window/94: rejected by Evidence time span is too short; current unchanged
.W03 observation_window/95: accepted at boundary; one Current revision
.W03 observation_window/96: rejected by Evidence time span is too short; current unchanged
.W03 observation_window/97: accepted at boundary; one Current revision
.W03 observation_window/98: rejected by Evidence time span is too short; current unchanged
.W03 observation_window/99: accepted at boundary; one Current revision
.W03 observation_window/100: rejected by Evidence time span is too short; current unchanged
.W03 observation_window/101: accepted at boundary; one Current revision
.W03 observation_window/102: rejected by Evidence time span is too short; current unchanged
.W03 observation_window/103: accepted at boundary; one Current revision
.W03 observation_window/104: rejected by Evidence time span is too short; current unchanged
.W03 observation_window/105: accepted at boundary; one Current revision
.W03 observation_window/106: rejected by Evidence time span is too short; current unchanged
.W03 observation_window/107: accepted at boundary; one Current revision
.W03 observation_window/108: rejected by Evidence time span is too short; current unchanged
.W03 observation_window/109: accepted at boundary; one Current revision
.W03 observation_window/110: rejected by Evidence time span is too short; current unchanged
.W03 observation_window/111: accepted at boundary; one Current revision
.W03 observation_window/112: rejected by Evidence time span is too short; current unchanged
.W03 observation_window/113: accepted at boundary; one Current revision
.W03 observation_window/114: rejected by Evidence time span is too short; current unchanged
.W03 observation_window/115: accepted at boundary; one Current revision
.W03 observation_window/116: rejected by Evidence time span is too short; current unchanged
.W03 observation_window/117: accepted at boundary; one Current revision
.W03 observation_window/118: rejected by Evidence time span is too short; current unchanged
.W03 observation_window/119: accepted at boundary; one Current revision
.W03 observation_window/120: rejected by Evidence time span is too short; current unchanged
.W03 observation_window/121: accepted at boundary; one Current revision
.W03 observation_window/122: rejected by Evidence time span is too short; current unchanged
.W03 observation_window/123: accepted at boundary; one Current revision
.W03 observation_window/124: rejected by Evidence time span is too short; current unchanged
.W03 observation_window/125: accepted at boundary; one Current revision
.W03 observation_window/126: rejected by Evidence time span is too short; current unchanged
.W03 observation_window/127: accepted at boundary; one Current revision
.W03 observation_window/128: rejected by Evidence time span is too short; current unchanged
.W03 observation_window/129: accepted at boundary; one Current revision
.W03 observation_window/130: rejected by Evidence time span is too short; current unchanged
.W03 observation_window/131: accepted at boundary; one Current revision
.W03 observation_window/132: rejected by Evidence time span is too short; current unchanged
.W03 observation_window/133: accepted at boundary; one Current revision
.W03 observation_window/134: rejected by Evidence time span is too short; current unchanged
.W03 observation_window/135: accepted at boundary; one Current revision
.W03 observation_window/136: rejected by Evidence time span is too short; current unchanged
.W03 observation_window/137: accepted at boundary; one Current revision
.W03 observation_window/138: rejected by Evidence time span is too short; current unchanged
.W03 observation_window/139: accepted at boundary; one Current revision
.W03 observation_window/140: rejected by Evidence time span is too short; current unchanged
.W03 observation_window/141: accepted at boundary; one Current revision
.W03 observation_window/142: rejected by Evidence time span is too short; current unchanged
.W03 observation_window/143: accepted at boundary; one Current revision
.W03 observation_window/144: rejected by Evidence time span is too short; current unchanged
.W03 observation_window/145: accepted at boundary; one Current revision
.W03 observation_window/146: rejected by Evidence time span is too short; current unchanged
.W03 observation_window/147: accepted at boundary; one Current revision
.W03 observation_window/148: rejected by Evidence time span is too short; current unchanged
.W03 observation_window/149: accepted at boundary; one Current revision
.W03 observation_window/150: rejected by Evidence time span is too short; current unchanged
.W03 observation_window/151: accepted at boundary; one Current revision
.W03 observation_window/152: rejected by Evidence time span is too short; current unchanged
.W03 observation_window/153: accepted at boundary; one Current revision
.W03 observation_window/154: rejected by Evidence time span is too short; current unchanged
.W03 observation_window/155: accepted at boundary; one Current revision
.W03 observation_window/156: rejected by Evidence time span is too short; current unchanged
.W03 observation_window/157: accepted at boundary; one Current revision
.W03 observation_window/158: rejected by Evidence time span is too short; current unchanged
.W03 observation_window/159: accepted at boundary; one Current revision
.W03 observation_window/160: rejected by Evidence time span is too short; current unchanged
.W03 observation_window/161: accepted at boundary; one Current revision
.W03 observation_window/162: rejected by Evidence time span is too short; current unchanged
.W03 observation_window/163: accepted at boundary; one Current revision
.W03 observation_window/164: rejected by Evidence time span is too short; current unchanged
.W03 observation_window/165: accepted at boundary; one Current revision
.W03 observation_window/166: rejected by Evidence time span is too short; current unchanged
.W03 observation_window/167: accepted at boundary; one Current revision
.W03 observation_window/168: rejected by Evidence time span is too short; current unchanged
.W03 observation_window/169: accepted at boundary; one Current revision
.W03 observation_window/170: rejected by Evidence time span is too short; current unchanged
.W03 observation_window/171: accepted at boundary; one Current revision
.W03 observation_window/172: rejected by Evidence time span is too short; current unchanged
.W03 observation_window/173: accepted at boundary; one Current revision
.W03 observation_window/174: rejected by Evidence time span is too short; current unchanged
.W03 observation_window/175: accepted at boundary; one Current revision
.W03 observation_window/176: rejected by Evidence time span is too short; current unchanged
.W03 observation_window/177: accepted at boundary; one Current revision
.W03 observation_window/178: rejected by Evidence time span is too short; current unchanged
.W03 observation_window/179: accepted at boundary; one Current revision
.W03 observation_window/180: rejected by Evidence time span is too short; current unchanged
.W03 observation_window/181: accepted at boundary; one Current revision
.W03 observation_window/182: rejected by Evidence time span is too short; current unchanged
.W03 observation_window/183: accepted at boundary; one Current revision
.W03 observation_window/184: rejected by Evidence time span is too short; current unchanged
.W03 observation_window/185: accepted at boundary; one Current revision
.W03 observation_window/186: rejected by Evidence time span is too short; current unchanged
.W03 observation_window/187: accepted at boundary; one Current revision
.W03 observation_window/188: rejected by Evidence time span is too short; current unchanged
.W03 observation_window/189: accepted at boundary; one Current revision
.W03 observation_window/190: rejected by Evidence time span is too short; current unchanged
.W03 observation_window/191: accepted at boundary; one Current revision
.W03 observation_window/192: rejected by Evidence time span is too short; current unchanged
.W03 observation_window/193: accepted at boundary; one Current revision
.W03 observation_window/194: rejected by Evidence time span is too short; current unchanged
.W03 observation_window/195: accepted at boundary; one Current revision
.W03 observation_window/196: rejected by Evidence time span is too short; current unchanged
.W03 observation_window/197: accepted at boundary; one Current revision
.W03 observation_window/198: rejected by Evidence time span is too short; current unchanged
.W03 observation_window/199: accepted at boundary; one Current revision
.W03 sensitive_field/0: accepted at boundary; one Current revision
.W03 sensitive_field/1: accepted at boundary; one Current revision
.W03 sensitive_field/2: accepted at boundary; one Current revision
.W03 sensitive_field/3: accepted at boundary; one Current revision
.W03 sensitive_field/4: accepted at boundary; one Current revision
.W03 sensitive_field/5: accepted at boundary; one Current revision
.W03 sensitive_field/6: accepted at boundary; one Current revision
.W03 sensitive_field/7: accepted at boundary; one Current revision
.W03 sensitive_field/8: accepted at boundary; one Current revision
.W03 sensitive_field/9: accepted at boundary; one Current revision
.W03 sensitive_field/10: accepted at boundary; one Current revision
.W03 sensitive_field/11: accepted at boundary; one Current revision
.W03 sensitive_field/12: accepted at boundary; one Current revision
.W03 sensitive_field/13: accepted at boundary; one Current revision
.W03 sensitive_field/14: accepted at boundary; one Current revision
.W03 sensitive_field/15: accepted at boundary; one Current revision
.W03 sensitive_field/16: accepted at boundary; one Current revision
.W03 sensitive_field/17: accepted at boundary; one Current revision
.W03 sensitive_field/18: accepted at boundary; one Current revision
.W03 sensitive_field/19: accepted at boundary; one Current revision
.W03 sensitive_field/20: accepted at boundary; one Current revision
.W03 sensitive_field/21: accepted at boundary; one Current revision
.W03 sensitive_field/22: accepted at boundary; one Current revision
.W03 sensitive_field/23: accepted at boundary; one Current revision
.W03 sensitive_field/24: accepted at boundary; one Current revision
.W03 sensitive_field/25: accepted at boundary; one Current revision
.W03 sensitive_field/26: accepted at boundary; one Current revision
.W03 sensitive_field/27: accepted at boundary; one Current revision
.W03 sensitive_field/28: accepted at boundary; one Current revision
.W03 sensitive_field/29: accepted at boundary; one Current revision
.W03 sensitive_field/30: accepted at boundary; one Current revision
.W03 sensitive_field/31: accepted at boundary; one Current revision
.W03 sensitive_field/32: accepted at boundary; one Current revision
.W03 sensitive_field/33: accepted at boundary; one Current revision
.W03 sensitive_field/34: accepted at boundary; one Current revision
.W03 sensitive_field/35: accepted at boundary; one Current revision
.W03 sensitive_field/36: accepted at boundary; one Current revision
.W03 sensitive_field/37: accepted at boundary; one Current revision
.W03 sensitive_field/38: accepted at boundary; one Current revision
.W03 sensitive_field/39: accepted at boundary; one Current revision
.W03 sensitive_field/40: accepted at boundary; one Current revision
.W03 sensitive_field/41: accepted at boundary; one Current revision
.W03 sensitive_field/42: accepted at boundary; one Current revision
.W03 sensitive_field/43: accepted at boundary; one Current revision
.W03 sensitive_field/44: accepted at boundary; one Current revision
.W03 sensitive_field/45: accepted at boundary; one Current revision
.W03 sensitive_field/46: accepted at boundary; one Current revision
.W03 sensitive_field/47: accepted at boundary; one Current revision
.W03 sensitive_field/48: accepted at boundary; one Current revision
.W03 sensitive_field/49: accepted at boundary; one Current revision
.W03 sensitive_field/50: accepted at boundary; one Current revision
.W03 sensitive_field/51: accepted at boundary; one Current revision
.W03 sensitive_field/52: accepted at boundary; one Current revision
.W03 sensitive_field/53: accepted at boundary; one Current revision
.W03 sensitive_field/54: accepted at boundary; one Current revision
.W03 sensitive_field/55: accepted at boundary; one Current revision
.W03 sensitive_field/56: accepted at boundary; one Current revision
.W03 sensitive_field/57: accepted at boundary; one Current revision
.W03 sensitive_field/58: accepted at boundary; one Current revision
.W03 sensitive_field/59: accepted at boundary; one Current revision
.W03 sensitive_field/60: accepted at boundary; one Current revision
.W03 sensitive_field/61: accepted at boundary; one Current revision
.W03 sensitive_field/62: accepted at boundary; one Current revision
.W03 sensitive_field/63: accepted at boundary; one Current revision
.W03 sensitive_field/64: accepted at boundary; one Current revision
.W03 sensitive_field/65: accepted at boundary; one Current revision
.W03 sensitive_field/66: accepted at boundary; one Current revision
.W03 sensitive_field/67: accepted at boundary; one Current revision
.W03 sensitive_field/68: accepted at boundary; one Current revision
.W03 sensitive_field/69: accepted at boundary; one Current revision
.W03 sensitive_field/70: accepted at boundary; one Current revision
.W03 sensitive_field/71: accepted at boundary; one Current revision
.W03 sensitive_field/72: accepted at boundary; one Current revision
.W03 sensitive_field/73: accepted at boundary; one Current revision
.W03 sensitive_field/74: accepted at boundary; one Current revision
.W03 sensitive_field/75: accepted at boundary; one Current revision
.W03 sensitive_field/76: accepted at boundary; one Current revision
.W03 sensitive_field/77: accepted at boundary; one Current revision
.W03 sensitive_field/78: accepted at boundary; one Current revision
.W03 sensitive_field/79: accepted at boundary; one Current revision
.W03 sensitive_field/80: accepted at boundary; one Current revision
.W03 sensitive_field/81: accepted at boundary; one Current revision
.W03 sensitive_field/82: accepted at boundary; one Current revision
.W03 sensitive_field/83: accepted at boundary; one Current revision
.W03 sensitive_field/84: accepted at boundary; one Current revision
.W03 sensitive_field/85: accepted at boundary; one Current revision
.W03 sensitive_field/86: accepted at boundary; one Current revision
.W03 sensitive_field/87: accepted at boundary; one Current revision
.W03 sensitive_field/88: accepted at boundary; one Current revision
.W03 sensitive_field/89: accepted at boundary; one Current revision
.W03 sensitive_field/90: accepted at boundary; one Current revision
.W03 sensitive_field/91: accepted at boundary; one Current revision
.W03 sensitive_field/92: accepted at boundary; one Current revision
.W03 sensitive_field/93: accepted at boundary; one Current revision
.W03 sensitive_field/94: accepted at boundary; one Current revision
.W03 sensitive_field/95: accepted at boundary; one Current revision
.W03 sensitive_field/96: accepted at boundary; one Current revision
.W03 sensitive_field/97: accepted at boundary; one Current revision
.W03 sensitive_field/98: accepted at boundary; one Current revision
.W03 sensitive_field/99: accepted at boundary; one Current revision
.W03 sensitive_field/100: accepted at boundary; one Current revision
.W03 sensitive_field/101: accepted at boundary; one Current revision
.W03 sensitive_field/102: accepted at boundary; one Current revision
.W03 sensitive_field/103: accepted at boundary; one Current revision
.W03 sensitive_field/104: accepted at boundary; one Current revision
.W03 sensitive_field/105: accepted at boundary; one Current revision
.W03 sensitive_field/106: accepted at boundary; one Current revision
.W03 sensitive_field/107: accepted at boundary; one Current revision
.W03 sensitive_field/108: accepted at boundary; one Current revision
.W03 sensitive_field/109: accepted at boundary; one Current revision
.W03 sensitive_field/110: accepted at boundary; one Current revision
.W03 sensitive_field/111: accepted at boundary; one Current revision
.W03 sensitive_field/112: accepted at boundary; one Current revision
.W03 sensitive_field/113: accepted at boundary; one Current revision
.W03 sensitive_field/114: accepted at boundary; one Current revision
.W03 sensitive_field/115: accepted at boundary; one Current revision
.W03 sensitive_field/116: accepted at boundary; one Current revision
.W03 sensitive_field/117: accepted at boundary; one Current revision
.W03 sensitive_field/118: accepted at boundary; one Current revision
.W03 sensitive_field/119: accepted at boundary; one Current revision
.W03 sensitive_field/120: accepted at boundary; one Current revision
.W03 sensitive_field/121: accepted at boundary; one Current revision
.W03 sensitive_field/122: accepted at boundary; one Current revision
.W03 sensitive_field/123: accepted at boundary; one Current revision
.W03 sensitive_field/124: accepted at boundary; one Current revision
.W03 sensitive_field/125: accepted at boundary; one Current revision
.W03 sensitive_field/126: accepted at boundary; one Current revision
.W03 sensitive_field/127: accepted at boundary; one Current revision
.W03 sensitive_field/128: accepted at boundary; one Current revision
.W03 sensitive_field/129: accepted at boundary; one Current revision
.W03 sensitive_field/130: accepted at boundary; one Current revision
.W03 sensitive_field/131: accepted at boundary; one Current revision
.W03 sensitive_field/132: accepted at boundary; one Current revision
.W03 sensitive_field/133: accepted at boundary; one Current revision
.W03 sensitive_field/134: accepted at boundary; one Current revision
.W03 sensitive_field/135: accepted at boundary; one Current revision
.W03 sensitive_field/136: accepted at boundary; one Current revision
.W03 sensitive_field/137: accepted at boundary; one Current revision
.W03 sensitive_field/138: accepted at boundary; one Current revision
.W03 sensitive_field/139: accepted at boundary; one Current revision
.W03 sensitive_field/140: accepted at boundary; one Current revision
.W03 sensitive_field/141: accepted at boundary; one Current revision
.W03 sensitive_field/142: accepted at boundary; one Current revision
.W03 sensitive_field/143: accepted at boundary; one Current revision
.W03 sensitive_field/144: accepted at boundary; one Current revision
.W03 sensitive_field/145: accepted at boundary; one Current revision
.W03 sensitive_field/146: accepted at boundary; one Current revision
.W03 sensitive_field/147: accepted at boundary; one Current revision
.W03 sensitive_field/148: accepted at boundary; one Current revision
.W03 sensitive_field/149: accepted at boundary; one Current revision
.W03 sensitive_field/150: accepted at boundary; one Current revision
.W03 sensitive_field/151: accepted at boundary; one Current revision
.W03 sensitive_field/152: accepted at boundary; one Current revision
.W03 sensitive_field/153: accepted at boundary; one Current revision
.W03 sensitive_field/154: accepted at boundary; one Current revision
.W03 sensitive_field/155: accepted at boundary; one Current revision
.W03 sensitive_field/156: accepted at boundary; one Current revision
.W03 sensitive_field/157: accepted at boundary; one Current revision
.W03 sensitive_field/158: accepted at boundary; one Current revision
.W03 sensitive_field/159: accepted at boundary; one Current revision
.W03 sensitive_field/160: accepted at boundary; one Current revision
.W03 sensitive_field/161: accepted at boundary; one Current revision
.W03 sensitive_field/162: accepted at boundary; one Current revision
.W03 sensitive_field/163: accepted at boundary; one Current revision
.W03 sensitive_field/164: accepted at boundary; one Current revision
.W03 sensitive_field/165: accepted at boundary; one Current revision
.W03 sensitive_field/166: accepted at boundary; one Current revision
.W03 sensitive_field/167: accepted at boundary; one Current revision
.W03 sensitive_field/168: accepted at boundary; one Current revision
.W03 sensitive_field/169: accepted at boundary; one Current revision
.W03 sensitive_field/170: accepted at boundary; one Current revision
.W03 sensitive_field/171: accepted at boundary; one Current revision
.W03 sensitive_field/172: accepted at boundary; one Current revision
.W03 sensitive_field/173: accepted at boundary; one Current revision
.W03 sensitive_field/174: accepted at boundary; one Current revision
.W03 sensitive_field/175: accepted at boundary; one Current revision
.W03 sensitive_field/176: accepted at boundary; one Current revision
.W03 sensitive_field/177: accepted at boundary; one Current revision
.W03 sensitive_field/178: accepted at boundary; one Current revision
.W03 sensitive_field/179: accepted at boundary; one Current revision
.W03 sensitive_field/180: accepted at boundary; one Current revision
.W03 sensitive_field/181: accepted at boundary; one Current revision
.W03 sensitive_field/182: accepted at boundary; one Current revision
.W03 sensitive_field/183: accepted at boundary; one Current revision
.W03 sensitive_field/184: accepted at boundary; one Current revision
.W03 sensitive_field/185: accepted at boundary; one Current revision
.W03 sensitive_field/186: accepted at boundary; one Current revision
.W03 sensitive_field/187: accepted at boundary; one Current revision
.W03 sensitive_field/188: accepted at boundary; one Current revision
.W03 sensitive_field/189: accepted at boundary; one Current revision
.W03 sensitive_field/190: accepted at boundary; one Current revision
.W03 sensitive_field/191: accepted at boundary; one Current revision
.W03 sensitive_field/192: accepted at boundary; one Current revision
.W03 sensitive_field/193: accepted at boundary; one Current revision
.W03 sensitive_field/194: accepted at boundary; one Current revision
.W03 sensitive_field/195: accepted at boundary; one Current revision
.W03 sensitive_field/196: accepted at boundary; one Current revision
.W03 sensitive_field/197: accepted at boundary; one Current revision
.W03 sensitive_field/198: accepted at boundary; one Current revision
.W03 sensitive_field/199: accepted at boundary; one Current revision
.

======================= 2800 passed in 232.54s (0:03:52) =======================
