npm run check --prefix web/console

> @iris-memory/console@0.1.0 check
> npm run types:check && npm run lint && npm run typecheck && npm test && npm run build


> @iris-memory/console@0.1.0 types:check
> node scripts/check-types.mjs && node scripts/generate-protocol.mjs --check

Published Console type generation is deterministic.

> @iris-memory/console@0.1.0 lint
> eslint . --max-warnings 0


> @iris-memory/console@0.1.0 typecheck
> tsc --noEmit


> @iris-memory/console@0.1.0 test
> vitest run


 RUN  v3.2.4 /Users/cassia/Local/Code/iris_memory_core/web/console

 ✓ tests/client.test.ts (16 tests) 13ms
 ✓ tests/workflows.test.tsx (13 tests) 193ms

 Test Files  2 passed (2)
      Tests  29 passed (29)
   Start at  23:55:17
   Duration  833ms (transform 115ms, setup 0ms, collect 255ms, tests 207ms, environment 505ms, prepare 79ms)


> @iris-memory/console@0.1.0 build
> tsc --noEmit && vite build && node scripts/check-build.mjs

vite v7.1.4 building for production...
transforming...
node_modules/react-router/dist/development/index.mjs (11:0): Module level directives cause errors when bundled, "use client" in "node_modules/react-router/dist/development/index.mjs" was ignored.
node_modules/react-router/dist/development/dom-export.mjs (1:0): Module level directives cause errors when bundled, "use client" in "node_modules/react-router/dist/development/dom-export.mjs" was ignored.
✓ 56 modules transformed.
rendering chunks...
computing gzip size...
dist/index.html                   0.44 kB │ gzip:  0.32 kB
dist/assets/index-DsQ9LCF9.css    6.82 kB │ gzip:  2.27 kB
dist/assets/index-BFsozoxe.js   309.05 kB │ gzip: 97.58 kB
✓ built in 426ms
Production assets: same-origin, no mock, no inline entry, no eval, allowed suffixes.
npm run test:browser --prefix web/console

> @iris-memory/console@0.1.0 test:browser
> playwright test

(node:82041) [DEP0205] DeprecationWarning: `module.register()` is deprecated. Use `module.registerHooks()` instead.
(Use `node --trace-deprecation ...` to show where the warning was created)
[WebServer] INFO:     Started server process [82044]
[WebServer] INFO:     Waiting for application startup.
[WebServer] INFO:     Application startup complete.
[WebServer] INFO:     Uvicorn running on http://127.0.0.1:8766 (Press CTRL+C to quit)
[WebServer] {"duration_ms": 46.16658299892151, "event": "console.request", "id_hash": "h_ca741cddf9cc", "status": "200"}

Running 20 tests using 1 worker

(node:82055) Warning: The 'NO_COLOR' env is ignored due to the 'FORCE_COLOR' env being set.
(Use `node --trace-warnings ...` to show where the warning was created)
(node:82055) [DEP0205] DeprecationWarning: `module.register()` is deprecated. Use `module.registerHooks()` instead.
(node:82055) Warning: The 'NO_COLOR' env is ignored due to the 'FORCE_COLOR' env being set.
(Use `node --trace-warnings ...` to show where the warning was created)
[WebServer] {"duration_ms": 0.8734580005693715, "event": "console.request", "id_hash": "h_ddaf846bd9f1", "status": "200"}
[WebServer] {"duration_ms": 1.797916998839355, "event": "console.request", "id_hash": "h_c8460a614857", "status": "200"}
[WebServer] {"duration_ms": 1.607457999853068, "event": "console.request", "id_hash": "h_b369644db7d0", "status": "200"}
[WebServer] {"duration_ms": 4.14450000062061, "event": "console.request", "id_hash": "h_63e09fa28fa1", "status": "401"}
[WebServer] {"duration_ms": 101.680125000712, "event": "console.request", "id_hash": "h_97f6f4ccf33c", "status": "200"}
[WebServer] {"duration_ms": 5.5037079982867, "event": "console.request", "id_hash": "h_4c2676394f3a", "status": "200"}
[WebServer] {"duration_ms": 32.40445799929148, "event": "console.request", "id_hash": "h_b7361cc6c466", "status": "200"}
[WebServer] {"duration_ms": 6.101249999119318, "event": "console.request", "id_hash": "h_d1ab907a73aa", "status": "200"}
[WebServer] {"duration_ms": 6.077291000110563, "event": "console.request", "id_hash": "h_52f3b9a57f24", "status": "200"}
[WebServer] {"duration_ms": 11.989624999841908, "event": "console.request", "id_hash": "h_f6575f1c2130", "status": "200"}
[WebServer] {"duration_ms": 1.6250420012511313, "event": "console.request", "id_hash": "h_db971013f5fa", "status": "200"}
[WebServer] {"duration_ms": 9.581708000041544, "event": "console.request", "id_hash": "h_15e4193e339a", "status": "200"}
[WebServer] {"duration_ms": 2.4365000008401694, "event": "console.request", "id_hash": "h_1b9200d33445", "status": "200"}
[WebServer] {"duration_ms": 1.834790999055258, "event": "console.request", "id_hash": "h_a73e9e6ffa02", "status": "200"}
[WebServer] {"duration_ms": 3.5602920015662676, "event": "console.request", "id_hash": "h_394191576b19", "status": "200"}
[WebServer] {"duration_ms": 6.21816700004274, "event": "console.request", "id_hash": "h_e38d77862da7", "status": "200"}
[WebServer] {"duration_ms": 30.36366600099427, "event": "console.request", "id_hash": "h_ca7f5b3a61c3", "status": "200"}
[WebServer] {"duration_ms": 11.659875000987086, "event": "console.request", "id_hash": "h_9c1546d00662", "status": "200"}
[WebServer] {"duration_ms": 14.158165999106131, "event": "console.request", "id_hash": "h_f4a54031f21c", "status": "200"}
  ✓   1 tests/browser/console.spec.ts:6:1 › real memory registry, canonical list, detail and history (1.2s)
[WebServer] {"duration_ms": 1.0781250002764864, "event": "console.request", "id_hash": "h_d9f2eddb1e7f", "status": "200"}
[WebServer] {"duration_ms": 2.2771249987272313, "event": "console.request", "id_hash": "h_425b34287a90", "status": "200"}
[WebServer] {"duration_ms": 1.916540999445715, "event": "console.request", "id_hash": "h_b66f7acf8c0f", "status": "200"}
[WebServer] {"duration_ms": 3.9216250006575137, "event": "console.request", "id_hash": "h_14018a4d31bc", "status": "401"}
[WebServer] {"duration_ms": 101.38812500008498, "event": "console.request", "id_hash": "h_d0414b293b53", "status": "200"}
[WebServer] {"duration_ms": 6.219124999915948, "event": "console.request", "id_hash": "h_02b0a4b0f937", "status": "200"}
[WebServer] {"duration_ms": 45.48758300006739, "event": "console.request", "id_hash": "h_bee2be38edff", "status": "200"}
[WebServer] {"duration_ms": 4.797957999471691, "event": "console.request", "id_hash": "h_a8241b961a23", "status": "200"}
[WebServer] {"duration_ms": 20.64970799983712, "event": "console.request", "id_hash": "h_788b38fb47fd", "status": "200"}
[WebServer] {"duration_ms": 27.26379199884832, "event": "console.request", "id_hash": "h_1753afdd36bf", "status": "200"}
[WebServer] {"duration_ms": 28.9716250008496, "event": "console.request", "id_hash": "h_402b32daf359", "status": "200"}
[WebServer] {"duration_ms": 29.611333000502782, "event": "console.request", "id_hash": "h_f9a9bacb6729", "status": "200"}
[WebServer] {"duration_ms": 18.897083999036113, "event": "console.request", "id_hash": "h_263cd3f3df7f", "status": "201"}
[WebServer] {"duration_ms": 4.664250000132597, "event": "console.request", "id_hash": "h_ff1e05062cb8", "status": "200"}
[WebServer] {"duration_ms": 7.541082999523496, "event": "console.request", "id_hash": "h_b3b58a2805da", "status": "200"}
[WebServer] {"duration_ms": 0.9927920000336599, "event": "console.request", "id_hash": "h_07e2b8e02b32", "status": "200"}
[WebServer] {"duration_ms": 1.8813339993357658, "event": "console.request", "id_hash": "h_d16031ee887b", "status": "200"}
[WebServer] {"duration_ms": 1.4442499996221159, "event": "console.request", "id_hash": "h_e765c88022da", "status": "200"}
[WebServer] {"duration_ms": 3.4787499989761272, "event": "console.request", "id_hash": "h_4ea2c8bbcc4f", "status": "200"}
[WebServer] {"duration_ms": 5.475916999785113, "event": "console.request", "id_hash": "h_6a9ca69de9f1", "status": "200"}
[WebServer] {"duration_ms": 30.470332998447702, "event": "console.request", "id_hash": "h_95efb6829713", "status": "200"}
[WebServer] {"duration_ms": 11.549125001693028, "event": "console.request", "id_hash": "h_9ebe4acef397", "status": "200"}
[WebServer] {"duration_ms": 14.09333300034632, "event": "console.request", "id_hash": "h_addcf17e943b", "status": "200"}
[WebServer] {"duration_ms": 21.399040999313, "event": "console.request", "id_hash": "h_09ddde32b070", "status": "200"}
[WebServer] {"duration_ms": 8.062999999310705, "event": "console.request", "id_hash": "h_0320f4130fd8", "status": "200"}
[WebServer] {"duration_ms": 12.755375000779168, "event": "console.request", "id_hash": "h_dbd0427b0e74", "status": "200"}
[WebServer] {"duration_ms": 23.586208000779152, "event": "console.request", "id_hash": "h_3f3cc80c5c74", "status": "200"}
[WebServer] {"duration_ms": 8.17174999974668, "event": "console.request", "id_hash": "h_6d5a9375055a", "status": "200"}
[WebServer] {"duration_ms": 12.756957999954466, "event": "console.request", "id_hash": "h_95b903658fc7", "status": "200"}
[WebServer] {"duration_ms": 1.0050829987449106, "event": "console.request", "id_hash": "h_b0d33fff51f8", "status": "200"}
[WebServer] {"duration_ms": 1.2048340013279812, "event": "console.request", "id_hash": "h_48fb0f51b0b2", "status": "200"}
[WebServer] {"duration_ms": 1.6501669997524004, "event": "console.request", "id_hash": "h_f62158a0b91a", "status": "200"}
[WebServer] {"duration_ms": 4.35420800022257, "event": "console.request", "id_hash": "h_f0b2c2660f50", "status": "200"}
[WebServer] {"duration_ms": 4.8127499994734535, "event": "console.request", "id_hash": "h_6c2d83cbaece", "status": "200"}
[WebServer] {"duration_ms": 30.665791999126668, "event": "console.request", "id_hash": "h_34dcf7926433", "status": "200"}
[WebServer] {"duration_ms": 7.836792001398862, "event": "console.request", "id_hash": "h_ad58ffd4aab9", "status": "200"}
[WebServer] {"duration_ms": 12.24295800057007, "event": "console.request", "id_hash": "h_5b91730ebce3", "status": "200"}
[WebServer] {"duration_ms": 4.7563330008415505, "event": "console.request", "id_hash": "h_4c517c662a20", "status": "200"}
[WebServer] {"duration_ms": 25.065249999897787, "event": "console.request", "id_hash": "h_db4471ea6d37", "status": "200"}
[WebServer] {"duration_ms": 25.61437500116881, "event": "console.request", "id_hash": "h_0bc82629d0b6", "status": "200"}
[WebServer] {"duration_ms": 26.79083400107629, "event": "console.request", "id_hash": "h_e00c310ee5d7", "status": "200"}
[WebServer] {"duration_ms": 26.261541999701876, "event": "console.request", "id_hash": "h_9f503bd9ef30", "status": "200"}
[WebServer] {"duration_ms": 20.36762500028999, "event": "console.request", "id_hash": "h_7dccc85ebd31", "status": "201"}
[WebServer] {"duration_ms": 5.473167000673129, "event": "console.request", "id_hash": "h_2da72151d3ee", "status": "200"}
[WebServer] {"duration_ms": 8.835417000227608, "event": "console.request", "id_hash": "h_59890e9cb12a", "status": "200"}
[WebServer] {"duration_ms": 23.01833300043654, "event": "console.request", "id_hash": "h_ca46fd3586ca", "status": "200"}
[WebServer] {"duration_ms": 1.4315000007627532, "event": "console.request", "id_hash": "h_03a1965e0010", "status": "200"}
[WebServer] {"duration_ms": 1.5194580009847414, "event": "console.request", "id_hash": "h_ce697c67b91a", "status": "200"}
[WebServer] {"duration_ms": 2.2887089999130694, "event": "console.request", "id_hash": "h_6fcfa0926460", "status": "200"}
[WebServer] {"duration_ms": 14.244333000533516, "event": "console.request", "id_hash": "h_e52825077f70", "status": "200"}
[WebServer] {"duration_ms": 19.19008400000166, "event": "console.request", "id_hash": "h_ead655227235", "status": "200"}
[WebServer] {"duration_ms": 2.7883750008186325, "event": "console.request", "id_hash": "h_2cd2ecfd51ad", "status": "200"}
[WebServer] {"duration_ms": 4.670040998462355, "event": "console.request", "id_hash": "h_2e7277d51c18", "status": "200"}
[WebServer] {"duration_ms": 30.030707999685546, "event": "console.request", "id_hash": "h_42c5433c636d", "status": "200"}
[WebServer] {"duration_ms": 7.6593339999817545, "event": "console.request", "id_hash": "h_05b9f5f86763", "status": "200"}
[WebServer] {"duration_ms": 12.536958000055165, "event": "console.request", "id_hash": "h_477b6f1a075d", "status": "200"}
[WebServer] {"duration_ms": 1.01991700103099, "event": "console.request", "id_hash": "h_2ee04a5432a0", "status": "200"}
[WebServer] {"duration_ms": 1.5797089999978198, "event": "console.request", "id_hash": "h_15f6ff1d931d", "status": "200"}
[WebServer] {"duration_ms": 0.9647499991842778, "event": "console.request", "id_hash": "h_6f32aff7cfac", "status": "200"}
[WebServer] {"duration_ms": 2.719250000154716, "event": "console.request", "id_hash": "h_f943789920fe", "status": "200"}
[WebServer] {"duration_ms": 4.606667000189191, "event": "console.request", "id_hash": "h_56dccb2827cf", "status": "200"}
[WebServer] {"duration_ms": 29.89329200136126, "event": "console.request", "id_hash": "h_b537e0d6f9a2", "status": "200"}
[WebServer] {"duration_ms": 11.50841700109595, "event": "console.request", "id_hash": "h_38710536c44d", "status": "200"}
[WebServer] {"duration_ms": 14.213415999620338, "event": "console.request", "id_hash": "h_43ac627f6e61", "status": "200"}
[WebServer] {"duration_ms": 0.9917499992297962, "event": "console.request", "id_hash": "h_31233f760fe8", "status": "200"}
[WebServer] {"duration_ms": 1.6548750008951174, "event": "console.request", "id_hash": "h_74d235bd6e5c", "status": "200"}
[WebServer] {"duration_ms": 1.8099999997502891, "event": "console.request", "id_hash": "h_766546437503", "status": "200"}
[WebServer] {"duration_ms": 3.0841249990771757, "event": "console.request", "id_hash": "h_6c0de6ab9766", "status": "200"}
[WebServer] {"duration_ms": 4.906209000182571, "event": "console.request", "id_hash": "h_0f2610d4e125", "status": "200"}
[WebServer] {"duration_ms": 29.575249998742947, "event": "console.request", "id_hash": "h_4c4270ba77cc", "status": "200"}
[WebServer] {"duration_ms": 10.94970799931616, "event": "console.request", "id_hash": "h_d258175086d9", "status": "200"}
[WebServer] {"duration_ms": 13.106749998769374, "event": "console.request", "id_hash": "h_a3e1692c2ba6", "status": "200"}
[WebServer] {"duration_ms": 1.0438750014145626, "event": "console.request", "id_hash": "h_075f71a77126", "status": "200"}
[WebServer] {"duration_ms": 1.8876659996749368, "event": "console.request", "id_hash": "h_a97bb84931aa", "status": "200"}
[WebServer] {"duration_ms": 1.6076249994512182, "event": "console.request", "id_hash": "h_ce2efd24e217", "status": "200"}
[WebServer] {"duration_ms": 2.7912919995287666, "event": "console.request", "id_hash": "h_c8c9f65e4cd1", "status": "200"}
[WebServer] {"duration_ms": 5.268416998660541, "event": "console.request", "id_hash": "h_1f527a4de41c", "status": "200"}
[WebServer] {"duration_ms": 29.41058399846952, "event": "console.request", "id_hash": "h_abb6ffd4a39c", "status": "200"}
[WebServer] {"duration_ms": 4.507833000388928, "event": "console.request", "id_hash": "h_002df3fb2f07", "status": "200"}
[WebServer] {"duration_ms": 39.716375000352855, "event": "console.request", "id_hash": "h_697e6190680c", "status": "200"}
[WebServer] {"duration_ms": 40.144999999029096, "event": "console.request", "id_hash": "h_c408dba7cc7a", "status": "200"}
[WebServer] {"duration_ms": 40.50370799996017, "event": "console.request", "id_hash": "h_bbf4818a8443", "status": "200"}
[WebServer] {"duration_ms": 41.41216700008954, "event": "console.request", "id_hash": "h_9e34bd76c3c3", "status": "200"}
[WebServer] {"duration_ms": 42.441499999767984, "event": "console.request", "id_hash": "h_b5109313910c", "status": "200"}
[WebServer] {"duration_ms": 20.12158300021838, "event": "console.request", "id_hash": "h_03babe804e08", "status": "201"}
[WebServer] {"duration_ms": 0.7514579992857762, "event": "console.request", "id_hash": "h_c17b5707d0a0", "status": "200"}
[WebServer] {"duration_ms": 6.167291998281144, "event": "console.request", "id_hash": "h_1567d6f59336", "status": "200"}
[WebServer] {"duration_ms": 0.8396249995712424, "event": "console.request", "id_hash": "h_96bd411e733c", "status": "200"}
[WebServer] {"duration_ms": 1.5821670003788313, "event": "console.request", "id_hash": "h_e4b22316c7f7", "status": "200"}
[WebServer] {"duration_ms": 2.6042079989565536, "event": "console.request", "id_hash": "h_f65b385dc654", "status": "200"}
[WebServer] {"duration_ms": 4.603792000125395, "event": "console.request", "id_hash": "h_48743e1f4ac6", "status": "200"}
[WebServer] {"duration_ms": 29.969790999530233, "event": "console.request", "id_hash": "h_239423770c7f", "status": "200"}
[WebServer] {"duration_ms": 10.986125000272295, "event": "console.request", "id_hash": "h_dd0f2e4c0bd9", "status": "200"}
[WebServer] {"duration_ms": 13.527791999877081, "event": "console.request", "id_hash": "h_a59df9119976", "status": "200"}
[WebServer] {"duration_ms": 24.51137499883771, "event": "console.request", "id_hash": "h_eb3a75197437", "status": "200"}
[WebServer] {"duration_ms": 1.3076670002192259, "event": "console.request", "id_hash": "h_1ed3a5dbe8a7", "status": "200"}
[WebServer] {"duration_ms": 2.7458749991637887, "event": "console.request", "id_hash": "h_96c04ec917fa", "status": "200"}
[WebServer] {"duration_ms": 2.5420000001759036, "event": "console.request", "id_hash": "h_9d814ab0a352", "status": "200"}
[WebServer] {"duration_ms": 16.089415999886114, "event": "console.request", "id_hash": "h_bf9e99d19cac", "status": "200"}
[WebServer] {"duration_ms": 19.593832999817096, "event": "console.request", "id_hash": "h_2a3e5245d47a", "status": "200"}
[WebServer] {"duration_ms": 2.6906250004685717, "event": "console.request", "id_hash": "h_37609cd131d0", "status": "200"}
[WebServer] {"duration_ms": 4.467542001293623, "event": "console.request", "id_hash": "h_d05fb0ccaef0", "status": "200"}
[WebServer] {"duration_ms": 42.802166999535984, "event": "console.request", "id_hash": "h_a267b3ea3b0c", "status": "200"}
[WebServer] {"duration_ms": 7.719166000242694, "event": "console.request", "id_hash": "h_c241bf08082a", "status": "200"}
[WebServer] {"duration_ms": 13.196125000831671, "event": "console.request", "id_hash": "h_29cb59ebaad7", "status": "200"}
[WebServer] {"duration_ms": 22.040040999854682, "event": "console.request", "id_hash": "h_0cafc739f1bb", "status": "200"}
[WebServer] {"duration_ms": 0.9410830007254845, "event": "console.request", "id_hash": "h_809c2d2fb492", "status": "200"}
[WebServer] {"duration_ms": 1.7152500004158355, "event": "console.request", "id_hash": "h_2aed2315cd32", "status": "200"}
[WebServer] {"duration_ms": 1.2399579991324572, "event": "console.request", "id_hash": "h_2cf0ae184897", "status": "200"}
[WebServer] {"duration_ms": 12.979832999917562, "event": "console.request", "id_hash": "h_0aec35ffe0e8", "status": "200"}
[WebServer] {"duration_ms": 5.945542001427384, "event": "console.request", "id_hash": "h_6e6efa70dea5", "status": "200"}
[WebServer] {"duration_ms": 22.74612500150397, "event": "console.request", "id_hash": "h_d80d1b32af9a", "status": "200"}
[WebServer] {"duration_ms": 5.33141699997941, "event": "console.request", "id_hash": "h_e60903f0e130", "status": "200"}
[WebServer] {"duration_ms": 67.02062499971362, "event": "console.request", "id_hash": "h_45097c94e174", "status": "200"}
[WebServer] {"duration_ms": 19.90549999936775, "event": "console.request", "id_hash": "h_d2312a0dc2c0", "status": "200"}
[WebServer] {"duration_ms": 24.778666998827248, "event": "console.request", "id_hash": "h_02424f5326de", "status": "200"}
[WebServer] {"duration_ms": 29.816209000273375, "event": "console.request", "id_hash": "h_e9072321ee05", "status": "200"}
[WebServer] {"duration_ms": 1.3578329999290872, "event": "console.request", "id_hash": "h_434fe614753a", "status": "200"}
[WebServer] {"duration_ms": 2.5531250012136297, "event": "console.request", "id_hash": "h_f69f07c9f889", "status": "200"}
[WebServer] {"duration_ms": 2.215708000221639, "event": "console.request", "id_hash": "h_7fd879dae503", "status": "200"}
[WebServer] {"duration_ms": 16.434624998510117, "event": "console.request", "id_hash": "h_04d5bd76a3f3", "status": "200"}
[WebServer] {"duration_ms": 20.384040999488207, "event": "console.request", "id_hash": "h_e7efe9bb84be", "status": "200"}
[WebServer] {"duration_ms": 2.809749999869382, "event": "console.request", "id_hash": "h_d628805bf8d3", "status": "200"}
[WebServer] {"duration_ms": 5.229666001469013, "event": "console.request", "id_hash": "h_34373f488753", "status": "200"}
[WebServer] {"duration_ms": 30.709665999893332, "event": "console.request", "id_hash": "h_15fbb87e505e", "status": "200"}
[WebServer] {"duration_ms": 12.081999999281834, "event": "console.request", "id_hash": "h_92932b74d0f7", "status": "200"}
[WebServer] {"duration_ms": 14.578416001313599, "event": "console.request", "id_hash": "h_457470d6f250", "status": "200"}
[WebServer] {"duration_ms": 5.351707999579958, "event": "console.request", "id_hash": "h_c4a68a6bb267", "status": "200"}
[WebServer] {"duration_ms": 1.4524170001095627, "event": "console.request", "id_hash": "h_23fdcd47a375", "status": "200"}
[WebServer] {"duration_ms": 1.8891660001827404, "event": "console.request", "id_hash": "h_695963715f21", "status": "200"}
[WebServer] {"duration_ms": 1.5017499990790384, "event": "console.request", "id_hash": "h_26a08d474a55", "status": "200"}
[WebServer] {"duration_ms": 3.5500829999364214, "event": "console.request", "id_hash": "h_6feb216ebd18", "status": "200"}
[WebServer] {"duration_ms": 5.737249999583582, "event": "console.request", "id_hash": "h_bde30dde1cf5", "status": "200"}
[WebServer] {"duration_ms": 31.52816699912364, "event": "console.request", "id_hash": "h_c552862f554d", "status": "200"}
[WebServer] {"duration_ms": 4.767999998875894, "event": "console.request", "id_hash": "h_ff1e93871363", "status": "200"}
[WebServer] {"duration_ms": 23.927791000460275, "event": "console.request", "id_hash": "h_d77a6a261a08", "status": "200"}
[WebServer] {"duration_ms": 24.906665999878896, "event": "console.request", "id_hash": "h_2d24b27e32f1", "status": "200"}
[WebServer] {"duration_ms": 26.7344170006254, "event": "console.request", "id_hash": "h_5b3dc8aa3c26", "status": "200"}
[WebServer] {"duration_ms": 26.276041999153676, "event": "console.request", "id_hash": "h_2fbaab931c88", "status": "200"}
[WebServer] {"duration_ms": 22.92466700055229, "event": "console.request", "id_hash": "h_cb320e72e7ce", "status": "201"}
[WebServer] {"duration_ms": 1.035375000355998, "event": "console.request", "id_hash": "h_d0d6637ed214", "status": "200"}
[WebServer] {"duration_ms": 6.719291999615962, "event": "console.request", "id_hash": "h_5effa5b78715", "status": "200"}
[WebServer] {"duration_ms": 1.9150000007357448, "event": "console.request", "id_hash": "h_35a04a165288", "status": "200"}
[WebServer] {"duration_ms": 1.189041999168694, "event": "console.request", "id_hash": "h_688e42dce018", "status": "200"}
[WebServer] {"duration_ms": 3.1566670004394837, "event": "console.request", "id_hash": "h_09beee723980", "status": "200"}
[WebServer] {"duration_ms": 5.00066600034188, "event": "console.request", "id_hash": "h_1f977823d7f3", "status": "200"}
[WebServer] {"duration_ms": 30.68600000005972, "event": "console.request", "id_hash": "h_55b0f6497c64", "status": "200"}
[WebServer] {"duration_ms": 7.958625001265318, "event": "console.request", "id_hash": "h_a52f9bdcbddc", "status": "200"}
[WebServer] {"duration_ms": 12.492541998653905, "event": "console.request", "id_hash": "h_8efbd0008928", "status": "200"}
[WebServer] {"duration_ms": 20.738208999318886, "event": "console.request", "id_hash": "h_2e9fd47bc272", "status": "200"}
[WebServer] {"duration_ms": 0.7747500003461028, "event": "console.request", "id_hash": "h_4f9cc1c78e35", "status": "200"}
[WebServer] {"duration_ms": 1.7317090005235514, "event": "console.request", "id_hash": "h_ef073f7ba485", "status": "200"}
[WebServer] {"duration_ms": 2.7467090003483463, "event": "console.request", "id_hash": "h_2d3220ffdca0", "status": "200"}
[WebServer] {"duration_ms": 14.231208000637707, "event": "console.request", "id_hash": "h_a79ee37234da", "status": "200"}
[WebServer] {"duration_ms": 4.215000000840519, "event": "console.request", "id_hash": "h_54f61327a146", "status": "200"}
[WebServer] {"duration_ms": 20.829084000069997, "event": "console.request", "id_hash": "h_b90f689f3c7a", "status": "200"}
[WebServer] {"duration_ms": 4.730582999400212, "event": "console.request", "id_hash": "h_1ffc8c75328e", "status": "200"}
[WebServer] {"duration_ms": 29.16525000000547, "event": "console.request", "id_hash": "h_b2d6302f8c24", "status": "200"}
[WebServer] {"duration_ms": 13.54229099888471, "event": "console.request", "id_hash": "h_7273cf5253e2", "status": "200"}
[WebServer] {"duration_ms": 15.342208998845308, "event": "console.request", "id_hash": "h_dbb4ffd6d8c3", "status": "200"}
[WebServer] {"duration_ms": 20.511124999757158, "event": "console.request", "id_hash": "h_03355917f52b", "status": "200"}
[WebServer] {"duration_ms": 1.1244999986956827, "event": "console.request", "id_hash": "h_ff7c5183095d", "status": "200"}
[WebServer] {"duration_ms": 2.452290998917306, "event": "console.request", "id_hash": "h_d88c24195006", "status": "200"}
[WebServer] {"duration_ms": 1.4412919990718365, "event": "console.request", "id_hash": "h_58b47c9f8eda", "status": "200"}
[WebServer] {"duration_ms": 12.856500001362292, "event": "console.request", "id_hash": "h_ba2b3f7b55bc", "status": "200"}
[WebServer] {"duration_ms": 17.29416600028344, "event": "console.request", "id_hash": "h_51b00dfd10f0", "status": "200"}
[WebServer] {"duration_ms": 3.4297500005777692, "event": "console.request", "id_hash": "h_06b94b5eb41c", "status": "200"}
[WebServer] {"duration_ms": 4.947166000420111, "event": "console.request", "id_hash": "h_e316fd2f1855", "status": "200"}
[WebServer] {"duration_ms": 29.7567080015142, "event": "console.request", "id_hash": "h_15e81952e290", "status": "200"}
[WebServer] {"duration_ms": 7.1784579995437525, "event": "console.request", "id_hash": "h_aeb1182afcb0", "status": "200"}
[WebServer] {"duration_ms": 11.73058299900731, "event": "console.request", "id_hash": "h_0688e05bd177", "status": "200"}
[WebServer] {"duration_ms": 21.003083000323386, "event": "console.request", "id_hash": "h_881e2029731b", "status": "200"}
[WebServer] {"duration_ms": 1.4631660014856607, "event": "console.request", "id_hash": "h_4667b2e8b70e", "status": "200"}
[WebServer] {"duration_ms": 9.506041998974979, "event": "console.request", "id_hash": "h_00845aa4b940", "status": "200"}
[WebServer] {"duration_ms": 2.171957999962615, "event": "console.request", "id_hash": "h_545d80332949", "status": "200"}
[WebServer] {"duration_ms": 1.4981660006014863, "event": "console.request", "id_hash": "h_264f54cd945d", "status": "200"}
[WebServer] {"duration_ms": 17.642249998971238, "event": "console.request", "id_hash": "h_993a8eb79766", "status": "200"}
[WebServer] {"duration_ms": 2.545666000514757, "event": "console.request", "id_hash": "h_e1de8cab620d", "status": "200"}
[WebServer] {"duration_ms": 4.937875000905478, "event": "console.request", "id_hash": "h_c6cf00646ee2", "status": "200"}
[WebServer] {"duration_ms": 29.666833999726805, "event": "console.request", "id_hash": "h_25af7ff0fa9f", "status": "200"}
[WebServer] {"duration_ms": 10.882917000344605, "event": "console.request", "id_hash": "h_76ecd778bea7", "status": "200"}
[WebServer] {"duration_ms": 15.689124998971238, "event": "console.request", "id_hash": "h_c9a2e643d8d4", "status": "200"}
[WebServer] {"duration_ms": 5.880665999939083, "event": "console.request", "id_hash": "h_972c41fe4de8", "status": "200"}
[WebServer] {"duration_ms": 1.7306670015386771, "event": "console.request", "id_hash": "h_6a5bca3eca6f", "status": "200"}
[WebServer] {"duration_ms": 1.1703749987646006, "event": "console.request", "id_hash": "h_59d99375b34c", "status": "200"}
[WebServer] {"duration_ms": 2.2651250001217704, "event": "console.request", "id_hash": "h_05ddc2df0c55", "status": "200"}
[WebServer] {"duration_ms": 3.9539999997941777, "event": "console.request", "id_hash": "h_793effa4cbc2", "status": "200"}
[WebServer] {"duration_ms": 7.722166999883484, "event": "console.request", "id_hash": "h_4f57fe024635", "status": "200"}
[WebServer] {"duration_ms": 31.46424999977171, "event": "console.request", "id_hash": "h_d6ce412889e4", "status": "200"}
[WebServer] {"duration_ms": 5.174332998649334, "event": "console.request", "id_hash": "h_27bc6f25b5b1", "status": "200"}
[WebServer] {"duration_ms": 52.35879200154159, "event": "console.request", "id_hash": "h_874c6d4a569d", "status": "200"}
[WebServer] {"duration_ms": 48.688958000639104, "event": "console.request", "id_hash": "h_0d89bcd7e296", "status": "200"}
[WebServer] {"duration_ms": 63.49887499891338, "event": "console.request", "id_hash": "h_250d28ce017a", "status": "200"}
[WebServer] {"duration_ms": 64.24466699900222, "event": "console.request", "id_hash": "h_45c25272db0f", "status": "200"}
[WebServer] {"duration_ms": 52.10775000159629, "event": "console.request", "id_hash": "h_4106d8dea958", "status": "200"}
[WebServer] {"duration_ms": 52.15570800100977, "event": "console.request", "id_hash": "h_cd4d6d0c2d74", "status": "200"}
[WebServer] {"duration_ms": 19.842917001369642, "event": "console.request", "id_hash": "h_c3b7b32bbb5f", "status": "201"}
[WebServer] {"duration_ms": 1.2129589995311107, "event": "console.request", "id_hash": "h_b5c84a95ac04", "status": "200"}
[WebServer] {"duration_ms": 5.9557499989750795, "event": "console.request", "id_hash": "h_d6dbb4829cd2", "status": "200"}
[WebServer] {"duration_ms": 0.8054580011958024, "event": "console.request", "id_hash": "h_5d431f0b7902", "status": "200"}
[WebServer] {"duration_ms": 1.625957998840022, "event": "console.request", "id_hash": "h_1cb304ebc57a", "status": "200"}
[WebServer] {"duration_ms": 2.500750000763219, "event": "console.request", "id_hash": "h_71eadfcaca27", "status": "200"}
[WebServer] {"duration_ms": 4.744541000036406, "event": "console.request", "id_hash": "h_1611a18c9ebb", "status": "200"}
[WebServer] {"duration_ms": 29.284291000294616, "event": "console.request", "id_hash": "h_f0a158821e61", "status": "200"}
[WebServer] {"duration_ms": 8.715125000890112, "event": "console.request", "id_hash": "h_22f9167c6198", "status": "200"}
[WebServer] {"duration_ms": 13.081125000098837, "event": "console.request", "id_hash": "h_d7d547a03e6e", "status": "200"}
[WebServer] {"duration_ms": 7.758040999760851, "event": "console.request", "id_hash": "h_ba7b2c36a68c", "status": "200"}
[WebServer] {"duration_ms": 9.651083999415278, "event": "console.request", "id_hash": "h_1e2a0c5e6047", "status": "200"}
[WebServer] {"duration_ms": 21.558291000474128, "event": "console.request", "id_hash": "h_4de30a12fd52", "status": "200"}
[WebServer] {"duration_ms": 1.269874999707099, "event": "console.request", "id_hash": "h_3c17421c4166", "status": "200"}
[WebServer] {"duration_ms": 2.1723330009990605, "event": "console.request", "id_hash": "h_48eee2bfc342", "status": "200"}
[WebServer] {"duration_ms": 2.488415999323479, "event": "console.request", "id_hash": "h_7b072a025133", "status": "200"}
[WebServer] {"duration_ms": 12.949707999723614, "event": "console.request", "id_hash": "h_04a84614fa0d", "status": "200"}
[WebServer] {"duration_ms": 17.618750000110595, "event": "console.request", "id_hash": "h_425719a3a201", "status": "200"}
[WebServer] {"duration_ms": 2.6675420012907125, "event": "console.request", "id_hash": "h_db04b013f931", "status": "200"}
[WebServer] {"duration_ms": 4.937624999001855, "event": "console.request", "id_hash": "h_599050372b07", "status": "200"}
[WebServer] {"duration_ms": 29.6437920005701, "event": "console.request", "id_hash": "h_dd4c3c44a07f", "status": "200"}
[WebServer] {"duration_ms": 11.062790999858407, "event": "console.request", "id_hash": "h_59cf6ad8d552", "status": "200"}
[WebServer] {"duration_ms": 14.624790999732795, "event": "console.request", "id_hash": "h_c12a9837c893", "status": "200"}
[WebServer] {"duration_ms": 24.549374998969142, "event": "console.request", "id_hash": "h_41bacfcc71aa", "status": "200"}
[WebServer] {"duration_ms": 1.5896669992798707, "event": "console.request", "id_hash": "h_e5dc7ff3c794", "status": "200"}
[WebServer] {"duration_ms": 1.9394999999349238, "event": "console.request", "id_hash": "h_a843daa54ad1", "status": "200"}
[WebServer] {"duration_ms": 1.0997919998771977, "event": "console.request", "id_hash": "h_7e6fd8eec718", "status": "200"}
[WebServer] {"duration_ms": 14.451167000515852, "event": "console.request", "id_hash": "h_1d9145f6ef54", "status": "200"}
[WebServer] {"duration_ms": 6.034292000549613, "event": "console.request", "id_hash": "h_cfd7af7822a6", "status": "200"}
[WebServer] {"duration_ms": 23.633541999515728, "event": "console.request", "id_hash": "h_2f829615297a", "status": "200"}
[WebServer] {"duration_ms": 4.385959000501316, "event": "console.request", "id_hash": "h_12e2cbdce3d1", "status": "200"}
[WebServer] {"duration_ms": 29.55395800017868, "event": "console.request", "id_hash": "h_e7056e8b0554", "status": "200"}
[WebServer] {"duration_ms": 11.77924999865354, "event": "console.request", "id_hash": "h_61873357979e", "status": "200"}
[WebServer] {"duration_ms": 14.541333001034218, "event": "console.request", "id_hash": "h_aad32836f6ea", "status": "200"}
[WebServer] {"duration_ms": 6.213417000253685, "event": "console.request", "id_hash": "h_e36269e375eb", "status": "200"}
[WebServer] {"duration_ms": 1.571291999425739, "event": "console.request", "id_hash": "h_271f41ecdac1", "status": "200"}
[WebServer] {"duration_ms": 1.3228749994596, "event": "console.request", "id_hash": "h_bad3e8fbed15", "status": "200"}
[WebServer] {"duration_ms": 2.9149999991204822, "event": "console.request", "id_hash": "h_14b5a7f31eb3", "status": "200"}
[WebServer] {"duration_ms": 3.6303329998190748, "event": "console.request", "id_hash": "h_1d178c3e2519", "status": "200"}
[WebServer] {"duration_ms": 6.144542001493392, "event": "console.request", "id_hash": "h_b52f9b5df32b", "status": "200"}
[WebServer] {"duration_ms": 31.280917000913178, "event": "console.request", "id_hash": "h_10bb8a3605a5", "status": "200"}
[WebServer] {"duration_ms": 4.776040999786346, "event": "console.request", "id_hash": "h_a86608bb72a2", "status": "200"}
[WebServer] {"duration_ms": 23.85287499964761, "event": "console.request", "id_hash": "h_d7f3d71f378a", "status": "200"}
[WebServer] {"duration_ms": 23.724332999336184, "event": "console.request", "id_hash": "h_3408869131be", "status": "200"}
[WebServer] {"duration_ms": 24.08195799944224, "event": "console.request", "id_hash": "h_51806afb5f99", "status": "200"}
[WebServer] {"duration_ms": 25.668124999356223, "event": "console.request", "id_hash": "h_6728b232ac82", "status": "200"}
[WebServer] {"duration_ms": 22.983042001214926, "event": "console.request", "id_hash": "h_e57ce6ccf6b7", "status": "201"}
[WebServer] {"duration_ms": 1.6872090000106255, "event": "console.request", "id_hash": "h_bbdc52d4d83d", "status": "200"}
[WebServer] {"duration_ms": 7.230707999042352, "event": "console.request", "id_hash": "h_7bae801414ae", "status": "200"}
[WebServer] {"duration_ms": 1.3614580002467846, "event": "console.request", "id_hash": "h_7f6416588fa0", "status": "200"}
[WebServer] {"duration_ms": 0.9668749989941716, "event": "console.request", "id_hash": "h_f6ae502bcc48", "status": "200"}
[WebServer] {"duration_ms": 1.0719160000007832, "event": "console.request", "id_hash": "h_6b2fb7c9689f", "status": "200"}
[WebServer] {"duration_ms": 3.8806669999758014, "event": "console.request", "id_hash": "h_0fb6b488407d", "status": "200"}
[WebServer] {"duration_ms": 0.8999999990919605, "event": "console.request", "id_hash": "h_947f4d7d9691", "status": "200"}
[WebServer] {"duration_ms": 1.78941699959978, "event": "console.request", "id_hash": "h_09e7b372edc0", "status": "200"}
[WebServer] {"duration_ms": 2.6918750008917414, "event": "console.request", "id_hash": "h_bff9c4e976c6", "status": "200"}
[WebServer] {"duration_ms": 4.912334001346608, "event": "console.request", "id_hash": "h_30b41c1cdaf8", "status": "200"}
[WebServer] {"duration_ms": 29.44141599982686, "event": "console.request", "id_hash": "h_1dc734201215", "status": "200"}
[WebServer] {"duration_ms": 7.7051659991411725, "event": "console.request", "id_hash": "h_b13b6247c48f", "status": "200"}
[WebServer] {"duration_ms": 10.283707999406033, "event": "console.request", "id_hash": "h_d113cacadad6", "status": "200"}
[WebServer] {"duration_ms": 21.43616600005771, "event": "console.request", "id_hash": "h_50bf37865d46", "status": "200"}
[WebServer] {"duration_ms": 30.078125000727596, "event": "console.request", "id_hash": "h_fbed1b23d669", "status": "200"}
[WebServer] {"duration_ms": 29.69404199939163, "event": "console.request", "id_hash": "h_02b6443c9505", "status": "200"}
[WebServer] {"duration_ms": 30.60041599928809, "event": "console.request", "id_hash": "h_e404b8981304", "status": "200"}
[WebServer] {"duration_ms": 21.59787500022503, "event": "console.request", "id_hash": "h_51792d72be7c", "status": "201"}
[WebServer] {"duration_ms": 10.526750000281027, "event": "console.request", "id_hash": "h_2d10301f0dcb", "status": "200"}
[WebServer] {"duration_ms": 20.034041001053993, "event": "console.request", "id_hash": "h_60ea1388578f", "status": "200"}
[WebServer] {"duration_ms": 24.25004200085823, "event": "console.request", "id_hash": "h_bfffd27de451", "status": "201"}
[WebServer] {"duration_ms": 0.9254579999833368, "event": "console.request", "id_hash": "h_8a2f2d562de6", "status": "200"}
[WebServer] {"duration_ms": 0.8757499999774154, "event": "console.request", "id_hash": "h_5caa83059d75", "status": "200"}
[WebServer] {"duration_ms": 1.5744169995741686, "event": "console.request", "id_hash": "h_e02e906a7c35", "status": "200"}
[WebServer] {"duration_ms": 0.8808749989839271, "event": "console.request", "id_hash": "h_02391288882b", "status": "200"}
[WebServer] {"duration_ms": 3.114917000857531, "event": "console.request", "id_hash": "h_4144764ad4b8", "status": "200"}
[WebServer] {"duration_ms": 1.510209000116447, "event": "console.request", "id_hash": "h_814e08b42e98", "status": "200"}
[WebServer] {"duration_ms": 1.4856669986329507, "event": "console.request", "id_hash": "h_2b2b12b088d9", "status": "200"}
[WebServer] {"duration_ms": 2.4950830011221115, "event": "console.request", "id_hash": "h_aff1f61f7777", "status": "200"}
[WebServer] {"duration_ms": 4.468499999347841, "event": "console.request", "id_hash": "h_73c5463e35d2", "status": "200"}
[WebServer] {"duration_ms": 31.171959000857896, "event": "console.request", "id_hash": "h_95a71ff57319", "status": "200"}
[WebServer] {"duration_ms": 11.525457999596256, "event": "console.request", "id_hash": "h_99fc15664c1b", "status": "200"}
[WebServer] {"duration_ms": 12.241374999575783, "event": "console.request", "id_hash": "h_79e9b68f6825", "status": "200"}
[WebServer] {"duration_ms": 0.9248330006812466, "event": "console.request", "id_hash": "h_d7245b63184d", "status": "200"}
[WebServer] {"duration_ms": 0.8534159987902967, "event": "console.request", "id_hash": "h_f6fb92f49e26", "status": "200"}
[WebServer] {"duration_ms": 1.7120420015999116, "event": "console.request", "id_hash": "h_2989d1107800", "status": "200"}
[WebServer] {"duration_ms": 2.834707998772501, "event": "console.request", "id_hash": "h_4f4ea06cc488", "status": "200"}
[WebServer] {"duration_ms": 4.733874999146792, "event": "console.request", "id_hash": "h_df973b79790d", "status": "200"}
[WebServer] {"duration_ms": 29.028625000137254, "event": "console.request", "id_hash": "h_f89b53d2a32d", "status": "200"}
[WebServer] {"duration_ms": 4.707332998805214, "event": "console.request", "id_hash": "h_c3ae6f089764", "status": "200"}
[WebServer] {"duration_ms": 17.910500000652974, "event": "console.request", "id_hash": "h_6f1f5227b2e6", "status": "201"}
[WebServer] {"duration_ms": 0.7951660008984618, "event": "console.request", "id_hash": "h_9f0c3b2f7d61", "status": "200"}
[WebServer] {"duration_ms": 5.89416699949652, "event": "console.request", "id_hash": "h_637c39cc4be0", "status": "200"}
[WebServer] {"duration_ms": 1.3569160000770353, "event": "console.request", "id_hash": "h_13a3cf1ca5ef", "status": "200"}
[WebServer] {"duration_ms": 1.089999999749125, "event": "console.request", "id_hash": "h_dee6efaf69eb", "status": "200"}
[WebServer] {"duration_ms": 2.4607079994893866, "event": "console.request", "id_hash": "h_5d1662ff3aac", "status": "200"}
[WebServer] {"duration_ms": 4.396958000143059, "event": "console.request", "id_hash": "h_53400c1c00f7", "status": "200"}
[WebServer] {"duration_ms": 29.759540999293677, "event": "console.request", "id_hash": "h_513b9f8aef2a", "status": "200"}
[WebServer] {"duration_ms": 4.906832999040489, "event": "console.request", "id_hash": "h_8ffc9891cb13", "status": "200"}
[WebServer] {"duration_ms": 5.1069999990431825, "event": "console.request", "id_hash": "h_b791e4a6486e", "status": "200"}
[WebServer] {"duration_ms": 25.12475000003178, "event": "console.request", "id_hash": "h_90d77069067c", "status": "201"}
[WebServer] {"duration_ms": 1.2310829988564365, "event": "console.request", "id_hash": "h_0707dce22981", "status": "200"}
[WebServer] {"duration_ms": 6.831166998381377, "event": "console.request", "id_hash": "h_ba403659176d", "status": "200"}
[WebServer] {"duration_ms": 1.3921250010753283, "event": "console.request", "id_hash": "h_fb1730339e71", "status": "200"}
[WebServer] {"duration_ms": 0.9782500001165317, "event": "console.request", "id_hash": "h_034c659f7e25", "status": "200"}
[WebServer] {"duration_ms": 2.6177090003329795, "event": "console.request", "id_hash": "h_1ad22e3929d0", "status": "200"}
[WebServer] {"duration_ms": 4.851292000239482, "event": "console.request", "id_hash": "h_bae8b855d6cc", "status": "200"}
[WebServer] {"duration_ms": 43.809417000375106, "event": "console.request", "id_hash": "h_9ccd42066d1f", "status": "200"}
[WebServer] {"duration_ms": 4.581458999382448, "event": "console.request", "id_hash": "h_91e0c70c6310", "status": "200"}
[WebServer] {"duration_ms": 11.3222499985568, "event": "console.request", "id_hash": "h_e6408bcb4bb4", "status": "200"}
[WebServer] {"duration_ms": 10.803375000250526, "event": "console.request", "id_hash": "h_2034766fbecb", "status": "200"}
[WebServer] {"duration_ms": 18.83458299926133, "event": "console.request", "id_hash": "h_00177705ff99", "status": "201"}
[WebServer] {"duration_ms": 1.0958750008285278, "event": "console.request", "id_hash": "h_a0a75dd053f1", "status": "200"}
[WebServer] {"duration_ms": 5.462582999825827, "event": "console.request", "id_hash": "h_9b345c88d1b2", "status": "200"}
[WebServer] {"duration_ms": 1.841916999183013, "event": "console.request", "id_hash": "h_14171c34f3e8", "status": "200"}
[WebServer] {"duration_ms": 1.0501670003577601, "event": "console.request", "id_hash": "h_8ebb77a669c7", "status": "200"}
[WebServer] {"duration_ms": 2.502082999853883, "event": "console.request", "id_hash": "h_339f9e723d99", "status": "200"}
[WebServer] {"duration_ms": 4.535750000286498, "event": "console.request", "id_hash": "h_85bd469c17f1", "status": "200"}
[WebServer] {"duration_ms": 30.303707999337348, "event": "console.request", "id_hash": "h_36be9829f9b5", "status": "200"}
[WebServer] {"duration_ms": 7.7022080004098825, "event": "console.request", "id_hash": "h_8964d0de5d88", "status": "200"}
[WebServer] {"duration_ms": 10.656583001036779, "event": "console.request", "id_hash": "h_40d940b4c075", "status": "200"}
[WebServer] {"duration_ms": 21.25687500119966, "event": "console.request", "id_hash": "h_3e347b5a190c", "status": "200"}
[WebServer] {"duration_ms": 0.9931249987857882, "event": "console.request", "id_hash": "h_d37d78dc935a", "status": "200"}
[WebServer] {"duration_ms": 1.0887909993471112, "event": "console.request", "id_hash": "h_f2785d8c35ad", "status": "200"}
[WebServer] {"duration_ms": 2.436541999486508, "event": "console.request", "id_hash": "h_cedc2fa6caee", "status": "200"}
[WebServer] {"duration_ms": 12.847792000684422, "event": "console.request", "id_hash": "h_52718cf02cb7", "status": "200"}
[WebServer] {"duration_ms": 14.989999999670545, "event": "console.request", "id_hash": "h_a531eb82c78f", "status": "200"}
[WebServer] {"duration_ms": 2.3287499989237403, "event": "console.request", "id_hash": "h_bee68f6bceca", "status": "200"}
[WebServer] {"duration_ms": 4.960666999977548, "event": "console.request", "id_hash": "h_f67b54f48322", "status": "200"}
[WebServer] {"duration_ms": 29.21566700024414, "event": "console.request", "id_hash": "h_325ba53e39be", "status": "200"}
[WebServer] {"duration_ms": 7.542332999946666, "event": "console.request", "id_hash": "h_e042402b13f7", "status": "200"}
[WebServer] {"duration_ms": 9.983666001062375, "event": "console.request", "id_hash": "h_a94127ecbb4e", "status": "200"}
[WebServer] {"duration_ms": 21.604207999189384, "event": "console.request", "id_hash": "h_47b1f04f66ef", "status": "200"}
[WebServer] {"duration_ms": 1.1025000003428431, "event": "console.request", "id_hash": "h_1bd3fd635a29", "status": "200"}
[WebServer] {"duration_ms": 1.8662080001377035, "event": "console.request", "id_hash": "h_f1e9c7d5b8b6", "status": "200"}
[WebServer] {"duration_ms": 1.6796660002000863, "event": "console.request", "id_hash": "h_a100e4fb7f66", "status": "200"}
[WebServer] {"duration_ms": 13.135125000189873, "event": "console.request", "id_hash": "h_c01d2404f140", "status": "200"}
[WebServer] {"duration_ms": 14.729874999829917, "event": "console.request", "id_hash": "h_cd1e2b5389fa", "status": "200"}
[WebServer] {"duration_ms": 2.2659589994873386, "event": "console.request", "id_hash": "h_3a254fd67804", "status": "200"}
[WebServer] {"duration_ms": 4.967124999893713, "event": "console.request", "id_hash": "h_cf2d3e65111c", "status": "200"}
[WebServer] {"duration_ms": 29.376167000009445, "event": "console.request", "id_hash": "h_c591fbe8b059", "status": "200"}
[WebServer] {"duration_ms": 10.988583000653307, "event": "console.request", "id_hash": "h_9cf5c76beda6", "status": "200"}
[WebServer] {"duration_ms": 14.053041999432025, "event": "console.request", "id_hash": "h_0adf25cf0a3c", "status": "200"}
[WebServer] {"duration_ms": 6.23687500046799, "event": "console.request", "id_hash": "h_ec45754e44b2", "status": "200"}
[WebServer] {"duration_ms": 1.6079590004665079, "event": "console.request", "id_hash": "h_5df610a8a64c", "status": "200"}
[WebServer] {"duration_ms": 1.1084590005339123, "event": "console.request", "id_hash": "h_4cd4c4321f61", "status": "200"}
[WebServer] {"duration_ms": 2.3660410006414168, "event": "console.request", "id_hash": "h_7699c91c2004", "status": "200"}
[WebServer] {"duration_ms": 4.270874998837826, "event": "console.request", "id_hash": "h_849f375fc14b", "status": "200"}
[WebServer] {"duration_ms": 5.814250000184984, "event": "console.request", "id_hash": "h_d403b6687150", "status": "200"}
[WebServer] {"duration_ms": 32.10512499936158, "event": "console.request", "id_hash": "h_61dab3679237", "status": "200"}
[WebServer] {"duration_ms": 5.062207999799284, "event": "console.request", "id_hash": "h_2fc228bab7e5", "status": "200"}
[WebServer] {"duration_ms": 18.40562500001397, "event": "console.request", "id_hash": "h_4a854431be72", "status": "201"}
[WebServer] {"duration_ms": 0.9267499990528449, "event": "console.request", "id_hash": "h_54c2fb11f187", "status": "200"}
[WebServer] {"duration_ms": 8.205082998756552, "event": "console.request", "id_hash": "h_c681316cc4b3", "status": "200"}
[WebServer] {"duration_ms": 2.3172090004663914, "event": "console.request", "id_hash": "h_00b313f9ec48", "status": "200"}
[WebServer] {"duration_ms": 1.613500000530621, "event": "console.request", "id_hash": "h_98d927fd94ad", "status": "200"}
[WebServer] {"duration_ms": 2.563915999417077, "event": "console.request", "id_hash": "h_ac121e2eee9b", "status": "200"}
[WebServer] {"duration_ms": 4.425375000209897, "event": "console.request", "id_hash": "h_28aeb92f1985", "status": "200"}
[WebServer] {"duration_ms": 29.60420900126337, "event": "console.request", "id_hash": "h_db7df90a8e56", "status": "200"}
[WebServer] {"duration_ms": 10.837584000910283, "event": "console.request", "id_hash": "h_2a1b728048cf", "status": "200"}
[WebServer] {"duration_ms": 12.915708999571507, "event": "console.request", "id_hash": "h_3dd28df54148", "status": "200"}
[WebServer] {"duration_ms": 6.939541000974714, "event": "console.request", "id_hash": "h_4243fa745444", "status": "200"}
[WebServer] {"duration_ms": 4.974542000127258, "event": "console.request", "id_hash": "h_df89a5f8b59f", "status": "200"}
[WebServer] {"duration_ms": 18.494874999305466, "event": "console.request", "id_hash": "h_695cd07ad18c", "status": "200"}
[WebServer] {"duration_ms": 0.9717089997138828, "event": "console.request", "id_hash": "h_5fec85b61e9c", "status": "200"}
[WebServer] {"duration_ms": 1.540957999168313, "event": "console.request", "id_hash": "h_a351f8e63ede", "status": "200"}
[WebServer] {"duration_ms": 2.6086249999934807, "event": "console.request", "id_hash": "h_b5e28bee5d53", "status": "200"}
[WebServer] {"duration_ms": 13.496292000127141, "event": "console.request", "id_hash": "h_bbdb346cb793", "status": "200"}
[WebServer] {"duration_ms": 17.25254200027848, "event": "console.request", "id_hash": "h_747f65beb430", "status": "200"}
[WebServer] {"duration_ms": 2.607374999570311, "event": "console.request", "id_hash": "h_41a33bcdee90", "status": "200"}
[WebServer] {"duration_ms": 6.09966699994402, "event": "console.request", "id_hash": "h_f27d5638f8e2", "status": "200"}
[WebServer] {"duration_ms": 42.18387499895471, "event": "console.request", "id_hash": "h_13f9e2ce5d32", "status": "200"}
[WebServer] {"duration_ms": 11.111666999568115, "event": "console.request", "id_hash": "h_4432772843f3", "status": "200"}
[WebServer] {"duration_ms": 14.367125000717351, "event": "console.request", "id_hash": "h_c336d2b8d870", "status": "200"}
[WebServer] {"duration_ms": 8.493499999531195, "event": "console.request", "id_hash": "h_6a66d5926363", "status": "200"}
[WebServer] {"duration_ms": 5.0952910005435115, "event": "console.request", "id_hash": "h_6cb66ffe6647", "status": "200"}
[WebServer] {"duration_ms": 1.1501249991852092, "event": "console.request", "id_hash": "h_20412389ba20", "status": "200"}
[WebServer] {"duration_ms": 1.0054169997602003, "event": "console.request", "id_hash": "h_79fe7e942e22", "status": "200"}
[WebServer] {"duration_ms": 2.138625000952743, "event": "console.request", "id_hash": "h_3beb1dbc588b", "status": "200"}
[WebServer] {"duration_ms": 3.3035409996955423, "event": "console.request", "id_hash": "h_6723f38a152a", "status": "200"}
[WebServer] {"duration_ms": 5.4730419997213176, "event": "console.request", "id_hash": "h_f308d8bdb064", "status": "200"}
[WebServer] {"duration_ms": 30.28591699876415, "event": "console.request", "id_hash": "h_7e36d37e6ba3", "status": "200"}
[WebServer] {"duration_ms": 7.556832999398466, "event": "console.request", "id_hash": "h_45aff59f138e", "status": "200"}
[WebServer] {"duration_ms": 12.161458000264247, "event": "console.request", "id_hash": "h_ebe93968b8f9", "status": "200"}
[WebServer] {"duration_ms": 5.6612919997860445, "event": "console.request", "id_hash": "h_0e63c14796d1", "status": "200"}
[WebServer] {"duration_ms": 6.367750000208616, "event": "console.request", "id_hash": "h_40ad7bae5c5d", "status": "200"}
[WebServer] {"duration_ms": 19.055959000979783, "event": "console.request", "id_hash": "h_c920ba821c6c", "status": "200"}
[WebServer] {"duration_ms": 7.246708000820945, "event": "console.request", "id_hash": "h_aaebfe2d6421", "status": "200"}
[WebServer] {"duration_ms": 11.897999998836895, "event": "console.request", "id_hash": "h_b039a0d92c6f", "status": "200"}
[WebServer] {"duration_ms": 5.644041999403271, "event": "console.request", "id_hash": "h_533cbe3c0757", "status": "200"}
[WebServer] {"duration_ms": 6.147458998384536, "event": "console.request", "id_hash": "h_e94918fc541d", "status": "200"}
[WebServer] {"duration_ms": 18.384791001153644, "event": "console.request", "id_hash": "h_439aee286e15", "status": "200"}
[WebServer] {"duration_ms": 7.471540999176796, "event": "console.request", "id_hash": "h_a8fe4f9a8a45", "status": "200"}
[WebServer] {"duration_ms": 12.463749999369611, "event": "console.request", "id_hash": "h_7a125e969456", "status": "200"}
[WebServer] {"duration_ms": 5.631041000015102, "event": "console.request", "id_hash": "h_a89a4735771c", "status": "200"}
[WebServer] {"duration_ms": 6.601958000828745, "event": "console.request", "id_hash": "h_f975d926d2f1", "status": "200"}
[WebServer] {"duration_ms": 18.27262500046345, "event": "console.request", "id_hash": "h_3e09c93bf96b", "status": "200"}
[WebServer] {"duration_ms": 1.0125839999091113, "event": "console.request", "id_hash": "h_ff06e8395e39", "status": "200"}
[WebServer] {"duration_ms": 11.433542000304442, "event": "console.request", "id_hash": "h_02c846837be8", "status": "200"}
[WebServer] {"duration_ms": 3.1600419988535577, "event": "console.request", "id_hash": "h_814977c27717", "status": "200"}
[WebServer] {"duration_ms": 2.1457080001709983, "event": "console.request", "id_hash": "h_c28fc08fd23a", "status": "200"}
[WebServer] {"duration_ms": 17.748791000485653, "event": "console.request", "id_hash": "h_ed70f2d2e5ce", "status": "200"}
[WebServer] {"duration_ms": 2.1619159997499082, "event": "console.request", "id_hash": "h_f081817bb8e5", "status": "200"}
[WebServer] {"duration_ms": 4.817125000045053, "event": "console.request", "id_hash": "h_748dd57551f9", "status": "200"}
[WebServer] {"duration_ms": 43.46316699957242, "event": "console.request", "id_hash": "h_efcd97386687", "status": "200"}
[WebServer] {"duration_ms": 8.661833000587649, "event": "console.request", "id_hash": "h_acd1dedb78c6", "status": "200"}
[WebServer] {"duration_ms": 13.276417001179652, "event": "console.request", "id_hash": "h_23a80a9235a5", "status": "200"}
[WebServer] {"duration_ms": 6.402333001460647, "event": "console.request", "id_hash": "h_983b0051318c", "status": "200"}
[WebServer] {"duration_ms": 31.575208000504063, "event": "console.request", "id_hash": "h_1a767f5c6d17", "status": "200"}
[WebServer] {"duration_ms": 23.55100000022503, "event": "console.request", "id_hash": "h_91e7a075818d", "status": "200"}
[WebServer] {"duration_ms": 21.167959001104464, "event": "console.request", "id_hash": "h_6f5ebc78a3ac", "status": "200"}
[WebServer] {"duration_ms": 16.755833999923198, "event": "console.request", "id_hash": "h_56e8fde1ed56", "status": "404"}
[WebServer] {"duration_ms": 19.08841699878394, "event": "console.request", "id_hash": "h_a82e68313e7b", "status": "404"}
[WebServer] {"duration_ms": 21.564249998846208, "event": "console.request", "id_hash": "h_a185ed722248", "status": "200"}
[WebServer] {"duration_ms": 4.471915999602061, "event": "console.request", "id_hash": "h_8a2bb44bf605", "status": "404"}
[WebServer] {"duration_ms": 3.8734999998268904, "event": "console.request", "id_hash": "h_0e4ce1dbcb39", "status": "404"}
[WebServer] {"duration_ms": 1.1948329993174411, "event": "console.request", "id_hash": "h_a4f4bb1a5e0f", "status": "200"}
[WebServer] {"duration_ms": 0.9795839996513678, "event": "console.request", "id_hash": "h_e96251d122d4", "status": "200"}
[WebServer] {"duration_ms": 1.7234999995707767, "event": "console.request", "id_hash": "h_bed6f9dd4d04", "status": "200"}
[WebServer] {"duration_ms": 2.5625830003264127, "event": "console.request", "id_hash": "h_90f0302ef93d", "status": "200"}
[WebServer] {"duration_ms": 3.455500000200118, "event": "console.request", "id_hash": "h_096204b672c8", "status": "200"}
[WebServer] {"duration_ms": 6.537625000419212, "event": "console.request", "id_hash": "h_b94a07f489dc", "status": "200"}
[WebServer] {"duration_ms": 0.7932919997983845, "event": "console.request", "id_hash": "h_37b75b59b47e", "status": "200"}
[WebServer] {"duration_ms": 1.509790999989491, "event": "console.request", "id_hash": "h_96cf1adaa486", "status": "200"}
[WebServer] {"duration_ms": 2.7936249989579665, "event": "console.request", "id_hash": "h_94fb63e42f14", "status": "200"}
[WebServer] {"duration_ms": 4.747042001326918, "event": "console.request", "id_hash": "h_35edfc667f5d", "status": "200"}
[WebServer] {"duration_ms": 30.024834000869305, "event": "console.request", "id_hash": "h_9e9888efdab5", "status": "200"}
[WebServer] {"duration_ms": 8.006207999642356, "event": "console.request", "id_hash": "h_a65075e99356", "status": "200"}
[WebServer] {"duration_ms": 12.942625000505359, "event": "console.request", "id_hash": "h_ca1438631518", "status": "200"}
[WebServer] {"duration_ms": 30.77787500114937, "event": "console.request", "id_hash": "h_82f78c6e34d6", "status": "200"}
[WebServer] {"duration_ms": 20.44887499869219, "event": "console.request", "id_hash": "h_14fe773e96f7", "status": "200"}
[WebServer] {"duration_ms": 20.613167000192334, "event": "console.request", "id_hash": "h_73d94e47ed23", "status": "200"}
[WebServer] {"duration_ms": 18.8180419991113, "event": "console.request", "id_hash": "h_e49495d0b0f4", "status": "404"}
[WebServer] {"duration_ms": 20.107291000385885, "event": "console.request", "id_hash": "h_d48ffb791a0b", "status": "200"}
[WebServer] {"duration_ms": 16.781874999651336, "event": "console.request", "id_hash": "h_6b864a71b4d3", "status": "404"}
[WebServer] {"duration_ms": 4.5083750010235235, "event": "console.request", "id_hash": "h_1d71ff589dc0", "status": "404"}
[WebServer] {"duration_ms": 0.89970900080516, "event": "console.request", "id_hash": "h_bfe9c30dc04e", "status": "200"}
[WebServer] {"duration_ms": 1.1644589994830312, "event": "console.request", "id_hash": "h_8844a1e1a626", "status": "200"}
[WebServer] {"duration_ms": 1.9344160009495681, "event": "console.request", "id_hash": "h_e2fab7337662", "status": "200"}
[WebServer] {"duration_ms": 2.6369170009274967, "event": "console.request", "id_hash": "h_8168d873a34f", "status": "200"}
[WebServer] {"duration_ms": 5.311625000103959, "event": "console.request", "id_hash": "h_eafa23c984d6", "status": "200"}
  ✓   2 tests/browser/console.spec.ts:58:1 › real operator manages notes and current observations in Required mode (9.8s)
[WebServer] {"duration_ms": 0.8170829987648176, "event": "console.request", "id_hash": "h_502416ef0389", "status": "200"}
[WebServer] {"duration_ms": 0.5642920004902408, "event": "console.request", "id_hash": "h_b65010b7267e", "status": "404"}
[WebServer] {"duration_ms": 0.8005830004549352, "event": "console.request", "id_hash": "h_1563384d3c15", "status": "200"}
[WebServer] {"duration_ms": 1.8987080002261791, "event": "console.request", "id_hash": "h_89e7d706dc7d", "status": "200"}
[WebServer] {"duration_ms": 1.4694999990751967, "event": "console.request", "id_hash": "h_cee7782f22e2", "status": "200"}
[WebServer] {"duration_ms": 2.8957499998796266, "event": "console.request", "id_hash": "h_7bf550180ee4", "status": "401"}
[WebServer] {"duration_ms": 100.93037499973434, "event": "console.request", "id_hash": "h_c6e292c5b4f6", "status": "200"}
[WebServer] {"duration_ms": 6.522916999529116, "event": "console.request", "id_hash": "h_47041d7cc705", "status": "200"}
[WebServer] {"duration_ms": 16.412208999099676, "event": "console.request", "id_hash": "h_30216102e76c", "status": "200"}
[WebServer] {"duration_ms": 17.848874998890096, "event": "console.request", "id_hash": "h_c0a6729cd70a", "status": "200"}
[WebServer] {"duration_ms": 1.7375000006722985, "event": "console.request", "id_hash": "h_9466e253666d", "status": "200"}
[WebServer] {"duration_ms": 2.1284169997670688, "event": "console.request", "id_hash": "h_1c3b4a86edc8", "status": "200"}
[WebServer] {"duration_ms": 3.1414159984706203, "event": "console.request", "id_hash": "h_480adc09de5e", "status": "200"}
[WebServer] {"duration_ms": 3.8165409987414023, "event": "console.request", "id_hash": "h_6df77c42e799", "status": "200"}
[WebServer] {"duration_ms": 6.228124999324791, "event": "console.request", "id_hash": "h_f2197e1afeca", "status": "200"}
[WebServer] {"duration_ms": 7.803958000295097, "event": "console.request", "id_hash": "h_b179425f035b", "status": "200"}
[WebServer] {"duration_ms": 9.267665998777375, "event": "console.request", "id_hash": "h_53d27caf1f62", "status": "200"}
[WebServer] {"duration_ms": 10.96716599931824, "event": "console.request", "id_hash": "h_657b0bd3209a", "status": "204"}
  ✓   3 tests/browser/console.spec.ts:891:1 › real authentication, cookie recovery, key list, CSP, deep-route reload, API 404 (983ms)
[WebServer] {"duration_ms": 1.0644590001902543, "event": "console.request", "id_hash": "h_1a60f5e9d25e", "status": "200"}
[WebServer] {"duration_ms": 1.6942080001172144, "event": "console.request", "id_hash": "h_dae422ad78b8", "status": "200"}
[WebServer] {"duration_ms": 0.8972080013336381, "event": "console.request", "id_hash": "h_ee39ae450ae1", "status": "200"}
  ✓   4 tests/browser/console.spec.ts:932:1 › production CSP with explicit test fixtures: memory plain text, stats nulls and narrow layout (659ms)
[WebServer] {"duration_ms": 0.8082919994194526, "event": "console.request", "id_hash": "h_60072e6a6f48", "status": "200"}
[WebServer] {"duration_ms": 1.403707999998005, "event": "console.request", "id_hash": "h_d1222eae721b", "status": "200"}
[WebServer] {"duration_ms": 0.8862089998729061, "event": "console.request", "id_hash": "h_bbe10bef8088", "status": "200"}
  ✓   5 tests/browser/console.spec.ts:1019:1 › import wizard invalidates mapping report and distinguishes cancelled_partial (876ms)
[WebServer] {"duration_ms": 0.9177079991786741, "event": "console.request", "id_hash": "h_ba83dd0c11a9", "status": "200"}
[WebServer] {"duration_ms": 1.6044580006564502, "event": "console.request", "id_hash": "h_c715b95c34ed", "status": "200"}
[WebServer] {"duration_ms": 1.0703749994718237, "event": "console.request", "id_hash": "h_896a36ee07da", "status": "200"}
  ✓   6 tests/browser/console.spec.ts:1087:1 › provider rebuild acknowledgement and settings pending restart (996ms)
[WebServer] {"duration_ms": 0.90312499924039, "event": "console.request", "id_hash": "h_280e88c2561c", "status": "200"}
[WebServer] {"duration_ms": 1.7161249998025596, "event": "console.request", "id_hash": "h_836dfc9d3587", "status": "200"}
[WebServer] {"duration_ms": 1.1070000000472646, "event": "console.request", "id_hash": "h_67d23192f75c", "status": "200"}
[WebServer] {"duration_ms": 2.6033750000351574, "event": "console.request", "id_hash": "h_196a6e02294c", "status": "401"}
[WebServer] {"duration_ms": 100.75162499924772, "event": "console.request", "id_hash": "h_7ed84aa0a017", "status": "200"}
[WebServer] {"duration_ms": 5.938250000326661, "event": "console.request", "id_hash": "h_187ee1802f9c", "status": "200"}
[WebServer] {"duration_ms": 5.280667000988615, "event": "console.request", "id_hash": "h_2099b56b6a7c", "status": "200"}
[WebServer] {"duration_ms": 12.222875000588829, "event": "console.request", "id_hash": "h_00f349d8d68f", "status": "200"}
[WebServer] {"duration_ms": 12.165041998741799, "event": "console.request", "id_hash": "h_8f8edf4e9ff6", "status": "200"}
[WebServer] {"duration_ms": 8.329791999130975, "event": "console.request", "id_hash": "h_82255586fb36", "status": "403"}
[WebServer] {"duration_ms": 8.677042000272195, "event": "console.request", "id_hash": "h_86c6afd8bd22", "status": "200"}
[WebServer] {"duration_ms": 17.57062499927997, "event": "console.request", "id_hash": "h_493a0f774328", "status": "201"}
[WebServer] {"duration_ms": 4.095874999620719, "event": "console.request", "id_hash": "h_f8eebd0927ed", "status": "200"}
[WebServer] {"duration_ms": 21.489415999894845, "event": "console.request", "id_hash": "h_036e94a978c4", "status": "200"}
[WebServer] {"duration_ms": 4.38854200001515, "event": "console.request", "id_hash": "h_94a078476a5a", "status": "200"}
  ✓   7 tests/browser/console.spec.ts:1160:1 › real operator issuance prompts reauth, shows secret once, and revokes disposable test key (967ms)
[WebServer] {"duration_ms": 0.8325420003529871, "event": "console.request", "id_hash": "h_59ee2d389abe", "status": "200"}
[WebServer] {"duration_ms": 0.9753750000527361, "event": "console.request", "id_hash": "h_7731e31839f3", "status": "200"}
[WebServer] {"duration_ms": 1.9552909998310497, "event": "console.request", "id_hash": "h_85ab53b50694", "status": "200"}
[WebServer] {"duration_ms": 3.391291998923407, "event": "console.request", "id_hash": "h_62302a1822cb", "status": "401"}
[WebServer] {"duration_ms": 101.34829100024945, "event": "console.request", "id_hash": "h_ebb5e813c2a1", "status": "200"}
[WebServer] {"duration_ms": 6.583541000509285, "event": "console.request", "id_hash": "h_cef6bde0cd25", "status": "200"}
[WebServer] {"duration_ms": 35.115167000185465, "event": "console.request", "id_hash": "h_2a6aeff217c6", "status": "200"}
[WebServer] {"duration_ms": 5.96729199969559, "event": "console.request", "id_hash": "h_fb7a20946a53", "status": "200"}
[WebServer] {"duration_ms": 19.388542001252063, "event": "console.request", "id_hash": "h_c230c3475db9", "status": "200"}
[WebServer] {"duration_ms": 29.135082999346196, "event": "console.request", "id_hash": "h_721b6fdfcab0", "status": "200"}
[WebServer] {"duration_ms": 28.663167000559042, "event": "console.request", "id_hash": "h_36820b67239d", "status": "200"}
[WebServer] {"duration_ms": 30.563040998458746, "event": "console.request", "id_hash": "h_0e9496f65e93", "status": "200"}
[WebServer] {"duration_ms": 22.378833000402665, "event": "console.request", "id_hash": "h_3e6be22cdfde", "status": "201"}
[WebServer] {"duration_ms": 5.8072500014532125, "event": "console.request", "id_hash": "h_0b27ba6d4148", "status": "200"}
[WebServer] {"duration_ms": 8.542583000235027, "event": "console.request", "id_hash": "h_5a2fb1345c55", "status": "200"}
[WebServer] {"duration_ms": 22.819125000751228, "event": "console.request", "id_hash": "h_cf3b036ee08f", "status": "200"}
[WebServer] {"duration_ms": 7.80112499887764, "event": "console.request", "id_hash": "h_24bc0073134f", "status": "200"}
[WebServer] {"duration_ms": 11.794666999776382, "event": "console.request", "id_hash": "h_1bc963163e30", "status": "200"}
[WebServer] {"duration_ms": 21.72950000021956, "event": "console.request", "id_hash": "h_8f3335852e3b", "status": "200"}
[WebServer] {"duration_ms": 7.747540999844205, "event": "console.request", "id_hash": "h_02476b7f09f9", "status": "200"}
[WebServer] {"duration_ms": 11.940166001295438, "event": "console.request", "id_hash": "h_9bd325b097dc", "status": "200"}
[WebServer] {"duration_ms": 19.871083000907674, "event": "console.request", "id_hash": "h_e65f96d44dea", "status": "200"}
[WebServer] {"duration_ms": 1.0405409993836656, "event": "console.request", "id_hash": "h_c1803f31b126", "status": "200"}
[WebServer] {"duration_ms": 1.672166001299047, "event": "console.request", "id_hash": "h_bcbb20d11e62", "status": "200"}
[WebServer] {"duration_ms": 2.858834001017385, "event": "console.request", "id_hash": "h_79dd339fe208", "status": "200"}
[WebServer] {"duration_ms": 14.155749999190448, "event": "console.request", "id_hash": "h_9a1014158551", "status": "200"}
[WebServer] {"duration_ms": 17.412916000466794, "event": "console.request", "id_hash": "h_8b0418c5043f", "status": "200"}
[WebServer] {"duration_ms": 2.3562919996038545, "event": "console.request", "id_hash": "h_51c4c2700b7b", "status": "200"}
[WebServer] {"duration_ms": 5.15566600006423, "event": "console.request", "id_hash": "h_cf3f2d86b7bf", "status": "200"}
[WebServer] {"duration_ms": 29.447958999298862, "event": "console.request", "id_hash": "h_dd62dec4a4ef", "status": "200"}
[WebServer] {"duration_ms": 10.008167000705726, "event": "console.request", "id_hash": "h_01698f27e0cd", "status": "200"}
[WebServer] {"duration_ms": 13.425625000309083, "event": "console.request", "id_hash": "h_98aaf902969a", "status": "200"}
[WebServer] {"duration_ms": 24.68129100088845, "event": "console.request", "id_hash": "h_1f3caa053b2c", "status": "200"}
[WebServer] {"duration_ms": 12.757290998706594, "event": "console.request", "id_hash": "h_4cb1fd1f1425", "status": "200"}
[WebServer] {"duration_ms": 15.966582999681123, "event": "console.request", "id_hash": "h_1469c382e74b", "status": "200"}
[WebServer] {"duration_ms": 5.0308329991821665, "event": "console.request", "id_hash": "h_fdfada132dc3", "status": "200"}
[WebServer] {"duration_ms": 10.917792000327609, "event": "console.request", "id_hash": "h_cd136b1deb57", "status": "200"}
[WebServer] {"duration_ms": 44.82608299986168, "event": "console.request", "id_hash": "h_f6f3f07b8cda", "status": "200"}
[WebServer] {"duration_ms": 45.985208000274724, "event": "console.request", "id_hash": "h_dce86ea72005", "status": "200"}
[WebServer] {"duration_ms": 44.52112499893701, "event": "console.request", "id_hash": "h_00b16f196db3", "status": "200"}
[WebServer] {"duration_ms": 1.0184579987253528, "event": "console.request", "id_hash": "h_f8d43aad6153", "status": "200"}
[WebServer] {"duration_ms": 1.489541999035282, "event": "console.request", "id_hash": "h_8dd5727d4038", "status": "200"}
[WebServer] {"duration_ms": 1.6014590000850148, "event": "console.request", "id_hash": "h_dd21d1e5a8a0", "status": "200"}
[WebServer] {"duration_ms": 2.591415999631863, "event": "console.request", "id_hash": "h_5593a554c1e7", "status": "200"}
[WebServer] {"duration_ms": 4.987791000530706, "event": "console.request", "id_hash": "h_ae3f8654ec66", "status": "200"}
[WebServer] {"duration_ms": 29.262959000334376, "event": "console.request", "id_hash": "h_b66f9dac735c", "status": "200"}
[WebServer] {"duration_ms": 12.280667000595713, "event": "console.request", "id_hash": "h_a842305b7c8a", "status": "200"}
[WebServer] {"duration_ms": 16.035917000408517, "event": "console.request", "id_hash": "h_dd125b478380", "status": "200"}
[WebServer] {"duration_ms": 34.15320800013433, "event": "console.request", "id_hash": "h_748719032a4b", "status": "200"}
[WebServer] {"duration_ms": 57.58870899990143, "event": "console.request", "id_hash": "h_6883380c8086", "status": "200"}
[WebServer] {"duration_ms": 57.90924999928393, "event": "console.request", "id_hash": "h_bdd17096427d", "status": "200"}
[WebServer] {"duration_ms": 5.399499999839463, "event": "console.request", "id_hash": "h_9152a1999686", "status": "200"}
[WebServer] {"duration_ms": 0.9302079997723922, "event": "console.request", "id_hash": "h_db8dcefbef38", "status": "200"}
[WebServer] {"duration_ms": 1.609249999091844, "event": "console.request", "id_hash": "h_ce7c0601fbee", "status": "200"}
[WebServer] {"duration_ms": 2.508790999854682, "event": "console.request", "id_hash": "h_b1fb5f58e8b8", "status": "200"}
[WebServer] {"duration_ms": 4.598125000484288, "event": "console.request", "id_hash": "h_b60a907b6080", "status": "200"}
[WebServer] {"duration_ms": 29.49891600110277, "event": "console.request", "id_hash": "h_be133313a924", "status": "200"}
[WebServer] {"duration_ms": 10.841208999408991, "event": "console.request", "id_hash": "h_fc8866b920dd", "status": "200"}
[WebServer] {"duration_ms": 14.464957999734906, "event": "console.request", "id_hash": "h_97acbcffd29f", "status": "200"}
[WebServer] {"duration_ms": 31.09825000137789, "event": "console.request", "id_hash": "h_88c085e7740a", "status": "200"}
[WebServer] {"duration_ms": 20.138334000876057, "event": "console.request", "id_hash": "h_e3cb5a30485a", "status": "200"}
[WebServer] {"duration_ms": 19.51724999889848, "event": "console.request", "id_hash": "h_faa4c91ac326", "status": "200"}
[WebServer] {"duration_ms": 20.17725000041537, "event": "console.request", "id_hash": "h_72a2100d76d5", "status": "404"}
[WebServer] {"duration_ms": 20.777125000677188, "event": "console.request", "id_hash": "h_ad186051f24e", "status": "404"}
[WebServer] {"duration_ms": 22.506041001179256, "event": "console.request", "id_hash": "h_3747df6d2e69", "status": "200"}
[WebServer] {"duration_ms": 4.688250000981498, "event": "console.request", "id_hash": "h_3b084f808184", "status": "404"}
[WebServer] {"duration_ms": 6.85154199891258, "event": "console.request", "id_hash": "h_df862258d64e", "status": "200"}
[WebServer] {"duration_ms": 0.8562920011172537, "event": "console.request", "id_hash": "h_ec80b610c25c", "status": "200"}
[WebServer] {"duration_ms": 1.9852500008710194, "event": "console.request", "id_hash": "h_164b7e68288b", "status": "200"}
[WebServer] {"duration_ms": 1.554000000396627, "event": "console.request", "id_hash": "h_2f8d572e5556", "status": "200"}
[WebServer] {"duration_ms": 2.390583998931106, "event": "console.request", "id_hash": "h_ea0d3ac3c5da", "status": "200"}
[WebServer] {"duration_ms": 6.073042000934947, "event": "console.request", "id_hash": "h_cfa44d6c2efd", "status": "200"}
  ✓   8 tests/browser/console.spec.ts:1240:1 › real Focus create edit dormant and activation preserve revisions in Required mode (2.3s)
[WebServer] {"duration_ms": 0.982375000603497, "event": "console.request", "id_hash": "h_148d68f2e174", "status": "200"}
[WebServer] {"duration_ms": 1.5287919995898847, "event": "console.request", "id_hash": "h_8475fba623b5", "status": "200"}
[WebServer] {"duration_ms": 0.8994170002551982, "event": "console.request", "id_hash": "h_52b13ddb58d9", "status": "200"}
[WebServer] {"duration_ms": 3.3992080007010372, "event": "console.request", "id_hash": "h_911cb089ab19", "status": "401"}
[WebServer] {"duration_ms": 101.4213340004062, "event": "console.request", "id_hash": "h_4e155ffeda6b", "status": "200"}
[WebServer] {"duration_ms": 6.690625001283479, "event": "console.request", "id_hash": "h_ca31dd14494b", "status": "200"}
[WebServer] {"duration_ms": 36.93049999856157, "event": "console.request", "id_hash": "h_fb14d42b9252", "status": "200"}
[WebServer] {"duration_ms": 6.454667000070913, "event": "console.request", "id_hash": "h_ebb6671e2f17", "status": "200"}
[WebServer] {"duration_ms": 28.430458000002545, "event": "console.request", "id_hash": "h_1a23de92376d", "status": "200"}
[WebServer] {"duration_ms": 28.986999999688123, "event": "console.request", "id_hash": "h_1b8b84f870a9", "status": "200"}
[WebServer] {"duration_ms": 29.404208000414656, "event": "console.request", "id_hash": "h_841fd3634560", "status": "200"}
[WebServer] {"duration_ms": 29.712207999182283, "event": "console.request", "id_hash": "h_b80281a956de", "status": "200"}
[WebServer] {"duration_ms": 19.513749999532592, "event": "console.request", "id_hash": "h_de86493a5be6", "status": "201"}
[WebServer] {"duration_ms": 5.096000000776257, "event": "console.request", "id_hash": "h_797e69249f50", "status": "200"}
[WebServer] {"duration_ms": 8.933667000746937, "event": "console.request", "id_hash": "h_747de4563d34", "status": "200"}
[WebServer] {"duration_ms": 20.199624999804655, "event": "console.request", "id_hash": "h_580bed4695bb", "status": "200"}
[WebServer] {"duration_ms": 7.428042001265567, "event": "console.request", "id_hash": "h_272e25d575a9", "status": "200"}
[WebServer] {"duration_ms": 12.197457999718608, "event": "console.request", "id_hash": "h_4ea2097b1ec3", "status": "200"}
[WebServer] {"duration_ms": 17.39645799898426, "event": "console.request", "id_hash": "h_4d03f7f0b264", "status": "200"}
[WebServer] {"duration_ms": 1.4305839995358838, "event": "console.request", "id_hash": "h_063349b765f2", "status": "200"}
[WebServer] {"duration_ms": 2.4739170003158506, "event": "console.request", "id_hash": "h_95d9573bec0a", "status": "200"}
[WebServer] {"duration_ms": 2.524083000025712, "event": "console.request", "id_hash": "h_ea249f3c9333", "status": "200"}
[WebServer] {"duration_ms": 11.612792000960326, "event": "console.request", "id_hash": "h_24940194465d", "status": "200"}
[WebServer] {"duration_ms": 15.757167000629124, "event": "console.request", "id_hash": "h_4acd5ec78548", "status": "200"}
[WebServer] {"duration_ms": 2.414207998299389, "event": "console.request", "id_hash": "h_c2090b1de5fd", "status": "200"}
[WebServer] {"duration_ms": 4.703249998783576, "event": "console.request", "id_hash": "h_72b3be6bd446", "status": "200"}
[WebServer] {"duration_ms": 31.492833000811515, "event": "console.request", "id_hash": "h_1124e75c2a64", "status": "200"}
[WebServer] {"duration_ms": 11.71049999902607, "event": "console.request", "id_hash": "h_14868ecdb5cd", "status": "200"}
[WebServer] {"duration_ms": 14.788791000682977, "event": "console.request", "id_hash": "h_3cc15f0006df", "status": "200"}
[WebServer] {"duration_ms": 29.99058400018839, "event": "console.request", "id_hash": "h_c1fad77c19f4", "status": "200"}
[WebServer] {"duration_ms": 25.074374998439453, "event": "console.request", "id_hash": "h_9577a069b5aa", "status": "200"}
[WebServer] {"duration_ms": 20.180083000013838, "event": "console.request", "id_hash": "h_8070e9321f36", "status": "200"}
[WebServer] {"duration_ms": 20.99633299985726, "event": "console.request", "id_hash": "h_80b6a5d671a3", "status": "404"}
[WebServer] {"duration_ms": 21.73945799950161, "event": "console.request", "id_hash": "h_aeb07edc09d6", "status": "404"}
[WebServer] {"duration_ms": 22.75358299993968, "event": "console.request", "id_hash": "h_caa030dfdf9f", "status": "200"}
[WebServer] {"duration_ms": 4.456915999980993, "event": "console.request", "id_hash": "h_f80d76c2d898", "status": "404"}
[WebServer] {"duration_ms": 0.9270000009564683, "event": "console.request", "id_hash": "h_a79f9a165ab1", "status": "200"}
[WebServer] {"duration_ms": 1.3577499994426034, "event": "console.request", "id_hash": "h_e7392280d4d3", "status": "200"}
[WebServer] {"duration_ms": 1.0444580002513248, "event": "console.request", "id_hash": "h_15943fa83d59", "status": "200"}
[WebServer] {"duration_ms": 2.62704200031294, "event": "console.request", "id_hash": "h_6c25069738ca", "status": "200"}
[WebServer] {"duration_ms": 4.818374998649233, "event": "console.request", "id_hash": "h_33a2357eaba8", "status": "200"}
[WebServer] {"duration_ms": 30.294041000161087, "event": "console.request", "id_hash": "h_85cf9ed71ff7", "status": "200"}
[WebServer] {"duration_ms": 4.5124579992261715, "event": "console.request", "id_hash": "h_3486cbd2a47a", "status": "200"}
[WebServer] {"duration_ms": 25.11741600028472, "event": "console.request", "id_hash": "h_a7046c319114", "status": "200"}
[WebServer] {"duration_ms": 24.8727920006786, "event": "console.request", "id_hash": "h_173ac25a5929", "status": "200"}
[WebServer] {"duration_ms": 25.69683299952885, "event": "console.request", "id_hash": "h_75789ececbcf", "status": "200"}
[WebServer] {"duration_ms": 27.122082999994745, "event": "console.request", "id_hash": "h_23a94e26f55c", "status": "200"}
[WebServer] {"duration_ms": 16.58366699848557, "event": "console.request", "id_hash": "h_3ae4ae65daa9", "status": "201"}
[WebServer] {"duration_ms": 0.8499590003339108, "event": "console.request", "id_hash": "h_0c19fa294d37", "status": "200"}
[WebServer] {"duration_ms": 7.016084000497358, "event": "console.request", "id_hash": "h_b83a1634e7c7", "status": "200"}
[WebServer] {"duration_ms": 0.9052080004039453, "event": "console.request", "id_hash": "h_fffc26ea38bf", "status": "200"}
[WebServer] {"duration_ms": 1.6095829996629618, "event": "console.request", "id_hash": "h_3f6717caa71e", "status": "200"}
[WebServer] {"duration_ms": 2.5282919996243436, "event": "console.request", "id_hash": "h_ea1a360dd6bb", "status": "200"}
[WebServer] {"duration_ms": 4.634750001059729, "event": "console.request", "id_hash": "h_130f66ff3d22", "status": "200"}
[WebServer] {"duration_ms": 29.850375000023632, "event": "console.request", "id_hash": "h_4b7f8cd19876", "status": "200"}
[WebServer] {"duration_ms": 4.59916599902499, "event": "console.request", "id_hash": "h_650df26cf23d", "status": "200"}
[WebServer] {"duration_ms": 8.410374999584747, "event": "console.request", "id_hash": "h_c8699325de27", "status": "200"}
[WebServer] {"duration_ms": 6.224209000720293, "event": "console.request", "id_hash": "h_2fe34015d00c", "status": "404"}
  ✓   9 tests/browser/console.spec.ts:1429:1 › real State correction expiry deletion and recreation preserve identities (1.9s)
[WebServer] {"duration_ms": 1.5277920010703383, "event": "console.request", "id_hash": "h_1e25eb0e5548", "status": "200"}
[WebServer] {"duration_ms": 1.7045419990608934, "event": "console.request", "id_hash": "h_6d4daf25490f", "status": "200"}
[WebServer] {"duration_ms": 1.3161249989934731, "event": "console.request", "id_hash": "h_11e19d28f1ed", "status": "200"}
[WebServer] {"duration_ms": 4.320915999414865, "event": "console.request", "id_hash": "h_dc82c0db83fd", "status": "401"}
[WebServer] {"duration_ms": 101.53895799885504, "event": "console.request", "id_hash": "h_2cc617df84af", "status": "200"}
[WebServer] {"duration_ms": 6.937124999240041, "event": "console.request", "id_hash": "h_d11189fb9a5f", "status": "200"}
[WebServer] {"duration_ms": 36.065041000256315, "event": "console.request", "id_hash": "h_4d9f41879dd8", "status": "200"}
[WebServer] {"duration_ms": 5.887375000384054, "event": "console.request", "id_hash": "h_bdb871975171", "status": "200"}
[WebServer] {"duration_ms": 57.452582999758306, "event": "console.request", "id_hash": "h_fe2e7084a29d", "status": "200"}
[WebServer] {"duration_ms": 59.10954200044216, "event": "console.request", "id_hash": "h_67dc6a7c2c1b", "status": "200"}
[WebServer] {"duration_ms": 40.95762500037381, "event": "console.request", "id_hash": "h_32e2721d45eb", "status": "200"}
[WebServer] {"duration_ms": 61.0520419995737, "event": "console.request", "id_hash": "h_a35b480fd8e2", "status": "200"}
[WebServer] {"duration_ms": 41.509791000862606, "event": "console.request", "id_hash": "h_2b8a008eb748", "status": "200"}
[WebServer] {"duration_ms": 20.186540999930003, "event": "console.request", "id_hash": "h_77bda62ef281", "status": "201"}
[WebServer] {"duration_ms": 5.032417000620626, "event": "console.request", "id_hash": "h_f978c97fb3f0", "status": "200"}
[WebServer] {"duration_ms": 8.561999999074033, "event": "console.request", "id_hash": "h_3172f6653f76", "status": "200"}
[WebServer] {"duration_ms": 28.184291000798112, "event": "console.request", "id_hash": "h_bfc2665fd914", "status": "200"}
[WebServer] {"duration_ms": 36.73874999913096, "event": "console.request", "id_hash": "h_ecf5cae8bf98", "status": "200"}
[WebServer] {"duration_ms": 36.303625000073225, "event": "console.request", "id_hash": "h_cb6a03f21fa2", "status": "200"}
[WebServer] {"duration_ms": 20.624708999093855, "event": "console.request", "id_hash": "h_c63f2eba4cdd", "status": "200"}
[WebServer] {"duration_ms": 8.298624999952153, "event": "console.request", "id_hash": "h_13fe95e2b5b0", "status": "200"}
[WebServer] {"duration_ms": 12.884208001196384, "event": "console.request", "id_hash": "h_45469f683f40", "status": "200"}
[WebServer] {"duration_ms": 43.19075000057637, "event": "console.request", "id_hash": "h_5c1be4e61234", "status": "200"}
[WebServer] {"duration_ms": 43.09758300041722, "event": "console.request", "id_hash": "h_e59e48128e97", "status": "200"}
[WebServer] {"duration_ms": 43.557125000006636, "event": "console.request", "id_hash": "h_682d9a527765", "status": "200"}
[WebServer] {"duration_ms": 21.652208000887185, "event": "console.request", "id_hash": "h_8fa3f1e2a580", "status": "200"}
[WebServer] {"duration_ms": 9.767708999788738, "event": "console.request", "id_hash": "h_16f252e68f2d", "status": "200"}
[WebServer] {"duration_ms": 13.814499998261454, "event": "console.request", "id_hash": "h_d420cf24ec0b", "status": "200"}
[WebServer] {"duration_ms": 48.185792000367655, "event": "console.request", "id_hash": "h_6f4f6960984a", "status": "200"}
[WebServer] {"duration_ms": 48.703291000492754, "event": "console.request", "id_hash": "h_2ba3625010b6", "status": "200"}
[WebServer] {"duration_ms": 49.470542000563, "event": "console.request", "id_hash": "h_645f0cae586b", "status": "200"}
[WebServer] {"duration_ms": 19.51487499900395, "event": "console.request", "id_hash": "h_23e9ec7ae2f5", "status": "200"}
[WebServer] {"duration_ms": 1.195999999254127, "event": "console.request", "id_hash": "h_204d90a8111a", "status": "200"}
[WebServer] {"duration_ms": 1.4507500000036089, "event": "console.request", "id_hash": "h_8555479fdf65", "status": "200"}
[WebServer] {"duration_ms": 2.766708999843104, "event": "console.request", "id_hash": "h_559ad432e0b3", "status": "200"}
[WebServer] {"duration_ms": 14.221542000086629, "event": "console.request", "id_hash": "h_ab9652875dd1", "status": "200"}
[WebServer] {"duration_ms": 20.558416999847395, "event": "console.request", "id_hash": "h_ee0f9acb1495", "status": "200"}
[WebServer] {"duration_ms": 3.7315419995138654, "event": "console.request", "id_hash": "h_c123eb9916f5", "status": "200"}
[WebServer] {"duration_ms": 5.18608299898915, "event": "console.request", "id_hash": "h_fed6956241b5", "status": "200"}
[WebServer] {"duration_ms": 30.73124999900756, "event": "console.request", "id_hash": "h_bfbc132beab6", "status": "200"}
[WebServer] {"duration_ms": 13.363707999815233, "event": "console.request", "id_hash": "h_e2db1bee9528", "status": "200"}
[WebServer] {"duration_ms": 14.071083000089857, "event": "console.request", "id_hash": "h_80090a93e919", "status": "200"}
[WebServer] {"duration_ms": 29.158332999941194, "event": "console.request", "id_hash": "h_907453c30860", "status": "200"}
[WebServer] {"duration_ms": 36.07000000010885, "event": "console.request", "id_hash": "h_7bb6f0ed7614", "status": "200"}
[WebServer] {"duration_ms": 36.79895799905353, "event": "console.request", "id_hash": "h_dd77f729cf96", "status": "200"}
  ✓  10 tests/browser/console.spec.ts:1596:1 › real Task create edit and transitions preserve revisions in Required mode (1.4s)
[WebServer] {"duration_ms": 1.435416999811423, "event": "console.request", "id_hash": "h_7112b3cf7bfd", "status": "200"}
[WebServer] {"duration_ms": 1.7578749993845122, "event": "console.request", "id_hash": "h_454d5ee97f9b", "status": "200"}
[WebServer] {"duration_ms": 1.0904999999183929, "event": "console.request", "id_hash": "h_21fcc081d925", "status": "200"}
[WebServer] {"duration_ms": 3.7602089996653376, "event": "console.request", "id_hash": "h_7aa198bbcce5", "status": "401"}
[WebServer] {"duration_ms": 101.40387499995995, "event": "console.request", "id_hash": "h_aa197dd4c4a9", "status": "200"}
[WebServer] {"duration_ms": 6.203124999956344, "event": "console.request", "id_hash": "h_7a3959cea2fe", "status": "200"}
[WebServer] {"duration_ms": 33.93520900135627, "event": "console.request", "id_hash": "h_07490dad24aa", "status": "200"}
[WebServer] {"duration_ms": 5.689499999789405, "event": "console.request", "id_hash": "h_aed421b3ad5b", "status": "200"}
[WebServer] {"duration_ms": 30.554791999747977, "event": "console.request", "id_hash": "h_fd0bb2ce5266", "status": "200"}
[WebServer] {"duration_ms": 36.980834000132745, "event": "console.request", "id_hash": "h_27c8b84abeb0", "status": "200"}
[WebServer] {"duration_ms": 38.44895899965195, "event": "console.request", "id_hash": "h_07cab052fa23", "status": "200"}
[WebServer] {"duration_ms": 40.656791999936104, "event": "console.request", "id_hash": "h_46bf37866f22", "status": "200"}
[WebServer] {"duration_ms": 39.203541999086156, "event": "console.request", "id_hash": "h_665ba05e9cee", "status": "200"}
[WebServer] {"duration_ms": 21.76941700054158, "event": "console.request", "id_hash": "h_0a7834208e66", "status": "201"}
[WebServer] {"duration_ms": 5.09612499990908, "event": "console.request", "id_hash": "h_4291e8ec25fd", "status": "200"}
[WebServer] {"duration_ms": 9.708333000162384, "event": "console.request", "id_hash": "h_ff06f019dd58", "status": "200"}
[WebServer] {"duration_ms": 29.413290998490993, "event": "console.request", "id_hash": "h_e2f8ccddd356", "status": "200"}
[WebServer] {"duration_ms": 34.408832998451544, "event": "console.request", "id_hash": "h_5ef1e6791955", "status": "200"}
[WebServer] {"duration_ms": 38.79116600000998, "event": "console.request", "id_hash": "h_a20a0f945dbf", "status": "200"}
[WebServer] {"duration_ms": 22.59970799968869, "event": "console.request", "id_hash": "h_89521a895ae3", "status": "201"}
[WebServer] {"duration_ms": 24.435541999991983, "event": "console.request", "id_hash": "h_d60854e8f0e1", "status": "200"}
[WebServer] {"duration_ms": 32.21833300085564, "event": "console.request", "id_hash": "h_27edeb9026e6", "status": "200"}
[WebServer] {"duration_ms": 32.22308300064469, "event": "console.request", "id_hash": "h_9e6e290192b1", "status": "200"}
[WebServer] {"duration_ms": 39.36512499967648, "event": "console.request", "id_hash": "h_8a5b924cc020", "status": "200"}
[WebServer] {"duration_ms": 42.13049999998475, "event": "console.request", "id_hash": "h_fc4cbd9bb698", "status": "200"}
[WebServer] {"duration_ms": 42.66208400076721, "event": "console.request", "id_hash": "h_454aef215f3c", "status": "200"}
[WebServer] {"duration_ms": 22.470542000519345, "event": "console.request", "id_hash": "h_978ae271def2", "status": "200"}
[WebServer] {"duration_ms": 23.770957999659004, "event": "console.request", "id_hash": "h_0675a041a0f0", "status": "200"}
[WebServer] {"duration_ms": 30.832624999675318, "event": "console.request", "id_hash": "h_0526b85e9686", "status": "200"}
[WebServer] {"duration_ms": 30.919875000108732, "event": "console.request", "id_hash": "h_c8d2c3444f51", "status": "200"}
[WebServer] {"duration_ms": 41.76737499983574, "event": "console.request", "id_hash": "h_6601a3e7a1be", "status": "200"}
[WebServer] {"duration_ms": 41.338457998790545, "event": "console.request", "id_hash": "h_0682b02b0763", "status": "200"}
[WebServer] {"duration_ms": 41.44083400024101, "event": "console.request", "id_hash": "h_ea0be40b8bb8", "status": "200"}
[WebServer] {"duration_ms": 18.89645800110884, "event": "console.request", "id_hash": "h_ceaeb22e0b2b", "status": "200"}
[WebServer] {"duration_ms": 1.0387090005679056, "event": "console.request", "id_hash": "h_fa1e5c6318e3", "status": "200"}
[WebServer] {"duration_ms": 2.3537079996458488, "event": "console.request", "id_hash": "h_4f84813ef8bd", "status": "200"}
[WebServer] {"duration_ms": 1.502791999882902, "event": "console.request", "id_hash": "h_8fe8fdfe522d", "status": "200"}
[WebServer] {"duration_ms": 14.200749999872642, "event": "console.request", "id_hash": "h_4db42ae1deb1", "status": "200"}
[WebServer] {"duration_ms": 33.54191700054798, "event": "console.request", "id_hash": "h_570f964c3749", "status": "200"}
[WebServer] {"duration_ms": 34.97833300025377, "event": "console.request", "id_hash": "h_df0ffad2de57", "status": "200"}
[WebServer] {"duration_ms": 7.515707999118604, "event": "console.request", "id_hash": "h_0c571bbf79de", "status": "200"}
[WebServer] {"duration_ms": 41.62766699846543, "event": "console.request", "id_hash": "h_14bbc3c19189", "status": "200"}
[WebServer] {"duration_ms": 29.36233299988089, "event": "console.request", "id_hash": "h_6ea03915de4d", "status": "200"}
[WebServer] {"duration_ms": 12.04916700044123, "event": "console.request", "id_hash": "h_8fd5f64f6e8f", "status": "200"}
[WebServer] {"duration_ms": 13.540791998821078, "event": "console.request", "id_hash": "h_80ba0ab6aea5", "status": "200"}
[WebServer] {"duration_ms": 36.09354199943482, "event": "console.request", "id_hash": "h_c7be505df888", "status": "200"}
[WebServer] {"duration_ms": 37.31024999979127, "event": "console.request", "id_hash": "h_fc8fd2f0e1d0", "status": "200"}
[WebServer] {"duration_ms": 41.50066700094612, "event": "console.request", "id_hash": "h_76a5595e9f10", "status": "200"}
  ✓  11 tests/browser/console.spec.ts:1702:1 › real Task steps atomically advance child and parent revisions (1.8s)
[WebServer] {"duration_ms": 1.0703749994718237, "event": "console.request", "id_hash": "h_2269f147c1db", "status": "200"}
[WebServer] {"duration_ms": 1.5567919999739388, "event": "console.request", "id_hash": "h_74933d17f449", "status": "200"}
[WebServer] {"duration_ms": 1.1346249993948732, "event": "console.request", "id_hash": "h_5bc67e84211f", "status": "200"}
[WebServer] {"duration_ms": 3.707332998601487, "event": "console.request", "id_hash": "h_7bd3c79a33c1", "status": "401"}
[WebServer] {"duration_ms": 101.12900000058289, "event": "console.request", "id_hash": "h_27bafc4b8d83", "status": "200"}
[WebServer] {"duration_ms": 6.571124999027234, "event": "console.request", "id_hash": "h_500ec5cdc988", "status": "200"}
[WebServer] {"duration_ms": 35.550333001083345, "event": "console.request", "id_hash": "h_cff27465d4b7", "status": "200"}
[WebServer] {"duration_ms": 5.287500000122236, "event": "console.request", "id_hash": "h_d853d45d641e", "status": "200"}
[WebServer] {"duration_ms": 40.036790998783545, "event": "console.request", "id_hash": "h_232bbc322136", "status": "200"}
[WebServer] {"duration_ms": 42.988625000361935, "event": "console.request", "id_hash": "h_c3ccc481efea", "status": "200"}
[WebServer] {"duration_ms": 42.070540999702644, "event": "console.request", "id_hash": "h_98a09764e845", "status": "200"}
[WebServer] {"duration_ms": 43.929334000495146, "event": "console.request", "id_hash": "h_c189653ad185", "status": "200"}
[WebServer] {"duration_ms": 42.96287500073959, "event": "console.request", "id_hash": "h_10afacfa1f64", "status": "200"}
[WebServer] {"duration_ms": 20.409958999152877, "event": "console.request", "id_hash": "h_c061d2a92c23", "status": "201"}
[WebServer] {"duration_ms": 5.083207999632577, "event": "console.request", "id_hash": "h_c580ca57d5bf", "status": "200"}
[WebServer] {"duration_ms": 8.385041999645182, "event": "console.request", "id_hash": "h_dad7f950ddf2", "status": "200"}
[WebServer] {"duration_ms": 59.31237499862618, "event": "console.request", "id_hash": "h_2b0b7a2727e4", "status": "200"}
[WebServer] {"duration_ms": 59.53941700136056, "event": "console.request", "id_hash": "h_8d7a952cd5d2", "status": "200"}
[WebServer] {"duration_ms": 61.21262499982549, "event": "console.request", "id_hash": "h_90ffac7e4ce4", "status": "200"}
[WebServer] {"duration_ms": 19.956083000579383, "event": "console.request", "id_hash": "h_0825ea52e94e", "status": "201"}
[WebServer] {"duration_ms": 24.370957999053644, "event": "console.request", "id_hash": "h_fc6d4b012e72", "status": "200"}
[WebServer] {"duration_ms": 29.38154199910059, "event": "console.request", "id_hash": "h_fc3b9c9ba4d0", "status": "200"}
[WebServer] {"duration_ms": 31.3929999992979, "event": "console.request", "id_hash": "h_d16b750d19d5", "status": "200"}
[WebServer] {"duration_ms": 29.38949999952456, "event": "console.request", "id_hash": "h_31a2201dee3d", "status": "200"}
[WebServer] {"duration_ms": 39.153666999482084, "event": "console.request", "id_hash": "h_ab3ed6d3559f", "status": "200"}
[WebServer] {"duration_ms": 39.38220900090528, "event": "console.request", "id_hash": "h_58ab6af6ac9f", "status": "200"}
[WebServer] {"duration_ms": 21.540583000387414, "event": "console.request", "id_hash": "h_c3a5d94a61d4", "status": "201"}
[WebServer] {"duration_ms": 23.75995900001726, "event": "console.request", "id_hash": "h_90dd79afa334", "status": "200"}
[WebServer] {"duration_ms": 32.117165999807185, "event": "console.request", "id_hash": "h_f38bfd5f59bf", "status": "200"}
[WebServer] {"duration_ms": 31.488541999351582, "event": "console.request", "id_hash": "h_380d4216a0a9", "status": "200"}
[WebServer] {"duration_ms": 39.41583300002094, "event": "console.request", "id_hash": "h_5c1a299a969d", "status": "200"}
[WebServer] {"duration_ms": 39.67391699916334, "event": "console.request", "id_hash": "h_e98773e979a9", "status": "200"}
[WebServer] {"duration_ms": 44.09883300104411, "event": "console.request", "id_hash": "h_ed76889c7001", "status": "200"}
[WebServer] {"duration_ms": 14.380958000401733, "event": "console.request", "id_hash": "h_26d4549dd48a", "status": "200"}
[WebServer] {"duration_ms": 18.862708000597195, "event": "console.request", "id_hash": "h_ed8029024303", "status": "200"}
[WebServer] {"duration_ms": 20.471416000873432, "event": "console.request", "id_hash": "h_3ee375a9a29f", "status": "201"}
[WebServer] {"duration_ms": 24.354167000637972, "event": "console.request", "id_hash": "h_dc4c24b1fb74", "status": "200"}
[WebServer] {"duration_ms": 32.98345800067182, "event": "console.request", "id_hash": "h_8eb85a855e6b", "status": "200"}
[WebServer] {"duration_ms": 33.82762500041281, "event": "console.request", "id_hash": "h_128562874337", "status": "200"}
[WebServer] {"duration_ms": 41.53004199906718, "event": "console.request", "id_hash": "h_691279e2de6e", "status": "200"}
[WebServer] {"duration_ms": 42.77166700012458, "event": "console.request", "id_hash": "h_4f2f9283c5b2", "status": "200"}
[WebServer] {"duration_ms": 43.77191599996877, "event": "console.request", "id_hash": "h_8c2516b47d6c", "status": "200"}
[WebServer] {"duration_ms": 24.842582999553997, "event": "console.request", "id_hash": "h_a58a0877d3ce", "status": "200"}
[WebServer] {"duration_ms": 16.703957999197883, "event": "console.request", "id_hash": "h_b38205e9dd56", "status": "200"}
[WebServer] {"duration_ms": 31.149833001109073, "event": "console.request", "id_hash": "h_aaca1d68e8c6", "status": "200"}
[WebServer] {"duration_ms": 30.822833999991417, "event": "console.request", "id_hash": "h_fca9c06a7e4d", "status": "200"}
[WebServer] {"duration_ms": 40.67433399904985, "event": "console.request", "id_hash": "h_3c183d8b72c7", "status": "200"}
[WebServer] {"duration_ms": 40.36070899928745, "event": "console.request", "id_hash": "h_546c302291c5", "status": "200"}
[WebServer] {"duration_ms": 44.0145839984325, "event": "console.request", "id_hash": "h_05698dcbfd83", "status": "200"}
[WebServer] {"duration_ms": 14.065667000977555, "event": "console.request", "id_hash": "h_4ab94ef88322", "status": "200"}
[WebServer] {"duration_ms": 18.28433400078211, "event": "console.request", "id_hash": "h_b6123457a43c", "status": "200"}
[WebServer] {"duration_ms": 19.733582999833743, "event": "console.request", "id_hash": "h_f4917e3750e5", "status": "201"}
[WebServer] {"duration_ms": 0.9732910002639983, "event": "console.request", "id_hash": "h_bf00e682faae", "status": "200"}
[WebServer] {"duration_ms": 2.8373339991958346, "event": "console.request", "id_hash": "h_3a3af9af7ee8", "status": "200"}
[WebServer] {"duration_ms": 1.8614999989949865, "event": "console.request", "id_hash": "h_a90e053fcbd8", "status": "200"}
[WebServer] {"duration_ms": 27.42870799920638, "event": "console.request", "id_hash": "h_f74394bf6a41", "status": "200"}
[WebServer] {"duration_ms": 14.729417000125977, "event": "console.request", "id_hash": "h_eb61f33a39bd", "status": "200"}
[WebServer] {"duration_ms": 44.095708000895684, "event": "console.request", "id_hash": "h_3a655384718f", "status": "200"}
[WebServer] {"duration_ms": 11.934457999814185, "event": "console.request", "id_hash": "h_3f69f5ea0ca5", "status": "200"}
[WebServer] {"duration_ms": 46.12341699976241, "event": "console.request", "id_hash": "h_5552ede0ebf6", "status": "200"}
[WebServer] {"duration_ms": 29.561999999714317, "event": "console.request", "id_hash": "h_f3018230cdfa", "status": "200"}
[WebServer] {"duration_ms": 10.910167000474758, "event": "console.request", "id_hash": "h_efef6a1a8103", "status": "200"}
[WebServer] {"duration_ms": 15.28087499900721, "event": "console.request", "id_hash": "h_adddf20d0ea6", "status": "200"}
[WebServer] {"duration_ms": 41.676374999951804, "event": "console.request", "id_hash": "h_0be99f7b1631", "status": "200"}
[WebServer] {"duration_ms": 44.86087500117719, "event": "console.request", "id_hash": "h_b42998da8d30", "status": "200"}
[WebServer] {"duration_ms": 45.199041998785106, "event": "console.request", "id_hash": "h_852822c9f4f1", "status": "200"}
  ✓  12 tests/browser/console.spec.ts:1803:1 › real dependency creation removal and reactivation preserve its ID (2.3s)
[WebServer] {"duration_ms": 1.3214999999036081, "event": "console.request", "id_hash": "h_953189044b17", "status": "200"}
[WebServer] {"duration_ms": 1.744749999488704, "event": "console.request", "id_hash": "h_48fe6dbce2c3", "status": "200"}
[WebServer] {"duration_ms": 1.0665000008884817, "event": "console.request", "id_hash": "h_a58acf900b97", "status": "200"}
[WebServer] {"duration_ms": 3.153083000142942, "event": "console.request", "id_hash": "h_4e3e15465a59", "status": "401"}
[WebServer] {"duration_ms": 101.48525000113295, "event": "console.request", "id_hash": "h_8d9e3080b2e7", "status": "200"}
[WebServer] {"duration_ms": 6.345125000734697, "event": "console.request", "id_hash": "h_90da2264c414", "status": "200"}
[WebServer] {"duration_ms": 34.02304200062645, "event": "console.request", "id_hash": "h_4ac5db1c5201", "status": "200"}
[WebServer] {"duration_ms": 5.036042000938323, "event": "console.request", "id_hash": "h_9f0e82a45d90", "status": "200"}
[WebServer] {"duration_ms": 41.583917000025394, "event": "console.request", "id_hash": "h_c32256744957", "status": "200"}
[WebServer] {"duration_ms": 41.26820900091843, "event": "console.request", "id_hash": "h_8685d5855be2", "status": "200"}
[WebServer] {"duration_ms": 42.275125000742264, "event": "console.request", "id_hash": "h_aeffbd56826d", "status": "200"}
[WebServer] {"duration_ms": 42.46637500000361, "event": "console.request", "id_hash": "h_b0701139506b", "status": "200"}
[WebServer] {"duration_ms": 43.0343330008327, "event": "console.request", "id_hash": "h_c82a6bd00a59", "status": "200"}
[WebServer] {"duration_ms": 21.205834000284085, "event": "console.request", "id_hash": "h_b0ef9ae320e7", "status": "201"}
[WebServer] {"duration_ms": 5.264250001346227, "event": "console.request", "id_hash": "h_fd8963d2d4f4", "status": "200"}
[WebServer] {"duration_ms": 9.457791999011533, "event": "console.request", "id_hash": "h_b01cc8d32edd", "status": "200"}
[WebServer] {"duration_ms": 26.63604199915426, "event": "console.request", "id_hash": "h_cd47436fbfce", "status": "200"}
[WebServer] {"duration_ms": 31.812208000701503, "event": "console.request", "id_hash": "h_47d2dd00e18e", "status": "200"}
[WebServer] {"duration_ms": 37.32254099850252, "event": "console.request", "id_hash": "h_bce77d7f04a9", "status": "200"}
[WebServer] {"duration_ms": 9.800625000934815, "event": "console.request", "id_hash": "h_375d76b75ed9", "status": "200"}
[WebServer] {"duration_ms": 21.72495800004981, "event": "console.request", "id_hash": "h_aeb2f5dd4f93", "status": "201"}
[WebServer] {"duration_ms": 29.9719169997843, "event": "console.request", "id_hash": "h_811d753b7585", "status": "200"}
[WebServer] {"duration_ms": 30.225750000681728, "event": "console.request", "id_hash": "h_5b57698de9ef", "status": "200"}
[WebServer] {"duration_ms": 32.07254199878662, "event": "console.request", "id_hash": "h_06e359d1f9a7", "status": "200"}
[WebServer] {"duration_ms": 28.79745800055389, "event": "console.request", "id_hash": "h_37a07500956e", "status": "200"}
[WebServer] {"duration_ms": 36.29045799971209, "event": "console.request", "id_hash": "h_a1a684d590e2", "status": "200"}
[WebServer] {"duration_ms": 37.56308400079433, "event": "console.request", "id_hash": "h_b7a1a5d10088", "status": "200"}
[WebServer] {"duration_ms": 6.546500000695232, "event": "console.request", "id_hash": "h_1e189bab032b", "status": "200"}
[WebServer] {"duration_ms": 8.521665999069228, "event": "console.request", "id_hash": "h_c51bc8e1dddb", "status": "200"}
[WebServer] {"duration_ms": 18.851832999644103, "event": "console.request", "id_hash": "h_824924963e49", "status": "200"}
[WebServer] {"duration_ms": 24.65991600001871, "event": "console.request", "id_hash": "h_abe105e134f6", "status": "200"}
[WebServer] {"duration_ms": 32.76450000157638, "event": "console.request", "id_hash": "h_3ab057b66c65", "status": "200"}
[WebServer] {"duration_ms": 33.61708299962629, "event": "console.request", "id_hash": "h_4609e2de7bcc", "status": "200"}
[WebServer] {"duration_ms": 30.29775000140944, "event": "console.request", "id_hash": "h_c3d3eaac58fe", "status": "200"}
[WebServer] {"duration_ms": 33.88387500126555, "event": "console.request", "id_hash": "h_6c151b16bb45", "status": "200"}
[WebServer] {"duration_ms": 38.61608300030639, "event": "console.request", "id_hash": "h_734daf065bc1", "status": "200"}
[WebServer] {"duration_ms": 6.7049999997834675, "event": "console.request", "id_hash": "h_46143276a88e", "status": "200"}
[WebServer] {"duration_ms": 21.670750000339467, "event": "console.request", "id_hash": "h_e6f7d31d5d85", "status": "200"}
[WebServer] {"duration_ms": 26.017707999926643, "event": "console.request", "id_hash": "h_0430026c8aab", "status": "200"}
[WebServer] {"duration_ms": 29.207625000708504, "event": "console.request", "id_hash": "h_5699775fe51b", "status": "200"}
[WebServer] {"duration_ms": 36.210874999596854, "event": "console.request", "id_hash": "h_d369bc267e9f", "status": "200"}
[WebServer] {"duration_ms": 36.42720800053212, "event": "console.request", "id_hash": "h_859e1d384d16", "status": "200"}
[WebServer] {"duration_ms": 42.210874999000225, "event": "console.request", "id_hash": "h_23af82c88d3c", "status": "200"}
[WebServer] {"duration_ms": 41.83741699853272, "event": "console.request", "id_hash": "h_79ab6fa6db0d", "status": "200"}
[WebServer] {"duration_ms": 9.296707999965292, "event": "console.request", "id_hash": "h_cb8f249d2533", "status": "200"}
[WebServer] {"duration_ms": 23.032625000269036, "event": "console.request", "id_hash": "h_c9a821eacd73", "status": "200"}
[WebServer] {"duration_ms": 1.215041000250494, "event": "console.request", "id_hash": "h_ad1059a82844", "status": "200"}
[WebServer] {"duration_ms": 2.28400000014517, "event": "console.request", "id_hash": "h_1aa95a523d04", "status": "200"}
[WebServer] {"duration_ms": 1.5952080011629732, "event": "console.request", "id_hash": "h_a8013a0dd214", "status": "200"}
[WebServer] {"duration_ms": 11.68504099950951, "event": "console.request", "id_hash": "h_1f18d859836f", "status": "200"}
[WebServer] {"duration_ms": 30.928750000384753, "event": "console.request", "id_hash": "h_e19d762d9378", "status": "200"}
[WebServer] {"duration_ms": 62.41995799973665, "event": "console.request", "id_hash": "h_ace1f1e8aa31", "status": "200"}
[WebServer] {"duration_ms": 31.921834000968374, "event": "console.request", "id_hash": "h_b627baa6eec1", "status": "200"}
[WebServer] {"duration_ms": 64.65916599881893, "event": "console.request", "id_hash": "h_209ae0d2b968", "status": "200"}
[WebServer] {"duration_ms": 29.76729100009834, "event": "console.request", "id_hash": "h_ad205c5272a1", "status": "200"}
[WebServer] {"duration_ms": 8.55687500006752, "event": "console.request", "id_hash": "h_d0376aff426f", "status": "200"}
[WebServer] {"duration_ms": 12.471583000660758, "event": "console.request", "id_hash": "h_aa0879fcb763", "status": "200"}
[WebServer] {"duration_ms": 33.54654199938523, "event": "console.request", "id_hash": "h_0c4f525cc0f2", "status": "200"}
[WebServer] {"duration_ms": 41.96500000034575, "event": "console.request", "id_hash": "h_13522d9a5fe9", "status": "200"}
[WebServer] {"duration_ms": 41.85341599986714, "event": "console.request", "id_hash": "h_9e144cef712c", "status": "200"}
[WebServer] {"duration_ms": 7.729375000053551, "event": "console.request", "id_hash": "h_418cf2cfe18c", "status": "200"}
[WebServer] {"duration_ms": 9.079583000129787, "event": "console.request", "id_hash": "h_f96f6f681467", "status": "200"}
[WebServer] {"duration_ms": 1.2497080006141914, "event": "console.request", "id_hash": "h_a8fa30b9c993", "status": "200"}
[WebServer] {"duration_ms": 1.4250000003812602, "event": "console.request", "id_hash": "h_d8113a45c7af", "status": "200"}
[WebServer] {"duration_ms": 1.928375000716187, "event": "console.request", "id_hash": "h_d2e08f4033b3", "status": "200"}
[WebServer] {"duration_ms": 3.2296250010404037, "event": "console.request", "id_hash": "h_868407b69673", "status": "200"}
[WebServer] {"duration_ms": 5.467625000164844, "event": "console.request", "id_hash": "h_af7d4df26d55", "status": "200"}
[WebServer] {"duration_ms": 30.834499999400578, "event": "console.request", "id_hash": "h_fde891776c1f", "status": "200"}
[WebServer] {"duration_ms": 13.20674999988114, "event": "console.request", "id_hash": "h_61c0d84c45b4", "status": "200"}
[WebServer] {"duration_ms": 16.697332999683567, "event": "console.request", "id_hash": "h_4a71f52daed7", "status": "200"}
[WebServer] {"duration_ms": 44.92283400031738, "event": "console.request", "id_hash": "h_a5a9e32a2345", "status": "200"}
[WebServer] {"duration_ms": 44.82112500045332, "event": "console.request", "id_hash": "h_4dfa39c35df5", "status": "200"}
[WebServer] {"duration_ms": 45.50274999928661, "event": "console.request", "id_hash": "h_0517cc6b0443", "status": "200"}
[WebServer] {"duration_ms": 19.99016700028733, "event": "console.request", "id_hash": "h_38fe68bbd113", "status": "200"}
[WebServer] {"duration_ms": 9.733458999107825, "event": "console.request", "id_hash": "h_9ec3dea58f36", "status": "200"}
[WebServer] {"duration_ms": 13.989125000080094, "event": "console.request", "id_hash": "h_7784a7b02fb2", "status": "200"}
[WebServer] {"duration_ms": 21.788958998513408, "event": "console.request", "id_hash": "h_56067c3b565d", "status": "200"}
[WebServer] {"duration_ms": 29.670541998711997, "event": "console.request", "id_hash": "h_bb024993ef5b", "status": "200"}
[WebServer] {"duration_ms": 34.19320800094283, "event": "console.request", "id_hash": "h_35ddba6d91c2", "status": "200"}
[WebServer] {"duration_ms": 30.057292000492453, "event": "console.request", "id_hash": "h_518e0361c934", "status": "200"}
[WebServer] {"duration_ms": 17.106666999097797, "event": "console.request", "id_hash": "h_62e46ec9fa5f", "status": "200"}
[WebServer] {"duration_ms": 19.671209000080125, "event": "console.request", "id_hash": "h_16c32aaef915", "status": "200"}
[WebServer] {"duration_ms": 18.972040999869932, "event": "console.request", "id_hash": "h_b72909886c94", "status": "200"}
[WebServer] {"duration_ms": 19.293415998618002, "event": "console.request", "id_hash": "h_4d32fc5362cd", "status": "404"}
[WebServer] {"duration_ms": 20.35249999971711, "event": "console.request", "id_hash": "h_b84394cd9f85", "status": "404"}
[WebServer] {"duration_ms": 4.493709000598756, "event": "console.request", "id_hash": "h_69b2b514de80", "status": "404"}
[WebServer] {"duration_ms": 4.030500000226311, "event": "console.request", "id_hash": "h_582ab89b851c", "status": "404"}
[WebServer] {"duration_ms": 1.0926659997494426, "event": "console.request", "id_hash": "h_ac3c7a5db555", "status": "200"}
[WebServer] {"duration_ms": 0.8647920003568288, "event": "console.request", "id_hash": "h_581f7dfc4e85", "status": "200"}
[WebServer] {"duration_ms": 1.6563330009375932, "event": "console.request", "id_hash": "h_8fbcdcac8712", "status": "200"}
[WebServer] {"duration_ms": 2.479332999428152, "event": "console.request", "id_hash": "h_147891048f0a", "status": "200"}
[WebServer] {"duration_ms": 4.372041999886278, "event": "console.request", "id_hash": "h_43a83f891ca8", "status": "200"}
[WebServer] {"duration_ms": 30.1045839987637, "event": "console.request", "id_hash": "h_56095ca47ce3", "status": "200"}
[WebServer] {"duration_ms": 7.525666998844827, "event": "console.request", "id_hash": "h_879d17111782", "status": "404"}
[WebServer] {"duration_ms": 9.765250000782544, "event": "console.request", "id_hash": "h_0ec315967697", "status": "200"}
  ✓  13 tests/browser/console.spec.ts:1925:1 › real trigger lifecycle and Task forget preserve revisions and delete the plan (2.8s)
[WebServer] {"duration_ms": 1.0466660005477024, "event": "console.request", "id_hash": "h_ffd0bf5e35a9", "status": "200"}
[WebServer] {"duration_ms": 1.6439589999208692, "event": "console.request", "id_hash": "h_c5637af1530f", "status": "200"}
[WebServer] {"duration_ms": 1.114957998652244, "event": "console.request", "id_hash": "h_6bd23e8b0a7c", "status": "200"}
[WebServer] {"duration_ms": 2.267166000819998, "event": "console.request", "id_hash": "h_72c01c6263bc", "status": "401"}
[WebServer] {"duration_ms": 101.52033299891627, "event": "console.request", "id_hash": "h_d109c74797b4", "status": "429"}
[WebServer] {"duration_ms": 101.85620799893513, "event": "console.request", "id_hash": "h_cafa02be7588", "status": "200"}
[WebServer] {"duration_ms": 9.725541998705012, "event": "console.request", "id_hash": "h_944830dc8374", "status": "200"}
[WebServer] {"duration_ms": 35.75270799956343, "event": "console.request", "id_hash": "h_c24d5462de08", "status": "200"}
[WebServer] {"duration_ms": 9.975166998628993, "event": "console.request", "id_hash": "h_794a34188499", "status": "200"}
[WebServer] {"duration_ms": 8.510458001182997, "event": "console.request", "id_hash": "h_9c0e787808bb", "status": "200"}
[WebServer] {"duration_ms": 32.845499999893946, "event": "console.request", "id_hash": "h_361d9b1e9a09", "status": "200"}
[WebServer] {"duration_ms": 47.65099999895028, "event": "console.request", "id_hash": "h_a555d6cfa0aa", "status": "200"}
[WebServer] {"duration_ms": 34.22458400018513, "event": "console.request", "id_hash": "h_d6cd5f4a9825", "status": "202"}
[WebServer] {"duration_ms": 6.684541000140598, "event": "console.request", "id_hash": "h_a23f5f0e7af7", "status": "200"}
[WebServer] {"duration_ms": 4.703709000750678, "event": "console.request", "id_hash": "h_da4636cd3263", "status": "200"}
[WebServer] {"duration_ms": 17.22170900029596, "event": "console.request", "id_hash": "h_faee5e5d5df4", "status": "200"}
[WebServer] {"duration_ms": 42.49816700030351, "event": "console.request", "id_hash": "h_890dd9f40a83", "status": "200"}
[WebServer] {"duration_ms": 7.01462500001071, "event": "console.request", "id_hash": "h_a1a720c64613", "status": "200"}
[WebServer] {"duration_ms": 7.924792000267189, "event": "console.request", "id_hash": "h_f02f820f2665", "status": "200"}
  ✓  14 tests/browser/console.spec.ts:2108:1 › real fixed-filter operation accepts 51 targets and cancellation preserves the first committed batch (35.3s)
[WebServer] {"duration_ms": 0.8862919985404005, "event": "console.request", "id_hash": "h_b244e38a3464", "status": "200"}
[WebServer] {"duration_ms": 1.6256250000878936, "event": "console.request", "id_hash": "h_eb423d30d3e9", "status": "200"}
[WebServer] {"duration_ms": 1.101833000575425, "event": "console.request", "id_hash": "h_4e68fed090c2", "status": "200"}
[WebServer] {"duration_ms": 5.17779100118787, "event": "console.request", "id_hash": "h_1be1a31ef936", "status": "401"}
[WebServer] {"duration_ms": 101.42037500008882, "event": "console.request", "id_hash": "h_5cf660664889", "status": "200"}
[WebServer] {"duration_ms": 1.1360410007910104, "event": "console.request", "id_hash": "h_bb691dd233cc", "status": "200"}
[WebServer] {"duration_ms": 10.369292000177666, "event": "console.request", "id_hash": "h_b2a94e97ac9c", "status": "200"}
[WebServer] {"duration_ms": 1.08416699913505, "event": "console.request", "id_hash": "h_63a4a2a4148e", "status": "200"}
[WebServer] {"duration_ms": 2.1073339994472917, "event": "console.request", "id_hash": "h_68d2d0406967", "status": "200"}
[WebServer] {"duration_ms": 2.8084579989808844, "event": "console.request", "id_hash": "h_835062ce7b83", "status": "200"}
[WebServer] {"duration_ms": 5.311291999532841, "event": "console.request", "id_hash": "h_8fdb502108a4", "status": "200"}
[WebServer] {"duration_ms": 30.32595799959381, "event": "console.request", "id_hash": "h_99885ea039a7", "status": "200"}
[WebServer] {"duration_ms": 11.723167001036927, "event": "console.request", "id_hash": "h_7e744df7f12a", "status": "200"}
[WebServer] {"duration_ms": 12.580458998854738, "event": "console.request", "id_hash": "h_43f3a48b5d0b", "status": "200"}
[WebServer] {"duration_ms": 18.36366600036854, "event": "console.request", "id_hash": "h_1f38e26c3bef", "status": "200"}
[WebServer] {"duration_ms": 7.967083000039565, "event": "console.request", "id_hash": "h_0742cc9f8d44", "status": "200"}
[WebServer] {"duration_ms": 11.252958000113722, "event": "console.request", "id_hash": "h_2b642d7e14df", "status": "200"}
[WebServer] {"duration_ms": 1.113374999476946, "event": "console.request", "id_hash": "h_e4924f093fee", "status": "200"}
[WebServer] {"duration_ms": 1.5779999994265381, "event": "console.request", "id_hash": "h_bbf9a11ecdcb", "status": "200"}
[WebServer] {"duration_ms": 1.231000000188942, "event": "console.request", "id_hash": "h_f59c9784266a", "status": "200"}
[WebServer] {"duration_ms": 2.8892919999634614, "event": "console.request", "id_hash": "h_4e059ef18d02", "status": "200"}
[WebServer] {"duration_ms": 5.224624999755179, "event": "console.request", "id_hash": "h_632e0b99af09", "status": "200"}
[WebServer] {"duration_ms": 29.3824999989738, "event": "console.request", "id_hash": "h_66a1ffb100f4", "status": "200"}
[WebServer] {"duration_ms": 7.405125001241686, "event": "console.request", "id_hash": "h_406fbe6e4518", "status": "200"}
[WebServer] {"duration_ms": 10.083832999953302, "event": "console.request", "id_hash": "h_50db131d9701", "status": "200"}
[WebServer] {"duration_ms": 0.766334000218194, "event": "console.request", "id_hash": "h_bf1c080f57f9", "status": "200"}
[WebServer] {"duration_ms": 1.4988750008342322, "event": "console.request", "id_hash": "h_9dba1ef2848d", "status": "200"}
[WebServer] {"duration_ms": 1.5415840007335646, "event": "console.request", "id_hash": "h_f12cee9e31b4", "status": "200"}
[WebServer] {"duration_ms": 2.411082999969949, "event": "console.request", "id_hash": "h_861352d59967", "status": "200"}
[WebServer] {"duration_ms": 4.305166999984067, "event": "console.request", "id_hash": "h_e82990190937", "status": "200"}
[WebServer] {"duration_ms": 29.026166999756242, "event": "console.request", "id_hash": "h_34046901ae32", "status": "200"}
[WebServer] {"duration_ms": 11.537750000570668, "event": "console.request", "id_hash": "h_a4b5a10defbe", "status": "200"}
[WebServer] {"duration_ms": 11.642291998214205, "event": "console.request", "id_hash": "h_9749f2687caf", "status": "200"}
[WebServer] {"duration_ms": 19.443333001618157, "event": "console.request", "id_hash": "h_306ab32e7295", "status": "200"}
[WebServer] {"duration_ms": 12.75487499879091, "event": "console.request", "id_hash": "h_81b7c6f0887a", "status": "200"}
[WebServer] {"duration_ms": 12.761959000272327, "event": "console.request", "id_hash": "h_9cf43f0c61f1", "status": "200"}
[WebServer] {"duration_ms": 1.2147499983257148, "event": "console.request", "id_hash": "h_18e868dbaf73", "status": "200"}
[WebServer] {"duration_ms": 1.8907079993368825, "event": "console.request", "id_hash": "h_f60f6e028c94", "status": "200"}
[WebServer] {"duration_ms": 1.7520410001452547, "event": "console.request", "id_hash": "h_622558ae67d5", "status": "200"}
[WebServer] {"duration_ms": 3.1722500007163035, "event": "console.request", "id_hash": "h_6ea00033c60a", "status": "200"}
[WebServer] {"duration_ms": 5.206499999985681, "event": "console.request", "id_hash": "h_76921b9333fc", "status": "200"}
[WebServer] {"duration_ms": 39.2757919998985, "event": "console.request", "id_hash": "h_73f42b87f786", "status": "200"}
[WebServer] {"duration_ms": 8.496625001498614, "event": "console.request", "id_hash": "h_1f72ab55b885", "status": "200"}
[WebServer] {"duration_ms": 11.987207999482052, "event": "console.request", "id_hash": "h_24ea2d59a538", "status": "200"}
[WebServer] {"duration_ms": 0.8741250003367895, "event": "console.request", "id_hash": "h_f861c8e7e837", "status": "200"}
[WebServer] {"duration_ms": 0.9170000012090895, "event": "console.request", "id_hash": "h_440655822da8", "status": "200"}
[WebServer] {"duration_ms": 2.3294169986911584, "event": "console.request", "id_hash": "h_8a51ecbbbe0e", "status": "200"}
[WebServer] {"duration_ms": 2.3930829993332736, "event": "console.request", "id_hash": "h_fbf6e8702fab", "status": "200"}
[WebServer] {"duration_ms": 4.370250000647502, "event": "console.request", "id_hash": "h_354b46ded3c3", "status": "200"}
[WebServer] {"duration_ms": 30.644624999695225, "event": "console.request", "id_hash": "h_6559b72d8480", "status": "200"}
[WebServer] {"duration_ms": 10.98466700022982, "event": "console.request", "id_hash": "h_7ff08c34b07b", "status": "200"}
[WebServer] {"duration_ms": 13.029540999923483, "event": "console.request", "id_hash": "h_e7c5c51617cc", "status": "200"}
  ✓  15 tests/browser/console.spec.ts:2227:1 › real event dismissal preserves delivery history and its Task in Required mode (1.1s)
[WebServer] {"duration_ms": 38.447749999249936, "event": "console.request", "id_hash": "h_87f2b5e08111", "status": "200"}
[WebServer] {"duration_ms": 47.89729199910653, "event": "console.request", "id_hash": "h_c7c0ed6725f8", "status": "200"}
[WebServer] {"duration_ms": 47.6567919995432, "event": "console.request", "id_hash": "h_1ab26678fd72", "status": "200"}
[WebServer] {"duration_ms": 1.165874999060179, "event": "console.request", "id_hash": "h_7001fd15ae58", "status": "200"}
[WebServer] {"duration_ms": 1.7908749996422557, "event": "console.request", "id_hash": "h_2d55ab2e8f03", "status": "200"}
[WebServer] {"duration_ms": 1.2224589991092216, "event": "console.request", "id_hash": "h_7113d6fe4a05", "status": "200"}
[WebServer] {"duration_ms": 3.7855419996049022, "event": "console.request", "id_hash": "h_728ee4d6fa2c", "status": "401"}
[WebServer] {"duration_ms": 101.14754200003517, "event": "console.request", "id_hash": "h_1fadd971cc57", "status": "200"}
[WebServer] {"duration_ms": 6.388499999957276, "event": "console.request", "id_hash": "h_e60f018f6f67", "status": "200"}
[WebServer] {"duration_ms": 5.931292000241228, "event": "console.request", "id_hash": "h_2ff12f1610f1", "status": "200"}
[WebServer] {"duration_ms": 35.59395800039056, "event": "console.request", "id_hash": "h_961789be6374", "status": "200"}
[WebServer] {"duration_ms": 53.29166599949531, "event": "console.request", "id_hash": "h_ad7cdb0bb7ef", "status": "200"}
[WebServer] {"duration_ms": 55.40587499854155, "event": "console.request", "id_hash": "h_2cfe4b9694f3", "status": "200"}
[WebServer] {"duration_ms": 58.49320800007263, "event": "console.request", "id_hash": "h_b2ae231e7aeb", "status": "200"}
[WebServer] {"duration_ms": 59.39208300151222, "event": "console.request", "id_hash": "h_865b08370900", "status": "200"}
[WebServer] {"duration_ms": 60.03229199995985, "event": "console.request", "id_hash": "h_99f2af547dfc", "status": "200"}
[WebServer] {"duration_ms": 27.159082999787643, "event": "console.request", "id_hash": "h_22244f37769c", "status": "200"}
[WebServer] {"duration_ms": 0.8639999996375991, "event": "console.request", "id_hash": "h_62463abe7256", "status": "200"}
[WebServer] {"duration_ms": 2.171250000174041, "event": "console.request", "id_hash": "h_0df4969a8fbf", "status": "200"}
[WebServer] {"duration_ms": 1.6451249994133832, "event": "console.request", "id_hash": "h_8618bec87938", "status": "200"}
[WebServer] {"duration_ms": 2.670667001439142, "event": "console.request", "id_hash": "h_d4ca8fabff7d", "status": "200"}
[WebServer] {"duration_ms": 4.762624999784748, "event": "console.request", "id_hash": "h_b2b8df7ac980", "status": "200"}
[WebServer] {"duration_ms": 55.17854199933936, "event": "console.request", "id_hash": "h_4ca2a0982670", "status": "200"}
[WebServer] {"duration_ms": 56.55529199975717, "event": "console.request", "id_hash": "h_e7a26618820a", "status": "200"}
[WebServer] {"duration_ms": 57.66537500130653, "event": "console.request", "id_hash": "h_e899f12d3e2b", "status": "200"}
[WebServer] {"duration_ms": 58.10920899966732, "event": "console.request", "id_hash": "h_36e31bba84a2", "status": "200"}
[WebServer] {"duration_ms": 59.63954199978616, "event": "console.request", "id_hash": "h_2413085a85cc", "status": "200"}
[WebServer] {"duration_ms": 58.79058400023496, "event": "console.request", "id_hash": "h_79510521bb68", "status": "200"}
[WebServer] {"duration_ms": 8.843666999382549, "event": "console.request", "id_hash": "h_87d2c7dd8144", "status": "200"}
[WebServer] {"duration_ms": 1.0576669992587995, "event": "console.request", "id_hash": "h_5983559ac2fe", "status": "200"}
[WebServer] {"duration_ms": 2.0298339986766223, "event": "console.request", "id_hash": "h_f22f9cdb76f0", "status": "200"}
[WebServer] {"duration_ms": 1.3600830006907927, "event": "console.request", "id_hash": "h_a55f3d14c442", "status": "200"}
[WebServer] {"duration_ms": 3.3391249999112915, "event": "console.request", "id_hash": "h_81f717379fb0", "status": "200"}
[WebServer] {"duration_ms": 4.82420899970748, "event": "console.request", "id_hash": "h_162f516074ba", "status": "200"}
[WebServer] {"duration_ms": 50.88725000132399, "event": "console.request", "id_hash": "h_d1c81ba2414c", "status": "200"}
[WebServer] {"duration_ms": 54.90475000078732, "event": "console.request", "id_hash": "h_487c1c4529ec", "status": "200"}
[WebServer] {"duration_ms": 56.071749999318854, "event": "console.request", "id_hash": "h_9295828853c0", "status": "200"}
[WebServer] {"duration_ms": 56.66437499894528, "event": "console.request", "id_hash": "h_0d19d9997b4d", "status": "200"}
[WebServer] {"duration_ms": 58.26883299960173, "event": "console.request", "id_hash": "h_d92680b53949", "status": "200"}
[WebServer] {"duration_ms": 57.66633299936075, "event": "console.request", "id_hash": "h_54fcf33439f1", "status": "200"}
[WebServer] {"duration_ms": 11.547374999281601, "event": "console.request", "id_hash": "h_65a12ae563b0", "status": "200"}
[WebServer] {"duration_ms": 8.608334001110052, "event": "console.request", "id_hash": "h_bbd7662bd229", "status": "403"}
[WebServer] {"duration_ms": 8.149041999786277, "event": "console.request", "id_hash": "h_670bed3b9774", "status": "200"}
[WebServer] {"duration_ms": 16.100958000606624, "event": "console.request", "id_hash": "h_a37856c434f4", "status": "200"}
[WebServer] {"duration_ms": 50.179792000562884, "event": "console.request", "id_hash": "h_7a54a97c4126", "status": "200"}
[WebServer] {"duration_ms": 51.002291998884175, "event": "console.request", "id_hash": "h_0436bcfff566", "status": "200"}
[WebServer] {"duration_ms": 54.3571250000241, "event": "console.request", "id_hash": "h_6a58b00d906e", "status": "200"}
[WebServer] {"duration_ms": 54.05487500138406, "event": "console.request", "id_hash": "h_6b4d206f6682", "status": "200"}
[WebServer] {"duration_ms": 53.24941599974409, "event": "console.request", "id_hash": "h_b03eb18a30d5", "status": "200"}
[WebServer] {"duration_ms": 54.148708999491646, "event": "console.request", "id_hash": "h_89106e1eea03", "status": "200"}
[WebServer] {"duration_ms": 15.639249999367166, "event": "console.request", "id_hash": "h_de1f9620ce15", "status": "409"}
[WebServer] {"duration_ms": 3.754916000616504, "event": "console.request", "id_hash": "h_72318968ba8b", "status": "200"}
[WebServer] {"duration_ms": 19.013625000297907, "event": "console.request", "id_hash": "h_66f415a8b07b", "status": "409"}
[WebServer] {"duration_ms": 4.628208000212908, "event": "console.request", "id_hash": "h_0c1e010aafb5", "status": "200"}
[WebServer] {"duration_ms": 54.79483400085883, "event": "console.request", "id_hash": "h_ec0ae2b7e590", "status": "200"}
[WebServer] {"duration_ms": 59.829084000739385, "event": "console.request", "id_hash": "h_1480b0971f86", "status": "200"}
[WebServer] {"duration_ms": 60.977625000305125, "event": "console.request", "id_hash": "h_77e8cab2c0b3", "status": "200"}
[WebServer] {"duration_ms": 60.29270900035044, "event": "console.request", "id_hash": "h_4d48dda8b3bf", "status": "200"}
[WebServer] {"duration_ms": 60.78079100007017, "event": "console.request", "id_hash": "h_dcecc23a62e6", "status": "200"}
[WebServer] {"duration_ms": 60.76262500027951, "event": "console.request", "id_hash": "h_bcafce77f006", "status": "200"}
[WebServer] {"duration_ms": 0.9314999988419004, "event": "console.request", "id_hash": "h_40fe1446aeb9", "status": "200"}
[WebServer] {"duration_ms": 1.1241659994993825, "event": "console.request", "id_hash": "h_72f95cc8081a", "status": "200"}
[WebServer] {"duration_ms": 1.7411669996363344, "event": "console.request", "id_hash": "h_efebd37e7850", "status": "200"}
[WebServer] {"duration_ms": 2.682250000361819, "event": "console.request", "id_hash": "h_34e3abac8d96", "status": "200"}
[WebServer] {"duration_ms": 5.072583999208291, "event": "console.request", "id_hash": "h_912f82117954", "status": "200"}
[WebServer] {"duration_ms": 52.370207999047125, "event": "console.request", "id_hash": "h_a4ec3a49de46", "status": "200"}
[WebServer] {"duration_ms": 53.94004200024938, "event": "console.request", "id_hash": "h_26d91e5c47cc", "status": "200"}
[WebServer] {"duration_ms": 54.584333000093466, "event": "console.request", "id_hash": "h_5256d454e745", "status": "200"}
[WebServer] {"duration_ms": 56.87945800127636, "event": "console.request", "id_hash": "h_084e5d9a9c86", "status": "200"}
[WebServer] {"duration_ms": 56.061333998513874, "event": "console.request", "id_hash": "h_6265dd1d5cf5", "status": "200"}
[WebServer] {"duration_ms": 57.43791700115253, "event": "console.request", "id_hash": "h_aebc61c035ff", "status": "200"}
[WebServer] {"duration_ms": 10.354749998441548, "event": "console.request", "id_hash": "h_0c8dd5f8c777", "status": "200"}
[WebServer] {"duration_ms": 4.67120800021803, "event": "console.request", "id_hash": "h_d69de4d3b283", "status": "200"}
[WebServer] {"duration_ms": 4.290124999897671, "event": "console.request", "id_hash": "h_2183f2fd2c42", "status": "200"}
  ✓  16 tests/browser/persona-policy.spec.ts:3:1 › real Policy edits require reauth, preserve precision and show concurrent edit differences (1.8s)
[WebServer] {"duration_ms": 0.9780000000318978, "event": "console.request", "id_hash": "h_2b4cc17c1283", "status": "200"}
[WebServer] {"duration_ms": 1.7857910006569, "event": "console.request", "id_hash": "h_eee92576aeaa", "status": "200"}
[WebServer] {"duration_ms": 1.3009579997742549, "event": "console.request", "id_hash": "h_ee0dfc6f9936", "status": "200"}
[WebServer] {"duration_ms": 3.010125001310371, "event": "console.request", "id_hash": "h_6bb71a4d0296", "status": "401"}
[WebServer] {"duration_ms": 101.5845839992835, "event": "console.request", "id_hash": "h_ab09c448f3c0", "status": "200"}
[WebServer] {"duration_ms": 6.026332999681472, "event": "console.request", "id_hash": "h_bcf646472f98", "status": "200"}
[WebServer] {"duration_ms": 5.301250001139124, "event": "console.request", "id_hash": "h_3a8b99c75d66", "status": "200"}
[WebServer] {"duration_ms": 55.22212500000023, "event": "console.request", "id_hash": "h_f04bb49f60cc", "status": "200"}
[WebServer] {"duration_ms": 58.00354200073343, "event": "console.request", "id_hash": "h_d6539f7c421a", "status": "200"}
[WebServer] {"duration_ms": 58.36737500067102, "event": "console.request", "id_hash": "h_10a0d2b311a3", "status": "200"}
[WebServer] {"duration_ms": 61.40712500018708, "event": "console.request", "id_hash": "h_d083e64dec4a", "status": "200"}
[WebServer] {"duration_ms": 62.0861249990412, "event": "console.request", "id_hash": "h_33bdf5ae52e9", "status": "200"}
[WebServer] {"duration_ms": 62.20941699939431, "event": "console.request", "id_hash": "h_82281229bc41", "status": "200"}
[WebServer] {"duration_ms": 18.920750000688713, "event": "console.request", "id_hash": "h_d6ea318aca02", "status": "201"}
[WebServer] {"duration_ms": 55.62458299937134, "event": "console.request", "id_hash": "h_5f0630edca23", "status": "200"}
[WebServer] {"duration_ms": 60.000749999744585, "event": "console.request", "id_hash": "h_82b680b542b7", "status": "200"}
[WebServer] {"duration_ms": 62.43716700009827, "event": "console.request", "id_hash": "h_52af14df680e", "status": "200"}
[WebServer] {"duration_ms": 62.90491700019629, "event": "console.request", "id_hash": "h_f09d190194f9", "status": "200"}
[WebServer] {"duration_ms": 62.98724999942351, "event": "console.request", "id_hash": "h_83c6c05c51e7", "status": "200"}
[WebServer] {"duration_ms": 63.11158300013631, "event": "console.request", "id_hash": "h_cc245fac0a09", "status": "200"}
[WebServer] {"duration_ms": 18.002291999437148, "event": "console.request", "id_hash": "h_c0b20dae154c", "status": "201"}
[WebServer] {"duration_ms": 55.53683299876866, "event": "console.request", "id_hash": "h_784e324be819", "status": "200"}
[WebServer] {"duration_ms": 57.70245799976692, "event": "console.request", "id_hash": "h_089040b6666f", "status": "200"}
[WebServer] {"duration_ms": 57.30566700003692, "event": "console.request", "id_hash": "h_5415c05f06d2", "status": "200"}
[WebServer] {"duration_ms": 67.41687500107219, "event": "console.request", "id_hash": "h_301e16631ff7", "status": "200"}
[WebServer] {"duration_ms": 67.87441699998453, "event": "console.request", "id_hash": "h_5b331b2c22f5", "status": "200"}
[WebServer] {"duration_ms": 67.21695799933514, "event": "console.request", "id_hash": "h_936552a252e4", "status": "200"}
[WebServer] {"duration_ms": 5.853041000591475, "event": "console.request", "id_hash": "h_57b4abb8f4bc", "status": "200"}
[WebServer] {"duration_ms": 1.4642079986515455, "event": "console.request", "id_hash": "h_4127716d7d5c", "status": "200"}
[WebServer] {"duration_ms": 1.6333750008925563, "event": "console.request", "id_hash": "h_bfff744dc9e3", "status": "200"}
[WebServer] {"duration_ms": 1.1495830003696028, "event": "console.request", "id_hash": "h_2cd4e0e2d10b", "status": "200"}
[WebServer] {"duration_ms": 6.170333999762079, "event": "console.request", "id_hash": "h_4c6e2ad76abd", "status": "401"}
[WebServer] {"duration_ms": 101.41016699890315, "event": "console.request", "id_hash": "h_289f9f78466f", "status": "200"}
[WebServer] {"duration_ms": 5.724250000639586, "event": "console.request", "id_hash": "h_cd4b74314f2b", "status": "200"}
[WebServer] {"duration_ms": 5.197374999625026, "event": "console.request", "id_hash": "h_17418f2a0f0e", "status": "200"}
[WebServer] {"duration_ms": 62.37624999994296, "event": "console.request", "id_hash": "h_2e9b1e433f17", "status": "200"}
[WebServer] {"duration_ms": 1.1112499996670522, "event": "console.request", "id_hash": "h_84eda6bc23ff", "status": "200"}
[WebServer] {"duration_ms": 2.583875000709668, "event": "console.request", "id_hash": "h_33e842b56a31", "status": "200"}
[WebServer] {"duration_ms": 70.22500000130094, "event": "console.request", "id_hash": "h_e8445ab836ba", "status": "200"}
[WebServer] {"duration_ms": 73.78829200024484, "event": "console.request", "id_hash": "h_cc96c83ab9b6", "status": "200"}
[WebServer] {"duration_ms": 77.16170799903921, "event": "console.request", "id_hash": "h_2f7e6a8b72ba", "status": "200"}
[WebServer] {"duration_ms": 76.20816700000432, "event": "console.request", "id_hash": "h_eb73c0b36d49", "status": "200"}
[WebServer] {"duration_ms": 76.92750000023807, "event": "console.request", "id_hash": "h_2c3440bb2236", "status": "200"}
[WebServer] {"duration_ms": 6.19041699974332, "event": "console.request", "id_hash": "h_fc85718e8fe4", "status": "200"}
[WebServer] {"duration_ms": 3.525374999298947, "event": "console.request", "id_hash": "h_692de6693441", "status": "200"}
[WebServer] {"duration_ms": 5.691875001502922, "event": "console.request", "id_hash": "h_c0976e959ab3", "status": "200"}
[WebServer] {"duration_ms": 59.86570899949584, "event": "console.request", "id_hash": "h_bf26607994ca", "status": "200"}
[WebServer] {"duration_ms": 62.425208001513965, "event": "console.request", "id_hash": "h_6df6b0e69e3b", "status": "200"}
[WebServer] {"duration_ms": 63.83300000015879, "event": "console.request", "id_hash": "h_8f854053c92d", "status": "200"}
[WebServer] {"duration_ms": 63.17062500056636, "event": "console.request", "id_hash": "h_853402b2aeb8", "status": "200"}
[WebServer] {"duration_ms": 62.287250000736094, "event": "console.request", "id_hash": "h_5de731720f73", "status": "200"}
[WebServer] {"duration_ms": 63.01079200056847, "event": "console.request", "id_hash": "h_49dc3d0b5034", "status": "200"}
[WebServer] {"duration_ms": 11.832874999527121, "event": "console.request", "id_hash": "h_0657b1627149", "status": "200"}
[WebServer] {"duration_ms": 6.148791000669007, "event": "console.request", "id_hash": "h_f1ea1947089c", "status": "200"}
[WebServer] {"duration_ms": 5.61879199995019, "event": "console.request", "id_hash": "h_a7e7a88128de", "status": "200"}
[WebServer] {"duration_ms": 9.097750000364613, "event": "console.request", "id_hash": "h_30129a105860", "status": "403"}
[WebServer] {"duration_ms": 9.89845799995237, "event": "console.request", "id_hash": "h_cea8a476c86d", "status": "200"}
[WebServer] {"duration_ms": 21.15383400087012, "event": "console.request", "id_hash": "h_ead866f115d1", "status": "200"}
[WebServer] {"duration_ms": 72.90116600051988, "event": "console.request", "id_hash": "h_c7dba29dce38", "status": "200"}
[WebServer] {"duration_ms": 89.82962499976566, "event": "console.request", "id_hash": "h_695d7d2e59e3", "status": "200"}
[WebServer] {"duration_ms": 85.89258299980429, "event": "console.request", "id_hash": "h_2379ee5d3071", "status": "200"}
[WebServer] {"duration_ms": 91.86291600053664, "event": "console.request", "id_hash": "h_d84d49f59789", "status": "200"}
[WebServer] {"duration_ms": 97.5202919998992, "event": "console.request", "id_hash": "h_b470801e6cec", "status": "200"}
[WebServer] {"duration_ms": 103.41650000009395, "event": "console.request", "id_hash": "h_6bf3f4ba9647", "status": "200"}
[WebServer] {"duration_ms": 18.38816700001189, "event": "console.request", "id_hash": "h_909c76085a1e", "status": "409"}
[WebServer] {"duration_ms": 4.342416999861598, "event": "console.request", "id_hash": "h_e626f7cc953d", "status": "200"}
[WebServer] {"duration_ms": 17.846124999778112, "event": "console.request", "id_hash": "h_4ad838ebcacc", "status": "409"}
[WebServer] {"duration_ms": 4.534708001301624, "event": "console.request", "id_hash": "h_7311e7dc1238", "status": "200"}
[WebServer] {"duration_ms": 54.9593339983403, "event": "console.request", "id_hash": "h_60c27c6e3699", "status": "200"}
[WebServer] {"duration_ms": 58.09520799994061, "event": "console.request", "id_hash": "h_09d9ae35500c", "status": "200"}
[WebServer] {"duration_ms": 61.823833999369526, "event": "console.request", "id_hash": "h_8b1620535362", "status": "200"}
[WebServer] {"duration_ms": 61.67204099983792, "event": "console.request", "id_hash": "h_a9f2c02bec0f", "status": "200"}
[WebServer] {"duration_ms": 62.63783299982606, "event": "console.request", "id_hash": "h_b6b60075a0bc", "status": "200"}
[WebServer] {"duration_ms": 62.705124999411055, "event": "console.request", "id_hash": "h_72cd2a0bb419", "status": "200"}
[WebServer] {"duration_ms": 0.8812910000415286, "event": "console.request", "id_hash": "h_6d7e31a737ce", "status": "200"}
[WebServer] {"duration_ms": 1.3699579994863598, "event": "console.request", "id_hash": "h_f3f5f687b114", "status": "200"}
[WebServer] {"duration_ms": 1.507292001406313, "event": "console.request", "id_hash": "h_38e2a4da233d", "status": "200"}
[WebServer] {"duration_ms": 2.489749998858315, "event": "console.request", "id_hash": "h_22c22a0b0b6b", "status": "200"}
[WebServer] {"duration_ms": 5.439250000563334, "event": "console.request", "id_hash": "h_dc1218d36fb2", "status": "200"}
[WebServer] {"duration_ms": 53.06575000031444, "event": "console.request", "id_hash": "h_64a139cfcf02", "status": "200"}
[WebServer] {"duration_ms": 53.66633300036483, "event": "console.request", "id_hash": "h_b4dc5edf14de", "status": "200"}
[WebServer] {"duration_ms": 54.14125000061176, "event": "console.request", "id_hash": "h_203502ad4d57", "status": "200"}
[WebServer] {"duration_ms": 55.24058399896603, "event": "console.request", "id_hash": "h_5c6f4cb47aa8", "status": "200"}
[WebServer] {"duration_ms": 55.465625000579166, "event": "console.request", "id_hash": "h_43e4852100bd", "status": "200"}
[WebServer] {"duration_ms": 56.520791998991626, "event": "console.request", "id_hash": "h_24367941e54e", "status": "200"}
[WebServer] {"duration_ms": 8.129792000545422, "event": "console.request", "id_hash": "h_12853064ac16", "status": "200"}
[WebServer] {"duration_ms": 5.013500000131899, "event": "console.request", "id_hash": "h_ae1ab05ee869", "status": "200"}
[WebServer] {"duration_ms": 25.513333999697352, "event": "console.request", "id_hash": "h_4fa5f65ef9dc", "status": "200"}
[WebServer] {"duration_ms": 60.42916600017634, "event": "console.request", "id_hash": "h_356876a0b684", "status": "200"}
[WebServer] {"duration_ms": 65.54675000006682, "event": "console.request", "id_hash": "h_0479df693028", "status": "200"}
[WebServer] {"duration_ms": 64.58158299938077, "event": "console.request", "id_hash": "h_402d1dc92e41", "status": "200"}
[WebServer] {"duration_ms": 62.544374999561114, "event": "console.request", "id_hash": "h_3c9cabf5b002", "status": "200"}
[WebServer] {"duration_ms": 63.19104100111872, "event": "console.request", "id_hash": "h_bc08ba5deb10", "status": "200"}
[WebServer] {"duration_ms": 63.92095800038078, "event": "console.request", "id_hash": "h_ca63ccef798e", "status": "200"}
[WebServer] {"duration_ms": 0.9288750006817281, "event": "console.request", "id_hash": "h_96053f8d2f89", "status": "200"}
[WebServer] {"duration_ms": 1.3329169996723067, "event": "console.request", "id_hash": "h_83f1eeb1a799", "status": "200"}
[WebServer] {"duration_ms": 1.5364999999292195, "event": "console.request", "id_hash": "h_e34767b55d9a", "status": "200"}
[WebServer] {"duration_ms": 6.162874999063206, "event": "console.request", "id_hash": "h_3b9dfe3bf6c9", "status": "200"}
[WebServer] {"duration_ms": 14.01208300012513, "event": "console.request", "id_hash": "h_c2f87bd266b8", "status": "200"}
[WebServer] {"duration_ms": 23.06620799936354, "event": "console.request", "id_hash": "h_840a9b1897f2", "status": "200"}
[WebServer] {"duration_ms": 22.86320799976238, "event": "console.request", "id_hash": "h_2f0c7901f6aa", "status": "200"}
  ✓  17 tests/browser/persona-proposals.spec.ts:3:1 › real proposal writer cannot auto-publish; reviewer reauth publishes and rejects stale proposal (3.3s)
[WebServer] {"duration_ms": 66.26133299869252, "event": "console.request", "id_hash": "h_1df557ab48ea", "status": "200"}
[WebServer] {"duration_ms": 65.17208300101629, "event": "console.request", "id_hash": "h_32e3e40426bd", "status": "200"}
[WebServer] {"duration_ms": 65.69308300095145, "event": "console.request", "id_hash": "h_13741c77f894", "status": "200"}
[WebServer] {"duration_ms": 68.03408399900945, "event": "console.request", "id_hash": "h_7e9ff1100ae0", "status": "200"}
[WebServer] {"duration_ms": 67.2599169993191, "event": "console.request", "id_hash": "h_22f9cfb97314", "status": "200"}
[WebServer] {"duration_ms": 68.01100000120641, "event": "console.request", "id_hash": "h_657e255d196a", "status": "200"}
[WebServer] {"duration_ms": 1.4871250004944159, "event": "console.request", "id_hash": "h_d589e0cb989b", "status": "200"}
[WebServer] {"duration_ms": 1.431791000868543, "event": "console.request", "id_hash": "h_f44b4ad5f47f", "status": "200"}
[WebServer] {"duration_ms": 1.174708999315044, "event": "console.request", "id_hash": "h_6802106f2f95", "status": "200"}
[WebServer] {"duration_ms": 3.4808330001396826, "event": "console.request", "id_hash": "h_5a5e2f6bc35b", "status": "401"}
[WebServer] {"duration_ms": 100.71575000074517, "event": "console.request", "id_hash": "h_576c909fd1f9", "status": "200"}
[WebServer] {"duration_ms": 6.49291700028698, "event": "console.request", "id_hash": "h_ca3674847c2f", "status": "200"}
[WebServer] {"duration_ms": 5.998750000799191, "event": "console.request", "id_hash": "h_85d09ce300d4", "status": "200"}
[WebServer] {"duration_ms": 55.83762499918521, "event": "console.request", "id_hash": "h_f25494f4609a", "status": "200"}
[WebServer] {"duration_ms": 56.44008300077985, "event": "console.request", "id_hash": "h_10f540ab9f07", "status": "200"}
[WebServer] {"duration_ms": 56.70741699941573, "event": "console.request", "id_hash": "h_b4ac24025ca0", "status": "200"}
[WebServer] {"duration_ms": 62.02891700013424, "event": "console.request", "id_hash": "h_0f7e4c26f900", "status": "200"}
[WebServer] {"duration_ms": 61.30087500059744, "event": "console.request", "id_hash": "h_63d74ab9b792", "status": "200"}
[WebServer] {"duration_ms": 61.639999999897555, "event": "console.request", "id_hash": "h_9c8613c70ca3", "status": "200"}
[WebServer] {"duration_ms": 4.763582999657956, "event": "console.request", "id_hash": "h_359e647468ed", "status": "200"}
[WebServer] {"duration_ms": 0.9770420001586899, "event": "console.request", "id_hash": "h_249ae513a3ee", "status": "200"}
[WebServer] {"duration_ms": 1.1574590007512597, "event": "console.request", "id_hash": "h_d9afc338cec4", "status": "200"}
[WebServer] {"duration_ms": 1.9712079993041698, "event": "console.request", "id_hash": "h_caf94cdb6d86", "status": "200"}
[WebServer] {"duration_ms": 2.514458001314779, "event": "console.request", "id_hash": "h_6714764e2116", "status": "200"}
[WebServer] {"duration_ms": 4.723166999610839, "event": "console.request", "id_hash": "h_c396a7fc194b", "status": "200"}
[WebServer] {"duration_ms": 50.209832999826176, "event": "console.request", "id_hash": "h_bff45588adca", "status": "200"}
[WebServer] {"duration_ms": 52.191832999596954, "event": "console.request", "id_hash": "h_3efc4706d444", "status": "200"}
[WebServer] {"duration_ms": 53.83983299907413, "event": "console.request", "id_hash": "h_c51593c3ca41", "status": "200"}
[WebServer] {"duration_ms": 55.73391599864408, "event": "console.request", "id_hash": "h_b10a7ccfd774", "status": "200"}
[WebServer] {"duration_ms": 55.46304200106533, "event": "console.request", "id_hash": "h_90b81b105611", "status": "200"}
[WebServer] {"duration_ms": 55.64724999931059, "event": "console.request", "id_hash": "h_be211422a2e8", "status": "200"}
[WebServer] {"duration_ms": 10.419791999083827, "event": "console.request", "id_hash": "h_dc0c1caf7bf8", "status": "200"}
[WebServer] {"duration_ms": 17.957709000256727, "event": "console.request", "id_hash": "h_3a3d13bcd0b2", "status": "200"}
[WebServer] {"duration_ms": 4.538167000646354, "event": "console.request", "id_hash": "h_70628e59b2ae", "status": "200"}
[WebServer] {"duration_ms": 18.51429100133828, "event": "console.request", "id_hash": "h_6f767718b228", "status": "409"}
[WebServer] {"duration_ms": 4.65562499994121, "event": "console.request", "id_hash": "h_1bcd1d3e3c96", "status": "200"}
[WebServer] {"duration_ms": 5.843082999490434, "event": "console.request", "id_hash": "h_5d32552a7409", "status": "200"}
[WebServer] {"duration_ms": 1.2167089989816304, "event": "console.request", "id_hash": "h_407d8be57807", "status": "200"}
[WebServer] {"duration_ms": 1.9680410005094018, "event": "console.request", "id_hash": "h_62b7d216c69c", "status": "200"}
[WebServer] {"duration_ms": 2.1000420001655584, "event": "console.request", "id_hash": "h_2acdef27a565", "status": "200"}
[WebServer] {"duration_ms": 4.483167000216781, "event": "console.request", "id_hash": "h_7f783b839e79", "status": "200"}
[WebServer] {"duration_ms": 5.944167000052403, "event": "console.request", "id_hash": "h_274974f7cc1f", "status": "200"}
[WebServer] {"duration_ms": 51.01079199994274, "event": "console.request", "id_hash": "h_b89b3cae6c31", "status": "200"}
[WebServer] {"duration_ms": 53.295624999009306, "event": "console.request", "id_hash": "h_07ff17d73af7", "status": "200"}
[WebServer] {"duration_ms": 55.43724999915867, "event": "console.request", "id_hash": "h_33695c92539f", "status": "200"}
[WebServer] {"duration_ms": 54.53879200103984, "event": "console.request", "id_hash": "h_12f489e2a4f0", "status": "200"}
[WebServer] {"duration_ms": 54.90866699983599, "event": "console.request", "id_hash": "h_510d6d91e354", "status": "200"}
[WebServer] {"duration_ms": 54.09345900079643, "event": "console.request", "id_hash": "h_5276dde882cc", "status": "200"}
[WebServer] {"duration_ms": 7.883333999416209, "event": "console.request", "id_hash": "h_2ffdd4c0abfd", "status": "200"}
[WebServer] {"duration_ms": 4.595458000039798, "event": "console.request", "id_hash": "h_c062542b81b2", "status": "200"}
[WebServer] {"duration_ms": 7.125374999304768, "event": "console.request", "id_hash": "h_555d69a84e1e", "status": "200"}
[WebServer] {"duration_ms": 15.170165999734309, "event": "console.request", "id_hash": "h_465d063cb83f", "status": "200"}
[WebServer] {"duration_ms": 17.559667001478374, "event": "console.request", "id_hash": "h_fafb2694476a", "status": "200"}
[WebServer] {"duration_ms": 9.593999999196967, "event": "console.request", "id_hash": "h_1d0e4a3dbab4", "status": "200"}
[WebServer] {"duration_ms": 22.21704099974886, "event": "console.request", "id_hash": "h_397a30be5d3b", "status": "200"}
[WebServer] {"duration_ms": 5.559916000493104, "event": "console.request", "id_hash": "h_62cfb8ba5517", "status": "200"}
[WebServer] {"duration_ms": 1.7382500009262003, "event": "console.request", "id_hash": "h_727405d2d7b0", "status": "200"}
[WebServer] {"duration_ms": 2.1790000009787036, "event": "console.request", "id_hash": "h_36be9b9ed7ab", "status": "200"}
[WebServer] {"duration_ms": 1.8585420002636965, "event": "console.request", "id_hash": "h_69717ca646c4", "status": "200"}
[WebServer] {"duration_ms": 5.69612499930372, "event": "console.request", "id_hash": "h_5c252b09a5c2", "status": "200"}
[WebServer] {"duration_ms": 10.323458000129904, "event": "console.request", "id_hash": "h_29b7a645e234", "status": "200"}
[WebServer] {"duration_ms": 7.5607090002449695, "event": "console.request", "id_hash": "h_f57d1c8f8e0e", "status": "200"}
[WebServer] {"duration_ms": 12.490875000366941, "event": "console.request", "id_hash": "h_55e5b6350232", "status": "200"}
  ✓  18 tests/browser/persona-state.spec.ts:3:1 › real State writer updates and clears expired State without changing Persona Core (2.5s)
[WebServer] {"duration_ms": 72.6736249998794, "event": "console.request", "id_hash": "h_3a2addd39348", "status": "200"}
[WebServer] {"duration_ms": 78.5094160000881, "event": "console.request", "id_hash": "h_246b4ce00b81", "status": "200"}
[WebServer] {"duration_ms": 81.01258299939218, "event": "console.request", "id_hash": "h_518c9e0fce1d", "status": "200"}
[WebServer] {"duration_ms": 80.3454580000107, "event": "console.request", "id_hash": "h_a0cebe09dca2", "status": "200"}
[WebServer] {"duration_ms": 80.00029199865821, "event": "console.request", "id_hash": "h_e16df07e7b80", "status": "200"}
[WebServer] {"duration_ms": 75.28708299832942, "event": "console.request", "id_hash": "h_c99413ce03f6", "status": "200"}
[WebServer] {"duration_ms": 1.1343339992890833, "event": "console.request", "id_hash": "h_3311f3fa1935", "status": "200"}
[WebServer] {"duration_ms": 1.1966250003752066, "event": "console.request", "id_hash": "h_a27237307848", "status": "200"}
[WebServer] {"duration_ms": 2.425208000204293, "event": "console.request", "id_hash": "h_4c7fa317fe73", "status": "200"}
[WebServer] {"duration_ms": 3.826999998636893, "event": "console.request", "id_hash": "h_af6ae1a960ee", "status": "401"}
[WebServer] {"duration_ms": 101.34662499876868, "event": "console.request", "id_hash": "h_6e6d1d4e749e", "status": "200"}
[WebServer] {"duration_ms": 6.773125000108848, "event": "console.request", "id_hash": "h_1fb3f6877186", "status": "200"}
[WebServer] {"duration_ms": 7.301792000362184, "event": "console.request", "id_hash": "h_a96cf9f39f5a", "status": "200"}
[WebServer] {"duration_ms": 54.663584000081755, "event": "console.request", "id_hash": "h_eedfe4ce1de6", "status": "200"}
[WebServer] {"duration_ms": 56.42258300031244, "event": "console.request", "id_hash": "h_6ffc05cc64b5", "status": "200"}
[WebServer] {"duration_ms": 56.836375000784756, "event": "console.request", "id_hash": "h_72c1791c0346", "status": "200"}
[WebServer] {"duration_ms": 60.73729200033995, "event": "console.request", "id_hash": "h_817b33dfd0f5", "status": "200"}
[WebServer] {"duration_ms": 60.857542001031106, "event": "console.request", "id_hash": "h_8d6532f9a022", "status": "200"}
[WebServer] {"duration_ms": 60.998332999588456, "event": "console.request", "id_hash": "h_9883766dd7b5", "status": "200"}
[WebServer] {"duration_ms": 7.137167000109912, "event": "console.request", "id_hash": "h_6b07adf048b3", "status": "200"}
[WebServer] {"duration_ms": 6.23670799905085, "event": "console.request", "id_hash": "h_54536d213c51", "status": "200"}
  ✓  19 tests/browser/persona.spec.ts:3:1 › real Persona reader has current and history without publication controls (598ms)
[WebServer] {"duration_ms": 1.0860000002139714, "event": "console.request", "id_hash": "h_ff5265b33643", "status": "200"}
[WebServer] {"duration_ms": 0.7969580001372378, "event": "console.request", "id_hash": "h_e431ec618006", "status": "200"}
[WebServer] {"duration_ms": 1.9126659990433836, "event": "console.request", "id_hash": "h_9e9f0c78439f", "status": "200"}
[WebServer] {"duration_ms": 4.562707999866689, "event": "console.request", "id_hash": "h_d8ea86e3d3c6", "status": "401"}
[WebServer] {"duration_ms": 101.39258299932408, "event": "console.request", "id_hash": "h_530c126d463b", "status": "200"}
[WebServer] {"duration_ms": 6.37004199961666, "event": "console.request", "id_hash": "h_4ac7427abb65", "status": "200"}
[WebServer] {"duration_ms": 6.366166000589146, "event": "console.request", "id_hash": "h_53bb9af0462e", "status": "200"}
[WebServer] {"duration_ms": 55.09887500011246, "event": "console.request", "id_hash": "h_fc15d2729e64", "status": "200"}
[WebServer] {"duration_ms": 55.258583999602706, "event": "console.request", "id_hash": "h_1bda06d02e31", "status": "200"}
[WebServer] {"duration_ms": 57.70495800061326, "event": "console.request", "id_hash": "h_429b937d54b8", "status": "200"}
[WebServer] {"duration_ms": 63.64837499859277, "event": "console.request", "id_hash": "h_251cc6cc1649", "status": "200"}
[WebServer] {"duration_ms": 61.53445800009649, "event": "console.request", "id_hash": "h_1eea6f2f336e", "status": "200"}
[WebServer] {"duration_ms": 62.22616699960781, "event": "console.request", "id_hash": "h_38ad4a1869f6", "status": "200"}
[WebServer] {"duration_ms": 5.085791999590583, "event": "console.request", "id_hash": "h_faee00e213b4", "status": "200"}
[WebServer] {"duration_ms": 0.8734160001040436, "event": "console.request", "id_hash": "h_d2aa0095c707", "status": "200"}
[WebServer] {"duration_ms": 1.0414579992357176, "event": "console.request", "id_hash": "h_c9618aea87f4", "status": "200"}
[WebServer] {"duration_ms": 1.339333999567316, "event": "console.request", "id_hash": "h_9d412c56899e", "status": "200"}
[WebServer] {"duration_ms": 2.725917000134359, "event": "console.request", "id_hash": "h_00d039c722bc", "status": "200"}
[WebServer] {"duration_ms": 5.043332999775885, "event": "console.request", "id_hash": "h_a8c0f54721d9", "status": "200"}
[WebServer] {"duration_ms": 51.61233400031051, "event": "console.request", "id_hash": "h_13f46e3d4e42", "status": "200"}
[WebServer] {"duration_ms": 53.4262499986653, "event": "console.request", "id_hash": "h_d9952a9684ec", "status": "200"}
[WebServer] {"duration_ms": 53.91316699933668, "event": "console.request", "id_hash": "h_5b4ecd3292df", "status": "200"}
[WebServer] {"duration_ms": 54.73070799962443, "event": "console.request", "id_hash": "h_82ab50e8a798", "status": "200"}
[WebServer] {"duration_ms": 56.06608400012192, "event": "console.request", "id_hash": "h_721a1b36e1b9", "status": "200"}
[WebServer] {"duration_ms": 55.558582998855854, "event": "console.request", "id_hash": "h_993be4b247cd", "status": "200"}
[WebServer] {"duration_ms": 9.085666999453679, "event": "console.request", "id_hash": "h_86d7b458fb6e", "status": "200"}
[WebServer] {"duration_ms": 8.200291000321158, "event": "console.request", "id_hash": "h_159187eff370", "status": "403"}
[WebServer] {"duration_ms": 8.701875000042492, "event": "console.request", "id_hash": "h_359206306da1", "status": "200"}
[WebServer] {"duration_ms": 16.940292000072077, "event": "console.request", "id_hash": "h_c87874a24925", "status": "201"}
[WebServer] {"duration_ms": 51.644708999447175, "event": "console.request", "id_hash": "h_fab7eb468923", "status": "200"}
[WebServer] {"duration_ms": 52.92200000076264, "event": "console.request", "id_hash": "h_1bb6c90cf45c", "status": "200"}
[WebServer] {"duration_ms": 55.36883300010231, "event": "console.request", "id_hash": "h_971c866eab9a", "status": "200"}
[WebServer] {"duration_ms": 56.236874999740394, "event": "console.request", "id_hash": "h_07efe0d281e4", "status": "200"}
[WebServer] {"duration_ms": 55.56395799976599, "event": "console.request", "id_hash": "h_bca1b902e8f6", "status": "200"}
[WebServer] {"duration_ms": 55.987375000768225, "event": "console.request", "id_hash": "h_1dbcf7182c55", "status": "200"}
[WebServer] {"duration_ms": 15.732042000308866, "event": "console.request", "id_hash": "h_9c3de7e717cb", "status": "409"}
[WebServer] {"duration_ms": 4.267041998900822, "event": "console.request", "id_hash": "h_e8699e5cf4f9", "status": "200"}
[WebServer] {"duration_ms": 64.1421669988631, "event": "console.request", "id_hash": "h_c62d88354051", "status": "200"}
[WebServer] {"duration_ms": 68.56833299934806, "event": "console.request", "id_hash": "h_5681e91f905c", "status": "200"}
[WebServer] {"duration_ms": 67.81674999911047, "event": "console.request", "id_hash": "h_2abdc28efb39", "status": "200"}
[WebServer] {"duration_ms": 68.02479100042547, "event": "console.request", "id_hash": "h_b078dc7bf5c9", "status": "200"}
[WebServer] {"duration_ms": 68.02804099970672, "event": "console.request", "id_hash": "h_eb313dcc6a2d", "status": "200"}
[WebServer] {"duration_ms": 68.39025000044785, "event": "console.request", "id_hash": "h_8d4a8b7216b3", "status": "200"}
[WebServer] {"duration_ms": 0.9001250000437722, "event": "console.request", "id_hash": "h_89ef700d15ec", "status": "200"}
[WebServer] {"duration_ms": 2.634541000588797, "event": "console.request", "id_hash": "h_63b3c665de26", "status": "200"}
[WebServer] {"duration_ms": 3.432166000493453, "event": "console.request", "id_hash": "h_3945f08777a0", "status": "200"}
[WebServer] {"duration_ms": 4.3758749998232815, "event": "console.request", "id_hash": "h_ba0e0e0c6ee5", "status": "200"}
[WebServer] {"duration_ms": 7.453832999090082, "event": "console.request", "id_hash": "h_f71dd081f84e", "status": "200"}
[WebServer] {"duration_ms": 61.152541000410565, "event": "console.request", "id_hash": "h_6abd5b56618a", "status": "200"}
[WebServer] {"duration_ms": 63.55083400012518, "event": "console.request", "id_hash": "h_c686d54e6e4a", "status": "200"}
[WebServer] {"duration_ms": 65.51758299974608, "event": "console.request", "id_hash": "h_c978f61e7296", "status": "200"}
[WebServer] {"duration_ms": 65.05612500041025, "event": "console.request", "id_hash": "h_e1a2f9b12cb4", "status": "200"}
[WebServer] {"duration_ms": 65.88112499957788, "event": "console.request", "id_hash": "h_9d059b876d53", "status": "200"}
[WebServer] {"duration_ms": 66.6125829993689, "event": "console.request", "id_hash": "h_8d60b3d72888", "status": "200"}
[WebServer] {"duration_ms": 11.021374999472755, "event": "console.request", "id_hash": "h_d9819664576d", "status": "200"}
[WebServer] {"duration_ms": 20.380624999233987, "event": "console.request", "id_hash": "h_b1a7d77f735d", "status": "201"}
[WebServer] {"duration_ms": 61.49195800026064, "event": "console.request", "id_hash": "h_151169f6d6b8", "status": "200"}
[WebServer] {"duration_ms": 62.66695799968147, "event": "console.request", "id_hash": "h_c9640cb0d1b0", "status": "200"}
[WebServer] {"duration_ms": 65.85612499839044, "event": "console.request", "id_hash": "h_478b2eaf96ed", "status": "200"}
[WebServer] {"duration_ms": 69.5936249994702, "event": "console.request", "id_hash": "h_142d85a74850", "status": "200"}
[WebServer] {"duration_ms": 68.72070800091024, "event": "console.request", "id_hash": "h_7cb9e33628b3", "status": "200"}
[WebServer] {"duration_ms": 70.32087500010675, "event": "console.request", "id_hash": "h_91e92ce8d702", "status": "200"}
[WebServer] {"duration_ms": 1.2248750008438947, "event": "console.request", "id_hash": "h_24400f874199", "status": "200"}
[WebServer] {"duration_ms": 1.693708998573129, "event": "console.request", "id_hash": "h_79908196ed11", "status": "200"}
[WebServer] {"duration_ms": 2.3420839988830267, "event": "console.request", "id_hash": "h_45e758a3d456", "status": "200"}
[WebServer] {"duration_ms": 2.55204200038861, "event": "console.request", "id_hash": "h_a243bf05b1f8", "status": "200"}
[WebServer] {"duration_ms": 5.2262499993958045, "event": "console.request", "id_hash": "h_c3ca2a0d1234", "status": "200"}
[WebServer] {"duration_ms": 55.736457999955746, "event": "console.request", "id_hash": "h_2042045a6453", "status": "200"}
[WebServer] {"duration_ms": 57.45920800109161, "event": "console.request", "id_hash": "h_53d47ca56a93", "status": "200"}
[WebServer] {"duration_ms": 58.67112499981886, "event": "console.request", "id_hash": "h_0a5105c9897a", "status": "200"}
[WebServer] {"duration_ms": 59.69641699994099, "event": "console.request", "id_hash": "h_846ed6d596a1", "status": "200"}
[WebServer] {"duration_ms": 60.933000000659376, "event": "console.request", "id_hash": "h_2c6c28968f28", "status": "200"}
[WebServer] {"duration_ms": 61.62929199854261, "event": "console.request", "id_hash": "h_88c473462549", "status": "200"}
[WebServer] {"duration_ms": 10.24587500069174, "event": "console.request", "id_hash": "h_d918a4d7afe4", "status": "200"}
[WebServer] {"duration_ms": 5.1774580006167525, "event": "console.request", "id_hash": "h_e3c59258060a", "status": "200"}
  ✓  20 tests/browser/persona.spec.ts:67:1 › real Persona publish, reauth, refresh and rollback preserve immutable history in Required mode (1.8s)

  20 passed (1.3m)
