UV_CACHE_DIR=.uv-cache uv run ruff format --check .
372 files already formatted
UV_CACHE_DIR=.uv-cache uv run ruff check .
All checks passed!
UV_CACHE_DIR=.uv-cache uv run python -m tools.check_import_boundaries
domain import boundary: ok
UV_CACHE_DIR=.uv-cache uv run python -m tools.check_docs
documentation structure and local links: ok
UV_CACHE_DIR=.uv-cache uv run python -m tools.check_contract_counts
current documentation contract counts: ok
UV_CACHE_DIR=.uv-cache uv run mypy
Success: no issues found in 369 source files
npm run typecheck --prefix sdk/typescript

> @iris-memory/sdk@0.11.2 typecheck
> tsc --project tsconfig.json --noEmit

UV_CACHE_DIR=.uv-cache uv run python -m tools.generate_contracts --check
generated contracts: ok
UV_CACHE_DIR=.uv-cache uv run python -m tools.check_compatibility
contract compatibility: ok
UV_CACHE_DIR=.uv-cache uv run python -m tools.check_public_api
public API exports, signatures, DTOs, CLI and HTTP snapshot: passed
UV_CACHE_DIR=.uv-cache uv run pytest tests/performance --no-cov -s
============================= test session starts ==============================
platform darwin -- Python 3.12.13, pytest-8.4.2, pluggy-1.6.0
rootdir: /Users/cassia/Local/Code/iris_memory_core
configfile: pyproject.toml
plugins: cov-7.1.0, anyio-4.15.0
collected 11 items

tests/performance/test_forget_latency.py ..
tests/performance/test_graph_profile_recall_latency.py 
graph+profile hybrid recall: p50=29.0ms p95=31.1ms max=34.2ms samples=40 budget=250ms
.
tests/performance/test_hybrid_recall_latency.py 
hybrid recall: p50=29.4ms p95=30.1ms max=30.4ms samples=40 embed_p50=0.03ms faiss_p50=1.64ms
..
tests/performance/test_observe_latency.py 
single-observation p95=3.35ms median=3.22ms
environment: python=3.12.13; sqlite=3.50.4; platform=arm64/Darwin; concurrency=1; payload=512B content per record
.
batch-100 p95=14.62ms median=11.66ms
environment: sqlite=(3, 50, 4); observations=7000; outbox_jobs=7000 (unsettled and completed)
.
tests/performance/test_persona_latency.py 
persona-current p95=1.49ms median=1.33ms
.
tests/performance/test_recall_latency.py 
structured recall: p50=24.09ms p95=33.42ms max=35.28ms samples=40
.
fts recall: p50=34.66ms p95=48.07ms max=53.95ms samples=40
.
tests/performance/test_state_latency.py 
environment: python=3.12.13 sqlite=3.50.4 machine=arm64 os=Darwin
state coalesced write (sequential stream, coalescing active): samples=120 payload_bytes=121 corpus=2000 rows | p50=8.81ms p95=10.42ms
contention burst (reported, single-writer gate queueing): samples=24 concurrency=8 p95=133.70ms | busy_events=0 | projection_jobs=2009 pending=2009 hot_key_revisions=155 queue_lag_us=19627842
.

============================= 11 passed in 43.30s ==============================
UV_CACHE_DIR=.uv-cache uv run pytest --ignore=tests/performance
============================= test session starts ==============================
platform darwin -- Python 3.12.13, pytest-8.4.2, pluggy-1.6.0
rootdir: /Users/cassia/Local/Code/iris_memory_core
configfile: pyproject.toml
testpaths: tests, sdk/python/tests
plugins: cov-7.1.0, anyio-4.15.0
collected 11705 items

tests/contract/test_asgi_authorization.py .............................. [  0%]
.....................                                                    [  0%]
tests/contract/test_console_contract.py ................................ [  0%]
........................................................................ [  1%]
........................................................................ [  1%]
........................................................................ [  2%]
........................................................................ [  3%]
........................................................................ [  3%]
...........                                                              [  3%]
tests/contract/test_http_operation_matrix.py ..                          [  3%]
tests/contract/test_json_schemas.py .................................... [  4%]
............                                                             [  4%]
tests/contract/test_mock_server.py ..................................... [  4%]
.................                                                        [  4%]
tests/contract/test_public_api.py ......                                 [  4%]
tests/contract/test_recall_batch_revalidation.py ......                  [  4%]
tests/fault/test_kill9.py ...............................                [  5%]
tests/integration/cognition/test_persona.py .................            [  5%]
tests/integration/cognition/test_reflection_pipeline.py ............     [  5%]
tests/integration/cognition/test_reflection_runtime.py ...               [  5%]
tests/integration/console/test_console_artifact_http.py ................ [  5%]
......                                                                   [  5%]
tests/integration/console/test_console_artifact_upload.py .............. [  5%]
......................                                                   [  5%]
tests/integration/console/test_console_authentication.py ............... [  6%]
............................................                             [  6%]
tests/integration/console/test_console_claim_http.py ................... [  6%]
.                                                                        [  6%]
tests/integration/console/test_console_commands.py ..................... [  6%]
..                                                                       [  6%]
tests/integration/console/test_console_entity_attributes.py ............ [  6%]
.......                                                                  [  6%]
tests/integration/console/test_console_entity_redirect.py .............. [  7%]
..                                                                       [  7%]
tests/integration/console/test_console_entity_tombstone.py .........     [  7%]
tests/integration/console/test_console_episode_http.py ................. [  7%]
...........                                                              [  7%]
tests/integration/console/test_console_event_dismiss.py ............     [  7%]
tests/integration/console/test_console_event_http.py ..........          [  7%]
tests/integration/console/test_console_event_recall.py ..                [  7%]
tests/integration/console/test_console_focus_commands.py ........        [  7%]
tests/integration/console/test_console_focus_forget.py .............     [  7%]
tests/integration/console/test_console_focus_http.py .                   [  7%]
tests/integration/console/test_console_forget_http.py .................. [  7%]
..............                                                           [  8%]
tests/integration/console/test_console_forget_selection.py ....          [  8%]
tests/integration/console/test_console_identity_http.py ................ [  8%]
..............                                                           [  8%]
tests/integration/console/test_console_note_http.py .................... [  8%]
...                                                                      [  8%]
tests/integration/console/test_console_observation_http.py ............. [  8%]
..                                                                       [  8%]
tests/integration/console/test_console_operation_batches.py ...........  [  8%]
tests/integration/console/test_console_operation_cancellation.py ...     [  8%]
tests/integration/console/test_console_operation_http.py ...             [  8%]
tests/integration/console/test_console_operation_ordering.py ..          [  8%]
tests/integration/console/test_console_operation_storage.py ..           [  8%]
tests/integration/console/test_console_persona_commands.py ............. [  8%]
....                                                                     [  8%]
tests/integration/console/test_console_persona_http.py ............      [  9%]
tests/integration/console/test_console_persona_policy.py ...........     [  9%]
tests/integration/console/test_console_persona_policy_http.py .......... [  9%]
........                                                                 [  9%]
tests/integration/console/test_console_persona_policy_recovery.py .      [  9%]
tests/integration/console/test_console_persona_proposals.py ............ [  9%]
                                                                         [  9%]
tests/integration/console/test_console_persona_proposals_http.py ....... [  9%]
....                                                                     [  9%]
tests/integration/console/test_console_persona_proposals_recovery.py .   [  9%]
tests/integration/console/test_console_persona_recovery.py ..            [  9%]
tests/integration/console/test_console_persona_state.py ................ [  9%]
..                                                                       [  9%]
tests/integration/console/test_console_persona_state_http.py ........... [  9%]
...                                                                      [  9%]
tests/integration/console/test_console_persona_state_recovery.py .       [  9%]
tests/integration/console/test_console_plane.py .......................  [ 10%]
tests/integration/console/test_console_reads.py ........................ [ 10%]
...............................                                          [ 10%]
tests/integration/console/test_console_relation_http.py ................ [ 10%]
...............                                                          [ 10%]
tests/integration/console/test_console_state_forget.py .............     [ 10%]
tests/integration/console/test_console_state_http.py .............       [ 11%]
tests/integration/console/test_console_task_dependencies.py ............ [ 11%]
......                                                                   [ 11%]
tests/integration/console/test_console_task_forget.py .................. [ 11%]
.                                                                        [ 11%]
tests/integration/console/test_console_task_http.py ..............       [ 11%]
tests/integration/console/test_console_task_steps.py ............        [ 11%]
tests/integration/console/test_console_task_triggers.py ................ [ 11%]
.......                                                                  [ 11%]
tests/integration/console/test_console_worker_execution.py ......        [ 11%]
tests/integration/memory/test_claim_revision_events.py ......            [ 11%]
tests/integration/memory/test_concurrency.py ..                          [ 11%]
tests/integration/memory/test_consistency.py .............               [ 11%]
tests/integration/memory/test_entity_tombstone_ledger.py ......          [ 12%]
tests/integration/memory/test_events.py ..............................   [ 12%]
tests/integration/memory/test_focus_items.py ........................... [ 12%]
...                                                                      [ 12%]
tests/integration/memory/test_focus_promotion.py ....................... [ 12%]
....                                                                     [ 12%]
tests/integration/memory/test_memory_artifacts.py ..............         [ 12%]
tests/integration/memory/test_memory_cascade_and_privacy.py ...........  [ 12%]
tests/integration/memory/test_memory_claims.py ......................... [ 13%]
........                                                                 [ 13%]
tests/integration/memory/test_memory_concurrency.py ....                 [ 13%]
tests/integration/memory/test_memory_episodes_relations.py ...........   [ 13%]
tests/integration/memory/test_memory_evidence_scope_and_ledger.py ...... [ 13%]
.........                                                                [ 13%]
tests/integration/memory/test_memory_forget.py .....................     [ 13%]
tests/integration/memory/test_notes.py ...............                   [ 13%]
tests/integration/memory/test_recent_context.py .................        [ 13%]
tests/integration/memory/test_relation_endpoint_privacy.py ...           [ 14%]
tests/integration/memory/test_state_records.py ......................... [ 14%]
..                                                                       [ 14%]
tests/integration/memory/test_task_deletion_storage.py ...               [ 14%]
tests/integration/memory/test_task_event_jobs.py ...........             [ 14%]
tests/integration/memory/test_tasks.py ..................                [ 14%]
tests/integration/memory/test_triggers.py .............................. [ 14%]
.....                                                                    [ 14%]
tests/integration/memory/test_working_memory_jobs.py ............        [ 14%]
tests/integration/memory/test_working_memory_security.py .......         [ 14%]
tests/integration/migrations/test_console_migration.py ..                [ 14%]
tests/integration/migrations/test_console_operation_migration.py ..      [ 15%]
tests/integration/migrations/test_console_preview_migration.py .......   [ 15%]
tests/integration/migrations/test_dependency_lifecycle_migration.py .... [ 15%]
                                                                         [ 15%]
tests/integration/migrations/test_fts_recall_migration.py .............  [ 15%]
tests/integration/migrations/test_graph_profile_migration.py .......     [ 15%]
tests/integration/migrations/test_ingestion_migration.py ..............  [ 15%]
tests/integration/migrations/test_memory_migration.py ..........         [ 15%]
tests/integration/migrations/test_migrations.py ......................   [ 15%]
tests/integration/migrations/test_persona_migration.py ...               [ 15%]
tests/integration/migrations/test_reflection_migration.py ....           [ 15%]
tests/integration/migrations/test_state_deletion_migration.py ......     [ 15%]
tests/integration/migrations/test_task_event_migration.py .............. [ 15%]
.....                                                                    [ 15%]
tests/integration/migrations/test_vector_migration.py .........          [ 16%]
tests/integration/migrations/test_working_memory_migration.py .......... [ 16%]
......                                                                   [ 16%]
tests/integration/recall/test_fts_recall_fts.py ...............          [ 16%]
tests/integration/recall/test_fts_recall_recall.py ..................... [ 16%]
........                                                                 [ 16%]
tests/integration/recall/test_fts_recall_usage.py ...........            [ 16%]
tests/integration/recall/test_graph_profile_concurrency.py .......       [ 16%]
tests/integration/recall/test_graph_profile_graph.py ................... [ 16%]
........................................................................ [ 17%]
......................................                                   [ 17%]
tests/integration/recall/test_graph_profile_jobs.py .........            [ 17%]
tests/integration/recall/test_graph_profile_privacy_and_consistency.py . [ 17%]
..........                                                               [ 17%]
tests/integration/recall/test_graph_profile_profile.py ................. [ 18%]
....                                                                     [ 18%]
tests/integration/recall/test_graph_profile_recall.py .................. [ 18%]
............................                                             [ 18%]
tests/integration/recall/test_projection_deletion_publication.py ....... [ 18%]
....................                                                     [ 18%]
tests/integration/recall/test_provider_deadline_and_circuit_probe.py ... [ 18%]
.                                                                        [ 18%]
tests/integration/recall/test_recall.py ...........................      [ 19%]
tests/integration/recall/test_recall_backlog_identity_and_replay.py .... [ 19%]
...........                                                              [ 19%]
tests/integration/recall/test_recall_deadline_scope_and_rebuild.py ..... [ 19%]
...............                                                          [ 19%]
tests/integration/recall/test_recall_publication_revalidation.py ....... [ 19%]
......                                                                   [ 19%]
tests/integration/recall/test_vector.py ............................     [ 19%]
tests/integration/recall/test_vector_concurrency.py .......              [ 19%]
tests/integration/recall/test_vector_crash_freshness_and_isolation.py .. [ 19%]
......................                                                   [ 19%]
tests/integration/recall/test_vector_idmap.py ........                   [ 20%]
tests/integration/recall/test_vector_provider.py ....................... [ 20%]
..                                                                       [ 20%]
tests/integration/recall/test_vector_recall.py ...........               [ 20%]
tests/integration/recovery/test_backup.py .......................        [ 20%]
tests/integration/recovery/test_console_operation_restore.py ........    [ 20%]
tests/integration/recovery/test_memory_backup.py .                       [ 20%]
tests/integration/recovery/test_memory_forget_commit_and_restore_atomicity.py . [ 20%]
...........                                                              [ 20%]
tests/integration/recovery/test_memory_legacy_restore_and_ledger_identity.py . [ 20%]
.......                                                                  [ 20%]
tests/integration/recovery/test_memory_resurrection.py .......           [ 20%]
tests/integration/recovery/test_recall_visibility_and_resurrection.py .. [ 20%]
......                                                                   [ 20%]
tests/integration/recovery/test_release_packaging.py .........           [ 20%]
tests/integration/recovery/test_trigger_backup_configuration.py .        [ 20%]
tests/integration/runtime/test_backpressure_health.py .................. [ 21%]
......                                                                   [ 21%]
tests/integration/runtime/test_http_recall_assembly.py ................. [ 21%]
...                                                                      [ 21%]
tests/integration/runtime/test_http_recall_provider_faults.py .........  [ 21%]
tests/integration/runtime/test_identity_registry.py .................... [ 21%]
.                                                                        [ 21%]
tests/integration/runtime/test_observations.py ......................... [ 21%]
.........                                                                [ 21%]
tests/integration/runtime/test_outbox.py ............................... [ 22%]
.........                                                                [ 22%]
tests/integration/runtime/test_provisioning.py ................          [ 22%]
tests/integration/runtime/test_release_surface.py ...................... [ 22%]
..........................                                               [ 22%]
tests/integration/runtime/test_runtime.py ......                         [ 22%]
tests/integration/runtime/test_runtime_authorization_fencing_and_health.py . [ 22%]
..............................................                           [ 23%]
tests/integration/runtime/test_scheduler.py ..........................   [ 23%]
tests/integration/runtime/test_surface.py .............................. [ 23%]
....                                                                     [ 23%]
tests/integration/runtime/test_task_event_surface_gate.py .............. [ 23%]
....................                                                     [ 24%]
tests/unit/test_cli.py .......                                           [ 24%]
tests/unit/test_contract_compatibility.py ...                            [ 24%]
tests/unit/test_contract_counts.py ....                                  [ 24%]
tests/unit/test_contract_generation.py ....                              [ 24%]
tests/unit/test_domain.py ..                                             [ 24%]
tests/unit/test_domain_rules.py ........                                 [ 24%]
tests/unit/test_graph_profile_domain.py ...........................      [ 24%]
tests/unit/test_identity_rules.py ........                               [ 24%]
tests/unit/test_import_boundaries.py ...                                 [ 24%]
tests/unit/test_ingestion_domain.py .................................... [ 24%]
..............                                                           [ 25%]
tests/unit/test_memory_domain.py ....................................... [ 25%]
........................................................................ [ 25%]
........................................................................ [ 26%]
........................................................................ [ 27%]
........................................................................ [ 27%]
........................................................................ [ 28%]
........................................................................ [ 29%]
........................................................................ [ 29%]
........................................................................ [ 30%]
........................................................................ [ 30%]
........................................................................ [ 31%]
........................................................................ [ 32%]
........................................................................ [ 32%]
........................................................................ [ 33%]
........................................................................ [ 33%]
........................................................................ [ 34%]
........................................................................ [ 35%]
........................................................................ [ 35%]
........................................................................ [ 36%]
........................................................................ [ 37%]
........................................................................ [ 37%]
........................................................................ [ 38%]
........................................................................ [ 38%]
........................................................................ [ 39%]
........................................................................ [ 40%]
........................................................................ [ 40%]
........................................................................ [ 41%]
........................................................................ [ 41%]
........................................................................ [ 42%]
........................................................................ [ 43%]
........................................................................ [ 43%]
........................................................................ [ 44%]
........................................................................ [ 45%]
........................................................................ [ 45%]
........................................................................ [ 46%]
........................................................................ [ 46%]
........................................................................ [ 47%]
........................................................................ [ 48%]
........................................................................ [ 48%]
........................................................................ [ 49%]
........................................................................ [ 49%]
........................................................................ [ 50%]
...............                                                          [ 50%]
tests/unit/test_persona_domain.py ....                                   [ 50%]
tests/unit/test_promotion_bounds.py ..                                   [ 50%]
tests/unit/test_reflection.py .......................................... [ 51%]
........................................................................ [ 51%]
........................................................................ [ 52%]
........................................................................ [ 52%]
........................................................................ [ 53%]
........................................................................ [ 54%]
........................................................................ [ 54%]
........................................................................ [ 55%]
........................................................................ [ 56%]
........................................................................ [ 56%]
........................................................................ [ 57%]
........................................................................ [ 57%]
........................................................................ [ 58%]
........................................................................ [ 59%]
........................................................................ [ 59%]
........................................................................ [ 60%]
........................................................................ [ 60%]
........................................................................ [ 61%]
........................................................................ [ 62%]
........................................................................ [ 62%]
........................................................................ [ 63%]
........................................................................ [ 64%]
........................................................................ [ 64%]
........................................................................ [ 65%]
........................................................................ [ 65%]
........................................................................ [ 66%]
........................................................................ [ 67%]
........................................................................ [ 67%]
........................................................................ [ 68%]
...........................................                              [ 68%]
tests/unit/test_task_event_domain.py ................................... [ 69%]
........................................................................ [ 69%]
........................................................................ [ 70%]
........................................................................ [ 70%]
........................................................................ [ 71%]
........................................................................ [ 72%]
........................................................................ [ 72%]
........................................................................ [ 73%]
........................................................................ [ 73%]
........................................................................ [ 74%]
........................................................................ [ 75%]
........................................................................ [ 75%]
........................................................................ [ 76%]
........................................................................ [ 77%]
........................................................................ [ 77%]
........................................................................ [ 78%]
........................................................................ [ 78%]
........................................................................ [ 79%]
........................................................................ [ 80%]
........................................................................ [ 80%]
........................................................................ [ 81%]
........................................................................ [ 81%]
........................................................................ [ 82%]
........................................................................ [ 83%]
........................................................................ [ 83%]
........................................................................ [ 84%]
........................................................................ [ 84%]
........................................................................ [ 85%]
........................................................................ [ 86%]
........................................................................ [ 86%]
........................................................................ [ 87%]
........................................................................ [ 88%]
........................................................................ [ 88%]
........................................................................ [ 89%]
........................................................................ [ 89%]
........................................................................ [ 90%]
........................................................................ [ 91%]
........................................................................ [ 91%]
........................................................................ [ 92%]
........................................................................ [ 92%]
........................................................................ [ 93%]
........................................................................ [ 94%]
........................................................................ [ 94%]
........................................................................ [ 95%]
........................................................................ [ 96%]
........................................................................ [ 96%]
........................................................................ [ 97%]
........................................................................ [ 97%]
........................................................................ [ 98%]
........................................................................ [ 99%]
...................................................                      [ 99%]
tests/unit/test_vector_domain.py ............................            [ 99%]
tests/unit/test_working_memory_domain.py ...................             [ 99%]
sdk/python/tests/test_fixtures.py ..                                     [100%]

=============================== warnings summary ===============================
.venv/lib/python3.12/site-packages/fastapi/testclient.py:1
  /Users/cassia/Local/Code/iris_memory_core/.venv/lib/python3.12/site-packages/fastapi/testclient.py:1: StarletteDeprecationWarning: Using `httpx` with `starlette.testclient` is deprecated; install `httpx2` instead.
    from starlette.testclient import TestClient as TestClient  # noqa

.venv/lib/python3.12/site-packages/starlette/testclient.py:53
  /Users/cassia/Local/Code/iris_memory_core/.venv/lib/python3.12/site-packages/starlette/testclient.py:53: DeprecationWarning: The anyio.abc.BlockingPortal alias is deprecated, use anyio.from_thread.BlockingPortal instead.
    _PortalFactoryType = Callable[[], AbstractContextManager[anyio.abc.BlockingPortal]]

-- Docs: https://docs.pytest.org/en/stable/how-to/capture-warnings.html
================================ tests coverage ================================
______________ coverage: platform darwin, python 3.12.13-final-0 _______________

Name                                                            Stmts   Miss Branch BrPart  Cover   Missing
-----------------------------------------------------------------------------------------------------------
sdk/python/src/iris_memory_sdk/client.py                          452     45    102     17    89%   58, 60, 174, 202, 204, 206, 231, 233, 327, 330->332, 350, 356, 358, 384, 459, 640, 1124, 1261-1269, 1286-1293, 1303-1313, 1316-1317, 1340-1354, 1363-1372, 1389-1396, 1401-1408, 1413-1420, 1429-1438
sdk/python/src/iris_memory_sdk/models.py                         1537    407    980    325    69%   16-17, 31, 60, 77, 83, 85, 89, 97, 102, 104-105, 109, 111, 114, 119-131, 163, 167-168, 170, 173-174, 178, 181, 185, 198, 204, 209, 213, 215, 218, 224, 227, 229, 232, 238, 242, 248, 254, 258, 260, 263, 266, 272, 277, 283, 287, 289, 291, 297, 301, 303, 305, 311, 317, 320, 322, 325, 332, 336, 339, 342, 348, 358, 366, 372, 374, 379, 385, 391-392, 395-396, 399, 401, 403, 409, 416, 423, 427-428, 432, 438, 443, 448, 453, 463, 496, 499, 504, 511, 514, 525, 528->530, 536, 543-545, 548, 551, 559, 569, 572, 575, 577, 583-590, 594-609, 614, 624, 627, 630, 634, 644, 650, 653, 658-671, 676, 678->680, 682, 685, 691-700, 705, 708->710, 712, 715, 718, 721, 723, 724->728, 734, 740, 742, 745, 751, 757, 763, 768-775, 830, 837, 845-846, 849-850, 853, 870-871, 876-877, 879, 881, 883, 885, 890, 895, 897, 902, 909, 911, 915, 926, 930, 933, 934->936, 939, 942, 949, 966, 968->967, 973, 980, 984, 988, 990, 993, 997, 1000, 1006, 1010-1011, 1020, 1022->1024, 1026-1027, 1036-1037, 1041, 1046, 1051, 1060, 1063, 1066, 1071, 1081, 1087, 1090->1095, 1092, 1100, 1104-1105, 1114, 1119, 1122, 1124->1123, 1130, 1134, 1140, 1145, 1147, 1154, 1161, 1164, 1166->1165, 1172, 1176, 1184, 1190, 1198, 1205, 1214, 1217, 1224, 1236, 1239, 1241->1240, 1245, 1253, 1260, 1263, 1266, 1269, 1276, 1283, 1286, 1290, 1297, 1300, 1302, 1305, 1308, 1315, 1322, 1325, 1327, 1329, 1335, 1339-1340, 1349, 1355, 1364, 1370, 1373, 1376, 1382, 1396-1397, 1404, 1407, 1411, 1429, 1432, 1438, 1442, 1445, 1453, 1456, 1458, 1461, 1464, 1478, 1484, 1496, 1499, 1508, 1510, 1513, 1519, 1522, 1527, 1530, 1533, 1539, 1548, 1565, 1569, 1573, 1583, 1589, 1592, 1595, 1598, 1605, 1609, 1612, 1616-1617, 1623, 1628, 1630, 1635, 1642-1643, 1651, 1660, 1666, 1669, 1672, 1674, 1676, 1678, 1684, 1688, 1691, 1694, 1697, 1705, 1710, 1713, 1717, 1719, 1721, 1727, 1736, 1745, 1749, 1752, 1759, 1763, 1765, 1774, 1778, 1784, 1791, 1799, 1804, 1806, 1808, 1814, 1822, 1827, 1834, 1848, 1852-1853, 1861, 1887, 1905, 1909, 1923, 1929, 1933, 1937-1938, 1941, 1944
src/iris_memory_core/__main__.py                                    1      1      0      0     0%   1
src/iris_memory_core/_resources.py                                 24      2      8      3    84%   28, 31, 36->38
src/iris_memory_core/api/app.py                                   908    138    382     51    83%   119, 125, 127, 138, 141, 166, 169, 206, 218, 221, 225, 233, 236, 239-241, 243, 299, 322, 325, 339, 344-356, 383-384, 386, 393-396, 407-451, 457-468, 617, 626, 715, 734, 745, 970, 1019, 1026-1027, 1035-1036, 1237, 1250-1254, 1318-1321, 1394, 1411, 1422, 1451, 1456, 1459, 1541, 1554, 1560, 1564, 1566->1613, 1571, 1609-1611, 1639-1641, 1689->1697, 1727, 1739, 1761-1762, 1803, 1829, 1853, 1895-1896, 1903-1906, 1908-1909, 1958-1965
src/iris_memory_core/api/console/app.py                           123      6     34      3    93%   60, 83, 109, 126-128
src/iris_memory_core/api/console/auth.py                          115      4     42      2    96%   89-91, 110
src/iris_memory_core/api/console/config.py                         52      3     22      1    95%   16-17, 75
src/iris_memory_core/api/console/crypto.py                         62      5     10      3    89%   22-23, 27, 33, 84
src/iris_memory_core/api/console/errors.py                         46      1     14      1    97%   79
src/iris_memory_core/api/console/key_views.py                      57      1     16      1    97%   123
src/iris_memory_core/api/console/listening.py                      41      3      8      0    90%   26, 69-70
src/iris_memory_core/api/console/offline.py                        41      4      8      4    84%   40, 46, 48, 53
src/iris_memory_core/api/console/resource_views.py                110      3     50      3    96%   93, 97, 154
src/iris_memory_core/api/console/routes_artifacts.py               63      2     26      3    94%   37, 51->56, 53
src/iris_memory_core/api/console/routes_auth.py                   112      9     10      1    90%   81-86, 169-178
src/iris_memory_core/api/console/routes_forget.py                  29      2      6      2    89%   25, 43
src/iris_memory_core/api/console/routes_identity.py                56      3      6      3    90%   58, 104, 119
src/iris_memory_core/api/console/routes_memory.py                 378     28    114     25    89%   51, 118, 139, 163, 188, 208, 233, 253, 290, 311-312, 352, 359, 381-382, 422, 424, 446-447, 487, 513, 559, 572, 621, 690, 742, 833, 936
src/iris_memory_core/api/console/routes_operations.py              66      1     10      1    97%   54
src/iris_memory_core/api/console/routes_persona_policy.py          48      1     10      1    97%   138
src/iris_memory_core/api/console/routes_persona_proposals.py       40      1      2      0    98%   154
src/iris_memory_core/api/console/routes_personas.py                36      1      4      1    95%   21
src/iris_memory_core/api/errors.py                                 47      4     14      2    90%   82, 86, 137-138
src/iris_memory_core/api/views.py                                 137      8     12      4    92%   79-80, 115, 123, 125, 127, 846, 895
src/iris_memory_core/application/artifacts.py                     218     25     72     19    84%   110, 143, 213, 215, 234, 275, 279, 281, 284-285, 297, 300, 305, 310, 333, 380, 385, 452, 457, 490, 571-574, 614
src/iris_memory_core/application/backpressure.py                  144      7     36      5    93%   52, 54, 56, 172-173, 176-177
src/iris_memory_core/application/console/artifacts.py              65      1      4      1    97%   164
src/iris_memory_core/application/console/authorization.py         127     22     80     11    81%   38-40, 44, 50, 55, 64-70, 88, 128-131, 148, 153, 161, 179
src/iris_memory_core/application/console/claims.py                 64      1      6      1    97%   158
src/iris_memory_core/application/console/commands.py              105     10     46     10    87%   155, 174, 176, 201, 221, 248, 258, 290, 293, 310
src/iris_memory_core/application/console/credentials.py           121     23     54     13    74%   98->97, 101, 133, 140-143, 146, 155-156, 159, 199, 221, 230, 233, 236, 275-296
src/iris_memory_core/application/console/episodes.py               63      1      8      1    97%   157
src/iris_memory_core/application/console/focus.py                  64      2      8      2    94%   92, 160
src/iris_memory_core/application/console/forget.py                274     26    126     24    88%   69, 96, 172, 177, 204, 212, 227, 230-231, 253, 266, 268, 271, 281, 418, 420, 422, 429, 472, 485, 488, 501, 571, 590, 598, 611
src/iris_memory_core/application/console/forget_selection.py       41     11     20      7    70%   33, 40, 42, 45, 48, 51-53, 62-64
src/iris_memory_core/application/console/identity.py              117      7     30      6    91%   43, 105, 149, 152-153, 210, 266, 294->296
src/iris_memory_core/application/console/notes.py                  65      1      8      1    97%   157
src/iris_memory_core/application/console/observations.py           60      1      6      1    97%   152
src/iris_memory_core/application/console/operations.py            160     14     44     14    86%   89, 92, 180, 188, 192, 196, 199, 223, 233, 317, 319, 406, 409, 419
src/iris_memory_core/application/console/persona_policy.py         44      2      4      2    92%   39, 43
src/iris_memory_core/application/console/persona_proposals.py      75      4     16      6    89%   53, 57, 67, 68->95, 78, 86->93
src/iris_memory_core/application/console/persona_states.py         57      2     10      2    94%   46, 50
src/iris_memory_core/application/console/personas.py               50      3      6      3    89%   41, 45, 49
src/iris_memory_core/application/console/reads.py                 182     20     82      9    88%   45, 48, 109-110, 118, 170-178, 187, 189, 234, 323, 326-327
src/iris_memory_core/application/console/relations.py              64      1      8      1    97%   161
src/iris_memory_core/application/console/security.py              286     23    120     22    89%   60, 101, 158, 163, 165, 175, 178, 288, 300, 402-403, 406, 412, 440, 472->exit, 502, 546, 590-598, 616, 622, 632, 657->661, 675, 689->680
src/iris_memory_core/application/console/tasks.py                 148      5     30      5    94%   98, 159, 219, 271, 421
src/iris_memory_core/application/entity_deletion.py                60      4     20      5    89%   32, 68, 137, 139->163, 146
src/iris_memory_core/application/episodes.py                      506     79    206     59    79%   118, 121, 136, 138, 147, 179, 186, 195, 199, 209, 222, 227, 243, 257, 297, 317, 395, 453, 455, 459, 461, 466, 468, 470, 472, 475, 483, 542, 547, 620, 668, 670, 736, 812-813, 825-842, 919, 979, 990, 998, 1038, 1058, 1062, 1105, 1126, 1134, 1181-1182, 1199, 1225, 1278, 1334, 1336, 1340, 1353, 1358, 1365, 1427, 1432, 1605, 1654-1655, 1670, 1677, 1694, 1701
src/iris_memory_core/application/events.py                        347     51    140     39    81%   89, 186, 305, 315, 349, 399, 401, 511, 569-570, 576, 581, 583, 588, 603, 605, 635, 697, 709, 711, 756, 765, 766->754, 772, 775, 786-788, 797, 798->773, 853, 856-857, 862-868, 879, 881, 907, 917, 939, 989, 999, 1118, 1202, 1208, 1223, 1228-1229, 1286-1287, 1289
src/iris_memory_core/application/focus.py                         485     52    188     43    86%   122, 124, 129, 131, 133, 136, 139, 141, 156, 160, 162, 165, 181-182, 249, 260, 295, 303-304, 306, 316, 344, 362, 382, 389, 398-399, 453, 495, 497, 519, 523, 583, 652, 773, 877, 921, 1028, 1032-1033, 1092, 1146-1147, 1189, 1232->1234, 1253->1255, 1269->1271, 1300-1301, 1316, 1382, 1387, 1398, 1453, 1490
src/iris_memory_core/application/forget.py                        533     52    262     46    86%   197->205, 271->277, 333->332, 345->344, 372->350, 398, 402->404, 448, 473, 548, 550, 632, 637, 657, 663, 665-667, 668->672, 671, 680, 716, 758, 791, 801, 816, 831-832, 976, 1083, 1094, 1109, 1120, 1139, 1150, 1182, 1186, 1190, 1194, 1200-1213, 1222, 1226, 1230, 1251, 1283, 1304, 1316, 1334, 1339->1347
src/iris_memory_core/application/health.py                        140     19     34      4    84%   116-117, 119-125, 134-138, 170, 175-176, 209, 229-230, 243
src/iris_memory_core/application/identity.py                      411     24    110     17    92%   262, 345, 349, 352-353, 357-358, 386, 411, 414, 523, 537, 539, 570, 574, 577-578, 583, 599, 610, 625, 665, 680, 1206
src/iris_memory_core/application/memory.py                        533     83    236     60    80%   106, 115, 119, 126, 129, 212, 231, 236-237, 239, 293, 303, 321, 332, 336, 340, 342-369, 390, 392, 403, 414, 416, 421, 423, 454, 456, 474, 491, 506, 510, 513, 516, 522, 582, 584, 587, 589, 592, 651, 653, 666, 669-670, 672, 678, 796, 801, 969, 1035, 1037, 1041, 1044, 1131, 1134-1141, 1164-1165, 1174, 1176, 1262, 1403-1404, 1443, 1457->1497, 1481, 1494, 1495->1457, 1587-1595, 1611, 1666
src/iris_memory_core/application/notes.py                         407     62    136     39    81%   134, 143, 147, 208, 212, 215-216, 231, 302, 410, 491, 497, 506, 521, 576, 580, 591, 593, 617, 651, 653, 712, 742-743, 834, 836, 850-851, 905, 932, 937, 939, 950, 1032, 1071-1072, 1125, 1127, 1137, 1168, 1185, 1190, 1208-1209, 1241-1250, 1293-1294, 1336, 1363-1412, 1446, 1453
src/iris_memory_core/application/observation.py                   362     35    188     37    87%   64, 76, 85, 124, 130, 145, 179, 186, 188, 201, 204-206, 216, 224, 227, 230, 291, 318, 451, 567->569, 573->575, 581, 609, 615, 622, 624, 627, 642, 665, 667, 670, 676, 678, 719->713, 733, 748, 750
src/iris_memory_core/application/outbox.py                        190      6     58      3    96%   366, 371, 376-381, 440
src/iris_memory_core/application/persona.py                       574     68    230     65    83%   85, 103, 135, 160, 173, 177, 198, 252, 314, 366, 385, 441, 494, 552, 583, 587, 602, 604, 666, 771, 782, 789, 802, 806, 816, 833, 848, 917, 919, 984, 994, 996, 1000, 1002, 1078-1085, 1115, 1160, 1174, 1182, 1387, 1408, 1419, 1423, 1429, 1435, 1444, 1455, 1459, 1462, 1470, 1481, 1489-1490, 1499, 1514, 1535, 1556, 1559, 1563, 1573, 1592, 1605, 1608, 1645, 1648, 1650, 1652
src/iris_memory_core/application/ports/clock.py                    33      4      0      0    88%   21, 42, 45, 48
src/iris_memory_core/application/promotion.py                     123      5     34      5    94%   131, 145, 155, 162, 276
src/iris_memory_core/application/provisioning.py                  210     19     46      5    89%   66, 348->363, 406, 482, 484, 491-492, 501-505, 508-520
src/iris_memory_core/application/recall.py                       1392    203    560    126    82%   238, 274, 376-377, 397, 601, 691, 693->695, 792, 805, 825, 867, 929, 954, 964, 966, 974, 976, 983, 1050, 1088, 1103, 1112, 1155, 1167, 1177-1182, 1190, 1194-1196, 1253, 1292, 1306, 1308, 1315, 1408, 1416, 1483, 1518, 1528, 1531, 1548, 1553, 1586, 1589, 1592, 1594, 1601, 1634, 1638-1639, 1641, 1643, 1652, 1654, 1682, 1753, 1758, 1761, 1764, 1766, 1773, 1985, 2068-2077, 2324, 2327, 2329, 2331, 2347, 2349, 2402, 2455-2456, 2458, 2460, 2462, 2464, 2474, 2476, 2488-2489, 2491, 2493, 2495, 2499, 2513-2514, 2516, 2518, 2521, 2532, 2545-2546, 2548, 2550, 2553, 2555, 2564, 2566, 2580-2581, 2585, 2588, 2590, 2598, 2600, 2603, 2605, 2613, 2629-2630, 2633-2651, 2664-2665, 2667, 2669, 2675, 2678, 2687, 2689, 2703-2704, 2708, 2710, 2713, 2716, 2718, 2727, 2729, 2738, 2754, 2756-2757, 2780, 2792, 3016, 3115, 3143, 3196, 3259, 3276, 3289->3306, 3308, 3340, 3347-3405, 3410-3469, 3475, 3571, 3579-3580, 3583-3584, 3647, 3679, 3685, 3688, 3697, 3727, 3732
src/iris_memory_core/application/recent.py                        161     18     66     13    85%   69, 89, 93, 97, 145, 206, 217, 223-224, 226, 228, 230, 241, 334-343, 431, 514
src/iris_memory_core/application/reflection.py                    360     65    120     33    79%   91, 93, 99, 105, 112, 115, 120, 123, 194-216, 272, 278, 315-316, 342, 377, 392, 405, 408-413, 432-438, 451, 455, 458, 474, 476, 493-503, 505-514, 518-527, 564, 657, 660, 667, 693-703, 739-745, 776, 816-820, 834, 900, 917, 939-950, 1025, 1043-1064
src/iris_memory_core/application/retention.py                     245     94     98     15    57%   68, 114, 145, 150, 164, 181, 249, 265-266, 290->235, 319, 332, 374->305, 380, 444, 460-491, 496-498, 510-588, 600-649, 654-686, 693-721, 735-759, 802, 806, 812
src/iris_memory_core/application/scheduler.py                     157     12     38      9    89%   68, 118, 120, 122, 190, 216-217, 291-292, 302->308, 351-352, 388
src/iris_memory_core/application/security.py                       46      3     10      3    89%   22, 85, 87
src/iris_memory_core/application/state.py                         222     29     88     24    83%   87, 89, 94, 98, 101, 104, 106, 147, 182, 186, 195, 209, 214, 216, 220, 227, 271, 320, 429, 438-439, 530-535, 585, 663, 677, 702
src/iris_memory_core/application/surface.py                       189      7     56      5    95%   64, 99, 277, 423, 447, 559-560
src/iris_memory_core/application/task_deletion.py                  57      7     34      8    84%   24->36, 27, 30, 33, 56, 62, 66, 77
src/iris_memory_core/application/tasks.py                        1032    139    462    127    82%   149, 156, 173, 175, 179, 190, 230, 240, 246, 249, 256, 258, 307, 336, 344, 349, 360, 363, 365, 404, 406, 410, 412, 414, 416, 431, 499, 506, 528, 572, 623, 625, 685, 706, 723, 725, 807, 809, 826-827, 882, 945->947, 982, 1041, 1067, 1084, 1091, 1101, 1111, 1114, 1135, 1140, 1162, 1245, 1284, 1286, 1290, 1292, 1294, 1296, 1373, 1410, 1481, 1483, 1499-1500, 1504, 1556, 1577, 1586, 1608, 1645, 1653, 1716, 1718, 1725, 1784, 1791, 1796, 1799, 1803, 1815, 1829, 1845->1849, 1848, 1915-1916, 1985, 2000, 2066, 2068, 2126, 2144, 2154, 2254, 2271, 2276, 2278->exit, 2317, 2388, 2407, 2414, 2426, 2429, 2439, 2443, 2445, 2450, 2453-2454, 2456, 2500, 2600, 2651, 2744->2726, 2756-2757, 2758->2760, 2844->2860, 2856-2857, 2884-2885, 2886->2908, 2896-2897, 2898->2908, 2966->2968, 2970, 2972->2978, 3010, 3014, 3016, 3074, 3080, 3093, 3100-3108, 3179, 3283, 3297->3262, 3300, 3311
src/iris_memory_core/application/write_support.py                  98     13     52     11    84%   119, 123, 125, 128, 144-145, 170, 174, 189, 192, 194, 279, 281
src/iris_memory_core/bootstrap.py                                  77      6     18      5    88%   62, 64, 73, 87-88, 108
src/iris_memory_core/cli.py                                       125      9     30      5    90%   18-21, 138, 140, 193-194, 206
src/iris_memory_core/coordinator/__init__.py                        2      2      0      0     0%   12-17
src/iris_memory_core/domain/access.py                              35      2     10      2    91%   52, 65
src/iris_memory_core/domain/console.py                            140      5     14      5    94%   31, 35, 38, 104, 112
src/iris_memory_core/domain/errors.py                             100      2      2      0    98%   131-132
src/iris_memory_core/domain/event.py                               92      4     16      4    93%   73, 75, 167, 169
src/iris_memory_core/domain/focus.py                              128      6     36      5    93%   133, 136, 160, 186, 188, 260
src/iris_memory_core/domain/fts.py                                139      4     16      4    95%   96, 98, 174, 183
src/iris_memory_core/domain/graph.py                              176      6     26      6    94%   155, 157, 159, 161, 165, 167
src/iris_memory_core/domain/jobs.py                               109      7     16      6    90%   74, 434, 463, 465, 467, 469, 503
src/iris_memory_core/domain/memory.py                             431     29    120     31    89%   256, 258, 265, 267, 274, 276, 278, 299, 303, 305, 364->371, 367, 373, 381, 386, 400, 406->420, 409, 412, 419, 478, 486, 743, 745, 759, 777, 779, 811, 815, 817, 820
src/iris_memory_core/domain/model.py                              252      3     32      3    98%   281, 315, 335
src/iris_memory_core/domain/note.py                                98      8     14      6    88%   85, 87, 94, 96, 98, 159, 194-196
src/iris_memory_core/domain/observation.py                        123      5     26      6    93%   81->exit, 124, 126, 140, 146, 148
src/iris_memory_core/domain/persona.py                            220     20     68     18    86%   192, 195, 199, 218, 225, 233, 235, 237-239, 256, 263, 268, 274, 287, 292, 296, 302, 305, 308
src/iris_memory_core/domain/privacy.py                             63      6     34      2    92%   74-76, 82-84
src/iris_memory_core/domain/profile.py                            216      3     38      2    98%   150, 152, 228
src/iris_memory_core/domain/recall.py                             159      4     50      4    96%   101, 104, 155, 210
src/iris_memory_core/domain/recent.py                             159     22     48     16    80%   78, 154, 159-163, 282, 315, 317, 320, 324, 326, 328, 330, 332, 337, 339, 344, 349, 353, 355
src/iris_memory_core/domain/reflection.py                         288     21     68     14    88%   121, 135, 295, 324, 326-329, 335, 355, 360-361, 367, 379, 384, 392, 424, 429, 437, 447-448
src/iris_memory_core/domain/retention.py                          141      7     38      7    92%   174, 178, 180, 182, 203, 207, 312
src/iris_memory_core/domain/schedule.py                           168     12     46      5    91%   86, 91, 96, 114, 117-119, 162, 220-223
src/iris_memory_core/domain/scope.py                               50      6     24      2    86%   40, 44-46, 49, 82
src/iris_memory_core/domain/state.py                              148     21     44     14    81%   67, 69, 71, 73, 75, 130, 197-198, 217, 248, 251-252, 262, 266, 268, 276-278, 281, 291, 293
src/iris_memory_core/domain/surface.py                             59      3     10      3    91%   55, 61, 63
src/iris_memory_core/domain/task.py                               347     26    106     16    89%   217, 219, 294, 296, 385, 479, 487-491, 509, 520, 543, 572-574, 593-595, 640, 642, 644, 646, 662, 680
src/iris_memory_core/domain/vector.py                             211      9     54      7    94%   131, 234, 236, 265, 357, 364, 366, 447, 457
src/iris_memory_core/indexing/faiss.py                             90      9     22      7    86%   30-31, 61, 89, 91, 96, 110, 142, 144
src/iris_memory_core/indexing/fts.py                              234     33     86     17    82%   187->168, 245-246, 270, 343, 346, 367, 370, 382-388, 432, 438-444, 448, 451-455, 487, 493, 500, 527, 540-543, 554
src/iris_memory_core/indexing/graph.py                            355     50    164     33    83%   105-106, 112->116, 146, 177, 179, 206, 209, 211, 284, 288, 332->exit, 334-335, 354, 362, 413, 415, 417-418, 460-461, 495-496, 500, 502, 533-534, 536, 538, 541, 572->574, 581->583, 591-594, 609-610, 641, 657-658, 662, 681, 692-693, 695, 699, 713, 726->732, 753-754, 771-773
src/iris_memory_core/indexing/profile.py                          390     49    178     39    84%   134-135, 138-139, 167, 193, 195->191, 199->197, 240, 244, 287->exit, 289-291, 310, 313, 327->339, 333-334, 347, 353->360, 359, 363-364, 367->373, 375-376, 381->388, 393, 415, 418-419, 423, 425, 431, 433, 443-444, 448, 468-470, 513, 559->570, 589, 598-599, 601, 616, 622, 625, 640, 657, 723, 747, 754, 766, 774, 795->793, 801->793
src/iris_memory_core/indexing/vector.py                           757     97    272     56    84%   205-211, 230->214, 261, 411-415, 471-472, 494, 550-553, 577-578, 580, 583, 588, 602, 609, 616, 618, 623, 626, 654, 658, 660, 663, 667, 680, 690, 693, 696-697, 699, 717, 720, 725-726, 728, 739->737, 769, 773-774, 891, 941->exit, 943-945, 952, 981, 997-999, 1036-1037, 1136->1143, 1139-1142, 1144, 1147-1148, 1296, 1307, 1319-1324, 1378, 1393, 1399-1405, 1409, 1412-1416, 1437, 1443, 1446, 1448, 1452, 1464, 1479-1480, 1505, 1527, 1530, 1583, 1611->1613, 1637-1639
src/iris_memory_core/jobs/handlers.py                             446     90    120     42    75%   63, 196-199, 240, 265, 293, 298, 300, 302, 305, 334, 390, 417, 436, 439, 442, 461, 482, 504, 506, 541, 547-548, 558-565, 567, 585, 587, 590->exit, 621, 623, 672-701, 719, 721, 724->exit, 763, 766, 769, 771, 774, 778, 780, 790->792, 860-874, 883-892, 901-906, 925, 999, 1061, 1111-1116, 1129-1160, 1182, 1184
src/iris_memory_core/jobs/worker.py                                91      3     12      3    94%   50, 262, 267, 299->292
src/iris_memory_core/observability/logging.py                      59      2     22      4    93%   93, 116, 147->150, 148->147
src/iris_memory_core/observability/metrics.py                      87     11     12      1    88%   82, 127, 130, 133, 136, 139, 150, 155, 191-193
src/iris_memory_core/providers/cognitive.py                       305     57     86     24    77%   32-33, 48, 50, 52, 54, 56, 58, 93, 101, 113-117, 141->146, 143->146, 185-186, 195-196, 252, 263, 267-271, 284, 309->exit, 311->exit, 318, 339-350, 371, 404->391, 406-407, 426, 431-433, 478-483, 508, 510-511, 545-547, 557-559
src/iris_memory_core/providers/embedding.py                       295     26     78     16    88%   92, 94, 99, 101, 103, 105, 158, 231->exit, 355, 390-391, 438-439, 446, 450, 523, 527-529, 531, 535, 581, 602, 607-608, 612-613
src/iris_memory_core/recall_runtime.py                             42      1     10      2    94%   56->60, 58
src/iris_memory_core/runtime.py                                   185     18     80     17    85%   99->110, 111, 113, 115, 123, 126, 133, 139, 154, 177-180, 193, 197, 205->207, 214, 286-287, 294->300, 298, 301->305
src/iris_memory_core/storage/admin_archives.py                     65     10     18      4    78%   50, 60-63, 72, 85-88
src/iris_memory_core/storage/backup.py                           1001    134    460     85    84%   72, 79, 105, 108, 114, 140-142, 153, 158, 177-179, 190, 194, 196, 201, 213, 225, 227, 310, 313-314, 348, 383, 400, 420, 440-441, 443, 445-447, 457->474, 462-464, 471, 473, 588, 597, 622, 626, 633, 800, 807-808, 810-811, 814-816, 873, 884, 915, 937->944, 943, 949-950, 952, 998-1001, 1040-1043, 1072->1089, 1089->1106, 1107-1110, 1121-1122, 1124, 1148, 1156, 1160, 1166, 1171, 1198, 1207, 1211-1212, 1217, 1228, 1243-1244, 1246-1250, 1270, 1294, 1310-1313, 1318-1322, 1331-1334, 1352, 1362, 1412, 1419, 1426, 1451, 1464, 1471, 1494, 1508, 1522, 1587-1589, 1707, 1714, 1720, 1741, 1759, 1760->1767, 1773, 1786, 1792, 1799, 1806, 1819, 1826, 1833, 1923, 1929, 1975-1976, 1987->1983, 2007, 2032, 2064
src/iris_memory_core/storage/cognitive.py                         261      9     38      8    94%   346-347, 400, 418, 457, 706->709, 784, 816, 867-868, 947->950, 994->998
src/iris_memory_core/storage/console.py                           104      6     10      3    92%   76, 106, 157-158, 268-271
src/iris_memory_core/storage/console_operation_restore.py          65      3     24      4    92%   25, 38, 69, 143->145
src/iris_memory_core/storage/console_operations.py                 48      6     18      4    85%   35, 85-86, 88-89, 118
src/iris_memory_core/storage/console_reads.py                     335     28    172     24    89%   355-356, 361, 376, 377->363, 413, 448, 450, 452, 483-484, 492-493, 495-496, 520, 523-524, 544-545, 576->600, 596->577, 685-686, 707-711, 733-735, 738->742, 756->758, 760, 807->813, 846, 869->872, 877->896
src/iris_memory_core/storage/fts.py                               195     22     40      8    86%   39-40, 46, 117, 127, 139, 153-157, 215, 219-223, 309, 652, 678-681, 704, 767
src/iris_memory_core/storage/idempotency.py                       148     16     38      5    88%   127-136, 179, 256, 280, 346, 366->363, 437, 448-461, 478-479, 483
src/iris_memory_core/storage/memory.py                            734     91    140     33    86%   93, 100, 107, 261-262, 319-320, 351-352, 416-419, 431-432, 438-442, 644-645, 708-709, 760-761, 763-764, 772-773, 775-776, 846-847, 928-929, 945-950, 978-986, 1031-1033, 1068-1071, 1074-1079, 1148-1149, 1151-1152, 1176-1178, 1191, 1375-1376, 1429-1430, 1501->1504, 1539-1544, 1640-1641, 1650, 1787, 1875-1876, 1903, 1919, 1926, 1936, 1942, 1946-1949, 1959, 1961, 2032-2037, 2040-2045, 2180-2184, 2225-2226, 2247, 2310->2313, 2313->2316, 2316->2319, 2343-2344, 2384->2387, 2387->2390, 2390->2393, 2429-2435, 2438-2445, 2448-2453
src/iris_memory_core/storage/migrations.py                        246     14     70      8    92%   217, 236, 253, 261->282, 266-271, 282->335, 341, 346-349, 585->587, 635-636
src/iris_memory_core/storage/persona.py                           152     18     44     15    83%   39, 183-184, 190, 198, 209-211, 217-219, 259, 274, 327, 374, 407, 444, 479, 485, 540->538
src/iris_memory_core/storage/plans.py                             533     47     90     17    89%   84->87, 133, 140, 227, 277-278, 378-379, 409->413, 413->422, 423-424, 476-483, 712-715, 742-745, 789, 814, 862-863, 980->984, 1055, 1085-1086, 1204-1208, 1269-1270, 1352-1359, 1386, 1429-1430, 1504->1507, 1549->1552, 1609-1613, 1659-1665, 1774, 1829-1830, 1934-1935, 1989
src/iris_memory_core/storage/projection.py                        315     52     78     16    81%   48-49, 52, 58-59, 61, 64->63, 101, 114-118, 165, 169-173, 194-219, 298, 303, 423, 428->437, 432, 464-468, 498, 510-514, 642-647, 671, 680-685, 693-698, 718, 870->879, 874, 908
src/iris_memory_core/storage/reflection.py                        192     17     22      7    89%   40, 99-104, 123-141, 217, 232, 381, 502-509, 552, 584, 594-599, 701-702, 797
src/iris_memory_core/storage/repositories.py                      428     29     62     10    91%   122, 441, 490, 531, 534, 600, 803, 893, 960, 1064, 1111-1112, 1124-1127, 1156-1159, 1211, 1307-1309, 1578-1587
src/iris_memory_core/storage/spine.py                             393     23     66     12    92%   163->166, 166->169, 172->179, 238-242, 307-315, 390, 437, 473-474, 547, 577->569, 739->742, 916-917, 964-965, 1026-1027, 1040-1046, 1127, 1143, 1188-1189, 1230->1222, 1312-1317
src/iris_memory_core/storage/uow.py                               298     22     38      7    89%   91, 596, 624->626, 631->633, 636->exit, 667->670, 711-713, 743-751, 757->exit, 761-770
src/iris_memory_core/storage/vector.py                            167      6     38      7    94%   116, 146, 331, 549, 554->563, 558, 603
-----------------------------------------------------------------------------------------------------------
TOTAL                                                           30272   3305   9910   2160    85%

48 files skipped due to complete coverage.
Required test coverage of 80% reached. Total coverage: 85.50%
================ 11705 passed, 2 warnings in 870.87s (0:14:30) =================
npm test --prefix sdk/typescript

> @iris-memory/sdk@0.11.2 test
> npm run build && node --test dist/test/*.test.js


> @iris-memory/sdk@0.11.2 build
> tsc --project tsconfig.json

✔ parseEventStream retains cursor and forward fields (0.926792ms)
✔ adapter-facing reads propagate AbortSignal and authentication (19.879208ms)
✔ events sends Last-Event-ID and parses a finite SSE poll (1.6345ms)
✔ events rejects invalid saved checkpoints before transport (0.492042ms)
✔ events rejects an HTTP error instead of treating it as an empty poll (0.369333ms)
✔ TypeScript SDK matches the shared fixture manifest (38.207417ms)
✔ Phase 10 management requests carry Bearer and idempotency headers (19.399042ms)
✔ noteAction carries the lease proof on the wire (4.094125ms)
✔ task and step transitions carry the lease proof on the wire (0.965958ms)
✔ ackCognitiveEvent carries the lease proof on the wire (0.611334ms)
✔ rememberClaim carries the lease proof on the wire (0.668209ms)
✔ correctClaim carries the lease proof on the wire (0.44ms)
✔ forgetMemory carries the lease proof on the wire (0.879833ms)
✔ createArtifact carries the lease proof on the wire (0.704125ms)
✔ transitionEpisode carries target and the lease proof on the wire (0.563208ms)
✔ recall posts the full request scope on the wire (0.806292ms)
✔ reportRecallUsage posts stage ids and idempotency key (1.012542ms)
✔ search posts query and scope on the wire (0.306167ms)
✔ persona mutations carry idempotency keys and exact resource paths (2.598083ms)
ℹ tests 19
ℹ suites 0
ℹ pass 19
ℹ fail 0
ℹ cancelled 0
ℹ skipped 0
ℹ todo 0
ℹ duration_ms 98.385084
npm run check --prefix web/console

> @iris-memory/console@0.1.0 check
> npm run types:check && npm run lint && npm run typecheck && npm test && npm run build


> @iris-memory/console@0.1.0 types:check
> node scripts/check-types.mjs && node scripts/generate-protocol.mjs --check

Published Console type generation is deterministic.

> @iris-memory/console@0.1.0 lint
> eslint . --max-warnings 0


> @iris-memory/console@0.1.0 typecheck
> tsc --noEmit


> @iris-memory/console@0.1.0 test
> vitest run


 RUN  v3.2.4 /Users/cassia/Local/Code/iris_memory_core/web/console

 ✓ tests/client.test.ts (16 tests) 22ms
 ✓ tests/workflows.test.tsx (13 tests) 275ms

 Test Files  2 passed (2)
      Tests  29 passed (29)
   Start at  00:13:17
   Duration  1.10s (transform 175ms, setup 0ms, collect 369ms, tests 297ms, environment 639ms, prepare 113ms)


> @iris-memory/console@0.1.0 build
> tsc --noEmit && vite build && node scripts/check-build.mjs

vite v7.1.4 building for production...
transforming...
node_modules/react-router/dist/development/index.mjs (11:0): Module level directives cause errors when bundled, "use client" in "node_modules/react-router/dist/development/index.mjs" was ignored.
node_modules/react-router/dist/development/dom-export.mjs (1:0): Module level directives cause errors when bundled, "use client" in "node_modules/react-router/dist/development/dom-export.mjs" was ignored.
✓ 56 modules transformed.
rendering chunks...
computing gzip size...
dist/index.html                   0.44 kB │ gzip:  0.32 kB
dist/assets/index-DsQ9LCF9.css    6.82 kB │ gzip:  2.27 kB
dist/assets/index-BFsozoxe.js   309.05 kB │ gzip: 97.58 kB
✓ built in 609ms
Production assets: same-origin, no mock, no inline entry, no eval, allowed suffixes.
npm run test:browser --prefix web/console

> @iris-memory/console@0.1.0 test:browser
> playwright test

(node:90214) [DEP0205] DeprecationWarning: `module.register()` is deprecated. Use `module.registerHooks()` instead.
(Use `node --trace-deprecation ...` to show where the warning was created)
[WebServer] INFO:     Started server process [90220]
[WebServer] INFO:     Waiting for application startup.
[WebServer] INFO:     Application startup complete.
[WebServer] INFO:     Uvicorn running on http://127.0.0.1:8766 (Press CTRL+C to quit)
[WebServer] {"duration_ms": 46.11545900115743, "event": "console.request", "id_hash": "h_0655e4da1488", "status": "200"}

Running 20 tests using 1 worker

(node:90224) Warning: The 'NO_COLOR' env is ignored due to the 'FORCE_COLOR' env being set.
(Use `node --trace-warnings ...` to show where the warning was created)
(node:90224) [DEP0205] DeprecationWarning: `module.register()` is deprecated. Use `module.registerHooks()` instead.
(node:90224) Warning: The 'NO_COLOR' env is ignored due to the 'FORCE_COLOR' env being set.
(Use `node --trace-warnings ...` to show where the warning was created)
[WebServer] {"duration_ms": 2.186208999773953, "event": "console.request", "id_hash": "h_60ed9f43caf6", "status": "200"}
[WebServer] {"duration_ms": 2.2230419999687, "event": "console.request", "id_hash": "h_676eff4687c8", "status": "200"}
[WebServer] {"duration_ms": 1.9407499985391041, "event": "console.request", "id_hash": "h_3e9a418263c5", "status": "200"}
[WebServer] {"duration_ms": 8.19608299934771, "event": "console.request", "id_hash": "h_ae84e5b0e574", "status": "401"}
[WebServer] {"duration_ms": 102.10987500067858, "event": "console.request", "id_hash": "h_e64a582cc643", "status": "200"}
[WebServer] {"duration_ms": 6.474458999946364, "event": "console.request", "id_hash": "h_c21310e8509f", "status": "200"}
[WebServer] {"duration_ms": 41.24249999949825, "event": "console.request", "id_hash": "h_240976dc4048", "status": "200"}
[WebServer] {"duration_ms": 7.01070800096204, "event": "console.request", "id_hash": "h_b9b9532c5a4c", "status": "200"}
[WebServer] {"duration_ms": 5.66616600008274, "event": "console.request", "id_hash": "h_00aa1445f91c", "status": "200"}
[WebServer] {"duration_ms": 11.790209000537288, "event": "console.request", "id_hash": "h_7003da57fed7", "status": "200"}
[WebServer] {"duration_ms": 10.083416000270518, "event": "console.request", "id_hash": "h_a3114bb4c83f", "status": "200"}
[WebServer] {"duration_ms": 2.3708749995421385, "event": "console.request", "id_hash": "h_1eb6d3a7c490", "status": "200"}
[WebServer] {"duration_ms": 2.8452499991544755, "event": "console.request", "id_hash": "h_e0538938374c", "status": "200"}
[WebServer] {"duration_ms": 2.094167000905145, "event": "console.request", "id_hash": "h_4754679ab846", "status": "200"}
[WebServer] {"duration_ms": 3.416833000301267, "event": "console.request", "id_hash": "h_0764aa8a2d7a", "status": "200"}
[WebServer] {"duration_ms": 6.487167000159388, "event": "console.request", "id_hash": "h_a3c64e2aedce", "status": "200"}
[WebServer] {"duration_ms": 35.72608399917954, "event": "console.request", "id_hash": "h_17d5d1dd0b6e", "status": "200"}
[WebServer] {"duration_ms": 12.023792000036337, "event": "console.request", "id_hash": "h_85568da673a1", "status": "200"}
[WebServer] {"duration_ms": 17.329500000414555, "event": "console.request", "id_hash": "h_f44ee2486e9a", "status": "200"}
  ✓   1 tests/browser/console.spec.ts:6:1 › real memory registry, canonical list, detail and history (1.3s)
[WebServer] {"duration_ms": 1.0330000004614703, "event": "console.request", "id_hash": "h_e2b09f078a3c", "status": "200"}
[WebServer] {"duration_ms": 2.3511669987783534, "event": "console.request", "id_hash": "h_b4076f3e880f", "status": "200"}
[WebServer] {"duration_ms": 2.1506670000235317, "event": "console.request", "id_hash": "h_65c6279d6c70", "status": "200"}
[WebServer] {"duration_ms": 4.649208000046201, "event": "console.request", "id_hash": "h_62c6b08dba15", "status": "401"}
[WebServer] {"duration_ms": 101.19304200088663, "event": "console.request", "id_hash": "h_7bd9a96c2b07", "status": "200"}
[WebServer] {"duration_ms": 5.466333001095336, "event": "console.request", "id_hash": "h_c70ac817447f", "status": "200"}
[WebServer] {"duration_ms": 54.579499999817926, "event": "console.request", "id_hash": "h_17f62b4a5c21", "status": "200"}
[WebServer] {"duration_ms": 5.66791699930036, "event": "console.request", "id_hash": "h_a81fc85aa23a", "status": "200"}
[WebServer] {"duration_ms": 30.841374998999527, "event": "console.request", "id_hash": "h_e7139d30bf6a", "status": "200"}
[WebServer] {"duration_ms": 32.88191700085008, "event": "console.request", "id_hash": "h_828f391ae893", "status": "200"}
[WebServer] {"duration_ms": 32.59737499865878, "event": "console.request", "id_hash": "h_80e204c25376", "status": "200"}
[WebServer] {"duration_ms": 32.861707999472856, "event": "console.request", "id_hash": "h_d8bfa7280ba3", "status": "200"}
[WebServer] {"duration_ms": 20.684417000666144, "event": "console.request", "id_hash": "h_7aed2cdf1d72", "status": "201"}
[WebServer] {"duration_ms": 5.626374999337713, "event": "console.request", "id_hash": "h_76f6c3316ff9", "status": "200"}
[WebServer] {"duration_ms": 8.370749999812688, "event": "console.request", "id_hash": "h_bc59fce0109e", "status": "200"}
[WebServer] {"duration_ms": 1.1748329998226836, "event": "console.request", "id_hash": "h_a701ab30b13b", "status": "200"}
[WebServer] {"duration_ms": 0.9354589983558981, "event": "console.request", "id_hash": "h_5ba24976934c", "status": "200"}
[WebServer] {"duration_ms": 1.9048750000365544, "event": "console.request", "id_hash": "h_9d1077282f5d", "status": "200"}
[WebServer] {"duration_ms": 3.3039580011973158, "event": "console.request", "id_hash": "h_29b88740b4a8", "status": "200"}
[WebServer] {"duration_ms": 5.787874999441556, "event": "console.request", "id_hash": "h_f006588bcd80", "status": "200"}
[WebServer] {"duration_ms": 31.775416999153094, "event": "console.request", "id_hash": "h_559f7e1ad8ce", "status": "200"}
[WebServer] {"duration_ms": 11.631833998762886, "event": "console.request", "id_hash": "h_82292cda8c22", "status": "200"}
[WebServer] {"duration_ms": 13.833958999384777, "event": "console.request", "id_hash": "h_b54c8fe905fd", "status": "200"}
[WebServer] {"duration_ms": 20.83816600134014, "event": "console.request", "id_hash": "h_85d929bf2853", "status": "200"}
[WebServer] {"duration_ms": 13.259458999527851, "event": "console.request", "id_hash": "h_7827e59c94d4", "status": "200"}
[WebServer] {"duration_ms": 16.842916998939472, "event": "console.request", "id_hash": "h_835f8e5b9f6b", "status": "200"}
[WebServer] {"duration_ms": 22.36612500018964, "event": "console.request", "id_hash": "h_4a182e7bed98", "status": "200"}
[WebServer] {"duration_ms": 10.741292000602698, "event": "console.request", "id_hash": "h_5c4fd41aa082", "status": "200"}
[WebServer] {"duration_ms": 13.841375000993139, "event": "console.request", "id_hash": "h_0b54bc80a1a4", "status": "200"}
[WebServer] {"duration_ms": 1.2486249997891719, "event": "console.request", "id_hash": "h_7c0ccd02fb18", "status": "200"}
[WebServer] {"duration_ms": 1.8782500010274816, "event": "console.request", "id_hash": "h_490645bcc716", "status": "200"}
[WebServer] {"duration_ms": 1.6976249989966163, "event": "console.request", "id_hash": "h_3beb36262fa8", "status": "200"}
[WebServer] {"duration_ms": 3.736958999070339, "event": "console.request", "id_hash": "h_625df727d356", "status": "200"}
[WebServer] {"duration_ms": 4.807916999197914, "event": "console.request", "id_hash": "h_6dd675e543ba", "status": "200"}
[WebServer] {"duration_ms": 29.360208000070998, "event": "console.request", "id_hash": "h_a292ebdb8930", "status": "200"}
[WebServer] {"duration_ms": 12.701625000772765, "event": "console.request", "id_hash": "h_26559921cf51", "status": "200"}
[WebServer] {"duration_ms": 14.558332999513368, "event": "console.request", "id_hash": "h_ccc4295d4312", "status": "200"}
[WebServer] {"duration_ms": 5.053917000623187, "event": "console.request", "id_hash": "h_dd6ec419e20d", "status": "200"}
[WebServer] {"duration_ms": 26.52920900072786, "event": "console.request", "id_hash": "h_142503a85d02", "status": "200"}
[WebServer] {"duration_ms": 27.033375001337845, "event": "console.request", "id_hash": "h_bd69eea37f9f", "status": "200"}
[WebServer] {"duration_ms": 27.683583999532857, "event": "console.request", "id_hash": "h_6b01a35fcead", "status": "200"}
[WebServer] {"duration_ms": 28.609625000171945, "event": "console.request", "id_hash": "h_567939c06b5e", "status": "200"}
[WebServer] {"duration_ms": 21.55937499992433, "event": "console.request", "id_hash": "h_e46500d77eb8", "status": "201"}
[WebServer] {"duration_ms": 4.99041699913505, "event": "console.request", "id_hash": "h_e6acdd055881", "status": "200"}
[WebServer] {"duration_ms": 8.615250000730157, "event": "console.request", "id_hash": "h_df5320c43b06", "status": "200"}
[WebServer] {"duration_ms": 19.86270800080092, "event": "console.request", "id_hash": "h_6576aaaf2863", "status": "200"}
[WebServer] {"duration_ms": 1.0883329996431712, "event": "console.request", "id_hash": "h_270c4df7bafb", "status": "200"}
[WebServer] {"duration_ms": 1.9026669997401768, "event": "console.request", "id_hash": "h_bd90b6272b41", "status": "200"}
[WebServer] {"duration_ms": 1.659583000218845, "event": "console.request", "id_hash": "h_ca7795cf1650", "status": "200"}
[WebServer] {"duration_ms": 12.669208999795956, "event": "console.request", "id_hash": "h_c690ece2f173", "status": "200"}
[WebServer] {"duration_ms": 16.91841700085206, "event": "console.request", "id_hash": "h_dbf08d065d72", "status": "200"}
[WebServer] {"duration_ms": 2.4194999987230403, "event": "console.request", "id_hash": "h_60392fa1e4bd", "status": "200"}
[WebServer] {"duration_ms": 5.084791000626865, "event": "console.request", "id_hash": "h_e32e0dc003e5", "status": "200"}
[WebServer] {"duration_ms": 32.12920800069696, "event": "console.request", "id_hash": "h_0d5d8251191a", "status": "200"}
[WebServer] {"duration_ms": 11.767415999202058, "event": "console.request", "id_hash": "h_a4fea8088099", "status": "200"}
[WebServer] {"duration_ms": 18.224040999484714, "event": "console.request", "id_hash": "h_95d6998c037b", "status": "200"}
[WebServer] {"duration_ms": 1.306750000367174, "event": "console.request", "id_hash": "h_7038256e95e3", "status": "200"}
[WebServer] {"duration_ms": 2.0841250006924383, "event": "console.request", "id_hash": "h_009a80896fae", "status": "200"}
[WebServer] {"duration_ms": 1.248082999154576, "event": "console.request", "id_hash": "h_84069b3900ba", "status": "200"}
[WebServer] {"duration_ms": 4.200125000352273, "event": "console.request", "id_hash": "h_dcf4fa625f44", "status": "200"}
[WebServer] {"duration_ms": 5.244709000180592, "event": "console.request", "id_hash": "h_b1331031e94d", "status": "200"}
[WebServer] {"duration_ms": 34.13808300138044, "event": "console.request", "id_hash": "h_30024c90c09d", "status": "200"}
[WebServer] {"duration_ms": 11.093999999502557, "event": "console.request", "id_hash": "h_88aaba695157", "status": "200"}
[WebServer] {"duration_ms": 13.701333999051712, "event": "console.request", "id_hash": "h_fde05aa18c68", "status": "200"}
[WebServer] {"duration_ms": 1.1369999992894009, "event": "console.request", "id_hash": "h_e588ca08af5f", "status": "200"}
[WebServer] {"duration_ms": 3.2293329986714525, "event": "console.request", "id_hash": "h_1badc4a31195", "status": "200"}
[WebServer] {"duration_ms": 4.453416999240289, "event": "console.request", "id_hash": "h_7ddce8ae66b6", "status": "200"}
[WebServer] {"duration_ms": 3.0939159987610765, "event": "console.request", "id_hash": "h_cec881e78c26", "status": "200"}
[WebServer] {"duration_ms": 5.9685409996745875, "event": "console.request", "id_hash": "h_6a7da2c0cfdd", "status": "200"}
[WebServer] {"duration_ms": 34.5574580005632, "event": "console.request", "id_hash": "h_b68766a3c39b", "status": "200"}
[WebServer] {"duration_ms": 11.564624999664375, "event": "console.request", "id_hash": "h_fcd3ca534d28", "status": "200"}
[WebServer] {"duration_ms": 14.034167001227615, "event": "console.request", "id_hash": "h_953219c45c11", "status": "200"}
[WebServer] {"duration_ms": 1.7588340015208814, "event": "console.request", "id_hash": "h_253cf075fd33", "status": "200"}
[WebServer] {"duration_ms": 20.70004100096412, "event": "console.request", "id_hash": "h_fb701450b85f", "status": "200"}
[WebServer] {"duration_ms": 21.070834000056493, "event": "console.request", "id_hash": "h_5082a9ff9c6f", "status": "200"}
[WebServer] {"duration_ms": 9.798332999707782, "event": "console.request", "id_hash": "h_fee12c2ea091", "status": "200"}
[WebServer] {"duration_ms": 10.610166000333265, "event": "console.request", "id_hash": "h_ca693e7836d1", "status": "200"}
[WebServer] {"duration_ms": 34.83187500023632, "event": "console.request", "id_hash": "h_6b92d35db962", "status": "200"}
[WebServer] {"duration_ms": 5.342709000615287, "event": "console.request", "id_hash": "h_a7693e54735d", "status": "200"}
[WebServer] {"duration_ms": 47.48699999981909, "event": "console.request", "id_hash": "h_d35b9107a282", "status": "200"}
[WebServer] {"duration_ms": 47.56012500001816, "event": "console.request", "id_hash": "h_3ef936c20db8", "status": "200"}
[WebServer] {"duration_ms": 50.39529100031359, "event": "console.request", "id_hash": "h_5473941af566", "status": "200"}
[WebServer] {"duration_ms": 49.54412500046601, "event": "console.request", "id_hash": "h_eab15c027536", "status": "200"}
[WebServer] {"duration_ms": 49.86212499898102, "event": "console.request", "id_hash": "h_1867fdd2f586", "status": "200"}
[WebServer] {"duration_ms": 21.81683399976464, "event": "console.request", "id_hash": "h_6fb0cc787095", "status": "201"}
[WebServer] {"duration_ms": 1.5206669995677657, "event": "console.request", "id_hash": "h_9aa8d497c39c", "status": "200"}
[WebServer] {"duration_ms": 9.289416999308742, "event": "console.request", "id_hash": "h_5fcbcc793483", "status": "200"}
[WebServer] {"duration_ms": 1.8673750000743894, "event": "console.request", "id_hash": "h_f3b68174cb61", "status": "200"}
[WebServer] {"duration_ms": 1.0994999993272359, "event": "console.request", "id_hash": "h_ada387445fb7", "status": "200"}
[WebServer] {"duration_ms": 3.330458999698749, "event": "console.request", "id_hash": "h_800a048890ea", "status": "200"}
[WebServer] {"duration_ms": 5.817625000418047, "event": "console.request", "id_hash": "h_8a2ca4317907", "status": "200"}
[WebServer] {"duration_ms": 32.43033299986564, "event": "console.request", "id_hash": "h_535c7cbabe5b", "status": "200"}
[WebServer] {"duration_ms": 8.960375000242493, "event": "console.request", "id_hash": "h_64525a4c4980", "status": "200"}
[WebServer] {"duration_ms": 14.24662499994156, "event": "console.request", "id_hash": "h_7d0e84c8224e", "status": "200"}
[WebServer] {"duration_ms": 23.687875000177883, "event": "console.request", "id_hash": "h_dcd9c44933ba", "status": "200"}
[WebServer] {"duration_ms": 1.3682089993380941, "event": "console.request", "id_hash": "h_b52a3ecab81d", "status": "200"}
[WebServer] {"duration_ms": 1.842457999373437, "event": "console.request", "id_hash": "h_9dfb588e25b5", "status": "200"}
[WebServer] {"duration_ms": 3.093375000389642, "event": "console.request", "id_hash": "h_79aaab17a0ee", "status": "200"}
[WebServer] {"duration_ms": 15.158250000240514, "event": "console.request", "id_hash": "h_a4ba445b7a37", "status": "200"}
[WebServer] {"duration_ms": 23.330916999839246, "event": "console.request", "id_hash": "h_da4cebf43556", "status": "200"}
[WebServer] {"duration_ms": 5.0232089997734874, "event": "console.request", "id_hash": "h_52ec43021759", "status": "200"}
[WebServer] {"duration_ms": 4.638791999241221, "event": "console.request", "id_hash": "h_d86bed77a591", "status": "200"}
[WebServer] {"duration_ms": 46.40620899954229, "event": "console.request", "id_hash": "h_efcbe97eed85", "status": "200"}
[WebServer] {"duration_ms": 8.148417000484187, "event": "console.request", "id_hash": "h_19a291c0fc21", "status": "200"}
[WebServer] {"duration_ms": 13.497957999788923, "event": "console.request", "id_hash": "h_ece8cb6c481c", "status": "200"}
[WebServer] {"duration_ms": 22.58504199926392, "event": "console.request", "id_hash": "h_adbd2e3acb53", "status": "200"}
[WebServer] {"duration_ms": 0.917749999644002, "event": "console.request", "id_hash": "h_45f6fc928dfa", "status": "200"}
[WebServer] {"duration_ms": 2.957333001177176, "event": "console.request", "id_hash": "h_5b2c5784b7fc", "status": "200"}
[WebServer] {"duration_ms": 1.7740829989634221, "event": "console.request", "id_hash": "h_36880cd80479", "status": "200"}
[WebServer] {"duration_ms": 15.616374999808613, "event": "console.request", "id_hash": "h_e4762573f1d4", "status": "200"}
[WebServer] {"duration_ms": 4.967542001395486, "event": "console.request", "id_hash": "h_a442faa94786", "status": "200"}
[WebServer] {"duration_ms": 26.089708000654355, "event": "console.request", "id_hash": "h_9559055f2ae2", "status": "200"}
[WebServer] {"duration_ms": 7.002667000051588, "event": "console.request", "id_hash": "h_e96f31a1091d", "status": "200"}
[WebServer] {"duration_ms": 31.777541998962988, "event": "console.request", "id_hash": "h_ddfc7b19cf3f", "status": "200"}
[WebServer] {"duration_ms": 8.505249999871012, "event": "console.request", "id_hash": "h_3b6b8afb0a02", "status": "200"}
[WebServer] {"duration_ms": 13.94083300147031, "event": "console.request", "id_hash": "h_ef8162e89b86", "status": "200"}
[WebServer] {"duration_ms": 23.502458001530613, "event": "console.request", "id_hash": "h_8ed4b4b4d707", "status": "200"}
[WebServer] {"duration_ms": 1.2320419991738163, "event": "console.request", "id_hash": "h_cfe6101e65af", "status": "200"}
[WebServer] {"duration_ms": 2.4639579987706384, "event": "console.request", "id_hash": "h_6e9ab3a414ca", "status": "200"}
[WebServer] {"duration_ms": 1.63708400032192, "event": "console.request", "id_hash": "h_2f9579ef3d6b", "status": "200"}
[WebServer] {"duration_ms": 17.670499999439926, "event": "console.request", "id_hash": "h_c606e7c6a36f", "status": "200"}
[WebServer] {"duration_ms": 5.477250000694767, "event": "console.request", "id_hash": "h_fa554a0b737a", "status": "200"}
[WebServer] {"duration_ms": 25.790708999920753, "event": "console.request", "id_hash": "h_3d273f5b069a", "status": "200"}
[WebServer] {"duration_ms": 5.765292000432964, "event": "console.request", "id_hash": "h_1d9ca0439377", "status": "200"}
[WebServer] {"duration_ms": 31.65354199882131, "event": "console.request", "id_hash": "h_71d59cf7862c", "status": "200"}
[WebServer] {"duration_ms": 12.220583999805967, "event": "console.request", "id_hash": "h_06785fc2aac0", "status": "200"}
[WebServer] {"duration_ms": 15.927291000480182, "event": "console.request", "id_hash": "h_4e4ef78dfec6", "status": "200"}
[WebServer] {"duration_ms": 5.992958000206272, "event": "console.request", "id_hash": "h_87c012762e11", "status": "200"}
[WebServer] {"duration_ms": 1.4612909999414114, "event": "console.request", "id_hash": "h_474829cc8759", "status": "200"}
[WebServer] {"duration_ms": 2.211791001172969, "event": "console.request", "id_hash": "h_a760e823ccc0", "status": "200"}
[WebServer] {"duration_ms": 1.8072919992846437, "event": "console.request", "id_hash": "h_876d0c03a9de", "status": "200"}
[WebServer] {"duration_ms": 3.5139159990649205, "event": "console.request", "id_hash": "h_4547d174af57", "status": "200"}
[WebServer] {"duration_ms": 5.907291000767145, "event": "console.request", "id_hash": "h_354a4c6a2556", "status": "200"}
[WebServer] {"duration_ms": 32.947790999969584, "event": "console.request", "id_hash": "h_92a09fa0efac", "status": "200"}
[WebServer] {"duration_ms": 5.167125000298256, "event": "console.request", "id_hash": "h_a88e653f57b0", "status": "200"}
[WebServer] {"duration_ms": 29.005542000959394, "event": "console.request", "id_hash": "h_5944c65bd0ee", "status": "200"}
[WebServer] {"duration_ms": 28.751333000400336, "event": "console.request", "id_hash": "h_3cae8060f851", "status": "200"}
[WebServer] {"duration_ms": 29.58879200014053, "event": "console.request", "id_hash": "h_224b12fada41", "status": "200"}
[WebServer] {"duration_ms": 30.725165999683668, "event": "console.request", "id_hash": "h_6d3d5a98f067", "status": "200"}
[WebServer] {"duration_ms": 21.990125000229455, "event": "console.request", "id_hash": "h_bc8be4aab50f", "status": "201"}
[WebServer] {"duration_ms": 1.9117499996355036, "event": "console.request", "id_hash": "h_b114375a211d", "status": "200"}
[WebServer] {"duration_ms": 7.884000000558444, "event": "console.request", "id_hash": "h_b6cd1162e939", "status": "200"}
[WebServer] {"duration_ms": 1.6064169994933764, "event": "console.request", "id_hash": "h_df06808cca97", "status": "200"}
[WebServer] {"duration_ms": 1.0025829997175606, "event": "console.request", "id_hash": "h_a924a2ff7255", "status": "200"}
[WebServer] {"duration_ms": 3.562583999155322, "event": "console.request", "id_hash": "h_d2e52566d4ef", "status": "200"}
[WebServer] {"duration_ms": 5.467124999995576, "event": "console.request", "id_hash": "h_770591e952d6", "status": "200"}
[WebServer] {"duration_ms": 32.220875000348315, "event": "console.request", "id_hash": "h_567b5bc991cb", "status": "200"}
[WebServer] {"duration_ms": 11.566917000891408, "event": "console.request", "id_hash": "h_372131b88e53", "status": "200"}
[WebServer] {"duration_ms": 14.51916599944525, "event": "console.request", "id_hash": "h_11e4e0e5b3cc", "status": "200"}
[WebServer] {"duration_ms": 21.59349999965343, "event": "console.request", "id_hash": "h_9191cdd726c8", "status": "200"}
[WebServer] {"duration_ms": 0.9209999989252537, "event": "console.request", "id_hash": "h_507bf6257d9c", "status": "200"}
[WebServer] {"duration_ms": 2.893999999287189, "event": "console.request", "id_hash": "h_eadd5afc7181", "status": "200"}
[WebServer] {"duration_ms": 1.741042000503512, "event": "console.request", "id_hash": "h_af0ee80f1c75", "status": "200"}
[WebServer] {"duration_ms": 13.368959000217728, "event": "console.request", "id_hash": "h_f60968599f9c", "status": "200"}
[WebServer] {"duration_ms": 5.239666999841575, "event": "console.request", "id_hash": "h_a185858ed302", "status": "200"}
[WebServer] {"duration_ms": 22.164624999277294, "event": "console.request", "id_hash": "h_c36a9c4ee612", "status": "200"}
[WebServer] {"duration_ms": 4.92304200088256, "event": "console.request", "id_hash": "h_92084d492f14", "status": "200"}
[WebServer] {"duration_ms": 32.015208000302664, "event": "console.request", "id_hash": "h_a00cdd8bf07a", "status": "200"}
[WebServer] {"duration_ms": 10.438832998261205, "event": "console.request", "id_hash": "h_1d8b4fb224e3", "status": "200"}
[WebServer] {"duration_ms": 16.760250000515953, "event": "console.request", "id_hash": "h_28a4ffe60731", "status": "200"}
[WebServer] {"duration_ms": 22.26433400028327, "event": "console.request", "id_hash": "h_d600877db22f", "status": "200"}
[WebServer] {"duration_ms": 1.4413749995583203, "event": "console.request", "id_hash": "h_312acb177cdb", "status": "200"}
[WebServer] {"duration_ms": 1.0164159994019428, "event": "console.request", "id_hash": "h_6bca625f8003", "status": "200"}
[WebServer] {"duration_ms": 2.385583999057417, "event": "console.request", "id_hash": "h_572d5d88adac", "status": "200"}
[WebServer] {"duration_ms": 14.785749999646214, "event": "console.request", "id_hash": "h_5f520c3b3b62", "status": "200"}
[WebServer] {"duration_ms": 18.846999999368563, "event": "console.request", "id_hash": "h_eec086951ab9", "status": "200"}
[WebServer] {"duration_ms": 4.071415998623706, "event": "console.request", "id_hash": "h_ece4134486af", "status": "200"}
[WebServer] {"duration_ms": 5.203709000852541, "event": "console.request", "id_hash": "h_fc5a8c23ade9", "status": "200"}
[WebServer] {"duration_ms": 31.966582999302773, "event": "console.request", "id_hash": "h_8366e13b2154", "status": "200"}
[WebServer] {"duration_ms": 8.48720900103217, "event": "console.request", "id_hash": "h_44e07da2d836", "status": "200"}
[WebServer] {"duration_ms": 13.446416000078898, "event": "console.request", "id_hash": "h_11cd6f7d763b", "status": "200"}
[WebServer] {"duration_ms": 21.63891700001841, "event": "console.request", "id_hash": "h_8e23904fccfc", "status": "200"}
[WebServer] {"duration_ms": 1.119208000091021, "event": "console.request", "id_hash": "h_2f2f65443583", "status": "200"}
[WebServer] {"duration_ms": 1.4522910005325684, "event": "console.request", "id_hash": "h_36b9518d2f49", "status": "200"}
[WebServer] {"duration_ms": 2.8484999984357273, "event": "console.request", "id_hash": "h_ef0e4760deea", "status": "200"}
[WebServer] {"duration_ms": 13.290459000927513, "event": "console.request", "id_hash": "h_332ed6474612", "status": "200"}
[WebServer] {"duration_ms": 16.62479100014025, "event": "console.request", "id_hash": "h_d801ff3a0938", "status": "200"}
[WebServer] {"duration_ms": 2.5638750012149103, "event": "console.request", "id_hash": "h_57268ba12b8e", "status": "200"}
[WebServer] {"duration_ms": 5.386292001276161, "event": "console.request", "id_hash": "h_4275477478a9", "status": "200"}
[WebServer] {"duration_ms": 32.18137499970908, "event": "console.request", "id_hash": "h_2773f7280282", "status": "200"}
[WebServer] {"duration_ms": 8.02283300072304, "event": "console.request", "id_hash": "h_7e513f0c5f09", "status": "200"}
[WebServer] {"duration_ms": 13.326457999937702, "event": "console.request", "id_hash": "h_66963ff02f96", "status": "200"}
[WebServer] {"duration_ms": 5.836000000272179, "event": "console.request", "id_hash": "h_9e4a73683803", "status": "200"}
[WebServer] {"duration_ms": 1.1263749984209426, "event": "console.request", "id_hash": "h_653146a0b164", "status": "200"}
[WebServer] {"duration_ms": 1.5647500003979076, "event": "console.request", "id_hash": "h_09a6824c3377", "status": "200"}
[WebServer] {"duration_ms": 1.5237089992297115, "event": "console.request", "id_hash": "h_0cdb32876643", "status": "200"}
[WebServer] {"duration_ms": 3.103582999756327, "event": "console.request", "id_hash": "h_0696f9f326f9", "status": "200"}
[WebServer] {"duration_ms": 5.294833001244115, "event": "console.request", "id_hash": "h_923aefd2fe33", "status": "200"}
[WebServer] {"duration_ms": 31.768708999152295, "event": "console.request", "id_hash": "h_7c939681112d", "status": "200"}
[WebServer] {"duration_ms": 5.502209000042058, "event": "console.request", "id_hash": "h_55a80eba94a3", "status": "200"}
[WebServer] {"duration_ms": 69.18854099967575, "event": "console.request", "id_hash": "h_4ab24f2b3b22", "status": "200"}
[WebServer] {"duration_ms": 73.18295799996122, "event": "console.request", "id_hash": "h_a8448180e7cf", "status": "200"}
[WebServer] {"duration_ms": 73.33954199930304, "event": "console.request", "id_hash": "h_e55927857ab8", "status": "200"}
[WebServer] {"duration_ms": 73.86816699909104, "event": "console.request", "id_hash": "h_405d36372163", "status": "200"}
[WebServer] {"duration_ms": 74.79337500080874, "event": "console.request", "id_hash": "h_3116716ccf1a", "status": "200"}
[WebServer] {"duration_ms": 74.22891700116452, "event": "console.request", "id_hash": "h_7f289f87ef1d", "status": "200"}
[WebServer] {"duration_ms": 21.41916599975957, "event": "console.request", "id_hash": "h_acb9861b8577", "status": "201"}
[WebServer] {"duration_ms": 1.6636250002193265, "event": "console.request", "id_hash": "h_743389b45b85", "status": "200"}
[WebServer] {"duration_ms": 6.990540998231154, "event": "console.request", "id_hash": "h_5828881c7930", "status": "200"}
[WebServer] {"duration_ms": 1.5021670005808119, "event": "console.request", "id_hash": "h_29f0bfb3ad8b", "status": "200"}
[WebServer] {"duration_ms": 0.983083000392071, "event": "console.request", "id_hash": "h_25f96ac6258e", "status": "200"}
[WebServer] {"duration_ms": 3.0343749986059265, "event": "console.request", "id_hash": "h_d0d66789e8c0", "status": "200"}
[WebServer] {"duration_ms": 5.074709000837174, "event": "console.request", "id_hash": "h_27a88c58d4e9", "status": "200"}
[WebServer] {"duration_ms": 36.04799999993702, "event": "console.request", "id_hash": "h_9b6f2cba81e6", "status": "200"}
[WebServer] {"duration_ms": 8.543124999050633, "event": "console.request", "id_hash": "h_3f08e06fd7b3", "status": "200"}
[WebServer] {"duration_ms": 14.517916000841069, "event": "console.request", "id_hash": "h_8496c0424115", "status": "200"}
[WebServer] {"duration_ms": 7.876542000303743, "event": "console.request", "id_hash": "h_32777f627345", "status": "200"}
[WebServer] {"duration_ms": 9.70808300007775, "event": "console.request", "id_hash": "h_66a58feb10b1", "status": "200"}
[WebServer] {"duration_ms": 24.923375000071246, "event": "console.request", "id_hash": "h_ea85599932ab", "status": "200"}
[WebServer] {"duration_ms": 1.1241669999435544, "event": "console.request", "id_hash": "h_def2f1a43611", "status": "200"}
[WebServer] {"duration_ms": 2.4253339997812873, "event": "console.request", "id_hash": "h_9929ff6e1cdc", "status": "200"}
[WebServer] {"duration_ms": 2.828791000865749, "event": "console.request", "id_hash": "h_7ad9d1d52463", "status": "200"}
[WebServer] {"duration_ms": 13.932249999925261, "event": "console.request", "id_hash": "h_8987774e4c89", "status": "200"}
[WebServer] {"duration_ms": 21.659833000740036, "event": "console.request", "id_hash": "h_e4a3992a4dc7", "status": "200"}
[WebServer] {"duration_ms": 2.8429169997252757, "event": "console.request", "id_hash": "h_b40689343815", "status": "200"}
[WebServer] {"duration_ms": 4.905834000965115, "event": "console.request", "id_hash": "h_f280900e4686", "status": "200"}
[WebServer] {"duration_ms": 32.14054199997918, "event": "console.request", "id_hash": "h_c679bf4972c1", "status": "200"}
[WebServer] {"duration_ms": 8.148124999934225, "event": "console.request", "id_hash": "h_9c76d7aea398", "status": "200"}
[WebServer] {"duration_ms": 15.822041001229081, "event": "console.request", "id_hash": "h_3a0b1c799408", "status": "200"}
[WebServer] {"duration_ms": 23.573459000544972, "event": "console.request", "id_hash": "h_3f0d665addc5", "status": "200"}
[WebServer] {"duration_ms": 1.6602919986326015, "event": "console.request", "id_hash": "h_79135e015d61", "status": "200"}
[WebServer] {"duration_ms": 1.2123750002501765, "event": "console.request", "id_hash": "h_4322d5957c6a", "status": "200"}
[WebServer] {"duration_ms": 2.0386249998409767, "event": "console.request", "id_hash": "h_e93f2d7d849c", "status": "200"}
[WebServer] {"duration_ms": 13.320207999640843, "event": "console.request", "id_hash": "h_9879656a533c", "status": "200"}
[WebServer] {"duration_ms": 20.46320800036483, "event": "console.request", "id_hash": "h_8f3ce1f652c0", "status": "200"}
[WebServer] {"duration_ms": 5.340790999980527, "event": "console.request", "id_hash": "h_db0b7b30fb6d", "status": "200"}
[WebServer] {"duration_ms": 4.849832999752834, "event": "console.request", "id_hash": "h_e90bd0cb5ad4", "status": "200"}
[WebServer] {"duration_ms": 32.0514169998205, "event": "console.request", "id_hash": "h_281e4346c7fd", "status": "200"}
[WebServer] {"duration_ms": 12.092124999981024, "event": "console.request", "id_hash": "h_57dfe0cbddd6", "status": "200"}
[WebServer] {"duration_ms": 14.85533300001407, "event": "console.request", "id_hash": "h_01dbfa361ad2", "status": "200"}
[WebServer] {"duration_ms": 6.07220799975039, "event": "console.request", "id_hash": "h_aa208c5ab515", "status": "200"}
[WebServer] {"duration_ms": 1.1850829996546963, "event": "console.request", "id_hash": "h_e61a95436ca6", "status": "200"}
[WebServer] {"duration_ms": 2.151541999410256, "event": "console.request", "id_hash": "h_71d0dd1190d9", "status": "200"}
[WebServer] {"duration_ms": 1.3999580005474854, "event": "console.request", "id_hash": "h_29125242061b", "status": "200"}
[WebServer] {"duration_ms": 3.7961670004733605, "event": "console.request", "id_hash": "h_62230196327f", "status": "200"}
[WebServer] {"duration_ms": 6.470541999078705, "event": "console.request", "id_hash": "h_b16fc6071e85", "status": "200"}
[WebServer] {"duration_ms": 35.138833000019076, "event": "console.request", "id_hash": "h_1699ec8dc5e3", "status": "200"}
[WebServer] {"duration_ms": 5.586208000750048, "event": "console.request", "id_hash": "h_78dab87895a5", "status": "200"}
[WebServer] {"duration_ms": 29.29904200027522, "event": "console.request", "id_hash": "h_bd4e3da97c91", "status": "200"}
[WebServer] {"duration_ms": 29.92870900015987, "event": "console.request", "id_hash": "h_06af064a7cd6", "status": "200"}
[WebServer] {"duration_ms": 31.093083000087063, "event": "console.request", "id_hash": "h_ff1e61401537", "status": "200"}
[WebServer] {"duration_ms": 32.30479200101399, "event": "console.request", "id_hash": "h_5ed4ae1da31b", "status": "200"}
[WebServer] {"duration_ms": 21.758083999884548, "event": "console.request", "id_hash": "h_e7f5f4559fb8", "status": "201"}
[WebServer] {"duration_ms": 1.8060410002362914, "event": "console.request", "id_hash": "h_75a313d8eca4", "status": "200"}
[WebServer] {"duration_ms": 7.570083000246086, "event": "console.request", "id_hash": "h_4111f3312aa4", "status": "200"}
[WebServer] {"duration_ms": 1.4470419991994277, "event": "console.request", "id_hash": "h_4d46629d33dc", "status": "200"}
[WebServer] {"duration_ms": 1.1333749989717035, "event": "console.request", "id_hash": "h_f32d2093c657", "status": "200"}
[WebServer] {"duration_ms": 1.2197079995530657, "event": "console.request", "id_hash": "h_391c7bcf350a", "status": "200"}
[WebServer] {"duration_ms": 4.6099169994704425, "event": "console.request", "id_hash": "h_2d1088bcfc5b", "status": "200"}
[WebServer] {"duration_ms": 1.9888750011887169, "event": "console.request", "id_hash": "h_561348a31b8b", "status": "200"}
[WebServer] {"duration_ms": 1.1986249992332887, "event": "console.request", "id_hash": "h_307cf732761e", "status": "200"}
[WebServer] {"duration_ms": 3.1370840006275102, "event": "console.request", "id_hash": "h_e0f055a76b43", "status": "200"}
[WebServer] {"duration_ms": 5.8324170004198095, "event": "console.request", "id_hash": "h_320e02f40779", "status": "200"}
[WebServer] {"duration_ms": 32.84370899928035, "event": "console.request", "id_hash": "h_60c00c37a06a", "status": "200"}
[WebServer] {"duration_ms": 9.040541999638663, "event": "console.request", "id_hash": "h_24ff704673c0", "status": "200"}
[WebServer] {"duration_ms": 12.859540998761076, "event": "console.request", "id_hash": "h_e47692ec7bf1", "status": "200"}
[WebServer] {"duration_ms": 26.367374999608728, "event": "console.request", "id_hash": "h_8ef652abfda9", "status": "200"}
[WebServer] {"duration_ms": 27.07770800043363, "event": "console.request", "id_hash": "h_70c982e9f3bd", "status": "200"}
[WebServer] {"duration_ms": 28.72850000130711, "event": "console.request", "id_hash": "h_c5b7d2fbe901", "status": "200"}
[WebServer] {"duration_ms": 29.959290999613586, "event": "console.request", "id_hash": "h_1b2ce73cab55", "status": "200"}
[WebServer] {"duration_ms": 24.765792000835063, "event": "console.request", "id_hash": "h_8c72af0f2bbb", "status": "201"}
[WebServer] {"duration_ms": 12.826500000301166, "event": "console.request", "id_hash": "h_adb1ad1ec6c8", "status": "200"}
[WebServer] {"duration_ms": 21.912666999924113, "event": "console.request", "id_hash": "h_bcd9c5c5c09c", "status": "200"}
[WebServer] {"duration_ms": 25.591708999854745, "event": "console.request", "id_hash": "h_5dbabf132b05", "status": "201"}
[WebServer] {"duration_ms": 0.9639170002628816, "event": "console.request", "id_hash": "h_2d5281c97ba0", "status": "200"}
[WebServer] {"duration_ms": 0.8307919997605495, "event": "console.request", "id_hash": "h_2e8c03321d99", "status": "200"}
[WebServer] {"duration_ms": 1.5462499995919643, "event": "console.request", "id_hash": "h_8e3e10f4b7fc", "status": "200"}
[WebServer] {"duration_ms": 1.0106669997185236, "event": "console.request", "id_hash": "h_f4ead2986b3a", "status": "200"}
[WebServer] {"duration_ms": 3.7677500004065223, "event": "console.request", "id_hash": "h_55193625d785", "status": "200"}
[WebServer] {"duration_ms": 0.8619580003141891, "event": "console.request", "id_hash": "h_4aa4777d663b", "status": "200"}
[WebServer] {"duration_ms": 1.6785420011729002, "event": "console.request", "id_hash": "h_b5002e181760", "status": "200"}
[WebServer] {"duration_ms": 2.752041998974164, "event": "console.request", "id_hash": "h_ff4659401b70", "status": "200"}
[WebServer] {"duration_ms": 5.880124999748659, "event": "console.request", "id_hash": "h_a6f29b9eca76", "status": "200"}
[WebServer] {"duration_ms": 31.68441700108815, "event": "console.request", "id_hash": "h_26b24ccef233", "status": "200"}
[WebServer] {"duration_ms": 8.233374999690568, "event": "console.request", "id_hash": "h_5e45c606cb75", "status": "200"}
[WebServer] {"duration_ms": 12.002583000139566, "event": "console.request", "id_hash": "h_c5e545e14fdd", "status": "200"}
[WebServer] {"duration_ms": 0.918207999347942, "event": "console.request", "id_hash": "h_58ec1cbb1bb7", "status": "200"}
[WebServer] {"duration_ms": 1.5826670005480992, "event": "console.request", "id_hash": "h_44354715b250", "status": "200"}
[WebServer] {"duration_ms": 1.9072080012847437, "event": "console.request", "id_hash": "h_45cdd99fbec0", "status": "200"}
[WebServer] {"duration_ms": 3.2189579997066176, "event": "console.request", "id_hash": "h_c4ddfc5c1a02", "status": "200"}
[WebServer] {"duration_ms": 5.176540998945711, "event": "console.request", "id_hash": "h_680b63016b35", "status": "200"}
[WebServer] {"duration_ms": 32.92841599977692, "event": "console.request", "id_hash": "h_1991025f7f4a", "status": "200"}
[WebServer] {"duration_ms": 6.0154999991937075, "event": "console.request", "id_hash": "h_956457865156", "status": "200"}
[WebServer] {"duration_ms": 19.700834000104805, "event": "console.request", "id_hash": "h_8e41e71b3dc1", "status": "201"}
[WebServer] {"duration_ms": 0.788084000305389, "event": "console.request", "id_hash": "h_97507a585a2e", "status": "200"}
[WebServer] {"duration_ms": 6.244666999918991, "event": "console.request", "id_hash": "h_17807a73b9c0", "status": "200"}
[WebServer] {"duration_ms": 0.9250419989257352, "event": "console.request", "id_hash": "h_c2eff5b7809e", "status": "200"}
[WebServer] {"duration_ms": 1.7468749992985977, "event": "console.request", "id_hash": "h_d1c43967bc1d", "status": "200"}
[WebServer] {"duration_ms": 2.5216670001100283, "event": "console.request", "id_hash": "h_f7d61f605148", "status": "200"}
[WebServer] {"duration_ms": 4.6370840009331005, "event": "console.request", "id_hash": "h_4eb02952ef9b", "status": "200"}
[WebServer] {"duration_ms": 32.272958000248764, "event": "console.request", "id_hash": "h_1c38fce042ec", "status": "200"}
[WebServer] {"duration_ms": 4.935209000905161, "event": "console.request", "id_hash": "h_fc2cc8a706bf", "status": "200"}
[WebServer] {"duration_ms": 6.662083000264829, "event": "console.request", "id_hash": "h_9eeb5ca7ecfc", "status": "200"}
[WebServer] {"duration_ms": 19.67420800065156, "event": "console.request", "id_hash": "h_e187a60a99c0", "status": "201"}
[WebServer] {"duration_ms": 0.9727500000735745, "event": "console.request", "id_hash": "h_63f5ad6ccfe6", "status": "200"}
[WebServer] {"duration_ms": 6.213874999957625, "event": "console.request", "id_hash": "h_3272d62cd406", "status": "200"}
[WebServer] {"duration_ms": 0.9894590002659243, "event": "console.request", "id_hash": "h_8cfeb2ee9386", "status": "200"}
[WebServer] {"duration_ms": 2.3782499993103556, "event": "console.request", "id_hash": "h_0cbf25a3f5ed", "status": "200"}
[WebServer] {"duration_ms": 2.8431659993657377, "event": "console.request", "id_hash": "h_3d1ced6bd6ca", "status": "200"}
[WebServer] {"duration_ms": 5.924084000071161, "event": "console.request", "id_hash": "h_2463f9a55102", "status": "200"}
[WebServer] {"duration_ms": 49.29658400033077, "event": "console.request", "id_hash": "h_ea3e2bef2b7f", "status": "200"}
[WebServer] {"duration_ms": 4.916834001051029, "event": "console.request", "id_hash": "h_bd939ce38e91", "status": "200"}
[WebServer] {"duration_ms": 8.964124999693013, "event": "console.request", "id_hash": "h_84a241721f90", "status": "200"}
[WebServer] {"duration_ms": 9.63091700032237, "event": "console.request", "id_hash": "h_4e7495f9226e", "status": "200"}
[WebServer] {"duration_ms": 22.03995900163136, "event": "console.request", "id_hash": "h_0ee183c35e2f", "status": "201"}
[WebServer] {"duration_ms": 1.3489590000972385, "event": "console.request", "id_hash": "h_47d5a127c108", "status": "200"}
[WebServer] {"duration_ms": 8.375082999918959, "event": "console.request", "id_hash": "h_d5f95e48c541", "status": "200"}
[WebServer] {"duration_ms": 2.007957999012433, "event": "console.request", "id_hash": "h_4036ef4669db", "status": "200"}
[WebServer] {"duration_ms": 1.1815420002676547, "event": "console.request", "id_hash": "h_ed72bdc3da0e", "status": "200"}
[WebServer] {"duration_ms": 2.7697919995262055, "event": "console.request", "id_hash": "h_809dbdc9a3c1", "status": "200"}
[WebServer] {"duration_ms": 5.7163339988619555, "event": "console.request", "id_hash": "h_393f43cef3c7", "status": "200"}
[WebServer] {"duration_ms": 34.06150000046182, "event": "console.request", "id_hash": "h_89bc6532a322", "status": "200"}
[WebServer] {"duration_ms": 12.6644590000069, "event": "console.request", "id_hash": "h_b64b87380899", "status": "200"}
[WebServer] {"duration_ms": 13.742792001721682, "event": "console.request", "id_hash": "h_c2ee9b74f9b0", "status": "200"}
[WebServer] {"duration_ms": 21.661917000528774, "event": "console.request", "id_hash": "h_62c15cb09933", "status": "200"}
[WebServer] {"duration_ms": 1.4844580000499263, "event": "console.request", "id_hash": "h_8caf20aa907a", "status": "200"}
[WebServer] {"duration_ms": 1.6762910017860122, "event": "console.request", "id_hash": "h_bee8a45b0a3b", "status": "200"}
[WebServer] {"duration_ms": 2.7730830006476026, "event": "console.request", "id_hash": "h_ee8255bd648d", "status": "200"}
[WebServer] {"duration_ms": 15.305916000215802, "event": "console.request", "id_hash": "h_ad20c1361656", "status": "200"}
[WebServer] {"duration_ms": 15.859125000133645, "event": "console.request", "id_hash": "h_2c051d3e97d6", "status": "200"}
[WebServer] {"duration_ms": 2.71824999981618, "event": "console.request", "id_hash": "h_98a83618219a", "status": "200"}
[WebServer] {"duration_ms": 5.280958999719587, "event": "console.request", "id_hash": "h_9b1254ea46f7", "status": "200"}
[WebServer] {"duration_ms": 32.741957998950966, "event": "console.request", "id_hash": "h_ad303fb7fd99", "status": "200"}
[WebServer] {"duration_ms": 12.776583000231767, "event": "console.request", "id_hash": "h_abcf395110df", "status": "200"}
[WebServer] {"duration_ms": 14.822749999439111, "event": "console.request", "id_hash": "h_0926191fbf66", "status": "200"}
[WebServer] {"duration_ms": 25.81429200108687, "event": "console.request", "id_hash": "h_e2e6786057f4", "status": "200"}
[WebServer] {"duration_ms": 2.5219999988621566, "event": "console.request", "id_hash": "h_9f63c100140b", "status": "200"}
[WebServer] {"duration_ms": 3.2121659987751627, "event": "console.request", "id_hash": "h_bca597bcf0dc", "status": "200"}
[WebServer] {"duration_ms": 2.546249999795691, "event": "console.request", "id_hash": "h_a8882bfcc9d9", "status": "200"}
[WebServer] {"duration_ms": 20.830499999647145, "event": "console.request", "id_hash": "h_7bf9c5aaa8fc", "status": "200"}
[WebServer] {"duration_ms": 24.614167001345777, "event": "console.request", "id_hash": "h_8cbed84dc940", "status": "200"}
[WebServer] {"duration_ms": 3.214667000065674, "event": "console.request", "id_hash": "h_b90797c5af6f", "status": "200"}
[WebServer] {"duration_ms": 6.725457998982165, "event": "console.request", "id_hash": "h_97c3893922fe", "status": "200"}
[WebServer] {"duration_ms": 40.04325000096287, "event": "console.request", "id_hash": "h_fc272e6a6256", "status": "200"}
[WebServer] {"duration_ms": 15.609625001161476, "event": "console.request", "id_hash": "h_8f37c927b55c", "status": "200"}
[WebServer] {"duration_ms": 18.14041700163216, "event": "console.request", "id_hash": "h_102c157f5679", "status": "200"}
[WebServer] {"duration_ms": 7.886167000833666, "event": "console.request", "id_hash": "h_13707798ef10", "status": "200"}
[WebServer] {"duration_ms": 1.0808339993673144, "event": "console.request", "id_hash": "h_97aaf090bbe0", "status": "200"}
[WebServer] {"duration_ms": 1.945292000527843, "event": "console.request", "id_hash": "h_cd3de28558d1", "status": "200"}
[WebServer] {"duration_ms": 1.8339170001127059, "event": "console.request", "id_hash": "h_621129c2023b", "status": "200"}
[WebServer] {"duration_ms": 2.9832500003976747, "event": "console.request", "id_hash": "h_f891da40e114", "status": "200"}
[WebServer] {"duration_ms": 6.788290998883895, "event": "console.request", "id_hash": "h_26863e04e7d7", "status": "200"}
[WebServer] {"duration_ms": 39.24574999837205, "event": "console.request", "id_hash": "h_6923b11c4f43", "status": "200"}
[WebServer] {"duration_ms": 6.225625000297441, "event": "console.request", "id_hash": "h_db6da6628c50", "status": "200"}
[WebServer] {"duration_ms": 20.668750001277658, "event": "console.request", "id_hash": "h_df2f36e14e40", "status": "201"}
[WebServer] {"duration_ms": 1.0200829983659787, "event": "console.request", "id_hash": "h_7e8949be1246", "status": "200"}
[WebServer] {"duration_ms": 9.753917000125512, "event": "console.request", "id_hash": "h_f0399b852361", "status": "200"}
[WebServer] {"duration_ms": 2.702750000025844, "event": "console.request", "id_hash": "h_0bb3076f834e", "status": "200"}
[WebServer] {"duration_ms": 1.695500001005712, "event": "console.request", "id_hash": "h_cbdd01845740", "status": "200"}
[WebServer] {"duration_ms": 2.8212090001034085, "event": "console.request", "id_hash": "h_ce3206b593c9", "status": "200"}
[WebServer] {"duration_ms": 6.449749998864718, "event": "console.request", "id_hash": "h_b8524716277e", "status": "200"}
[WebServer] {"duration_ms": 36.16483400037396, "event": "console.request", "id_hash": "h_d5b37f0d9a45", "status": "200"}
[WebServer] {"duration_ms": 11.777458999858936, "event": "console.request", "id_hash": "h_c725823e0b5b", "status": "200"}
[WebServer] {"duration_ms": 16.60875000015949, "event": "console.request", "id_hash": "h_ed07a5d0e971", "status": "200"}
[WebServer] {"duration_ms": 8.070208999924944, "event": "console.request", "id_hash": "h_84bb3aa4aa1f", "status": "200"}
[WebServer] {"duration_ms": 5.418792001364636, "event": "console.request", "id_hash": "h_3029b4697e35", "status": "200"}
[WebServer] {"duration_ms": 20.87533300073119, "event": "console.request", "id_hash": "h_599aa93a6773", "status": "200"}
[WebServer] {"duration_ms": 1.2677090016950388, "event": "console.request", "id_hash": "h_9dd7a9394020", "status": "200"}
[WebServer] {"duration_ms": 11.533957998835831, "event": "console.request", "id_hash": "h_fd9949f03cfe", "status": "200"}
[WebServer] {"duration_ms": 3.259417000663234, "event": "console.request", "id_hash": "h_7ed3d2ccee43", "status": "200"}
[WebServer] {"duration_ms": 2.179582999815466, "event": "console.request", "id_hash": "h_791a1cda598d", "status": "200"}
[WebServer] {"duration_ms": 17.29650000015681, "event": "console.request", "id_hash": "h_97f8d690191c", "status": "200"}
[WebServer] {"duration_ms": 2.765291999821784, "event": "console.request", "id_hash": "h_639938e41ae7", "status": "200"}
[WebServer] {"duration_ms": 5.951791999905254, "event": "console.request", "id_hash": "h_3d691eb772ec", "status": "200"}
[WebServer] {"duration_ms": 35.18900000017311, "event": "console.request", "id_hash": "h_69e52643d315", "status": "200"}
[WebServer] {"duration_ms": 13.009207999857608, "event": "console.request", "id_hash": "h_434ff7dd104e", "status": "200"}
[WebServer] {"duration_ms": 15.982292001353926, "event": "console.request", "id_hash": "h_332ce3623251", "status": "200"}
[WebServer] {"duration_ms": 7.269916999575798, "event": "console.request", "id_hash": "h_4957fce8f0fb", "status": "200"}
[WebServer] {"duration_ms": 5.57200000002922, "event": "console.request", "id_hash": "h_f6a9e66d7266", "status": "200"}
[WebServer] {"duration_ms": 1.382000000376138, "event": "console.request", "id_hash": "h_4b3c33aa6a93", "status": "200"}
[WebServer] {"duration_ms": 1.891583000542596, "event": "console.request", "id_hash": "h_3314a28b4bf1", "status": "200"}
[WebServer] {"duration_ms": 1.3744169991696253, "event": "console.request", "id_hash": "h_e68b29adabb2", "status": "200"}
[WebServer] {"duration_ms": 3.467500000624568, "event": "console.request", "id_hash": "h_d9894460780c", "status": "200"}
[WebServer] {"duration_ms": 5.685000000084983, "event": "console.request", "id_hash": "h_0528e62f0efa", "status": "200"}
[WebServer] {"duration_ms": 33.62379200007126, "event": "console.request", "id_hash": "h_06bccf3f6be7", "status": "200"}
[WebServer] {"duration_ms": 11.712041001374018, "event": "console.request", "id_hash": "h_821b4eea6aba", "status": "200"}
[WebServer] {"duration_ms": 14.729124999576015, "event": "console.request", "id_hash": "h_2706c2158556", "status": "200"}
[WebServer] {"duration_ms": 6.963875001019915, "event": "console.request", "id_hash": "h_671242eb34d8", "status": "200"}
[WebServer] {"duration_ms": 6.993041999521665, "event": "console.request", "id_hash": "h_3d34238b6826", "status": "200"}
[WebServer] {"duration_ms": 22.276667001278838, "event": "console.request", "id_hash": "h_f1bd60289006", "status": "200"}
[WebServer] {"duration_ms": 13.39666700005182, "event": "console.request", "id_hash": "h_7d9e360f7e58", "status": "200"}
[WebServer] {"duration_ms": 15.394874999401509, "event": "console.request", "id_hash": "h_ef91c0b1a67c", "status": "200"}
[WebServer] {"duration_ms": 8.068000001003384, "event": "console.request", "id_hash": "h_d1c6d9733fc4", "status": "200"}
[WebServer] {"duration_ms": 7.228458000099636, "event": "console.request", "id_hash": "h_cc26096f9dc3", "status": "200"}
[WebServer] {"duration_ms": 21.942542000033427, "event": "console.request", "id_hash": "h_39a7c825a50c", "status": "200"}
[WebServer] {"duration_ms": 14.546500000506057, "event": "console.request", "id_hash": "h_7d8486ba13a1", "status": "200"}
[WebServer] {"duration_ms": 17.238291999092326, "event": "console.request", "id_hash": "h_2db6a52a036b", "status": "200"}
[WebServer] {"duration_ms": 8.651292000649846, "event": "console.request", "id_hash": "h_3871b04a91e3", "status": "200"}
[WebServer] {"duration_ms": 7.55787500020233, "event": "console.request", "id_hash": "h_72022c5826a2", "status": "200"}
[WebServer] {"duration_ms": 21.88104199922236, "event": "console.request", "id_hash": "h_caf6af95f0b4", "status": "200"}
[WebServer] {"duration_ms": 2.1060409999336116, "event": "console.request", "id_hash": "h_01a4486c1dc2", "status": "200"}
[WebServer] {"duration_ms": 2.3440420009137597, "event": "console.request", "id_hash": "h_f132e95cee8d", "status": "200"}
[WebServer] {"duration_ms": 1.7315420009254012, "event": "console.request", "id_hash": "h_e191b20e1a55", "status": "200"}
[WebServer] {"duration_ms": 19.255832999988343, "event": "console.request", "id_hash": "h_0c5a56c0f9b3", "status": "200"}
[WebServer] {"duration_ms": 29.280124999786494, "event": "console.request", "id_hash": "h_e43ff431d03d", "status": "200"}
[WebServer] {"duration_ms": 7.742957999653299, "event": "console.request", "id_hash": "h_45939b41506e", "status": "200"}
[WebServer] {"duration_ms": 5.476791000546655, "event": "console.request", "id_hash": "h_887c51782539", "status": "200"}
[WebServer] {"duration_ms": 55.1570419993368, "event": "console.request", "id_hash": "h_73c5eb5f2afc", "status": "200"}
[WebServer] {"duration_ms": 13.223542000559974, "event": "console.request", "id_hash": "h_842fc45724c7", "status": "200"}
[WebServer] {"duration_ms": 16.405209000367904, "event": "console.request", "id_hash": "h_7e0da31e329d", "status": "200"}
[WebServer] {"duration_ms": 7.1734580014890525, "event": "console.request", "id_hash": "h_01416cc50c27", "status": "200"}
[WebServer] {"duration_ms": 38.63633299988578, "event": "console.request", "id_hash": "h_cdaa100075cf", "status": "200"}
[WebServer] {"duration_ms": 23.085458000423387, "event": "console.request", "id_hash": "h_4e0ee42796be", "status": "200"}
[WebServer] {"duration_ms": 19.888208000338636, "event": "console.request", "id_hash": "h_e3aece2003fd", "status": "200"}
[WebServer] {"duration_ms": 16.252874998826883, "event": "console.request", "id_hash": "h_3060d38f917d", "status": "404"}
[WebServer] {"duration_ms": 19.01420800095366, "event": "console.request", "id_hash": "h_d5c9fdd33bf4", "status": "404"}
[WebServer] {"duration_ms": 21.385000000009313, "event": "console.request", "id_hash": "h_0ebde28ca58e", "status": "200"}
[WebServer] {"duration_ms": 5.07695899977989, "event": "console.request", "id_hash": "h_8b86c14df6fe", "status": "404"}
[WebServer] {"duration_ms": 4.611374999512918, "event": "console.request", "id_hash": "h_84e1de4141f5", "status": "404"}
[WebServer] {"duration_ms": 1.1767920004785992, "event": "console.request", "id_hash": "h_bc50f70e6416", "status": "200"}
[WebServer] {"duration_ms": 0.9532499989290955, "event": "console.request", "id_hash": "h_63ba27e8ee9a", "status": "200"}
[WebServer] {"duration_ms": 1.7943750008271309, "event": "console.request", "id_hash": "h_77df664ac76b", "status": "200"}
[WebServer] {"duration_ms": 2.83754200063413, "event": "console.request", "id_hash": "h_4264d42a6e98", "status": "200"}
[WebServer] {"duration_ms": 7.756041999527952, "event": "console.request", "id_hash": "h_a1865455b27f", "status": "200"}
[WebServer] {"duration_ms": 3.793333000430721, "event": "console.request", "id_hash": "h_292cc72a6933", "status": "200"}
[WebServer] {"duration_ms": 1.8952080008602934, "event": "console.request", "id_hash": "h_5c28b0e54a67", "status": "200"}
[WebServer] {"duration_ms": 1.284250000026077, "event": "console.request", "id_hash": "h_cddf96988da8", "status": "200"}
[WebServer] {"duration_ms": 20.14041599977645, "event": "console.request", "id_hash": "h_015e8889a9ac", "status": "200"}
[WebServer] {"duration_ms": 41.950290999011486, "event": "console.request", "id_hash": "h_d3019ced9aeb", "status": "200"}
[WebServer] {"duration_ms": 10.564707999947132, "event": "console.request", "id_hash": "h_fee7be3cd2f6", "status": "200"}
[WebServer] {"duration_ms": 35.212333999879775, "event": "console.request", "id_hash": "h_f316ed85f4b7", "status": "200"}
[WebServer] {"duration_ms": 12.681958000030136, "event": "console.request", "id_hash": "h_29d376477934", "status": "200"}
[WebServer] {"duration_ms": 15.712832999270177, "event": "console.request", "id_hash": "h_7a474e6a0b3d", "status": "200"}
[WebServer] {"duration_ms": 35.63916600069206, "event": "console.request", "id_hash": "h_a70e7133c51e", "status": "200"}
[WebServer] {"duration_ms": 19.09041599901684, "event": "console.request", "id_hash": "h_2fbae20d3336", "status": "200"}
[WebServer] {"duration_ms": 20.58249999936379, "event": "console.request", "id_hash": "h_295dfc9ff602", "status": "200"}
[WebServer] {"duration_ms": 12.937125000462402, "event": "console.request", "id_hash": "h_44152a2c9d44", "status": "404"}
[WebServer] {"duration_ms": 16.05708299939579, "event": "console.request", "id_hash": "h_eb6f031996ac", "status": "200"}
[WebServer] {"duration_ms": 13.297540999701596, "event": "console.request", "id_hash": "h_2bfe62dab05e", "status": "404"}
[WebServer] {"duration_ms": 4.2712499998742715, "event": "console.request", "id_hash": "h_83f3bd113f54", "status": "404"}
[WebServer] {"duration_ms": 0.9656249985710019, "event": "console.request", "id_hash": "h_5a1432c708b2", "status": "200"}
[WebServer] {"duration_ms": 1.1914999995497055, "event": "console.request", "id_hash": "h_43340c46d7b9", "status": "200"}
[WebServer] {"duration_ms": 2.0851249992119847, "event": "console.request", "id_hash": "h_6619e6e51a87", "status": "200"}
[WebServer] {"duration_ms": 3.0127079990052152, "event": "console.request", "id_hash": "h_ee5d21f2ded0", "status": "200"}
[WebServer] {"duration_ms": 5.965832999208942, "event": "console.request", "id_hash": "h_a0f310ddd336", "status": "200"}
  ✓   2 tests/browser/console.spec.ts:58:1 › real operator manages notes and current observations in Required mode (10.3s)
[WebServer] {"duration_ms": 0.8687499994266545, "event": "console.request", "id_hash": "h_9eda2b1ac834", "status": "200"}
[WebServer] {"duration_ms": 0.5248749985184986, "event": "console.request", "id_hash": "h_0ece0f8e44b6", "status": "404"}
[WebServer] {"duration_ms": 1.5996660004020669, "event": "console.request", "id_hash": "h_5e09fbb512bd", "status": "200"}
[WebServer] {"duration_ms": 0.9590829995431704, "event": "console.request", "id_hash": "h_f95466b9888c", "status": "200"}
[WebServer] {"duration_ms": 2.0480839993979316, "event": "console.request", "id_hash": "h_e07807cd3ed4", "status": "200"}
[WebServer] {"duration_ms": 2.825249999659718, "event": "console.request", "id_hash": "h_9b611ea161ae", "status": "401"}
[WebServer] {"duration_ms": 100.4024579997349, "event": "console.request", "id_hash": "h_2d3936256f0e", "status": "200"}
[WebServer] {"duration_ms": 5.938125001193839, "event": "console.request", "id_hash": "h_631628b1b2a4", "status": "200"}
[WebServer] {"duration_ms": 8.737166999708279, "event": "console.request", "id_hash": "h_656b1f68f619", "status": "200"}
[WebServer] {"duration_ms": 10.183582999161445, "event": "console.request", "id_hash": "h_196979a6dfdd", "status": "200"}
[WebServer] {"duration_ms": 1.0433340012241388, "event": "console.request", "id_hash": "h_485fcb0a2088", "status": "200"}
[WebServer] {"duration_ms": 2.0217920009599766, "event": "console.request", "id_hash": "h_e5d5a869f6ec", "status": "200"}
[WebServer] {"duration_ms": 1.8910420003521722, "event": "console.request", "id_hash": "h_238cf37ef09e", "status": "200"}
[WebServer] {"duration_ms": 3.6489590002020122, "event": "console.request", "id_hash": "h_1c3fc0f8b88b", "status": "200"}
[WebServer] {"duration_ms": 6.298249998508254, "event": "console.request", "id_hash": "h_330bae398c19", "status": "200"}
[WebServer] {"duration_ms": 7.600208000440034, "event": "console.request", "id_hash": "h_3f9eb9301faa", "status": "200"}
[WebServer] {"duration_ms": 9.755292001500493, "event": "console.request", "id_hash": "h_7b01464be802", "status": "200"}
[WebServer] {"duration_ms": 8.776833999945666, "event": "console.request", "id_hash": "h_c18f9d18103d", "status": "204"}
  ✓   3 tests/browser/console.spec.ts:891:1 › real authentication, cookie recovery, key list, CSP, deep-route reload, API 404 (994ms)
[WebServer] {"duration_ms": 1.6175410000869306, "event": "console.request", "id_hash": "h_6747b696ffe6", "status": "200"}
[WebServer] {"duration_ms": 1.3993329994264059, "event": "console.request", "id_hash": "h_50f54c505e9a", "status": "200"}
[WebServer] {"duration_ms": 0.9056669987330679, "event": "console.request", "id_hash": "h_012da57db2b2", "status": "200"}
  ✓   4 tests/browser/console.spec.ts:932:1 › production CSP with explicit test fixtures: memory plain text, stats nulls and narrow layout (633ms)
[WebServer] {"duration_ms": 0.8308750002470333, "event": "console.request", "id_hash": "h_6c4cfb0b5600", "status": "200"}
[WebServer] {"duration_ms": 1.510000000052969, "event": "console.request", "id_hash": "h_29ab245f2813", "status": "200"}
[WebServer] {"duration_ms": 0.9212909990310436, "event": "console.request", "id_hash": "h_cb402ffb9e4a", "status": "200"}
  ✓   5 tests/browser/console.spec.ts:1019:1 › import wizard invalidates mapping report and distinguishes cancelled_partial (888ms)
[WebServer] {"duration_ms": 0.8603329988545738, "event": "console.request", "id_hash": "h_8a9578d493a0", "status": "200"}
[WebServer] {"duration_ms": 1.5606249999109423, "event": "console.request", "id_hash": "h_20a5d5d8bf4d", "status": "200"}
[WebServer] {"duration_ms": 1.1018339992006076, "event": "console.request", "id_hash": "h_ba06ff717004", "status": "200"}
  ✓   6 tests/browser/console.spec.ts:1087:1 › provider rebuild acknowledgement and settings pending restart (1.0s)
[WebServer] {"duration_ms": 1.4420410007005557, "event": "console.request", "id_hash": "h_f3a187669cdb", "status": "200"}
[WebServer] {"duration_ms": 1.8653750012163073, "event": "console.request", "id_hash": "h_10e4d974fb55", "status": "200"}
[WebServer] {"duration_ms": 3.172582999468432, "event": "console.request", "id_hash": "h_ba36903abd25", "status": "200"}
[WebServer] {"duration_ms": 5.980042000373942, "event": "console.request", "id_hash": "h_cfe733d7e887", "status": "401"}
[WebServer] {"duration_ms": 101.43337499903282, "event": "console.request", "id_hash": "h_a9b98b866f62", "status": "200"}
[WebServer] {"duration_ms": 5.181542001082562, "event": "console.request", "id_hash": "h_2895ad39ed78", "status": "200"}
[WebServer] {"duration_ms": 2.952875000119093, "event": "console.request", "id_hash": "h_0b9e1f8f076f", "status": "200"}
[WebServer] {"duration_ms": 7.851375001337146, "event": "console.request", "id_hash": "h_09bd75b9b2a0", "status": "200"}
[WebServer] {"duration_ms": 9.406500001205131, "event": "console.request", "id_hash": "h_4da614db51ee", "status": "200"}
[WebServer] {"duration_ms": 8.376665999094257, "event": "console.request", "id_hash": "h_40f0f58a19c8", "status": "403"}
[WebServer] {"duration_ms": 8.184541000446188, "event": "console.request", "id_hash": "h_7119c7026848", "status": "200"}
[WebServer] {"duration_ms": 18.5426659991208, "event": "console.request", "id_hash": "h_c5c949aa2dcc", "status": "201"}
[WebServer] {"duration_ms": 4.731500001071254, "event": "console.request", "id_hash": "h_217f38f6a699", "status": "200"}
[WebServer] {"duration_ms": 20.776125000338652, "event": "console.request", "id_hash": "h_650c117724a4", "status": "200"}
[WebServer] {"duration_ms": 4.370624999864958, "event": "console.request", "id_hash": "h_dacc2ffbc1cd", "status": "200"}
  ✓   7 tests/browser/console.spec.ts:1160:1 › real operator issuance prompts reauth, shows secret once, and revokes disposable test key (988ms)
[WebServer] {"duration_ms": 1.599625000380911, "event": "console.request", "id_hash": "h_d37e89498f82", "status": "200"}
[WebServer] {"duration_ms": 1.0767090006993385, "event": "console.request", "id_hash": "h_56441b9735ff", "status": "200"}
[WebServer] {"duration_ms": 2.0320410003478173, "event": "console.request", "id_hash": "h_3a66aa735ad9", "status": "200"}
[WebServer] {"duration_ms": 3.8169590006873477, "event": "console.request", "id_hash": "h_ee6754e16737", "status": "401"}
[WebServer] {"duration_ms": 100.86591599974781, "event": "console.request", "id_hash": "h_d5c87faaa80e", "status": "200"}
[WebServer] {"duration_ms": 5.383374998928048, "event": "console.request", "id_hash": "h_1b3362147de1", "status": "200"}
[WebServer] {"duration_ms": 36.60512500027835, "event": "console.request", "id_hash": "h_6e640be8da08", "status": "200"}
[WebServer] {"duration_ms": 5.415084000560455, "event": "console.request", "id_hash": "h_3c3983c17b80", "status": "200"}
[WebServer] {"duration_ms": 28.038500000548083, "event": "console.request", "id_hash": "h_3cf8ce969418", "status": "200"}
[WebServer] {"duration_ms": 30.24554199873819, "event": "console.request", "id_hash": "h_c6d60a054c8d", "status": "200"}
[WebServer] {"duration_ms": 29.88875000119151, "event": "console.request", "id_hash": "h_d885b77811ee", "status": "200"}
[WebServer] {"duration_ms": 31.6099169995141, "event": "console.request", "id_hash": "h_4aab933a0f6a", "status": "200"}
[WebServer] {"duration_ms": 23.119666000638972, "event": "console.request", "id_hash": "h_300cf7c331e1", "status": "201"}
[WebServer] {"duration_ms": 4.542833999948925, "event": "console.request", "id_hash": "h_49ac36a69c3b", "status": "200"}
[WebServer] {"duration_ms": 8.656625001094653, "event": "console.request", "id_hash": "h_6f6ce49ac5f3", "status": "200"}
[WebServer] {"duration_ms": 22.280250001131208, "event": "console.request", "id_hash": "h_a2084408ba51", "status": "200"}
[WebServer] {"duration_ms": 11.528458999237046, "event": "console.request", "id_hash": "h_766617577448", "status": "200"}
[WebServer] {"duration_ms": 13.717666000957252, "event": "console.request", "id_hash": "h_a3e2bfba5078", "status": "200"}
[WebServer] {"duration_ms": 28.065458000128274, "event": "console.request", "id_hash": "h_f49950cbb352", "status": "200"}
[WebServer] {"duration_ms": 12.353666999842972, "event": "console.request", "id_hash": "h_247a26e61017", "status": "200"}
[WebServer] {"duration_ms": 19.155500000124448, "event": "console.request", "id_hash": "h_6b3746c93adb", "status": "200"}
[WebServer] {"duration_ms": 20.070791000762256, "event": "console.request", "id_hash": "h_08f53f6a52eb", "status": "200"}
[WebServer] {"duration_ms": 1.187500000014552, "event": "console.request", "id_hash": "h_29e93887bc48", "status": "200"}
[WebServer] {"duration_ms": 10.319249999156455, "event": "console.request", "id_hash": "h_c332656352e2", "status": "200"}
[WebServer] {"duration_ms": 2.201749999585445, "event": "console.request", "id_hash": "h_cfed080450ce", "status": "200"}
[WebServer] {"duration_ms": 1.9410420009080553, "event": "console.request", "id_hash": "h_202bd4a0f4c2", "status": "200"}
[WebServer] {"duration_ms": 16.02495899896894, "event": "console.request", "id_hash": "h_aef37220f408", "status": "200"}
[WebServer] {"duration_ms": 2.331582998522208, "event": "console.request", "id_hash": "h_935c6c8b595d", "status": "200"}
[WebServer] {"duration_ms": 5.062874999566702, "event": "console.request", "id_hash": "h_437f7dd0fea3", "status": "200"}
[WebServer] {"duration_ms": 32.22112500043295, "event": "console.request", "id_hash": "h_ea2896c9d30e", "status": "200"}
[WebServer] {"duration_ms": 11.49062500007858, "event": "console.request", "id_hash": "h_c5700922b928", "status": "200"}
[WebServer] {"duration_ms": 14.538542000082089, "event": "console.request", "id_hash": "h_ef59497c4cd6", "status": "200"}
[WebServer] {"duration_ms": 23.499957998865284, "event": "console.request", "id_hash": "h_922c30f18937", "status": "200"}
[WebServer] {"duration_ms": 13.406875001237495, "event": "console.request", "id_hash": "h_489b81c1a370", "status": "200"}
[WebServer] {"duration_ms": 16.6657909994683, "event": "console.request", "id_hash": "h_07ff96c67b33", "status": "200"}
[WebServer] {"duration_ms": 5.141458999787574, "event": "console.request", "id_hash": "h_edf34692d57c", "status": "200"}
[WebServer] {"duration_ms": 9.704459000204224, "event": "console.request", "id_hash": "h_f05d9c1ec43c", "status": "200"}
[WebServer] {"duration_ms": 30.166541000653524, "event": "console.request", "id_hash": "h_74033fd9e87c", "status": "200"}
[WebServer] {"duration_ms": 38.876417000210495, "event": "console.request", "id_hash": "h_12edf829186a", "status": "200"}
[WebServer] {"duration_ms": 38.42979199907859, "event": "console.request", "id_hash": "h_16208446ec66", "status": "200"}
[WebServer] {"duration_ms": 0.9069999996427214, "event": "console.request", "id_hash": "h_bcd2dfaaa8e9", "status": "200"}
[WebServer] {"duration_ms": 1.3813750010740478, "event": "console.request", "id_hash": "h_9cf2a7380ed5", "status": "200"}
[WebServer] {"duration_ms": 1.0767090006993385, "event": "console.request", "id_hash": "h_30862bfb061d", "status": "200"}
[WebServer] {"duration_ms": 2.687791000425932, "event": "console.request", "id_hash": "h_34e16bc8997b", "status": "200"}
[WebServer] {"duration_ms": 4.408374999911757, "event": "console.request", "id_hash": "h_4bf6f8bf446b", "status": "200"}
[WebServer] {"duration_ms": 42.47970800133771, "event": "console.request", "id_hash": "h_0f8548e3abc5", "status": "200"}
[WebServer] {"duration_ms": 10.499749998416519, "event": "console.request", "id_hash": "h_4560b3139699", "status": "200"}
[WebServer] {"duration_ms": 14.66354100011813, "event": "console.request", "id_hash": "h_a3c2ab8533f6", "status": "200"}
[WebServer] {"duration_ms": 27.7995420001389, "event": "console.request", "id_hash": "h_70bf235ff735", "status": "200"}
[WebServer] {"duration_ms": 37.68441700049152, "event": "console.request", "id_hash": "h_6e1c4bf8e869", "status": "200"}
[WebServer] {"duration_ms": 38.11854199921072, "event": "console.request", "id_hash": "h_596d77c7568a", "status": "200"}
[WebServer] {"duration_ms": 3.655499998785672, "event": "console.request", "id_hash": "h_810bd085e36f", "status": "200"}
[WebServer] {"duration_ms": 1.4207499989424832, "event": "console.request", "id_hash": "h_c366d8449360", "status": "200"}
[WebServer] {"duration_ms": 1.057625000612461, "event": "console.request", "id_hash": "h_efa25a187747", "status": "200"}
[WebServer] {"duration_ms": 2.647208999405848, "event": "console.request", "id_hash": "h_24fd1b399d8b", "status": "200"}
[WebServer] {"duration_ms": 4.889041998467292, "event": "console.request", "id_hash": "h_ec0c19d9a8bf", "status": "200"}
[WebServer] {"duration_ms": 30.478417000267655, "event": "console.request", "id_hash": "h_3182fa5a8a42", "status": "200"}
[WebServer] {"duration_ms": 11.814166999101872, "event": "console.request", "id_hash": "h_347448899e17", "status": "200"}
[WebServer] {"duration_ms": 14.224832999389037, "event": "console.request", "id_hash": "h_1b2e1c9a372d", "status": "200"}
[WebServer] {"duration_ms": 30.307000000902917, "event": "console.request", "id_hash": "h_bae4e9ddc792", "status": "200"}
[WebServer] {"duration_ms": 17.52841699999408, "event": "console.request", "id_hash": "h_e94f54368901", "status": "200"}
[WebServer] {"duration_ms": 18.477833000360988, "event": "console.request", "id_hash": "h_aba59586ce58", "status": "200"}
[WebServer] {"duration_ms": 17.587374999493477, "event": "console.request", "id_hash": "h_75eb924fee2b", "status": "200"}
[WebServer] {"duration_ms": 18.1088749995979, "event": "console.request", "id_hash": "h_e28c03ddedc3", "status": "404"}
[WebServer] {"duration_ms": 19.20408300065901, "event": "console.request", "id_hash": "h_04f58b6d655e", "status": "404"}
[WebServer] {"duration_ms": 4.0165419995901175, "event": "console.request", "id_hash": "h_2c69c4eec472", "status": "404"}
[WebServer] {"duration_ms": 7.446207999237231, "event": "console.request", "id_hash": "h_4bcbd1b25a57", "status": "200"}
[WebServer] {"duration_ms": 0.9274999993067468, "event": "console.request", "id_hash": "h_fb4b25898112", "status": "200"}
[WebServer] {"duration_ms": 1.1384579993318766, "event": "console.request", "id_hash": "h_51fc2ba7534c", "status": "200"}
[WebServer] {"duration_ms": 1.9808330016530817, "event": "console.request", "id_hash": "h_5f828ccd8342", "status": "200"}
[WebServer] {"duration_ms": 2.412750000075903, "event": "console.request", "id_hash": "h_f0ee232f6877", "status": "200"}
[WebServer] {"duration_ms": 5.574000000706292, "event": "console.request", "id_hash": "h_2f69728e7df0", "status": "200"}
  ✓   8 tests/browser/console.spec.ts:1240:1 › real Focus create edit dormant and activation preserve revisions in Required mode (2.3s)
[WebServer] {"duration_ms": 1.2210000004415633, "event": "console.request", "id_hash": "h_bdc7b5d7cb82", "status": "200"}
[WebServer] {"duration_ms": 1.6159579990926431, "event": "console.request", "id_hash": "h_bf3d0c857640", "status": "200"}
[WebServer] {"duration_ms": 1.1654160007310566, "event": "console.request", "id_hash": "h_1d8441491174", "status": "200"}
[WebServer] {"duration_ms": 3.0585000004066387, "event": "console.request", "id_hash": "h_7f2a2b0af4bb", "status": "401"}
[WebServer] {"duration_ms": 101.21229099968332, "event": "console.request", "id_hash": "h_621afb122b15", "status": "200"}
[WebServer] {"duration_ms": 5.598792000455433, "event": "console.request", "id_hash": "h_9c41bdf11366", "status": "200"}
[WebServer] {"duration_ms": 28.94700000069861, "event": "console.request", "id_hash": "h_8a3d42f6b94f", "status": "200"}
[WebServer] {"duration_ms": 5.072834001111914, "event": "console.request", "id_hash": "h_5fd63f0d68ec", "status": "200"}
[WebServer] {"duration_ms": 24.143000000549364, "event": "console.request", "id_hash": "h_0bae08eccb64", "status": "200"}
[WebServer] {"duration_ms": 26.63912499883736, "event": "console.request", "id_hash": "h_2d2b3b94ad58", "status": "200"}
[WebServer] {"duration_ms": 27.895000001080916, "event": "console.request", "id_hash": "h_6ad451409e2e", "status": "200"}
[WebServer] {"duration_ms": 28.667208998740534, "event": "console.request", "id_hash": "h_8e4b2cb69aa1", "status": "200"}
[WebServer] {"duration_ms": 17.63054199909675, "event": "console.request", "id_hash": "h_ff4c9081a2bd", "status": "201"}
[WebServer] {"duration_ms": 4.514000000199303, "event": "console.request", "id_hash": "h_86215443e051", "status": "200"}
[WebServer] {"duration_ms": 8.336374999998952, "event": "console.request", "id_hash": "h_01cfd0b05cf7", "status": "200"}
[WebServer] {"duration_ms": 21.029042000009213, "event": "console.request", "id_hash": "h_d4f8b3b6273a", "status": "200"}
[WebServer] {"duration_ms": 11.716625000190106, "event": "console.request", "id_hash": "h_b1cd57259954", "status": "200"}
[WebServer] {"duration_ms": 14.221084000382689, "event": "console.request", "id_hash": "h_e3c21d9fda37", "status": "200"}
[WebServer] {"duration_ms": 19.81266599977971, "event": "console.request", "id_hash": "h_5638dc2e7d7f", "status": "200"}
[WebServer] {"duration_ms": 1.0132919996976852, "event": "console.request", "id_hash": "h_f3f375d088ae", "status": "200"}
[WebServer] {"duration_ms": 2.443749999656575, "event": "console.request", "id_hash": "h_ac78cb28fe26", "status": "200"}
[WebServer] {"duration_ms": 2.202458999818191, "event": "console.request", "id_hash": "h_c52d0625ac69", "status": "200"}
[WebServer] {"duration_ms": 13.264334000268718, "event": "console.request", "id_hash": "h_95c903292258", "status": "200"}
[WebServer] {"duration_ms": 16.80708400090225, "event": "console.request", "id_hash": "h_21cb226282cb", "status": "200"}
[WebServer] {"duration_ms": 2.3321250009757932, "event": "console.request", "id_hash": "h_a7e4278b0c16", "status": "200"}
[WebServer] {"duration_ms": 6.5120829985971795, "event": "console.request", "id_hash": "h_407727b05aec", "status": "200"}
[WebServer] {"duration_ms": 28.855165999630117, "event": "console.request", "id_hash": "h_2772da7674aa", "status": "200"}
[WebServer] {"duration_ms": 10.946417000013753, "event": "console.request", "id_hash": "h_6c29de37501b", "status": "200"}
[WebServer] {"duration_ms": 14.095250000536907, "event": "console.request", "id_hash": "h_eee5f0581ed2", "status": "200"}
[WebServer] {"duration_ms": 30.219832999136997, "event": "console.request", "id_hash": "h_4130840888e3", "status": "200"}
[WebServer] {"duration_ms": 18.9576249995298, "event": "console.request", "id_hash": "h_809f9d6350e0", "status": "200"}
[WebServer] {"duration_ms": 19.661958000142477, "event": "console.request", "id_hash": "h_07b25e1a3ca3", "status": "200"}
[WebServer] {"duration_ms": 20.712499999717693, "event": "console.request", "id_hash": "h_6b287f44d70e", "status": "200"}
[WebServer] {"duration_ms": 20.846708999670227, "event": "console.request", "id_hash": "h_6df1f0b9c01e", "status": "404"}
[WebServer] {"duration_ms": 21.49683300012839, "event": "console.request", "id_hash": "h_c2e08f80d006", "status": "404"}
[WebServer] {"duration_ms": 4.383708999739611, "event": "console.request", "id_hash": "h_4cba077925f9", "status": "404"}
[WebServer] {"duration_ms": 0.8299580003949814, "event": "console.request", "id_hash": "h_4e59af8e0f80", "status": "200"}
[WebServer] {"duration_ms": 1.0724579988163896, "event": "console.request", "id_hash": "h_75db1a2757bd", "status": "200"}
[WebServer] {"duration_ms": 1.7722499997034902, "event": "console.request", "id_hash": "h_aff016891ab3", "status": "200"}
[WebServer] {"duration_ms": 2.939874999356107, "event": "console.request", "id_hash": "h_fb5439752cdd", "status": "200"}
[WebServer] {"duration_ms": 4.3553340001381, "event": "console.request", "id_hash": "h_30cbfc837950", "status": "200"}
[WebServer] {"duration_ms": 28.34683299988683, "event": "console.request", "id_hash": "h_61827e1313c7", "status": "200"}
[WebServer] {"duration_ms": 4.299916001400561, "event": "console.request", "id_hash": "h_48773f99ed71", "status": "200"}
[WebServer] {"duration_ms": 24.110415999530233, "event": "console.request", "id_hash": "h_808ea8a75ecc", "status": "200"}
[WebServer] {"duration_ms": 25.80270799990103, "event": "console.request", "id_hash": "h_69109781cf7f", "status": "200"}
[WebServer] {"duration_ms": 25.138917000731453, "event": "console.request", "id_hash": "h_12a230dc7c1e", "status": "200"}
[WebServer] {"duration_ms": 25.908875000823173, "event": "console.request", "id_hash": "h_95ddf4dc00d9", "status": "200"}
[WebServer] {"duration_ms": 18.42370799931814, "event": "console.request", "id_hash": "h_02dddffeabb3", "status": "201"}
[WebServer] {"duration_ms": 0.7498750001104781, "event": "console.request", "id_hash": "h_9730a4b1ab48", "status": "200"}
[WebServer] {"duration_ms": 5.65216699942539, "event": "console.request", "id_hash": "h_19cdeb62d729", "status": "200"}
[WebServer] {"duration_ms": 1.4270000010583317, "event": "console.request", "id_hash": "h_865ad2e68ecf", "status": "200"}
[WebServer] {"duration_ms": 1.0700840011850232, "event": "console.request", "id_hash": "h_d08d38f1a7be", "status": "200"}
[WebServer] {"duration_ms": 2.3391670001728926, "event": "console.request", "id_hash": "h_42550495a1eb", "status": "200"}
[WebServer] {"duration_ms": 4.269957998985774, "event": "console.request", "id_hash": "h_ff33036e46ce", "status": "200"}
[WebServer] {"duration_ms": 28.84420800000953, "event": "console.request", "id_hash": "h_6802850e04a4", "status": "200"}
[WebServer] {"duration_ms": 4.731917000754038, "event": "console.request", "id_hash": "h_7807ee616d23", "status": "200"}
[WebServer] {"duration_ms": 8.366292000573594, "event": "console.request", "id_hash": "h_cc06d3c3bf03", "status": "200"}
[WebServer] {"duration_ms": 6.131582998932572, "event": "console.request", "id_hash": "h_641f25816d16", "status": "404"}
  ✓   9 tests/browser/console.spec.ts:1429:1 › real State correction expiry deletion and recreation preserve identities (2.0s)
[WebServer] {"duration_ms": 0.8762500001466833, "event": "console.request", "id_hash": "h_36c4f8e89a9c", "status": "200"}
[WebServer] {"duration_ms": 1.3698330003535375, "event": "console.request", "id_hash": "h_b487babc0e78", "status": "200"}
[WebServer] {"duration_ms": 2.1565420011029346, "event": "console.request", "id_hash": "h_5ab87f346c3b", "status": "200"}
[WebServer] {"duration_ms": 3.7350000002334127, "event": "console.request", "id_hash": "h_d6a7e6db7bc5", "status": "401"}
[WebServer] {"duration_ms": 100.60216700003366, "event": "console.request", "id_hash": "h_32e171d46afa", "status": "200"}
[WebServer] {"duration_ms": 5.8402909999131225, "event": "console.request", "id_hash": "h_7b9c12ab4a40", "status": "200"}
[WebServer] {"duration_ms": 120.08916699960537, "event": "console.request", "id_hash": "h_6789975d0a04", "status": "200"}
[WebServer] {"duration_ms": 8.446750000075554, "event": "console.request", "id_hash": "h_ed27410bb0b7", "status": "200"}
[WebServer] {"duration_ms": 40.5719999998837, "event": "console.request", "id_hash": "h_fecec9c744c7", "status": "200"}
[WebServer] {"duration_ms": 40.97912500037637, "event": "console.request", "id_hash": "h_dd5f12eafeb0", "status": "200"}
[WebServer] {"duration_ms": 42.0125000000553, "event": "console.request", "id_hash": "h_db25ec7a5859", "status": "200"}
[WebServer] {"duration_ms": 43.55491700152925, "event": "console.request", "id_hash": "h_f771eb58705c", "status": "200"}
[WebServer] {"duration_ms": 44.89775000001828, "event": "console.request", "id_hash": "h_aa06ca99cd82", "status": "200"}
[WebServer] {"duration_ms": 21.139083000889514, "event": "console.request", "id_hash": "h_486fc1dc0d29", "status": "201"}
[WebServer] {"duration_ms": 5.047750000812812, "event": "console.request", "id_hash": "h_45935d95d8e7", "status": "200"}
[WebServer] {"duration_ms": 10.86708299953898, "event": "console.request", "id_hash": "h_cc66acef85d1", "status": "200"}
[WebServer] {"duration_ms": 28.738249999150867, "event": "console.request", "id_hash": "h_23b423678f1e", "status": "200"}
[WebServer] {"duration_ms": 37.631667000823654, "event": "console.request", "id_hash": "h_7c111f8a1140", "status": "200"}
[WebServer] {"duration_ms": 37.105542000063, "event": "console.request", "id_hash": "h_ec80e0fda9ad", "status": "200"}
[WebServer] {"duration_ms": 19.675040999572957, "event": "console.request", "id_hash": "h_deb52c7e20f1", "status": "200"}
[WebServer] {"duration_ms": 13.416083000265644, "event": "console.request", "id_hash": "h_7ae2d6262dbc", "status": "200"}
[WebServer] {"duration_ms": 16.493125000124564, "event": "console.request", "id_hash": "h_7ad8f0957a7f", "status": "200"}
[WebServer] {"duration_ms": 29.518790999645717, "event": "console.request", "id_hash": "h_23a01a43fe26", "status": "200"}
[WebServer] {"duration_ms": 37.859457999729784, "event": "console.request", "id_hash": "h_f5668f1a9987", "status": "200"}
[WebServer] {"duration_ms": 37.847125000553206, "event": "console.request", "id_hash": "h_61b1e6ca3ae0", "status": "200"}
[WebServer] {"duration_ms": 20.140874999924563, "event": "console.request", "id_hash": "h_270db009bd06", "status": "200"}
[WebServer] {"duration_ms": 7.726417001322261, "event": "console.request", "id_hash": "h_47e9c04f51ab", "status": "200"}
[WebServer] {"duration_ms": 13.880665999749908, "event": "console.request", "id_hash": "h_5c68a00d7f94", "status": "200"}
[WebServer] {"duration_ms": 19.614082999396487, "event": "console.request", "id_hash": "h_9f7b9e8f94ad", "status": "200"}
[WebServer] {"duration_ms": 31.73975000026985, "event": "console.request", "id_hash": "h_77d0a04237dd", "status": "200"}
[WebServer] {"duration_ms": 32.422457999928156, "event": "console.request", "id_hash": "h_181f163df0cd", "status": "200"}
[WebServer] {"duration_ms": 18.289708999873255, "event": "console.request", "id_hash": "h_1d79139f4002", "status": "200"}
[WebServer] {"duration_ms": 1.0795409998536343, "event": "console.request", "id_hash": "h_e58d0383cba8", "status": "200"}
[WebServer] {"duration_ms": 1.5824169986444758, "event": "console.request", "id_hash": "h_5681affa0e47", "status": "200"}
[WebServer] {"duration_ms": 1.8212920003861655, "event": "console.request", "id_hash": "h_9fdce65f74aa", "status": "200"}
[WebServer] {"duration_ms": 15.429707998919184, "event": "console.request", "id_hash": "h_902918d2d1ef", "status": "200"}
[WebServer] {"duration_ms": 5.017082999984268, "event": "console.request", "id_hash": "h_1403fcb0f8ee", "status": "200"}
[WebServer] {"duration_ms": 21.492917001523892, "event": "console.request", "id_hash": "h_8cbde3a77688", "status": "200"}
[WebServer] {"duration_ms": 4.707083999164752, "event": "console.request", "id_hash": "h_17a38fecb96f", "status": "200"}
[WebServer] {"duration_ms": 28.64450000015495, "event": "console.request", "id_hash": "h_615235ec1536", "status": "200"}
[WebServer] {"duration_ms": 11.65466700149409, "event": "console.request", "id_hash": "h_df1513c0c754", "status": "200"}
[WebServer] {"duration_ms": 12.968334000106552, "event": "console.request", "id_hash": "h_6bce8e6f422c", "status": "200"}
[WebServer] {"duration_ms": 26.254250000420143, "event": "console.request", "id_hash": "h_8b8b2d04d9cd", "status": "200"}
[WebServer] {"duration_ms": 30.792708001172286, "event": "console.request", "id_hash": "h_c864a363d2e2", "status": "200"}
[WebServer] {"duration_ms": 35.51391700057138, "event": "console.request", "id_hash": "h_053d67bc2e6d", "status": "200"}
  ✓  10 tests/browser/console.spec.ts:1596:1 › real Task create edit and transitions preserve revisions in Required mode (1.4s)
[WebServer] {"duration_ms": 1.0390420011390233, "event": "console.request", "id_hash": "h_b8e99483ce1e", "status": "200"}
[WebServer] {"duration_ms": 1.5177079985733144, "event": "console.request", "id_hash": "h_4ce0bc49dcbd", "status": "200"}
[WebServer] {"duration_ms": 1.1120419985672925, "event": "console.request", "id_hash": "h_aac9403cf52a", "status": "200"}
[WebServer] {"duration_ms": 3.7428750001708977, "event": "console.request", "id_hash": "h_60270ec70390", "status": "401"}
[WebServer] {"duration_ms": 101.38775000086753, "event": "console.request", "id_hash": "h_2078173497d0", "status": "200"}
[WebServer] {"duration_ms": 6.47966699943936, "event": "console.request", "id_hash": "h_ac4c7c30e368", "status": "200"}
[WebServer] {"duration_ms": 36.718708000989864, "event": "console.request", "id_hash": "h_dff44c567d80", "status": "200"}
[WebServer] {"duration_ms": 6.861417001346126, "event": "console.request", "id_hash": "h_ffea129ce6bd", "status": "200"}
[WebServer] {"duration_ms": 41.933291000532336, "event": "console.request", "id_hash": "h_41703ed7f95b", "status": "200"}
[WebServer] {"duration_ms": 41.651250001450535, "event": "console.request", "id_hash": "h_97006d91bdb3", "status": "200"}
[WebServer] {"duration_ms": 42.121208000025945, "event": "console.request", "id_hash": "h_65ee10f79dd8", "status": "200"}
[WebServer] {"duration_ms": 44.02174999995623, "event": "console.request", "id_hash": "h_b75c978bf978", "status": "200"}
[WebServer] {"duration_ms": 42.881665998720564, "event": "console.request", "id_hash": "h_53e0d7f46508", "status": "200"}
[WebServer] {"duration_ms": 21.06199999980163, "event": "console.request", "id_hash": "h_5fb7a47f004c", "status": "201"}
[WebServer] {"duration_ms": 5.213708000155748, "event": "console.request", "id_hash": "h_d4c5e1714d23", "status": "200"}
[WebServer] {"duration_ms": 11.234375000640284, "event": "console.request", "id_hash": "h_0bf3c01ecc18", "status": "200"}
[WebServer] {"duration_ms": 64.16158400134009, "event": "console.request", "id_hash": "h_681d610ac9ef", "status": "200"}
[WebServer] {"duration_ms": 76.7106250004872, "event": "console.request", "id_hash": "h_dcdda1203775", "status": "200"}
[WebServer] {"duration_ms": 78.54883399886603, "event": "console.request", "id_hash": "h_ba6e8ffed88b", "status": "200"}
[WebServer] {"duration_ms": 22.23062499979278, "event": "console.request", "id_hash": "h_7cd152711817", "status": "201"}
[WebServer] {"duration_ms": 23.7883329991746, "event": "console.request", "id_hash": "h_2cbc2f5ceeea", "status": "200"}
[WebServer] {"duration_ms": 31.9632080008887, "event": "console.request", "id_hash": "h_27cd2ad3e056", "status": "200"}
[WebServer] {"duration_ms": 31.783792001078837, "event": "console.request", "id_hash": "h_86d75901e824", "status": "200"}
[WebServer] {"duration_ms": 44.763207999494625, "event": "console.request", "id_hash": "h_133d5b131ff9", "status": "200"}
[WebServer] {"duration_ms": 44.534957998621394, "event": "console.request", "id_hash": "h_f32bc9a2dc2e", "status": "200"}
[WebServer] {"duration_ms": 45.75895900052274, "event": "console.request", "id_hash": "h_9f323686c9da", "status": "200"}
[WebServer] {"duration_ms": 23.320833999605384, "event": "console.request", "id_hash": "h_a066d4dec1ea", "status": "200"}
[WebServer] {"duration_ms": 28.32245799982047, "event": "console.request", "id_hash": "h_dea85176a390", "status": "200"}
[WebServer] {"duration_ms": 28.349666999929468, "event": "console.request", "id_hash": "h_6ba15af3e725", "status": "200"}
[WebServer] {"duration_ms": 30.44012499958626, "event": "console.request", "id_hash": "h_4ac0a574c930", "status": "200"}
[WebServer] {"duration_ms": 42.36737500104937, "event": "console.request", "id_hash": "h_bb379330e580", "status": "200"}
[WebServer] {"duration_ms": 42.01545800060558, "event": "console.request", "id_hash": "h_ec5be87b6542", "status": "200"}
[WebServer] {"duration_ms": 42.17520900056115, "event": "console.request", "id_hash": "h_a27a2e4ed42c", "status": "200"}
[WebServer] {"duration_ms": 20.41270799963968, "event": "console.request", "id_hash": "h_8cef498fab75", "status": "200"}
[WebServer] {"duration_ms": 1.119833999837283, "event": "console.request", "id_hash": "h_4fbd48ba868b", "status": "200"}
[WebServer] {"duration_ms": 1.953375000084634, "event": "console.request", "id_hash": "h_6d0ed2b786a7", "status": "200"}
[WebServer] {"duration_ms": 1.1074159992858768, "event": "console.request", "id_hash": "h_71a42f135e80", "status": "200"}
[WebServer] {"duration_ms": 30.213459000151488, "event": "console.request", "id_hash": "h_2f20eec18ae9", "status": "200"}
[WebServer] {"duration_ms": 14.143459000479197, "event": "console.request", "id_hash": "h_a7ceb5a6a428", "status": "200"}
[WebServer] {"duration_ms": 39.42016700057138, "event": "console.request", "id_hash": "h_fd410c35491e", "status": "200"}
[WebServer] {"duration_ms": 8.99987499906274, "event": "console.request", "id_hash": "h_586ccae7408c", "status": "200"}
[WebServer] {"duration_ms": 42.64895899905241, "event": "console.request", "id_hash": "h_d25010f8f412", "status": "200"}
[WebServer] {"duration_ms": 28.787749999537482, "event": "console.request", "id_hash": "h_11c8531e6505", "status": "200"}
[WebServer] {"duration_ms": 12.552916999993613, "event": "console.request", "id_hash": "h_ee98711e1a6b", "status": "200"}
[WebServer] {"duration_ms": 12.59320900135208, "event": "console.request", "id_hash": "h_b5d5297ae25e", "status": "200"}
[WebServer] {"duration_ms": 36.529041999529, "event": "console.request", "id_hash": "h_295d46f7393c", "status": "200"}
[WebServer] {"duration_ms": 35.874832999979844, "event": "console.request", "id_hash": "h_6c0317970ad3", "status": "200"}
[WebServer] {"duration_ms": 41.46908399889071, "event": "console.request", "id_hash": "h_f0b1f339f084", "status": "200"}
  ✓  11 tests/browser/console.spec.ts:1702:1 › real Task steps atomically advance child and parent revisions (1.9s)
[WebServer] {"duration_ms": 1.1441670012573013, "event": "console.request", "id_hash": "h_2949d465cce4", "status": "200"}
[WebServer] {"duration_ms": 0.9600829998817062, "event": "console.request", "id_hash": "h_d175f3cc2c8e", "status": "200"}
[WebServer] {"duration_ms": 1.8736660003924044, "event": "console.request", "id_hash": "h_c2f11dc42fb7", "status": "200"}
[WebServer] {"duration_ms": 5.975207999654231, "event": "console.request", "id_hash": "h_b66cbe6cef91", "status": "401"}
[WebServer] {"duration_ms": 101.48870800003351, "event": "console.request", "id_hash": "h_81b515f8d9f5", "status": "200"}
[WebServer] {"duration_ms": 5.1193330000387505, "event": "console.request", "id_hash": "h_c65ff25fc9e4", "status": "200"}
[WebServer] {"duration_ms": 44.51687500113621, "event": "console.request", "id_hash": "h_8f3485ba67e3", "status": "200"}
[WebServer] {"duration_ms": 4.688834000262432, "event": "console.request", "id_hash": "h_bad5983d6996", "status": "200"}
[WebServer] {"duration_ms": 37.343333000535495, "event": "console.request", "id_hash": "h_f4fed7abc16f", "status": "200"}
[WebServer] {"duration_ms": 39.07545800029766, "event": "console.request", "id_hash": "h_62938954abac", "status": "200"}
[WebServer] {"duration_ms": 39.59637499974633, "event": "console.request", "id_hash": "h_8bddfda28270", "status": "200"}
[WebServer] {"duration_ms": 41.480374999082414, "event": "console.request", "id_hash": "h_3f4e877a971b", "status": "200"}
[WebServer] {"duration_ms": 40.42720799952804, "event": "console.request", "id_hash": "h_331142cc9c1b", "status": "200"}
[WebServer] {"duration_ms": 20.572749999701045, "event": "console.request", "id_hash": "h_09cdc4fbd2b7", "status": "201"}
[WebServer] {"duration_ms": 4.8935830000118585, "event": "console.request", "id_hash": "h_7e481aa86f26", "status": "200"}
[WebServer] {"duration_ms": 8.392165998884593, "event": "console.request", "id_hash": "h_2d85f0c59249", "status": "200"}
[WebServer] {"duration_ms": 37.67758300091373, "event": "console.request", "id_hash": "h_822be912fc3d", "status": "200"}
[WebServer] {"duration_ms": 38.77704200021981, "event": "console.request", "id_hash": "h_d2c89a31fed4", "status": "200"}
[WebServer] {"duration_ms": 43.40733299977728, "event": "console.request", "id_hash": "h_b06afc5aeaa5", "status": "200"}
[WebServer] {"duration_ms": 18.314459000976058, "event": "console.request", "id_hash": "h_566b33818feb", "status": "201"}
[WebServer] {"duration_ms": 21.054666000054567, "event": "console.request", "id_hash": "h_37c2508e37a5", "status": "200"}
[WebServer] {"duration_ms": 25.64258300117217, "event": "console.request", "id_hash": "h_62027b613c86", "status": "200"}
[WebServer] {"duration_ms": 31.871459001195035, "event": "console.request", "id_hash": "h_bf5c49bdcdae", "status": "200"}
[WebServer] {"duration_ms": 27.186790999621735, "event": "console.request", "id_hash": "h_79a1a6cbe917", "status": "200"}
[WebServer] {"duration_ms": 33.46962499927031, "event": "console.request", "id_hash": "h_b5c702a0e48b", "status": "200"}
[WebServer] {"duration_ms": 36.84116699878359, "event": "console.request", "id_hash": "h_56d05151fb1d", "status": "200"}
[WebServer] {"duration_ms": 18.816750000041793, "event": "console.request", "id_hash": "h_0fef0a0c8087", "status": "201"}
[WebServer] {"duration_ms": 23.05999999953201, "event": "console.request", "id_hash": "h_b80b7d65abcb", "status": "200"}
[WebServer] {"duration_ms": 30.409625000174856, "event": "console.request", "id_hash": "h_8699f571e0fc", "status": "200"}
[WebServer] {"duration_ms": 30.60041699973226, "event": "console.request", "id_hash": "h_2e2178755079", "status": "200"}
[WebServer] {"duration_ms": 38.74850000102015, "event": "console.request", "id_hash": "h_15cbf5d21474", "status": "200"}
[WebServer] {"duration_ms": 39.08595899883949, "event": "console.request", "id_hash": "h_7f5b673af519", "status": "200"}
[WebServer] {"duration_ms": 42.939208000461804, "event": "console.request", "id_hash": "h_74e774aa14c8", "status": "200"}
[WebServer] {"duration_ms": 15.642541999113746, "event": "console.request", "id_hash": "h_17b7c946d4ab", "status": "200"}
[WebServer] {"duration_ms": 19.644708998384885, "event": "console.request", "id_hash": "h_2763ad1899d4", "status": "200"}
[WebServer] {"duration_ms": 19.792084000073373, "event": "console.request", "id_hash": "h_eb946f66f029", "status": "201"}
[WebServer] {"duration_ms": 27.7335420014424, "event": "console.request", "id_hash": "h_e3c32554aad9", "status": "200"}
[WebServer] {"duration_ms": 28.602165999473073, "event": "console.request", "id_hash": "h_71de4b10c7e6", "status": "200"}
[WebServer] {"duration_ms": 30.316542000946356, "event": "console.request", "id_hash": "h_72840c41d0ae", "status": "200"}
[WebServer] {"duration_ms": 37.221792001219, "event": "console.request", "id_hash": "h_9ff0f5c71b5a", "status": "200"}
[WebServer] {"duration_ms": 36.46925000066403, "event": "console.request", "id_hash": "h_9cea934db206", "status": "200"}
[WebServer] {"duration_ms": 42.346207999798935, "event": "console.request", "id_hash": "h_5821c7377f08", "status": "200"}
[WebServer] {"duration_ms": 26.80800000052841, "event": "console.request", "id_hash": "h_a486b3cdae9d", "status": "200"}
[WebServer] {"duration_ms": 24.12183299929893, "event": "console.request", "id_hash": "h_33dbb172b52e", "status": "200"}
[WebServer] {"duration_ms": 33.63050000007206, "event": "console.request", "id_hash": "h_3cfa336ea6e1", "status": "200"}
[WebServer] {"duration_ms": 33.427875001507346, "event": "console.request", "id_hash": "h_85d361b1b0b9", "status": "200"}
[WebServer] {"duration_ms": 33.121667000159505, "event": "console.request", "id_hash": "h_780f3fcf3da0", "status": "200"}
[WebServer] {"duration_ms": 41.555709000022034, "event": "console.request", "id_hash": "h_2b983069132b", "status": "200"}
[WebServer] {"duration_ms": 41.465708000032464, "event": "console.request", "id_hash": "h_454d214e3323", "status": "200"}
[WebServer] {"duration_ms": 15.441791998455301, "event": "console.request", "id_hash": "h_6e00fde7d6f9", "status": "200"}
[WebServer] {"duration_ms": 19.752707999941777, "event": "console.request", "id_hash": "h_51a0a95aabdd", "status": "200"}
[WebServer] {"duration_ms": 19.764000000577653, "event": "console.request", "id_hash": "h_586bcbe33204", "status": "201"}
[WebServer] {"duration_ms": 1.1433750005380716, "event": "console.request", "id_hash": "h_490d0f1d364c", "status": "200"}
[WebServer] {"duration_ms": 2.2424170001613675, "event": "console.request", "id_hash": "h_9bddadc0289e", "status": "200"}
[WebServer] {"duration_ms": 1.5074580005602911, "event": "console.request", "id_hash": "h_c0d094c3b9de", "status": "200"}
[WebServer] {"duration_ms": 10.548875001404667, "event": "console.request", "id_hash": "h_c6f741406c85", "status": "200"}
[WebServer] {"duration_ms": 28.789207999579958, "event": "console.request", "id_hash": "h_7a86dda46210", "status": "200"}
[WebServer] {"duration_ms": 16.018500000427593, "event": "console.request", "id_hash": "h_74e8fe4fabd5", "status": "200"}
[WebServer] {"duration_ms": 46.44700000062585, "event": "console.request", "id_hash": "h_775350e3aa80", "status": "200"}
[WebServer] {"duration_ms": 46.724125000764616, "event": "console.request", "id_hash": "h_9815ba1fadc5", "status": "200"}
[WebServer] {"duration_ms": 28.404624999893713, "event": "console.request", "id_hash": "h_0e0755132a53", "status": "200"}
[WebServer] {"duration_ms": 7.376125000519096, "event": "console.request", "id_hash": "h_bf5f4bbaaa26", "status": "200"}
[WebServer] {"duration_ms": 11.376208000001498, "event": "console.request", "id_hash": "h_58df307e05b1", "status": "200"}
[WebServer] {"duration_ms": 27.32770900001924, "event": "console.request", "id_hash": "h_e7d148d84c57", "status": "200"}
[WebServer] {"duration_ms": 35.79399999944144, "event": "console.request", "id_hash": "h_b9a015c93268", "status": "200"}
[WebServer] {"duration_ms": 36.678959000710165, "event": "console.request", "id_hash": "h_503a2ef771d9", "status": "200"}
  ✓  12 tests/browser/console.spec.ts:1803:1 › real dependency creation removal and reactivation preserve its ID (2.2s)
[WebServer] {"duration_ms": 1.0168749995500548, "event": "console.request", "id_hash": "h_929c874575aa", "status": "200"}
[WebServer] {"duration_ms": 0.7687089982937323, "event": "console.request", "id_hash": "h_8c484a6aa574", "status": "200"}
[WebServer] {"duration_ms": 1.6204160001507262, "event": "console.request", "id_hash": "h_033f199d04b2", "status": "200"}
[WebServer] {"duration_ms": 5.13258300088637, "event": "console.request", "id_hash": "h_b1bcd4510ac6", "status": "401"}
[WebServer] {"duration_ms": 101.37900000154332, "event": "console.request", "id_hash": "h_8b5812085ded", "status": "200"}
[WebServer] {"duration_ms": 6.212250000316999, "event": "console.request", "id_hash": "h_a1ad0a8178fc", "status": "200"}
[WebServer] {"duration_ms": 34.00624999994761, "event": "console.request", "id_hash": "h_20e8b3088527", "status": "200"}
[WebServer] {"duration_ms": 5.5107919997681165, "event": "console.request", "id_hash": "h_91e40b7f3d1f", "status": "200"}
[WebServer] {"duration_ms": 45.00058300072851, "event": "console.request", "id_hash": "h_bda34a431e6d", "status": "200"}
[WebServer] {"duration_ms": 45.64674999892304, "event": "console.request", "id_hash": "h_f3edc53a81b8", "status": "200"}
[WebServer] {"duration_ms": 47.722541999974055, "event": "console.request", "id_hash": "h_b54dd6d8ec73", "status": "200"}
[WebServer] {"duration_ms": 47.46412500026054, "event": "console.request", "id_hash": "h_90ed2511dd24", "status": "200"}
[WebServer] {"duration_ms": 47.95000000012806, "event": "console.request", "id_hash": "h_e84b96dda24d", "status": "200"}
[WebServer] {"duration_ms": 17.741292000209796, "event": "console.request", "id_hash": "h_ee54bf502455", "status": "201"}
[WebServer] {"duration_ms": 6.2697499997739214, "event": "console.request", "id_hash": "h_cfdfbc451d09", "status": "200"}
[WebServer] {"duration_ms": 7.635792000655783, "event": "console.request", "id_hash": "h_09dd87378496", "status": "200"}
[WebServer] {"duration_ms": 39.06270900006348, "event": "console.request", "id_hash": "h_fcec1379a347", "status": "200"}
[WebServer] {"duration_ms": 39.784083999620634, "event": "console.request", "id_hash": "h_1de70eec301c", "status": "200"}
[WebServer] {"duration_ms": 42.70962499867892, "event": "console.request", "id_hash": "h_4520cdb8e953", "status": "200"}
[WebServer] {"duration_ms": 9.72195800022746, "event": "console.request", "id_hash": "h_8cf1cb5ea9d1", "status": "200"}
[WebServer] {"duration_ms": 17.99399999981688, "event": "console.request", "id_hash": "h_d1e03cf5bf3c", "status": "201"}
[WebServer] {"duration_ms": 22.585291000723373, "event": "console.request", "id_hash": "h_043e75924c85", "status": "200"}
[WebServer] {"duration_ms": 32.452249999550986, "event": "console.request", "id_hash": "h_784cfc4a7eea", "status": "200"}
[WebServer] {"duration_ms": 32.11070799989102, "event": "console.request", "id_hash": "h_c16f480d84e2", "status": "200"}
[WebServer] {"duration_ms": 33.28500000134227, "event": "console.request", "id_hash": "h_93e1f5516e82", "status": "200"}
[WebServer] {"duration_ms": 40.52525000042806, "event": "console.request", "id_hash": "h_9ebd1ac093fd", "status": "200"}
[WebServer] {"duration_ms": 40.33437500038417, "event": "console.request", "id_hash": "h_21714e651034", "status": "200"}
[WebServer] {"duration_ms": 9.246333000191953, "event": "console.request", "id_hash": "h_3403029d6ef4", "status": "200"}
[WebServer] {"duration_ms": 10.493915999177261, "event": "console.request", "id_hash": "h_67c1315f670d", "status": "200"}
[WebServer] {"duration_ms": 19.717500001206645, "event": "console.request", "id_hash": "h_3e8d7c418c3c", "status": "200"}
[WebServer] {"duration_ms": 24.324832998900092, "event": "console.request", "id_hash": "h_9438f346dff2", "status": "200"}
[WebServer] {"duration_ms": 33.9287909991981, "event": "console.request", "id_hash": "h_a87e81ec98d7", "status": "200"}
[WebServer] {"duration_ms": 33.98654200100282, "event": "console.request", "id_hash": "h_96a5851e798c", "status": "200"}
[WebServer] {"duration_ms": 27.463917000204674, "event": "console.request", "id_hash": "h_ea5627830da3", "status": "200"}
[WebServer] {"duration_ms": 35.428708000836195, "event": "console.request", "id_hash": "h_e93d2094da5c", "status": "200"}
[WebServer] {"duration_ms": 35.399583999605966, "event": "console.request", "id_hash": "h_7bdf1aed18cc", "status": "200"}
[WebServer] {"duration_ms": 6.690750000416301, "event": "console.request", "id_hash": "h_4aa447430e1b", "status": "200"}
[WebServer] {"duration_ms": 18.146916998375673, "event": "console.request", "id_hash": "h_0fa8f779dea4", "status": "200"}
[WebServer] {"duration_ms": 25.234041999283363, "event": "console.request", "id_hash": "h_f3897eee76a7", "status": "200"}
[WebServer] {"duration_ms": 27.39504199962539, "event": "console.request", "id_hash": "h_7fb17ea63dfa", "status": "200"}
[WebServer] {"duration_ms": 47.748584000146366, "event": "console.request", "id_hash": "h_44bf542286fe", "status": "200"}
[WebServer] {"duration_ms": 57.11462500039488, "event": "console.request", "id_hash": "h_6daba08a6145", "status": "200"}
[WebServer] {"duration_ms": 59.40379200001189, "event": "console.request", "id_hash": "h_486d702391eb", "status": "200"}
[WebServer] {"duration_ms": 42.76670800027205, "event": "console.request", "id_hash": "h_83e788d83d3f", "status": "200"}
[WebServer] {"duration_ms": 8.158374999766238, "event": "console.request", "id_hash": "h_7ed3c077789e", "status": "200"}
[WebServer] {"duration_ms": 20.69599999958882, "event": "console.request", "id_hash": "h_0fbfc5e73406", "status": "200"}
[WebServer] {"duration_ms": 0.845833001221763, "event": "console.request", "id_hash": "h_2ac6255fa4c6", "status": "200"}
[WebServer] {"duration_ms": 2.1636670007865177, "event": "console.request", "id_hash": "h_55863e4929f2", "status": "200"}
[WebServer] {"duration_ms": 1.2188330001663417, "event": "console.request", "id_hash": "h_78e5ac77107b", "status": "200"}
[WebServer] {"duration_ms": 11.33379199927731, "event": "console.request", "id_hash": "h_ede35c6a4817", "status": "200"}
[WebServer] {"duration_ms": 27.828291998957866, "event": "console.request", "id_hash": "h_442459955e65", "status": "200"}
[WebServer] {"duration_ms": 41.45891599910101, "event": "console.request", "id_hash": "h_841c34197b87", "status": "200"}
[WebServer] {"duration_ms": 14.7606660011661, "event": "console.request", "id_hash": "h_07d062887cde", "status": "200"}
[WebServer] {"duration_ms": 43.79654200056393, "event": "console.request", "id_hash": "h_22ddd43d1ae6", "status": "200"}
[WebServer] {"duration_ms": 28.430000000298605, "event": "console.request", "id_hash": "h_f67e6e851caf", "status": "200"}
[WebServer] {"duration_ms": 7.934625000416418, "event": "console.request", "id_hash": "h_dc96d4543d65", "status": "200"}
[WebServer] {"duration_ms": 11.946208000154002, "event": "console.request", "id_hash": "h_bb0f1954ee3e", "status": "200"}
[WebServer] {"duration_ms": 44.30458299975726, "event": "console.request", "id_hash": "h_bf9a8a9b3993", "status": "200"}
[WebServer] {"duration_ms": 43.6670420003793, "event": "console.request", "id_hash": "h_523d18346329", "status": "200"}
[WebServer] {"duration_ms": 44.45408300125564, "event": "console.request", "id_hash": "h_9af09827de0c", "status": "200"}
[WebServer] {"duration_ms": 7.077832999129896, "event": "console.request", "id_hash": "h_036aab607847", "status": "200"}
[WebServer] {"duration_ms": 8.87824999881559, "event": "console.request", "id_hash": "h_8fb323cb4922", "status": "200"}
[WebServer] {"duration_ms": 1.1882500002684537, "event": "console.request", "id_hash": "h_602244c7c549", "status": "200"}
[WebServer] {"duration_ms": 1.5754169999127043, "event": "console.request", "id_hash": "h_bd91ded9f860", "status": "200"}
[WebServer] {"duration_ms": 1.9947090004279744, "event": "console.request", "id_hash": "h_17b92fb6bac9", "status": "200"}
[WebServer] {"duration_ms": 2.9654589998244774, "event": "console.request", "id_hash": "h_d58a230317ed", "status": "200"}
[WebServer] {"duration_ms": 5.289250000714674, "event": "console.request", "id_hash": "h_755737863a91", "status": "200"}
[WebServer] {"duration_ms": 29.77587499844958, "event": "console.request", "id_hash": "h_c94081b06bbe", "status": "200"}
[WebServer] {"duration_ms": 7.675040998947225, "event": "console.request", "id_hash": "h_332bddf12ed4", "status": "200"}
[WebServer] {"duration_ms": 12.46595900011016, "event": "console.request", "id_hash": "h_43a024e1e8ac", "status": "200"}
[WebServer] {"duration_ms": 26.02870900045673, "event": "console.request", "id_hash": "h_82e9752cae49", "status": "200"}
[WebServer] {"duration_ms": 30.008625000846223, "event": "console.request", "id_hash": "h_666cfb8341b9", "status": "200"}
[WebServer] {"duration_ms": 34.46891699968546, "event": "console.request", "id_hash": "h_4f904d62a231", "status": "200"}
[WebServer] {"duration_ms": 19.26712499880523, "event": "console.request", "id_hash": "h_a5785c6d412b", "status": "200"}
[WebServer] {"duration_ms": 12.97162499940896, "event": "console.request", "id_hash": "h_3175f47e2af7", "status": "200"}
[WebServer] {"duration_ms": 13.983040998937213, "event": "console.request", "id_hash": "h_8acf0d27fdad", "status": "200"}
[WebServer] {"duration_ms": 29.056625000521308, "event": "console.request", "id_hash": "h_ae79a3bc940d", "status": "200"}
[WebServer] {"duration_ms": 38.58958300043014, "event": "console.request", "id_hash": "h_76bd59a4a63e", "status": "200"}
[WebServer] {"duration_ms": 38.47104200031026, "event": "console.request", "id_hash": "h_302eed28f513", "status": "200"}
[WebServer] {"duration_ms": 36.023750000822474, "event": "console.request", "id_hash": "h_e47b3acd0f81", "status": "200"}
[WebServer] {"duration_ms": 21.455666999827372, "event": "console.request", "id_hash": "h_382b1cbb519e", "status": "200"}
[WebServer] {"duration_ms": 21.930417000476154, "event": "console.request", "id_hash": "h_2eb3b52f4b6f", "status": "200"}
[WebServer] {"duration_ms": 20.189999999274733, "event": "console.request", "id_hash": "h_a46f43c8c292", "status": "404"}
[WebServer] {"duration_ms": 21.446374999868567, "event": "console.request", "id_hash": "h_28344d519913", "status": "200"}
[WebServer] {"duration_ms": 20.26579100129311, "event": "console.request", "id_hash": "h_4577be7933a2", "status": "404"}
[WebServer] {"duration_ms": 4.561083000226063, "event": "console.request", "id_hash": "h_d26be3f8856e", "status": "404"}
[WebServer] {"duration_ms": 3.972959000748233, "event": "console.request", "id_hash": "h_936fb806e85d", "status": "404"}
[WebServer] {"duration_ms": 1.0509169987926725, "event": "console.request", "id_hash": "h_120c64e2145d", "status": "200"}
[WebServer] {"duration_ms": 0.8902090012270492, "event": "console.request", "id_hash": "h_69dd85e0b6ff", "status": "200"}
[WebServer] {"duration_ms": 1.7615420001675375, "event": "console.request", "id_hash": "h_6e2d5e163efa", "status": "200"}
[WebServer] {"duration_ms": 2.4480420015606796, "event": "console.request", "id_hash": "h_064b4268c580", "status": "200"}
[WebServer] {"duration_ms": 4.42004199976509, "event": "console.request", "id_hash": "h_23bed4f1ac38", "status": "200"}
[WebServer] {"duration_ms": 28.351582999675884, "event": "console.request", "id_hash": "h_b96a4cf969fe", "status": "200"}
[WebServer] {"duration_ms": 7.827208000890096, "event": "console.request", "id_hash": "h_ea958bd7e171", "status": "200"}
[WebServer] {"duration_ms": 8.662625001306878, "event": "console.request", "id_hash": "h_46ae71863c2a", "status": "404"}
  ✓  13 tests/browser/console.spec.ts:1925:1 › real trigger lifecycle and Task forget preserve revisions and delete the plan (2.7s)
[WebServer] {"duration_ms": 0.8832500006974442, "event": "console.request", "id_hash": "h_cec7f89f72bf", "status": "200"}
[WebServer] {"duration_ms": 1.0604580002109287, "event": "console.request", "id_hash": "h_41e6e748ebdf", "status": "200"}
[WebServer] {"duration_ms": 2.1736670005338965, "event": "console.request", "id_hash": "h_5f01ddfdba21", "status": "200"}
[WebServer] {"duration_ms": 2.6619170002959436, "event": "console.request", "id_hash": "h_f6450f797898", "status": "401"}
[WebServer] {"duration_ms": 101.46529199846555, "event": "console.request", "id_hash": "h_0e59a17498e0", "status": "429"}
[WebServer] {"duration_ms": 103.17608399964229, "event": "console.request", "id_hash": "h_a172e99dfbe0", "status": "200"}
[WebServer] {"duration_ms": 8.402917001149035, "event": "console.request", "id_hash": "h_c64ee0587a39", "status": "200"}
[WebServer] {"duration_ms": 34.607624998898245, "event": "console.request", "id_hash": "h_f0fafdde5ec9", "status": "200"}
[WebServer] {"duration_ms": 10.247707999951672, "event": "console.request", "id_hash": "h_74f3e4719886", "status": "200"}
[WebServer] {"duration_ms": 7.861292000598041, "event": "console.request", "id_hash": "h_4fa0ad5c5cda", "status": "200"}
[WebServer] {"duration_ms": 31.5769580010965, "event": "console.request", "id_hash": "h_50e8982f13c4", "status": "200"}
[WebServer] {"duration_ms": 51.446500001475215, "event": "console.request", "id_hash": "h_dfc9f7148e92", "status": "200"}
[WebServer] {"duration_ms": 34.67400000045018, "event": "console.request", "id_hash": "h_107cb2a06c46", "status": "202"}
[WebServer] {"duration_ms": 6.568707998667378, "event": "console.request", "id_hash": "h_177db5c47a81", "status": "200"}
[WebServer] {"duration_ms": 4.9310840004181955, "event": "console.request", "id_hash": "h_fe985445d9d5", "status": "200"}
[WebServer] {"duration_ms": 15.513541000473197, "event": "console.request", "id_hash": "h_1da92c88133c", "status": "200"}
[WebServer] {"duration_ms": 46.16595799961942, "event": "console.request", "id_hash": "h_b0eb50198ef3", "status": "200"}
[WebServer] {"duration_ms": 5.627291999189765, "event": "console.request", "id_hash": "h_b909341448f9", "status": "200"}
[WebServer] {"duration_ms": 7.675250000829692, "event": "console.request", "id_hash": "h_d14e91041fc3", "status": "200"}
  ✓  14 tests/browser/console.spec.ts:2108:1 › real fixed-filter operation accepts 51 targets and cancellation preserves the first committed batch (34.3s)
[WebServer] {"duration_ms": 1.2874160001956625, "event": "console.request", "id_hash": "h_ff3958186a75", "status": "200"}
[WebServer] {"duration_ms": 1.691916999334353, "event": "console.request", "id_hash": "h_b8e458307220", "status": "200"}
[WebServer] {"duration_ms": 1.2402080010360805, "event": "console.request", "id_hash": "h_8c559e1ff8e1", "status": "200"}
[WebServer] {"duration_ms": 2.9416249999485444, "event": "console.request", "id_hash": "h_44a1d5b5b705", "status": "401"}
[WebServer] {"duration_ms": 101.33549999954994, "event": "console.request", "id_hash": "h_c60886ea29e0", "status": "200"}
[WebServer] {"duration_ms": 1.2642080000659917, "event": "console.request", "id_hash": "h_04abbf80bb29", "status": "200"}
[WebServer] {"duration_ms": 9.668708000390325, "event": "console.request", "id_hash": "h_6548efe20f79", "status": "200"}
[WebServer] {"duration_ms": 1.1090409989265027, "event": "console.request", "id_hash": "h_8f1e86c01a7d", "status": "200"}
[WebServer] {"duration_ms": 2.056125000308384, "event": "console.request", "id_hash": "h_d46b24bb78bd", "status": "200"}
[WebServer] {"duration_ms": 2.792875000523054, "event": "console.request", "id_hash": "h_f3a6249ad429", "status": "200"}
[WebServer] {"duration_ms": 4.801625000254717, "event": "console.request", "id_hash": "h_29bb18c828b6", "status": "200"}
[WebServer] {"duration_ms": 29.473124999640277, "event": "console.request", "id_hash": "h_a4077785aced", "status": "200"}
[WebServer] {"duration_ms": 10.084749999805354, "event": "console.request", "id_hash": "h_9a8162e3bdea", "status": "200"}
[WebServer] {"duration_ms": 10.919709000518196, "event": "console.request", "id_hash": "h_431ba2839430", "status": "200"}
[WebServer] {"duration_ms": 17.905915998198907, "event": "console.request", "id_hash": "h_a00b3d6b978d", "status": "200"}
[WebServer] {"duration_ms": 11.745625000912696, "event": "console.request", "id_hash": "h_dd754ee49604", "status": "200"}
[WebServer] {"duration_ms": 12.18354099910357, "event": "console.request", "id_hash": "h_021f2b48f192", "status": "200"}
[WebServer] {"duration_ms": 1.0877499989874195, "event": "console.request", "id_hash": "h_9ec09b3a486f", "status": "200"}
[WebServer] {"duration_ms": 1.728041999740526, "event": "console.request", "id_hash": "h_f8b361dd45c6", "status": "200"}
[WebServer] {"duration_ms": 1.3980409985379083, "event": "console.request", "id_hash": "h_0ff99600c797", "status": "200"}
[WebServer] {"duration_ms": 2.355207998334663, "event": "console.request", "id_hash": "h_1d8d9c1d1991", "status": "200"}
[WebServer] {"duration_ms": 5.0806660001398996, "event": "console.request", "id_hash": "h_6815f4df82c9", "status": "200"}
[WebServer] {"duration_ms": 28.677292000793386, "event": "console.request", "id_hash": "h_d2d7e0fbef84", "status": "200"}
[WebServer] {"duration_ms": 7.175582999479957, "event": "console.request", "id_hash": "h_8e98615a8058", "status": "200"}
[WebServer] {"duration_ms": 10.102500000357395, "event": "console.request", "id_hash": "h_ba03a96d3d3e", "status": "200"}
[WebServer] {"duration_ms": 0.7905419988674112, "event": "console.request", "id_hash": "h_0f543db574bf", "status": "200"}
[WebServer] {"duration_ms": 1.3524589994631242, "event": "console.request", "id_hash": "h_91afdd9537e9", "status": "200"}
[WebServer] {"duration_ms": 1.3977919988974463, "event": "console.request", "id_hash": "h_8ee907ac8c7c", "status": "200"}
[WebServer] {"duration_ms": 2.6327079995098757, "event": "console.request", "id_hash": "h_815dec38ad65", "status": "200"}
[WebServer] {"duration_ms": 4.3363330005377065, "event": "console.request", "id_hash": "h_761afb67c70a", "status": "200"}
[WebServer] {"duration_ms": 29.465416999300942, "event": "console.request", "id_hash": "h_c1e7129d09d5", "status": "200"}
[WebServer] {"duration_ms": 9.19962499938265, "event": "console.request", "id_hash": "h_c4f47b73fcca", "status": "200"}
[WebServer] {"duration_ms": 11.758250000639237, "event": "console.request", "id_hash": "h_51da6ba101e1", "status": "200"}
[WebServer] {"duration_ms": 18.29070799976762, "event": "console.request", "id_hash": "h_7fa8bcb7fa05", "status": "200"}
[WebServer] {"duration_ms": 7.395832999463892, "event": "console.request", "id_hash": "h_2387bc7b945c", "status": "200"}
[WebServer] {"duration_ms": 9.979458000088925, "event": "console.request", "id_hash": "h_d1c6739a5109", "status": "200"}
[WebServer] {"duration_ms": 1.0908330004895106, "event": "console.request", "id_hash": "h_3961303d858c", "status": "200"}
[WebServer] {"duration_ms": 1.3368749987421324, "event": "console.request", "id_hash": "h_84a1320bc5a5", "status": "200"}
[WebServer] {"duration_ms": 2.291624999998021, "event": "console.request", "id_hash": "h_6d6695580600", "status": "200"}
[WebServer] {"duration_ms": 3.117000000202097, "event": "console.request", "id_hash": "h_b0379a89e30b", "status": "200"}
[WebServer] {"duration_ms": 5.562167001698981, "event": "console.request", "id_hash": "h_77613e4d1251", "status": "200"}
[WebServer] {"duration_ms": 29.13641600025585, "event": "console.request", "id_hash": "h_7bdb01f85075", "status": "200"}
[WebServer] {"duration_ms": 7.316082999750506, "event": "console.request", "id_hash": "h_220c8048c2e8", "status": "200"}
[WebServer] {"duration_ms": 9.748125001351582, "event": "console.request", "id_hash": "h_ea2488e3de96", "status": "200"}
[WebServer] {"duration_ms": 0.9009580007841578, "event": "console.request", "id_hash": "h_84c513592468", "status": "200"}
[WebServer] {"duration_ms": 0.9498339986748761, "event": "console.request", "id_hash": "h_127e6ba05944", "status": "200"}
[WebServer] {"duration_ms": 1.4627090004069032, "event": "console.request", "id_hash": "h_0b19965d82d1", "status": "200"}
[WebServer] {"duration_ms": 2.3556670003017643, "event": "console.request", "id_hash": "h_257e6c91ef6f", "status": "200"}
[WebServer] {"duration_ms": 4.3094169996038545, "event": "console.request", "id_hash": "h_0e756886ab6e", "status": "200"}
[WebServer] {"duration_ms": 29.277916999490117, "event": "console.request", "id_hash": "h_9db5fc7cc848", "status": "200"}
[WebServer] {"duration_ms": 12.636707999263308, "event": "console.request", "id_hash": "h_388b8d3250e5", "status": "200"}
[WebServer] {"duration_ms": 13.526832999559701, "event": "console.request", "id_hash": "h_fdd4fb6b44f8", "status": "200"}
  ✓  15 tests/browser/console.spec.ts:2227:1 › real event dismissal preserves delivery history and its Task in Required mode (1.0s)
[WebServer] {"duration_ms": 30.81291600028635, "event": "console.request", "id_hash": "h_cc7286316598", "status": "200"}
[WebServer] {"duration_ms": 35.92262500023935, "event": "console.request", "id_hash": "h_1fff38bbd750", "status": "200"}
[WebServer] {"duration_ms": 40.79933300090488, "event": "console.request", "id_hash": "h_52a28e76b357", "status": "200"}
[WebServer] {"duration_ms": 0.9973750002245652, "event": "console.request", "id_hash": "h_d2569884489d", "status": "200"}
[WebServer] {"duration_ms": 1.5534169997408753, "event": "console.request", "id_hash": "h_634f3a3a17ee", "status": "200"}
[WebServer] {"duration_ms": 1.3241249998827698, "event": "console.request", "id_hash": "h_4919da46c075", "status": "200"}
[WebServer] {"duration_ms": 3.3893750005518086, "event": "console.request", "id_hash": "h_e5f6adb0e878", "status": "401"}
[WebServer] {"duration_ms": 101.37154200128862, "event": "console.request", "id_hash": "h_7d9185d7ee27", "status": "200"}
[WebServer] {"duration_ms": 6.291833000432234, "event": "console.request", "id_hash": "h_f39197149f29", "status": "200"}
[WebServer] {"duration_ms": 6.211707999682403, "event": "console.request", "id_hash": "h_c535fed5e481", "status": "200"}
[WebServer] {"duration_ms": 37.33312500116881, "event": "console.request", "id_hash": "h_f828a6da304d", "status": "200"}
[WebServer] {"duration_ms": 48.72133299977577, "event": "console.request", "id_hash": "h_b92903090551", "status": "200"}
[WebServer] {"duration_ms": 53.845874999751686, "event": "console.request", "id_hash": "h_f11d87bf7977", "status": "200"}
[WebServer] {"duration_ms": 53.89441599982092, "event": "console.request", "id_hash": "h_1861f2060e53", "status": "200"}
[WebServer] {"duration_ms": 56.427249999615015, "event": "console.request", "id_hash": "h_93054b56d674", "status": "200"}
[WebServer] {"duration_ms": 56.70912499954284, "event": "console.request", "id_hash": "h_6aacb08312cf", "status": "200"}
[WebServer] {"duration_ms": 23.074542001268128, "event": "console.request", "id_hash": "h_03ff17927bd6", "status": "200"}
[WebServer] {"duration_ms": 1.005500000246684, "event": "console.request", "id_hash": "h_342453ead287", "status": "200"}
[WebServer] {"duration_ms": 1.0838329999387497, "event": "console.request", "id_hash": "h_829a0735f475", "status": "200"}
[WebServer] {"duration_ms": 1.8681250003282912, "event": "console.request", "id_hash": "h_cb784a5fb1b9", "status": "200"}
[WebServer] {"duration_ms": 2.4262079987238394, "event": "console.request", "id_hash": "h_3849cdf6a5ff", "status": "200"}
[WebServer] {"duration_ms": 4.795500000909669, "event": "console.request", "id_hash": "h_ecd733125292", "status": "200"}
[WebServer] {"duration_ms": 48.722000001362176, "event": "console.request", "id_hash": "h_dbdad42fd85c", "status": "200"}
[WebServer] {"duration_ms": 52.32629100100894, "event": "console.request", "id_hash": "h_3093418bc677", "status": "200"}
[WebServer] {"duration_ms": 55.352917001073365, "event": "console.request", "id_hash": "h_b0fa44421bb6", "status": "200"}
[WebServer] {"duration_ms": 55.771125000319444, "event": "console.request", "id_hash": "h_a5bb0993f87d", "status": "200"}
[WebServer] {"duration_ms": 56.06733400054509, "event": "console.request", "id_hash": "h_0821b330a7ab", "status": "200"}
[WebServer] {"duration_ms": 56.26754200056894, "event": "console.request", "id_hash": "h_15c19ac56f7c", "status": "200"}
[WebServer] {"duration_ms": 13.166249998903368, "event": "console.request", "id_hash": "h_9f3bb257b11c", "status": "200"}
[WebServer] {"duration_ms": 0.7878329997765832, "event": "console.request", "id_hash": "h_5d83fa630793", "status": "200"}
[WebServer] {"duration_ms": 1.6120000000228174, "event": "console.request", "id_hash": "h_e36fe166a953", "status": "200"}
[WebServer] {"duration_ms": 1.8902920000982704, "event": "console.request", "id_hash": "h_38f69844f2e9", "status": "200"}
[WebServer] {"duration_ms": 2.836375000697444, "event": "console.request", "id_hash": "h_1ecbf63c63c9", "status": "200"}
[WebServer] {"duration_ms": 4.625500001566252, "event": "console.request", "id_hash": "h_024ad167f2c6", "status": "200"}
[WebServer] {"duration_ms": 54.0300840002601, "event": "console.request", "id_hash": "h_8adff43cafd0", "status": "200"}
[WebServer] {"duration_ms": 55.363666999255656, "event": "console.request", "id_hash": "h_7ddfe11df3cf", "status": "200"}
[WebServer] {"duration_ms": 55.388791999575915, "event": "console.request", "id_hash": "h_67f5a5e830c9", "status": "200"}
[WebServer] {"duration_ms": 56.802874998538755, "event": "console.request", "id_hash": "h_daf6c3723add", "status": "200"}
[WebServer] {"duration_ms": 56.636957999216975, "event": "console.request", "id_hash": "h_b8b0990445bc", "status": "200"}
[WebServer] {"duration_ms": 58.09441600104037, "event": "console.request", "id_hash": "h_64861779cc54", "status": "200"}
[WebServer] {"duration_ms": 8.485832999213017, "event": "console.request", "id_hash": "h_8b8055b48a79", "status": "200"}
[WebServer] {"duration_ms": 8.255624999947031, "event": "console.request", "id_hash": "h_9b4793511d3c", "status": "403"}
[WebServer] {"duration_ms": 9.237874999598716, "event": "console.request", "id_hash": "h_bb44af75ede6", "status": "200"}
[WebServer] {"duration_ms": 17.74012500027311, "event": "console.request", "id_hash": "h_567c90c4bf1c", "status": "200"}
[WebServer] {"duration_ms": 48.715167000409565, "event": "console.request", "id_hash": "h_a174ab45ce19", "status": "200"}
[WebServer] {"duration_ms": 49.23620799854689, "event": "console.request", "id_hash": "h_9b1be3a01c48", "status": "200"}
[WebServer] {"duration_ms": 49.50129200005904, "event": "console.request", "id_hash": "h_0aec95f62b7e", "status": "200"}
[WebServer] {"duration_ms": 53.87774999871908, "event": "console.request", "id_hash": "h_950c53c56a2a", "status": "200"}
[WebServer] {"duration_ms": 54.390040999351186, "event": "console.request", "id_hash": "h_bfdba21f50f0", "status": "200"}
[WebServer] {"duration_ms": 53.86108300081105, "event": "console.request", "id_hash": "h_45b1d9d69047", "status": "200"}
[WebServer] {"duration_ms": 15.556250000372529, "event": "console.request", "id_hash": "h_1331e0da94dd", "status": "409"}
[WebServer] {"duration_ms": 4.125625000597211, "event": "console.request", "id_hash": "h_0378cb2e12e0", "status": "200"}
[WebServer] {"duration_ms": 18.165125000450644, "event": "console.request", "id_hash": "h_60f7bde592c4", "status": "409"}
[WebServer] {"duration_ms": 4.467875000045751, "event": "console.request", "id_hash": "h_a29139d51243", "status": "200"}
[WebServer] {"duration_ms": 53.31583299994236, "event": "console.request", "id_hash": "h_b3b01b22d61b", "status": "200"}
[WebServer] {"duration_ms": 57.426458999543684, "event": "console.request", "id_hash": "h_076e89bb791b", "status": "200"}
[WebServer] {"duration_ms": 58.80191600044782, "event": "console.request", "id_hash": "h_abdfd17ae315", "status": "200"}
[WebServer] {"duration_ms": 59.96795799910615, "event": "console.request", "id_hash": "h_29597461b7e7", "status": "200"}
[WebServer] {"duration_ms": 60.255374999542255, "event": "console.request", "id_hash": "h_5abba03fdfcd", "status": "200"}
[WebServer] {"duration_ms": 60.46504200094205, "event": "console.request", "id_hash": "h_81d9e1c38869", "status": "200"}
[WebServer] {"duration_ms": 0.8768749994487735, "event": "console.request", "id_hash": "h_f37509b3eb82", "status": "200"}
[WebServer] {"duration_ms": 1.4712079992023064, "event": "console.request", "id_hash": "h_68855337b3ce", "status": "200"}
[WebServer] {"duration_ms": 1.5154579996305984, "event": "console.request", "id_hash": "h_ab2588b4408a", "status": "200"}
[WebServer] {"duration_ms": 2.605833000416169, "event": "console.request", "id_hash": "h_4e64da54a841", "status": "200"}
[WebServer] {"duration_ms": 5.032041000958998, "event": "console.request", "id_hash": "h_32907a00f1d5", "status": "200"}
[WebServer] {"duration_ms": 52.54237500048475, "event": "console.request", "id_hash": "h_bf106e463e5c", "status": "200"}
[WebServer] {"duration_ms": 53.24641700099164, "event": "console.request", "id_hash": "h_b196f8a46030", "status": "200"}
[WebServer] {"duration_ms": 55.28137500004959, "event": "console.request", "id_hash": "h_b136691e4ae2", "status": "200"}
[WebServer] {"duration_ms": 55.0848330003646, "event": "console.request", "id_hash": "h_cd28190062a1", "status": "200"}
[WebServer] {"duration_ms": 55.380834000970935, "event": "console.request", "id_hash": "h_fb0dd534aa92", "status": "200"}
[WebServer] {"duration_ms": 54.81974999929662, "event": "console.request", "id_hash": "h_bc0d2dbc6a50", "status": "200"}
[WebServer] {"duration_ms": 8.013874999960535, "event": "console.request", "id_hash": "h_d813c77d3485", "status": "200"}
[WebServer] {"duration_ms": 4.784333001225605, "event": "console.request", "id_hash": "h_fdc441bc0b37", "status": "200"}
[WebServer] {"duration_ms": 3.8643749994662357, "event": "console.request", "id_hash": "h_18f3c9922567", "status": "200"}
  ✓  16 tests/browser/persona-policy.spec.ts:3:1 › real Policy edits require reauth, preserve precision and show concurrent edit differences (1.7s)
[WebServer] {"duration_ms": 0.8325420003529871, "event": "console.request", "id_hash": "h_6136dbd79cd2", "status": "200"}
[WebServer] {"duration_ms": 1.5577079993818188, "event": "console.request", "id_hash": "h_22c700608434", "status": "200"}
[WebServer] {"duration_ms": 0.954332999754115, "event": "console.request", "id_hash": "h_43e2956179b7", "status": "200"}
[WebServer] {"duration_ms": 3.9194579985633027, "event": "console.request", "id_hash": "h_ee948370ce9f", "status": "401"}
[WebServer] {"duration_ms": 100.65558400128793, "event": "console.request", "id_hash": "h_5fd9637075c0", "status": "200"}
[WebServer] {"duration_ms": 6.512374999147141, "event": "console.request", "id_hash": "h_e0f5fda13f0d", "status": "200"}
[WebServer] {"duration_ms": 6.41399999949499, "event": "console.request", "id_hash": "h_5f11c3396f6d", "status": "200"}
[WebServer] {"duration_ms": 47.78279199854296, "event": "console.request", "id_hash": "h_1bc946bfe142", "status": "200"}
[WebServer] {"duration_ms": 51.42395800066879, "event": "console.request", "id_hash": "h_b64de457023f", "status": "200"}
[WebServer] {"duration_ms": 51.27833400001691, "event": "console.request", "id_hash": "h_37ff659a8063", "status": "200"}
[WebServer] {"duration_ms": 54.31966700052726, "event": "console.request", "id_hash": "h_e1def8fb391f", "status": "200"}
[WebServer] {"duration_ms": 70.83391600099276, "event": "console.request", "id_hash": "h_c533f6c150e5", "status": "200"}
[WebServer] {"duration_ms": 71.31779200062738, "event": "console.request", "id_hash": "h_705440fa4c81", "status": "200"}
[WebServer] {"duration_ms": 17.123666999395937, "event": "console.request", "id_hash": "h_3ca425487411", "status": "201"}
[WebServer] {"duration_ms": 47.19350000050326, "event": "console.request", "id_hash": "h_e191877fb96c", "status": "200"}
[WebServer] {"duration_ms": 48.93495800024539, "event": "console.request", "id_hash": "h_c91b6baf71e9", "status": "200"}
[WebServer] {"duration_ms": 50.64745799973025, "event": "console.request", "id_hash": "h_52b633ee142b", "status": "200"}
[WebServer] {"duration_ms": 53.84004100051243, "event": "console.request", "id_hash": "h_91324827692d", "status": "200"}
[WebServer] {"duration_ms": 53.9512499999546, "event": "console.request", "id_hash": "h_b8699d8738bd", "status": "200"}
[WebServer] {"duration_ms": 53.67270799979451, "event": "console.request", "id_hash": "h_7beeb46efbc7", "status": "200"}
[WebServer] {"duration_ms": 16.931583000769024, "event": "console.request", "id_hash": "h_98d14c9f7836", "status": "201"}
[WebServer] {"duration_ms": 48.8050830008433, "event": "console.request", "id_hash": "h_55499dd95b55", "status": "200"}
[WebServer] {"duration_ms": 50.102875000447966, "event": "console.request", "id_hash": "h_2ef77caca101", "status": "200"}
[WebServer] {"duration_ms": 55.10383399996499, "event": "console.request", "id_hash": "h_0b16240c45eb", "status": "200"}
[WebServer] {"duration_ms": 55.169082999782404, "event": "console.request", "id_hash": "h_2db8bc224b7f", "status": "200"}
[WebServer] {"duration_ms": 55.903458000102546, "event": "console.request", "id_hash": "h_7b361920cfc6", "status": "200"}
[WebServer] {"duration_ms": 55.131208999227965, "event": "console.request", "id_hash": "h_4afe51eb4bdf", "status": "200"}
[WebServer] {"duration_ms": 4.966208000041661, "event": "console.request", "id_hash": "h_d6da8923938f", "status": "200"}
[WebServer] {"duration_ms": 1.0574589996394934, "event": "console.request", "id_hash": "h_2d2a0983df33", "status": "200"}
[WebServer] {"duration_ms": 1.6902080005820608, "event": "console.request", "id_hash": "h_48728e70d4d1", "status": "200"}
[WebServer] {"duration_ms": 1.4034590003575431, "event": "console.request", "id_hash": "h_ad4ef1abe2e7", "status": "200"}
[WebServer] {"duration_ms": 3.575415999875986, "event": "console.request", "id_hash": "h_38577467cf93", "status": "401"}
[WebServer] {"duration_ms": 101.40850000061619, "event": "console.request", "id_hash": "h_9bc8791f4beb", "status": "200"}
[WebServer] {"duration_ms": 8.999958001368213, "event": "console.request", "id_hash": "h_26c011fea571", "status": "200"}
[WebServer] {"duration_ms": 5.782749998616055, "event": "console.request", "id_hash": "h_8ea363508a43", "status": "200"}
[WebServer] {"duration_ms": 62.24474999908125, "event": "console.request", "id_hash": "h_f25f680490ce", "status": "200"}
[WebServer] {"duration_ms": 63.584083000023384, "event": "console.request", "id_hash": "h_7686761a9c42", "status": "200"}
[WebServer] {"duration_ms": 66.64699999964796, "event": "console.request", "id_hash": "h_44314cc10493", "status": "200"}
[WebServer] {"duration_ms": 1.961207999556791, "event": "console.request", "id_hash": "h_32866d1519cb", "status": "200"}
[WebServer] {"duration_ms": 67.82333299997845, "event": "console.request", "id_hash": "h_83b26b075247", "status": "200"}
[WebServer] {"duration_ms": 66.9736660001945, "event": "console.request", "id_hash": "h_f63065516f66", "status": "200"}
[WebServer] {"duration_ms": 67.84087500091118, "event": "console.request", "id_hash": "h_668634ab80b6", "status": "200"}
[WebServer] {"duration_ms": 1.0490410004422301, "event": "console.request", "id_hash": "h_0a45383d5297", "status": "200"}
[WebServer] {"duration_ms": 2.258291000543977, "event": "console.request", "id_hash": "h_d4439d6b9be5", "status": "200"}
[WebServer] {"duration_ms": 2.552833000663668, "event": "console.request", "id_hash": "h_07bf5442932d", "status": "200"}
[WebServer] {"duration_ms": 4.8342919999413425, "event": "console.request", "id_hash": "h_a6775c709953", "status": "200"}
[WebServer] {"duration_ms": 52.94470800072304, "event": "console.request", "id_hash": "h_c2c6b13974cd", "status": "200"}
[WebServer] {"duration_ms": 53.94341600003827, "event": "console.request", "id_hash": "h_1bc6ec06254b", "status": "200"}
[WebServer] {"duration_ms": 57.25650000022142, "event": "console.request", "id_hash": "h_11eb3ff49176", "status": "200"}
[WebServer] {"duration_ms": 57.59833300180617, "event": "console.request", "id_hash": "h_ecbd89c26c8f", "status": "200"}
[WebServer] {"duration_ms": 58.91845900077897, "event": "console.request", "id_hash": "h_48cda626ed1b", "status": "200"}
[WebServer] {"duration_ms": 58.505582999714534, "event": "console.request", "id_hash": "h_e718e7da0b46", "status": "200"}
[WebServer] {"duration_ms": 11.221833001400228, "event": "console.request", "id_hash": "h_c4781d7fa097", "status": "200"}
[WebServer] {"duration_ms": 4.896250000456348, "event": "console.request", "id_hash": "h_dda3454dfa7f", "status": "200"}
[WebServer] {"duration_ms": 5.853624999872409, "event": "console.request", "id_hash": "h_93ca0ef3490e", "status": "200"}
[WebServer] {"duration_ms": 11.406665998947574, "event": "console.request", "id_hash": "h_77d506cac641", "status": "403"}
[WebServer] {"duration_ms": 11.686707999615464, "event": "console.request", "id_hash": "h_1517b3ff3f38", "status": "200"}
[WebServer] {"duration_ms": 21.31816700057243, "event": "console.request", "id_hash": "h_7169ab177917", "status": "200"}
[WebServer] {"duration_ms": 50.83308400025999, "event": "console.request", "id_hash": "h_fa863cb01c52", "status": "200"}
[WebServer] {"duration_ms": 52.59104200013098, "event": "console.request", "id_hash": "h_839b3adf3ead", "status": "200"}
[WebServer] {"duration_ms": 52.33374999988882, "event": "console.request", "id_hash": "h_82e4f5873e2f", "status": "200"}
[WebServer] {"duration_ms": 54.66562499896099, "event": "console.request", "id_hash": "h_491bf26b9535", "status": "200"}
[WebServer] {"duration_ms": 54.90845900021668, "event": "console.request", "id_hash": "h_c873caa04e65", "status": "200"}
[WebServer] {"duration_ms": 57.47499999961292, "event": "console.request", "id_hash": "h_71776c4b4e3a", "status": "200"}
[WebServer] {"duration_ms": 14.27529099964886, "event": "console.request", "id_hash": "h_b272824eb874", "status": "409"}
[WebServer] {"duration_ms": 4.535166999630746, "event": "console.request", "id_hash": "h_b80aeacc4a51", "status": "200"}
[WebServer] {"duration_ms": 17.334000000118976, "event": "console.request", "id_hash": "h_28485354b153", "status": "409"}
[WebServer] {"duration_ms": 4.506458999458118, "event": "console.request", "id_hash": "h_7542cad4873c", "status": "200"}
[WebServer] {"duration_ms": 58.07358299898624, "event": "console.request", "id_hash": "h_30d7577081c1", "status": "200"}
[WebServer] {"duration_ms": 60.29624999973748, "event": "console.request", "id_hash": "h_7d3356af820e", "status": "200"}
[WebServer] {"duration_ms": 60.18183300147939, "event": "console.request", "id_hash": "h_52446ae2dd52", "status": "200"}
[WebServer] {"duration_ms": 62.095750001390115, "event": "console.request", "id_hash": "h_f43469682490", "status": "200"}
[WebServer] {"duration_ms": 62.73895899903437, "event": "console.request", "id_hash": "h_ab9bf2690299", "status": "200"}
[WebServer] {"duration_ms": 61.80641599894443, "event": "console.request", "id_hash": "h_758562a30b20", "status": "200"}
[WebServer] {"duration_ms": 1.0011249996750848, "event": "console.request", "id_hash": "h_accab5da26ef", "status": "200"}
[WebServer] {"duration_ms": 1.0590829988359474, "event": "console.request", "id_hash": "h_244536f2c19d", "status": "200"}
[WebServer] {"duration_ms": 1.7392919999110745, "event": "console.request", "id_hash": "h_f428d462b243", "status": "200"}
[WebServer] {"duration_ms": 2.6717090004240163, "event": "console.request", "id_hash": "h_b2a1389cb197", "status": "200"}
[WebServer] {"duration_ms": 4.29920900023717, "event": "console.request", "id_hash": "h_4dc8bcfb065a", "status": "200"}
[WebServer] {"duration_ms": 48.588708999886876, "event": "console.request", "id_hash": "h_d01fd4c28137", "status": "200"}
[WebServer] {"duration_ms": 49.82670800018241, "event": "console.request", "id_hash": "h_057909e29ed9", "status": "200"}
[WebServer] {"duration_ms": 51.165541999580455, "event": "console.request", "id_hash": "h_5a9a8a4eed90", "status": "200"}
[WebServer] {"duration_ms": 54.208416999244946, "event": "console.request", "id_hash": "h_8ddfc4fa8e3b", "status": "200"}
[WebServer] {"duration_ms": 55.67362500005402, "event": "console.request", "id_hash": "h_9b1c44878a86", "status": "200"}
[WebServer] {"duration_ms": 54.74474999937229, "event": "console.request", "id_hash": "h_09cbe765eaff", "status": "200"}
[WebServer] {"duration_ms": 11.328500000672648, "event": "console.request", "id_hash": "h_522b91051fd3", "status": "200"}
[WebServer] {"duration_ms": 4.691458998422604, "event": "console.request", "id_hash": "h_e8e36bb3fee5", "status": "200"}
[WebServer] {"duration_ms": 21.173166000153287, "event": "console.request", "id_hash": "h_2a360bb60614", "status": "200"}
[WebServer] {"duration_ms": 51.87545899934776, "event": "console.request", "id_hash": "h_e1ef5349dedf", "status": "200"}
[WebServer] {"duration_ms": 51.15408300116542, "event": "console.request", "id_hash": "h_5eb5cb7eac5c", "status": "200"}
[WebServer] {"duration_ms": 51.876707999326754, "event": "console.request", "id_hash": "h_c1e9a17a174d", "status": "200"}
[WebServer] {"duration_ms": 52.955417000703164, "event": "console.request", "id_hash": "h_a5176c1c08ef", "status": "200"}
[WebServer] {"duration_ms": 52.98975000005157, "event": "console.request", "id_hash": "h_7b989a87cdc3", "status": "200"}
[WebServer] {"duration_ms": 55.59891700067965, "event": "console.request", "id_hash": "h_144ebf75a5c8", "status": "200"}
[WebServer] {"duration_ms": 0.9044170001288876, "event": "console.request", "id_hash": "h_1c3a48830c12", "status": "200"}
[WebServer] {"duration_ms": 1.416166998751578, "event": "console.request", "id_hash": "h_d823dd3fcf98", "status": "200"}
[WebServer] {"duration_ms": 1.2395000012475066, "event": "console.request", "id_hash": "h_231ce7f93bb7", "status": "200"}
[WebServer] {"duration_ms": 5.842167000082554, "event": "console.request", "id_hash": "h_ffee9ec9eb2a", "status": "200"}
[WebServer] {"duration_ms": 13.10916699912923, "event": "console.request", "id_hash": "h_f3b5c5ee98eb", "status": "200"}
[WebServer] {"duration_ms": 20.82512499873701, "event": "console.request", "id_hash": "h_76ca0a06b26e", "status": "200"}
[WebServer] {"duration_ms": 21.639167000103043, "event": "console.request", "id_hash": "h_948ddfb8f460", "status": "200"}
  ✓  17 tests/browser/persona-proposals.spec.ts:3:1 › real proposal writer cannot auto-publish; reviewer reauth publishes and rejects stale proposal (2.8s)
[WebServer] {"duration_ms": 63.989000000219676, "event": "console.request", "id_hash": "h_128af019cb5f", "status": "200"}
[WebServer] {"duration_ms": 65.75437499850523, "event": "console.request", "id_hash": "h_b97a84b89eaf", "status": "200"}
[WebServer] {"duration_ms": 68.29758300045796, "event": "console.request", "id_hash": "h_4f1abf711e7c", "status": "200"}
[WebServer] {"duration_ms": 68.98520799950347, "event": "console.request", "id_hash": "h_e9a8f46cc86d", "status": "200"}
[WebServer] {"duration_ms": 69.93570799932058, "event": "console.request", "id_hash": "h_8991e8ded349", "status": "200"}
[WebServer] {"duration_ms": 69.93383299959532, "event": "console.request", "id_hash": "h_c0dbde95592b", "status": "200"}
[WebServer] {"duration_ms": 1.6621250015305122, "event": "console.request", "id_hash": "h_6626283f33c2", "status": "200"}
[WebServer] {"duration_ms": 1.748709000821691, "event": "console.request", "id_hash": "h_4872b3cf0c4b", "status": "200"}
[WebServer] {"duration_ms": 1.1144590007461375, "event": "console.request", "id_hash": "h_3d985b62d0ca", "status": "200"}
[WebServer] {"duration_ms": 3.0598749999626307, "event": "console.request", "id_hash": "h_ef7910087716", "status": "401"}
[WebServer] {"duration_ms": 101.45662499962782, "event": "console.request", "id_hash": "h_9217784486b9", "status": "200"}
[WebServer] {"duration_ms": 6.207750000612577, "event": "console.request", "id_hash": "h_98da3dfe6a90", "status": "200"}
[WebServer] {"duration_ms": 6.433333001041319, "event": "console.request", "id_hash": "h_5d8be2d0f19c", "status": "200"}
[WebServer] {"duration_ms": 41.84712500136811, "event": "console.request", "id_hash": "h_5f7630ce0116", "status": "200"}
[WebServer] {"duration_ms": 51.7073339997296, "event": "console.request", "id_hash": "h_4b2821979666", "status": "200"}
[WebServer] {"duration_ms": 53.1560420004098, "event": "console.request", "id_hash": "h_d6ba84e352e7", "status": "200"}
[WebServer] {"duration_ms": 56.103832999724546, "event": "console.request", "id_hash": "h_831fcdd4d5c0", "status": "200"}
[WebServer] {"duration_ms": 56.47937499998079, "event": "console.request", "id_hash": "h_15c9e7b2dd3e", "status": "200"}
[WebServer] {"duration_ms": 56.41983299938147, "event": "console.request", "id_hash": "h_3962c49082f9", "status": "200"}
[WebServer] {"duration_ms": 4.940374999932828, "event": "console.request", "id_hash": "h_4fb5639bddea", "status": "200"}
[WebServer] {"duration_ms": 0.8060420004767366, "event": "console.request", "id_hash": "h_79a0970dcd4e", "status": "200"}
[WebServer] {"duration_ms": 1.2082089997420553, "event": "console.request", "id_hash": "h_ca82029afd6a", "status": "200"}
[WebServer] {"duration_ms": 1.6912920000322629, "event": "console.request", "id_hash": "h_c1c4d259ea41", "status": "200"}
[WebServer] {"duration_ms": 3.221625000151107, "event": "console.request", "id_hash": "h_f4afafbb8f09", "status": "200"}
[WebServer] {"duration_ms": 4.874041998846224, "event": "console.request", "id_hash": "h_8eaea39e3b26", "status": "200"}
[WebServer] {"duration_ms": 49.78937499981839, "event": "console.request", "id_hash": "h_979e03f36085", "status": "200"}
[WebServer] {"duration_ms": 51.43895800028986, "event": "console.request", "id_hash": "h_e8f78f905f04", "status": "200"}
[WebServer] {"duration_ms": 53.99816600038321, "event": "console.request", "id_hash": "h_a801175467a3", "status": "200"}
[WebServer] {"duration_ms": 55.327791000308935, "event": "console.request", "id_hash": "h_89c3f2597816", "status": "200"}
[WebServer] {"duration_ms": 55.518500001198845, "event": "console.request", "id_hash": "h_0fbf8d8af7ff", "status": "200"}
[WebServer] {"duration_ms": 56.80266700073844, "event": "console.request", "id_hash": "h_97e2d23d50ee", "status": "200"}
[WebServer] {"duration_ms": 11.6013330007263, "event": "console.request", "id_hash": "h_c5b9b2fc0235", "status": "200"}
[WebServer] {"duration_ms": 16.540915999939898, "event": "console.request", "id_hash": "h_d18719692633", "status": "200"}
[WebServer] {"duration_ms": 4.388584000480478, "event": "console.request", "id_hash": "h_5e53befd2b15", "status": "200"}
[WebServer] {"duration_ms": 18.326542000068002, "event": "console.request", "id_hash": "h_00737cda6b85", "status": "409"}
[WebServer] {"duration_ms": 4.439250000359607, "event": "console.request", "id_hash": "h_189d867dfa6f", "status": "200"}
[WebServer] {"duration_ms": 5.798709000373492, "event": "console.request", "id_hash": "h_7b982e23a426", "status": "200"}
[WebServer] {"duration_ms": 1.2899169996671844, "event": "console.request", "id_hash": "h_e4af5ed6f161", "status": "200"}
[WebServer] {"duration_ms": 1.5256669994414551, "event": "console.request", "id_hash": "h_e7f0d35670d6", "status": "200"}
[WebServer] {"duration_ms": 2.620625000417931, "event": "console.request", "id_hash": "h_1966dcc5c9f0", "status": "200"}
[WebServer] {"duration_ms": 3.149874999508029, "event": "console.request", "id_hash": "h_87f458cda45e", "status": "200"}
[WebServer] {"duration_ms": 5.200207999223494, "event": "console.request", "id_hash": "h_c1f6ebf1e957", "status": "200"}
[WebServer] {"duration_ms": 51.55262500011304, "event": "console.request", "id_hash": "h_8da69f52d3d3", "status": "200"}
[WebServer] {"duration_ms": 55.909874999997555, "event": "console.request", "id_hash": "h_9ddeb9737070", "status": "200"}
[WebServer] {"duration_ms": 55.678791000900674, "event": "console.request", "id_hash": "h_3feef7b17094", "status": "200"}
[WebServer] {"duration_ms": 58.012874998894404, "event": "console.request", "id_hash": "h_a7abc30280a2", "status": "200"}
[WebServer] {"duration_ms": 57.4300830012362, "event": "console.request", "id_hash": "h_9131a9c47bcc", "status": "200"}
[WebServer] {"duration_ms": 57.825125000817934, "event": "console.request", "id_hash": "h_2cd684d67f0c", "status": "200"}
[WebServer] {"duration_ms": 10.775959000966395, "event": "console.request", "id_hash": "h_bb035dbe5c25", "status": "200"}
[WebServer] {"duration_ms": 4.647916999601875, "event": "console.request", "id_hash": "h_4d07701754f1", "status": "200"}
[WebServer] {"duration_ms": 6.9410420001077, "event": "console.request", "id_hash": "h_400a93d8b779", "status": "200"}
[WebServer] {"duration_ms": 14.14433299942175, "event": "console.request", "id_hash": "h_60ad3f057050", "status": "200"}
[WebServer] {"duration_ms": 13.213041000199155, "event": "console.request", "id_hash": "h_932941d1f6d9", "status": "200"}
[WebServer] {"duration_ms": 8.708707999176113, "event": "console.request", "id_hash": "h_1e6a46f459a7", "status": "200"}
[WebServer] {"duration_ms": 23.96375000171247, "event": "console.request", "id_hash": "h_34700b430b72", "status": "200"}
[WebServer] {"duration_ms": 5.237584000497009, "event": "console.request", "id_hash": "h_96b267d02ad0", "status": "200"}
[WebServer] {"duration_ms": 1.2964170000486774, "event": "console.request", "id_hash": "h_34ff9d458226", "status": "200"}
[WebServer] {"duration_ms": 2.161500000511296, "event": "console.request", "id_hash": "h_dff81f8f1896", "status": "200"}
[WebServer] {"duration_ms": 1.7513749990030192, "event": "console.request", "id_hash": "h_7283dafd70e6", "status": "200"}
[WebServer] {"duration_ms": 5.86154099983105, "event": "console.request", "id_hash": "h_1f59596dc5d5", "status": "200"}
[WebServer] {"duration_ms": 11.093749999417923, "event": "console.request", "id_hash": "h_16e3ea235abb", "status": "200"}
[WebServer] {"duration_ms": 8.006957999896258, "event": "console.request", "id_hash": "h_3bc074b88500", "status": "200"}
[WebServer] {"duration_ms": 11.796582999522798, "event": "console.request", "id_hash": "h_dbdb74f2ab79", "status": "200"}
  ✓  18 tests/browser/persona-state.spec.ts:3:1 › real State writer updates and clears expired State without changing Persona Core (2.4s)
[WebServer] {"duration_ms": 68.4937500009255, "event": "console.request", "id_hash": "h_d9e30b0ec5be", "status": "200"}
[WebServer] {"duration_ms": 72.12279100167507, "event": "console.request", "id_hash": "h_61aa35258915", "status": "200"}
[WebServer] {"duration_ms": 71.66233299903979, "event": "console.request", "id_hash": "h_b2da5114ff62", "status": "200"}
[WebServer] {"duration_ms": 71.04941699981282, "event": "console.request", "id_hash": "h_ef3c079ef3ed", "status": "200"}
[WebServer] {"duration_ms": 72.20708400018339, "event": "console.request", "id_hash": "h_8efdd24f3592", "status": "200"}
[WebServer] {"duration_ms": 64.51649999871734, "event": "console.request", "id_hash": "h_63e23b4a8e0b", "status": "200"}
[WebServer] {"duration_ms": 1.3610000005428446, "event": "console.request", "id_hash": "h_22fff3d65beb", "status": "200"}
[WebServer] {"duration_ms": 1.4258339997468283, "event": "console.request", "id_hash": "h_a6db4f583336", "status": "200"}
[WebServer] {"duration_ms": 0.931208000110928, "event": "console.request", "id_hash": "h_a6fb22480c25", "status": "200"}
[WebServer] {"duration_ms": 3.334875000291504, "event": "console.request", "id_hash": "h_b538341c98d1", "status": "401"}
[WebServer] {"duration_ms": 101.44870799922501, "event": "console.request", "id_hash": "h_8479d917baf2", "status": "200"}
[WebServer] {"duration_ms": 6.7231660013931105, "event": "console.request", "id_hash": "h_159d342fe5b4", "status": "200"}
[WebServer] {"duration_ms": 6.515082999612787, "event": "console.request", "id_hash": "h_41c59bb248a5", "status": "200"}
[WebServer] {"duration_ms": 46.143624998876476, "event": "console.request", "id_hash": "h_8d6483768b3c", "status": "200"}
[WebServer] {"duration_ms": 51.24445799992827, "event": "console.request", "id_hash": "h_87013b9bb113", "status": "200"}
[WebServer] {"duration_ms": 56.969250001202454, "event": "console.request", "id_hash": "h_a2b30a95f976", "status": "200"}
[WebServer] {"duration_ms": 54.75208300049417, "event": "console.request", "id_hash": "h_b08d2372ddea", "status": "200"}
[WebServer] {"duration_ms": 54.8123749995284, "event": "console.request", "id_hash": "h_275e3804d87d", "status": "200"}
[WebServer] {"duration_ms": 55.98333300076774, "event": "console.request", "id_hash": "h_3f27d481c6ae", "status": "200"}
[WebServer] {"duration_ms": 6.814166001277044, "event": "console.request", "id_hash": "h_37d7e327f576", "status": "200"}
[WebServer] {"duration_ms": 5.377792000217596, "event": "console.request", "id_hash": "h_c7a93a55c3aa", "status": "200"}
  ✓  19 tests/browser/persona.spec.ts:3:1 › real Persona reader has current and history without publication controls (586ms)
[WebServer] {"duration_ms": 0.9885420004138723, "event": "console.request", "id_hash": "h_a16578394326", "status": "200"}
[WebServer] {"duration_ms": 1.1772499983635498, "event": "console.request", "id_hash": "h_a3f7db512eac", "status": "200"}
[WebServer] {"duration_ms": 1.8953749986394541, "event": "console.request", "id_hash": "h_7581ced8f0a7", "status": "200"}
[WebServer] {"duration_ms": 2.8596249994734535, "event": "console.request", "id_hash": "h_dab72df953f2", "status": "401"}
[WebServer] {"duration_ms": 101.36604199942667, "event": "console.request", "id_hash": "h_9106c502b30c", "status": "200"}
[WebServer] {"duration_ms": 6.118375000369269, "event": "console.request", "id_hash": "h_644f8bc6605b", "status": "200"}
[WebServer] {"duration_ms": 6.303250000200933, "event": "console.request", "id_hash": "h_d0bef2bd4be8", "status": "200"}
[WebServer] {"duration_ms": 54.710916001567966, "event": "console.request", "id_hash": "h_22a51affe11c", "status": "200"}
[WebServer] {"duration_ms": 54.59337499996764, "event": "console.request", "id_hash": "h_e6106ec422ef", "status": "200"}
[WebServer] {"duration_ms": 53.76079100096831, "event": "console.request", "id_hash": "h_f7ce5cde84c8", "status": "200"}
[WebServer] {"duration_ms": 54.722708999179304, "event": "console.request", "id_hash": "h_3e47ada7a4db", "status": "200"}
[WebServer] {"duration_ms": 56.66166699847963, "event": "console.request", "id_hash": "h_0ea560717863", "status": "200"}
[WebServer] {"duration_ms": 56.97504099953221, "event": "console.request", "id_hash": "h_75f94edd53fa", "status": "200"}
[WebServer] {"duration_ms": 4.53741599994828, "event": "console.request", "id_hash": "h_554caf22cdcb", "status": "200"}
[WebServer] {"duration_ms": 0.8062920005613705, "event": "console.request", "id_hash": "h_24774770fe4f", "status": "200"}
[WebServer] {"duration_ms": 1.4351249992614612, "event": "console.request", "id_hash": "h_b67fd6fea397", "status": "200"}
[WebServer] {"duration_ms": 1.5212079997581895, "event": "console.request", "id_hash": "h_7374c2467598", "status": "200"}
[WebServer] {"duration_ms": 2.743334000115283, "event": "console.request", "id_hash": "h_0fbe02961438", "status": "200"}
[WebServer] {"duration_ms": 5.4503749997820705, "event": "console.request", "id_hash": "h_a902a9df6318", "status": "200"}
[WebServer] {"duration_ms": 50.681999999142135, "event": "console.request", "id_hash": "h_86abaaa85ce7", "status": "200"}
[WebServer] {"duration_ms": 58.69854100092198, "event": "console.request", "id_hash": "h_adb833170b30", "status": "200"}
[WebServer] {"duration_ms": 59.48704199909116, "event": "console.request", "id_hash": "h_21a29d707fdc", "status": "200"}
[WebServer] {"duration_ms": 58.81291599871474, "event": "console.request", "id_hash": "h_b440b6845ee2", "status": "200"}
[WebServer] {"duration_ms": 59.257624998281244, "event": "console.request", "id_hash": "h_dfab1403523f", "status": "200"}
[WebServer] {"duration_ms": 60.52283299868577, "event": "console.request", "id_hash": "h_330f557249cb", "status": "200"}
[WebServer] {"duration_ms": 13.955874999737716, "event": "console.request", "id_hash": "h_ce641ebc92c3", "status": "200"}
[WebServer] {"duration_ms": 8.754375001444714, "event": "console.request", "id_hash": "h_ccce1b9f7bab", "status": "403"}
[WebServer] {"duration_ms": 9.911167000609566, "event": "console.request", "id_hash": "h_2e31feb786a1", "status": "200"}
[WebServer] {"duration_ms": 19.716249998964486, "event": "console.request", "id_hash": "h_a0d6f1252efc", "status": "201"}
[WebServer] {"duration_ms": 32.55662499941536, "event": "console.request", "id_hash": "h_ac5888332fcb", "status": "200"}
[WebServer] {"duration_ms": 50.164166999820736, "event": "console.request", "id_hash": "h_42b02e5d3a84", "status": "200"}
[WebServer] {"duration_ms": 53.17179200028477, "event": "console.request", "id_hash": "h_49e0dc217a73", "status": "200"}
[WebServer] {"duration_ms": 52.293667000412825, "event": "console.request", "id_hash": "h_16af07d9f1fa", "status": "200"}
[WebServer] {"duration_ms": 53.264958998624934, "event": "console.request", "id_hash": "h_25092c7554d3", "status": "200"}
[WebServer] {"duration_ms": 53.62733299989486, "event": "console.request", "id_hash": "h_ef2318c9d3b4", "status": "200"}
[WebServer] {"duration_ms": 17.12141600000905, "event": "console.request", "id_hash": "h_efaf7fc5a8be", "status": "409"}
[WebServer] {"duration_ms": 4.532999999355525, "event": "console.request", "id_hash": "h_ca3bd13fa8e4", "status": "200"}
[WebServer] {"duration_ms": 49.959166999542504, "event": "console.request", "id_hash": "h_359459578cfd", "status": "200"}
[WebServer] {"duration_ms": 51.58633400060353, "event": "console.request", "id_hash": "h_cb5e4bbbcb44", "status": "200"}
[WebServer] {"duration_ms": 50.758249999489635, "event": "console.request", "id_hash": "h_009acca6758d", "status": "200"}
[WebServer] {"duration_ms": 51.7863330005639, "event": "console.request", "id_hash": "h_d19ccaa38bea", "status": "200"}
[WebServer] {"duration_ms": 51.612540999485645, "event": "console.request", "id_hash": "h_7977a0ee1d5c", "status": "200"}
[WebServer] {"duration_ms": 52.09654200007208, "event": "console.request", "id_hash": "h_832591efcdab", "status": "200"}
[WebServer] {"duration_ms": 0.872832999448292, "event": "console.request", "id_hash": "h_d8271c277166", "status": "200"}
[WebServer] {"duration_ms": 1.4112090011622058, "event": "console.request", "id_hash": "h_33967d13dce7", "status": "200"}
[WebServer] {"duration_ms": 1.4837500002613524, "event": "console.request", "id_hash": "h_7936aca8c45e", "status": "200"}
[WebServer] {"duration_ms": 2.839208000295912, "event": "console.request", "id_hash": "h_9707265376c8", "status": "200"}
[WebServer] {"duration_ms": 4.747250000946224, "event": "console.request", "id_hash": "h_7b8bbce95504", "status": "200"}
[WebServer] {"duration_ms": 49.266957999861916, "event": "console.request", "id_hash": "h_df98296a3f90", "status": "200"}
[WebServer] {"duration_ms": 51.455083999826456, "event": "console.request", "id_hash": "h_e35c0b08e658", "status": "200"}
[WebServer] {"duration_ms": 51.941249999799766, "event": "console.request", "id_hash": "h_35f14616f862", "status": "200"}
[WebServer] {"duration_ms": 53.039750000607455, "event": "console.request", "id_hash": "h_f4a70aaab337", "status": "200"}
[WebServer] {"duration_ms": 54.04529200131947, "event": "console.request", "id_hash": "h_b798b3644bf5", "status": "200"}
[WebServer] {"duration_ms": 53.03966700012097, "event": "console.request", "id_hash": "h_b9f8a4137ec7", "status": "200"}
[WebServer] {"duration_ms": 9.32266699965112, "event": "console.request", "id_hash": "h_d4820f0fdfe5", "status": "200"}
[WebServer] {"duration_ms": 19.098167000265676, "event": "console.request", "id_hash": "h_9e0d04b7cc8a", "status": "201"}
[WebServer] {"duration_ms": 48.046207999504986, "event": "console.request", "id_hash": "h_c0a4142309bb", "status": "200"}
[WebServer] {"duration_ms": 52.10599999918486, "event": "console.request", "id_hash": "h_f32b827c49a2", "status": "200"}
[WebServer] {"duration_ms": 51.58695799946145, "event": "console.request", "id_hash": "h_346e2ffb7ce0", "status": "200"}
[WebServer] {"duration_ms": 54.39450000085344, "event": "console.request", "id_hash": "h_d4949a58b34b", "status": "200"}
[WebServer] {"duration_ms": 54.57287500030361, "event": "console.request", "id_hash": "h_b358aadf2c77", "status": "200"}
[WebServer] {"duration_ms": 54.10179099999368, "event": "console.request", "id_hash": "h_b097dcda7966", "status": "200"}
[WebServer] {"duration_ms": 0.9794590005185455, "event": "console.request", "id_hash": "h_4cfac6af312a", "status": "200"}
[WebServer] {"duration_ms": 1.1509999985719332, "event": "console.request", "id_hash": "h_bf46f5048c14", "status": "200"}
[WebServer] {"duration_ms": 1.8703329988056794, "event": "console.request", "id_hash": "h_39216c7ef92f", "status": "200"}
[WebServer] {"duration_ms": 2.480125000147382, "event": "console.request", "id_hash": "h_50eb38b426cc", "status": "200"}
[WebServer] {"duration_ms": 4.581375000270782, "event": "console.request", "id_hash": "h_063cf167eceb", "status": "200"}
[WebServer] {"duration_ms": 49.5514579997689, "event": "console.request", "id_hash": "h_d1139865f4fa", "status": "200"}
[WebServer] {"duration_ms": 50.53816700092284, "event": "console.request", "id_hash": "h_025d0383c66a", "status": "200"}
[WebServer] {"duration_ms": 50.672791001488804, "event": "console.request", "id_hash": "h_3f351dd41cc3", "status": "200"}
[WebServer] {"duration_ms": 53.778790999786, "event": "console.request", "id_hash": "h_7a3f0077d4e6", "status": "200"}
[WebServer] {"duration_ms": 54.0882919995056, "event": "console.request", "id_hash": "h_175b7bb6ab34", "status": "200"}
[WebServer] {"duration_ms": 54.355916001441074, "event": "console.request", "id_hash": "h_7c636b97db95", "status": "200"}
[WebServer] {"duration_ms": 9.845040998698096, "event": "console.request", "id_hash": "h_5f0b7cceaa6e", "status": "200"}
[WebServer] {"duration_ms": 4.847333999350667, "event": "console.request", "id_hash": "h_129fb4a40886", "status": "200"}
  ✓  20 tests/browser/persona.spec.ts:67:1 › real Persona publish, reauth, refresh and rollback preserve immutable history in Required mode (1.8s)

  20 passed (1.3m)
UV_CACHE_DIR=.uv-cache uv run python -m tools.check_packages
warning: The cache directory `.uv-cache` is inside the build source directory `.` and may be included in distributions
Building source distribution...
Building wheel from source distribution...
Successfully built /var/folders/vr/xq2gyj_j1w5f2rbw5h06rtqw0000gn/T/iris-package-check-zx7p7ivk/core/iris_memory_core-0.13.0.tar.gz
Successfully built /var/folders/vr/xq2gyj_j1w5f2rbw5h06rtqw0000gn/T/iris-package-check-zx7p7ivk/core/iris_memory_core-0.13.0-py3-none-any.whl
Building source distribution...
Building wheel from source distribution...
Successfully built /var/folders/vr/xq2gyj_j1w5f2rbw5h06rtqw0000gn/T/iris-package-check-zx7p7ivk/sdk/iris_memory_sdk-0.11.1.tar.gz
Successfully built /var/folders/vr/xq2gyj_j1w5f2rbw5h06rtqw0000gn/T/iris-package-check-zx7p7ivk/sdk/iris_memory_sdk-0.11.1-py3-none-any.whl
{"artifact_digests": [{"name": "iris_memory_core-0.13.0-py3-none-any.whl", "sha256": "53541e146bb42209351f77be3a65ac01ccb72df32c4f87e88973ebca57553a1e", "bytes": 841190}, {"name": "iris_memory_core-0.13.0.tar.gz", "sha256": "32ddb621230f1a37a3d141e7de75d9563fade857e2150ba4392579740df78912", "bytes": 698521}, {"name": "iris_memory_sdk-0.11.1-py3-none-any.whl", "sha256": "19f3cd76e9dc5adcd68417d6ae638a7aff2206b62d39f2b3975df2f273c5cbeb", "bytes": 33574}, {"name": "iris_memory_sdk-0.11.1.tar.gz", "sha256": "6d96c57f839c28d2614d4314bb1c2b1e30391fab9ada9586093d54e87060d3f9", "bytes": 32705}]}
Using CPython 3.12.13
Creating virtual environment at: /var/folders/vr/xq2gyj_j1w5f2rbw5h06rtqw0000gn/T/iris-installation-wrgoy2i5/venv
Activate with: source /var/folders/vr/xq2gyj_j1w5f2rbw5h06rtqw0000gn/T/iris-installation-wrgoy2i5/venv/bin/activate
Using Python 3.12.13 environment at: /var/folders/vr/xq2gyj_j1w5f2rbw5h06rtqw0000gn/T/iris-installation-wrgoy2i5/venv
Resolved 26 packages in 2.45s
Prepared 2 packages in 17ms
Installed 26 packages in 44ms
 + annotated-doc==0.0.5
 + annotated-types==0.8.0
 + anyio==4.15.1
 + attrs==26.1.0
 + cffi==2.1.1
 + click==8.5.0
 + cryptography==50.0.1
 + faiss-cpu==1.15.0
 + fastapi==0.141.1
 + h11==0.16.0
 + idna==3.19
 + iris-memory-core==0.13.0 (from file:///private/var/folders/vr/xq2gyj_j1w5f2rbw5h06rtqw0000gn/T/iris-package-check-zx7p7ivk/core/iris_memory_core-0.13.0-py3-none-any.whl)
 + iris-memory-sdk==0.11.1 (from file:///private/var/folders/vr/xq2gyj_j1w5f2rbw5h06rtqw0000gn/T/iris-package-check-zx7p7ivk/sdk/iris_memory_sdk-0.11.1-py3-none-any.whl)
 + jsonschema==4.26.0
 + jsonschema-specifications==2025.9.1
 + numpy==2.5.3
 + packaging==26.3
 + pycparser==3.0
 + pydantic==2.13.5
 + pydantic-core==2.46.5
 + referencing==0.37.0
 + rpds-py==2026.6.3
 + starlette==1.6.0
 + typing-extensions==4.16.0
 + typing-inspection==0.4.4
 + uvicorn==0.52.4
public API exports, signatures, DTOs, CLI and HTTP snapshot: passed
{
  "core_version": "0.13.0",
  "development_sqlite_override": true,
  "private_endpoint_rejections": 4,
  "public_sdk_smoke": "passed",
  "schema_version": 20,
  "sdk_version": "0.11.1",
  "serve_exit_code": -15,
  "shutdown_seconds": 0.18326345899913576,
  "surface_mode": "required",
  "worker_once": "passed"
}
{"rebuild": "vector", "state": [["pending", 0, null]]}
{"rebuild": "vector", "state": [["leased", 1, null]]}
{"rebuild": "vector", "state": [["completed", 1, null]]}
{"rebuild": "graph", "state": [["completed", 1, null]]}
{"rebuild": "fts", "state": [["completed", 1, null]]}
{"rebuild": "profile", "state": [["completed", 1, null]]}
{
  "development_embedding": true,
  "installed_recall": {
    "graph": {
      "expected_resource_found": true,
      "trace_candidates": 2
    },
    "vector": {
      "expected_resource_found": true,
      "trace_candidates": 1
    }
  },
  "required_lease": true,
  "worker_rebuilds": 4
}
fresh package build, archive boundaries and isolated installation: passed
