npm run check --prefix web/console

> @iris-memory/console@0.1.0 check
> npm run types:check && npm run lint && npm run typecheck && npm test && npm run build


> @iris-memory/console@0.1.0 types:check
> node scripts/check-types.mjs && node scripts/generate-protocol.mjs --check

Published Console type generation is deterministic.

> @iris-memory/console@0.1.0 lint
> eslint . --max-warnings 0


> @iris-memory/console@0.1.0 typecheck
> tsc --noEmit


> @iris-memory/console@0.1.0 test
> vitest run


 RUN  v3.2.4 /Users/cassia/Local/Code/iris_memory_core/web/console

 ✓ tests/client.test.ts (16 tests) 13ms
 ✓ tests/workflows.test.tsx (13 tests) 206ms

 Test Files  2 passed (2)
      Tests  29 passed (29)
   Start at  03:25:40
   Duration  774ms (transform 120ms, setup 0ms, collect 261ms, tests 219ms, environment 443ms, prepare 82ms)


> @iris-memory/console@0.1.0 build
> tsc --noEmit && vite build && node scripts/check-build.mjs

vite v7.1.4 building for production...
transforming...
node_modules/react-router/dist/development/index.mjs (11:0): Module level directives cause errors when bundled, "use client" in "node_modules/react-router/dist/development/index.mjs" was ignored.
node_modules/react-router/dist/development/dom-export.mjs (1:0): Module level directives cause errors when bundled, "use client" in "node_modules/react-router/dist/development/dom-export.mjs" was ignored.
✓ 56 modules transformed.
rendering chunks...
computing gzip size...
dist/index.html                   0.44 kB │ gzip:  0.32 kB
dist/assets/index-DsQ9LCF9.css    6.82 kB │ gzip:  2.27 kB
dist/assets/index-seQyvNg8.js   309.72 kB │ gzip: 97.74 kB
✓ built in 420ms
Production assets: same-origin, no mock, no inline entry, no eval, allowed suffixes.
npm run test:browser --prefix web/console

> @iris-memory/console@0.1.0 test:browser
> playwright test

(node:56798) [DEP0205] DeprecationWarning: `module.register()` is deprecated. Use `module.registerHooks()` instead.
(Use `node --trace-deprecation ...` to show where the warning was created)
[WebServer] INFO:     Started server process [56802]
[WebServer] INFO:     Waiting for application startup.
[WebServer] INFO:     Application startup complete.
[WebServer] INFO:     Uvicorn running on http://127.0.0.1:8766 (Press CTRL+C to quit)
[WebServer] {"duration_ms": 51.54625000068336, "event": "console.request", "id_hash": "h_ccff32b31cd8", "status": "200"}

Running 21 tests using 1 worker

(node:56817) Warning: The 'NO_COLOR' env is ignored due to the 'FORCE_COLOR' env being set.
(Use `node --trace-warnings ...` to show where the warning was created)
(node:56817) [DEP0205] DeprecationWarning: `module.register()` is deprecated. Use `module.registerHooks()` instead.
(node:56817) Warning: The 'NO_COLOR' env is ignored due to the 'FORCE_COLOR' env being set.
(Use `node --trace-warnings ...` to show where the warning was created)
[WebServer] {"duration_ms": 1.1160840003867634, "event": "console.request", "id_hash": "h_ae518cd9ccbd", "status": "200"}
[WebServer] {"duration_ms": 2.829041000950383, "event": "console.request", "id_hash": "h_81c372af7ff0", "status": "200"}
[WebServer] {"duration_ms": 1.9296250029583462, "event": "console.request", "id_hash": "h_3bf507594001", "status": "200"}
[WebServer] {"duration_ms": 5.813042000227142, "event": "console.request", "id_hash": "h_234d55638c36", "status": "401"}
[WebServer] {"duration_ms": 102.86854199875961, "event": "console.request", "id_hash": "h_f374204485f4", "status": "200"}
[WebServer] {"duration_ms": 7.348459002969321, "event": "console.request", "id_hash": "h_8db1365e02a7", "status": "200"}
[WebServer] {"duration_ms": 5.973833998723421, "event": "console.request", "id_hash": "h_3c5ea4b910ae", "status": "200"}
[WebServer] {"duration_ms": 8.242708001489518, "event": "console.request", "id_hash": "h_e4c76d05cb68", "status": "403"}
[WebServer] {"duration_ms": 9.937833001458785, "event": "console.request", "id_hash": "h_06f5650ddc3b", "status": "200"}
[WebServer] {"duration_ms": 14.878874997521052, "event": "console.request", "id_hash": "h_9bbdcb3c4956", "status": "202"}
[WebServer] {"duration_ms": 4.699457997048739, "event": "console.request", "id_hash": "h_bd9284cd0e0f", "status": "200"}
[WebServer] {"duration_ms": 13.976957998238504, "event": "console.request", "id_hash": "h_6a65bda2ff8b", "status": "200"}
[WebServer] {"duration_ms": 2.1977500000502914, "event": "console.request", "id_hash": "h_d474313e493d", "status": "200"}
[WebServer] {"duration_ms": 2.258584001538111, "event": "console.request", "id_hash": "h_bbbbd1988c2b", "status": "200"}
[WebServer] {"duration_ms": 1.4588330013793893, "event": "console.request", "id_hash": "h_b6cee6f4f3cd", "status": "200"}
[WebServer] {"duration_ms": 4.288542000722373, "event": "console.request", "id_hash": "h_d24f38202a06", "status": "200"}
[WebServer] {"duration_ms": 6.272041999181965, "event": "console.request", "id_hash": "h_c239ea9cd2d8", "status": "200"}
[WebServer] {"duration_ms": 5.954750002274523, "event": "console.request", "id_hash": "h_58f999de2c38", "status": "200"}
  ✓   1 tests/browser/backup.spec.ts:6:1 › real backup acceptance, reauthentication and independent fenced worker (1.8s)
[WebServer] {"duration_ms": 1.1043749982491136, "event": "console.request", "id_hash": "h_b1ffd649efa8", "status": "200"}
[WebServer] {"duration_ms": 1.0752499983937014, "event": "console.request", "id_hash": "h_015af91a7efb", "status": "200"}
[WebServer] {"duration_ms": 2.1882500004721805, "event": "console.request", "id_hash": "h_260402d177e4", "status": "200"}
[WebServer] {"duration_ms": 5.334417000995018, "event": "console.request", "id_hash": "h_850ebd8ddcc9", "status": "401"}
[WebServer] {"duration_ms": 101.76762500123004, "event": "console.request", "id_hash": "h_33c5d5119a2f", "status": "200"}
[WebServer] {"duration_ms": 6.638416001806036, "event": "console.request", "id_hash": "h_bf02cbb64d32", "status": "200"}
[WebServer] {"duration_ms": 37.98470800029463, "event": "console.request", "id_hash": "h_62424328c640", "status": "200"}
[WebServer] {"duration_ms": 5.880042001081165, "event": "console.request", "id_hash": "h_31d9c0faad8c", "status": "200"}
[WebServer] {"duration_ms": 7.557125001767417, "event": "console.request", "id_hash": "h_36a0e324babc", "status": "200"}
[WebServer] {"duration_ms": 12.480958001106046, "event": "console.request", "id_hash": "h_811c45306df4", "status": "200"}
[WebServer] {"duration_ms": 1.7510830002720468, "event": "console.request", "id_hash": "h_731cdcb33d3c", "status": "200"}
[WebServer] {"duration_ms": 12.70387500335346, "event": "console.request", "id_hash": "h_022ea6e1c8e6", "status": "200"}
[WebServer] {"duration_ms": 3.011500000866363, "event": "console.request", "id_hash": "h_ba8b9a4f0b65", "status": "200"}
[WebServer] {"duration_ms": 1.8252909976581577, "event": "console.request", "id_hash": "h_23e9dc73ba76", "status": "200"}
[WebServer] {"duration_ms": 4.2559590001474135, "event": "console.request", "id_hash": "h_c099a04723cd", "status": "200"}
[WebServer] {"duration_ms": 5.504125001607463, "event": "console.request", "id_hash": "h_1287a17e0246", "status": "200"}
[WebServer] {"duration_ms": 56.115208000846906, "event": "console.request", "id_hash": "h_69387747a143", "status": "200"}
[WebServer] {"duration_ms": 18.03604100132361, "event": "console.request", "id_hash": "h_ca792ffaddfd", "status": "200"}
[WebServer] {"duration_ms": 19.785500000580214, "event": "console.request", "id_hash": "h_9a8ebbdfd8ec", "status": "200"}
  ✓   2 tests/browser/console.spec.ts:7:1 › real memory registry, canonical list, detail and history (1.1s)
[WebServer] {"duration_ms": 1.187167003081413, "event": "console.request", "id_hash": "h_996fa3677ca6", "status": "200"}
[WebServer] {"duration_ms": 0.8570419995521661, "event": "console.request", "id_hash": "h_5f64f7dc43c6", "status": "200"}
[WebServer] {"duration_ms": 1.9779590002144687, "event": "console.request", "id_hash": "h_79104bce4f00", "status": "200"}
[WebServer] {"duration_ms": 4.37262500054203, "event": "console.request", "id_hash": "h_46c898eb052d", "status": "401"}
[WebServer] {"duration_ms": 102.40691700164462, "event": "console.request", "id_hash": "h_93ab4b969640", "status": "200"}
[WebServer] {"duration_ms": 7.109915997716598, "event": "console.request", "id_hash": "h_6e00daa15a78", "status": "200"}
[WebServer] {"duration_ms": 36.559500000294065, "event": "console.request", "id_hash": "h_89e69af96bda", "status": "200"}
[WebServer] {"duration_ms": 5.8429999990039505, "event": "console.request", "id_hash": "h_b6edbd5e906a", "status": "200"}
[WebServer] {"duration_ms": 26.345708000008017, "event": "console.request", "id_hash": "h_4d9f6d2ef581", "status": "200"}
[WebServer] {"duration_ms": 28.968875001737615, "event": "console.request", "id_hash": "h_4067622523c5", "status": "200"}
[WebServer] {"duration_ms": 32.08666600039578, "event": "console.request", "id_hash": "h_f002d7be6d74", "status": "200"}
[WebServer] {"duration_ms": 31.22345800147741, "event": "console.request", "id_hash": "h_e386b730c112", "status": "200"}
[WebServer] {"duration_ms": 23.979250003321795, "event": "console.request", "id_hash": "h_ca344128c719", "status": "201"}
[WebServer] {"duration_ms": 7.1990410033322405, "event": "console.request", "id_hash": "h_b3a13a9aea8d", "status": "200"}
[WebServer] {"duration_ms": 8.878915999957826, "event": "console.request", "id_hash": "h_684411d1a513", "status": "200"}
[WebServer] {"duration_ms": 1.3647500018123537, "event": "console.request", "id_hash": "h_dc741841f235", "status": "200"}
[WebServer] {"duration_ms": 1.1308339999231976, "event": "console.request", "id_hash": "h_ae7668544bc1", "status": "200"}
[WebServer] {"duration_ms": 2.430707998428261, "event": "console.request", "id_hash": "h_7c2451265003", "status": "200"}
[WebServer] {"duration_ms": 3.7632909989042673, "event": "console.request", "id_hash": "h_8da2e4d378c5", "status": "200"}
[WebServer] {"duration_ms": 5.838791999849491, "event": "console.request", "id_hash": "h_f49f6b49ea7e", "status": "200"}
[WebServer] {"duration_ms": 30.780416997004068, "event": "console.request", "id_hash": "h_64138de22dce", "status": "200"}
[WebServer] {"duration_ms": 10.658208000677405, "event": "console.request", "id_hash": "h_4f6185757b03", "status": "200"}
[WebServer] {"duration_ms": 13.904957999329781, "event": "console.request", "id_hash": "h_5f44e9d33c16", "status": "200"}
[WebServer] {"duration_ms": 21.522167000512127, "event": "console.request", "id_hash": "h_707117f1f4b9", "status": "200"}
[WebServer] {"duration_ms": 13.085792001220398, "event": "console.request", "id_hash": "h_7de7a60469a8", "status": "200"}
[WebServer] {"duration_ms": 13.365916998736793, "event": "console.request", "id_hash": "h_132d8d0cc144", "status": "200"}
[WebServer] {"duration_ms": 20.075208998605376, "event": "console.request", "id_hash": "h_2f61a5c2288a", "status": "200"}
[WebServer] {"duration_ms": 10.981792001985013, "event": "console.request", "id_hash": "h_4bd492771073", "status": "200"}
[WebServer] {"duration_ms": 15.288915998098673, "event": "console.request", "id_hash": "h_c5d99ad23189", "status": "200"}
[WebServer] {"duration_ms": 1.1518749997776467, "event": "console.request", "id_hash": "h_3f638eafeb81", "status": "200"}
[WebServer] {"duration_ms": 2.0282500008761417, "event": "console.request", "id_hash": "h_8b9dfab5fc8f", "status": "200"}
[WebServer] {"duration_ms": 1.449082999897655, "event": "console.request", "id_hash": "h_b26c02464fec", "status": "200"}
[WebServer] {"duration_ms": 3.454875000898028, "event": "console.request", "id_hash": "h_0617c62e81b2", "status": "200"}
[WebServer] {"duration_ms": 4.980708999937633, "event": "console.request", "id_hash": "h_0307fb656807", "status": "200"}
[WebServer] {"duration_ms": 30.454374998953426, "event": "console.request", "id_hash": "h_0584dd648fec", "status": "200"}
[WebServer] {"duration_ms": 7.9344580008182675, "event": "console.request", "id_hash": "h_19dc44b672c7", "status": "200"}
[WebServer] {"duration_ms": 12.06770799763035, "event": "console.request", "id_hash": "h_06bb084932c5", "status": "200"}
[WebServer] {"duration_ms": 5.670916998496978, "event": "console.request", "id_hash": "h_2b6568d4ebdc", "status": "200"}
[WebServer] {"duration_ms": 26.902083001914434, "event": "console.request", "id_hash": "h_19ff2eff7221", "status": "200"}
[WebServer] {"duration_ms": 28.543500000523636, "event": "console.request", "id_hash": "h_390dc5f649bf", "status": "200"}
[WebServer] {"duration_ms": 28.947375001735054, "event": "console.request", "id_hash": "h_724b2523fd4d", "status": "200"}
[WebServer] {"duration_ms": 28.668709001067327, "event": "console.request", "id_hash": "h_9bdd05af2d28", "status": "200"}
[WebServer] {"duration_ms": 25.102208001044346, "event": "console.request", "id_hash": "h_270cf24d86f6", "status": "201"}
[WebServer] {"duration_ms": 6.039666997821769, "event": "console.request", "id_hash": "h_92029c59dfaa", "status": "200"}
[WebServer] {"duration_ms": 10.235167002974777, "event": "console.request", "id_hash": "h_60a01c2e714c", "status": "200"}
[WebServer] {"duration_ms": 24.268666998978006, "event": "console.request", "id_hash": "h_24d0f4423b8a", "status": "200"}
[WebServer] {"duration_ms": 1.569916999869747, "event": "console.request", "id_hash": "h_a157e68c5bbd", "status": "200"}
[WebServer] {"duration_ms": 13.161957998818252, "event": "console.request", "id_hash": "h_a531d4976a9d", "status": "200"}
[WebServer] {"duration_ms": 2.533915998355951, "event": "console.request", "id_hash": "h_4d176db3ecbc", "status": "200"}
[WebServer] {"duration_ms": 2.747792001173366, "event": "console.request", "id_hash": "h_213d3ffec7e4", "status": "200"}
[WebServer] {"duration_ms": 21.579541000392055, "event": "console.request", "id_hash": "h_fab38765e294", "status": "200"}
[WebServer] {"duration_ms": 3.7362499970186036, "event": "console.request", "id_hash": "h_526c332b2b41", "status": "200"}
[WebServer] {"duration_ms": 4.813166997337248, "event": "console.request", "id_hash": "h_499ba7d00c2a", "status": "200"}
[WebServer] {"duration_ms": 29.889334000472445, "event": "console.request", "id_hash": "h_b17d66901970", "status": "200"}
[WebServer] {"duration_ms": 10.194124999543419, "event": "console.request", "id_hash": "h_d4b1a53273d5", "status": "200"}
[WebServer] {"duration_ms": 13.826375001372071, "event": "console.request", "id_hash": "h_e1cb857e7de8", "status": "200"}
[WebServer] {"duration_ms": 1.0736670010373928, "event": "console.request", "id_hash": "h_b5168140f474", "status": "200"}
[WebServer] {"duration_ms": 1.375874999212101, "event": "console.request", "id_hash": "h_e6b776228d11", "status": "200"}
[WebServer] {"duration_ms": 1.1614579998422414, "event": "console.request", "id_hash": "h_8deea77b8010", "status": "200"}
[WebServer] {"duration_ms": 2.9730419992120005, "event": "console.request", "id_hash": "h_d0efc3ac6521", "status": "200"}
[WebServer] {"duration_ms": 4.957040997396689, "event": "console.request", "id_hash": "h_01b7c8f06322", "status": "200"}
[WebServer] {"duration_ms": 29.052332996798214, "event": "console.request", "id_hash": "h_5adff7e69aea", "status": "200"}
[WebServer] {"duration_ms": 11.77516600000672, "event": "console.request", "id_hash": "h_91e255829de6", "status": "200"}
[WebServer] {"duration_ms": 16.73641600064002, "event": "console.request", "id_hash": "h_fe3eb1b8dd1e", "status": "200"}
[WebServer] {"duration_ms": 0.96674999804236, "event": "console.request", "id_hash": "h_ed42ee1a52bc", "status": "200"}
[WebServer] {"duration_ms": 1.4307500023278408, "event": "console.request", "id_hash": "h_3055cd035eb7", "status": "200"}
[WebServer] {"duration_ms": 1.6037919995142147, "event": "console.request", "id_hash": "h_e7ae7eed7e2b", "status": "200"}
[WebServer] {"duration_ms": 2.9635829996550456, "event": "console.request", "id_hash": "h_fa1d9423010b", "status": "200"}
[WebServer] {"duration_ms": 5.185207999602426, "event": "console.request", "id_hash": "h_c380206eb454", "status": "200"}
[WebServer] {"duration_ms": 28.993165997235337, "event": "console.request", "id_hash": "h_cf110cf30fd0", "status": "200"}
[WebServer] {"duration_ms": 7.784333000017796, "event": "console.request", "id_hash": "h_9b8d7bcdc2ac", "status": "200"}
[WebServer] {"duration_ms": 12.850792001700029, "event": "console.request", "id_hash": "h_337660d10d64", "status": "200"}
[WebServer] {"duration_ms": 0.888458002009429, "event": "console.request", "id_hash": "h_95b568836298", "status": "200"}
[WebServer] {"duration_ms": 1.0773750000225846, "event": "console.request", "id_hash": "h_91498ea01988", "status": "200"}
[WebServer] {"duration_ms": 1.995334001549054, "event": "console.request", "id_hash": "h_e410719b2f21", "status": "200"}
[WebServer] {"duration_ms": 2.7861669987032656, "event": "console.request", "id_hash": "h_fbd64f898505", "status": "200"}
[WebServer] {"duration_ms": 5.7037919978029095, "event": "console.request", "id_hash": "h_b54a1580c4f7", "status": "200"}
[WebServer] {"duration_ms": 28.765874998498475, "event": "console.request", "id_hash": "h_4bb1e7622e7d", "status": "200"}
[WebServer] {"duration_ms": 5.140834000485484, "event": "console.request", "id_hash": "h_dd0700c886f0", "status": "200"}
[WebServer] {"duration_ms": 41.77112500110525, "event": "console.request", "id_hash": "h_390c56d0b674", "status": "200"}
[WebServer] {"duration_ms": 42.34687499774736, "event": "console.request", "id_hash": "h_daa14d47ef41", "status": "200"}
[WebServer] {"duration_ms": 44.56341699915356, "event": "console.request", "id_hash": "h_63fc32f4a04e", "status": "200"}
[WebServer] {"duration_ms": 44.62404100195272, "event": "console.request", "id_hash": "h_043164a9bd56", "status": "200"}
[WebServer] {"duration_ms": 43.92158400150947, "event": "console.request", "id_hash": "h_215562ae4932", "status": "200"}
[WebServer] {"duration_ms": 23.036834001686657, "event": "console.request", "id_hash": "h_045847c0eadc", "status": "201"}
[WebServer] {"duration_ms": 0.9744589988258667, "event": "console.request", "id_hash": "h_4d00cd692e7d", "status": "200"}
[WebServer] {"duration_ms": 7.742166999378242, "event": "console.request", "id_hash": "h_b0f9df01e705", "status": "200"}
[WebServer] {"duration_ms": 1.431624998076586, "event": "console.request", "id_hash": "h_bc34b65b4529", "status": "200"}
[WebServer] {"duration_ms": 0.99545899865916, "event": "console.request", "id_hash": "h_e734a8ae9f99", "status": "200"}
[WebServer] {"duration_ms": 3.1912080012261868, "event": "console.request", "id_hash": "h_35c0b04a7237", "status": "200"}
[WebServer] {"duration_ms": 5.372207997424994, "event": "console.request", "id_hash": "h_7648c8b098f2", "status": "200"}
[WebServer] {"duration_ms": 29.080208001687424, "event": "console.request", "id_hash": "h_5d1b53c7a2e4", "status": "200"}
[WebServer] {"duration_ms": 11.57604100080789, "event": "console.request", "id_hash": "h_d2cfd024446d", "status": "200"}
[WebServer] {"duration_ms": 14.975457997934427, "event": "console.request", "id_hash": "h_afcf1ef717f0", "status": "200"}
[WebServer] {"duration_ms": 22.888874998898245, "event": "console.request", "id_hash": "h_faa9e2826867", "status": "200"}
[WebServer] {"duration_ms": 1.1633750000328291, "event": "console.request", "id_hash": "h_743cbce2ac4f", "status": "200"}
[WebServer] {"duration_ms": 1.2809170002583414, "event": "console.request", "id_hash": "h_0355ea0aa950", "status": "200"}
[WebServer] {"duration_ms": 2.8631249988393392, "event": "console.request", "id_hash": "h_cde76e00f2e1", "status": "200"}
[WebServer] {"duration_ms": 13.250500000140164, "event": "console.request", "id_hash": "h_d543cbd94638", "status": "200"}
[WebServer] {"duration_ms": 18.36524999816902, "event": "console.request", "id_hash": "h_10a9d1641b64", "status": "200"}
[WebServer] {"duration_ms": 3.360124999744585, "event": "console.request", "id_hash": "h_9e7b08869a42", "status": "200"}
[WebServer] {"duration_ms": 5.050375002610963, "event": "console.request", "id_hash": "h_a5876ecccb89", "status": "200"}
[WebServer] {"duration_ms": 41.70220800006064, "event": "console.request", "id_hash": "h_2a271ddaa085", "status": "200"}
[WebServer] {"duration_ms": 7.774834000883857, "event": "console.request", "id_hash": "h_f6a6ac7f47c1", "status": "200"}
[WebServer] {"duration_ms": 12.772541998856468, "event": "console.request", "id_hash": "h_cbb9d255eec2", "status": "200"}
[WebServer] {"duration_ms": 22.261875001277076, "event": "console.request", "id_hash": "h_e00cad9641b9", "status": "200"}
[WebServer] {"duration_ms": 2.053750002232846, "event": "console.request", "id_hash": "h_bca9bc2cbcf4", "status": "200"}
[WebServer] {"duration_ms": 2.4982080030895304, "event": "console.request", "id_hash": "h_f3f9d22a8fc7", "status": "200"}
[WebServer] {"duration_ms": 1.6689160001988057, "event": "console.request", "id_hash": "h_538ea9cb6c9c", "status": "200"}
[WebServer] {"duration_ms": 14.02862499890034, "event": "console.request", "id_hash": "h_e616f2714b14", "status": "200"}
[WebServer] {"duration_ms": 21.165417001611786, "event": "console.request", "id_hash": "h_e50ba0f5714e", "status": "200"}
[WebServer] {"duration_ms": 4.492749998462386, "event": "console.request", "id_hash": "h_e8e8a64f81f8", "status": "200"}
[WebServer] {"duration_ms": 4.523124996921979, "event": "console.request", "id_hash": "h_12906bed42d9", "status": "200"}
[WebServer] {"duration_ms": 30.26175000195508, "event": "console.request", "id_hash": "h_139fec2c2afc", "status": "200"}
[WebServer] {"duration_ms": 11.563625001144828, "event": "console.request", "id_hash": "h_7b50a100b525", "status": "200"}
[WebServer] {"duration_ms": 14.723082997079473, "event": "console.request", "id_hash": "h_6309f1621cbc", "status": "200"}
[WebServer] {"duration_ms": 25.034417001734255, "event": "console.request", "id_hash": "h_631042011638", "status": "200"}
[WebServer] {"duration_ms": 1.3742090013693087, "event": "console.request", "id_hash": "h_091642983132", "status": "200"}
[WebServer] {"duration_ms": 1.3303340019774623, "event": "console.request", "id_hash": "h_934cda321d90", "status": "200"}
[WebServer] {"duration_ms": 2.3858750028011855, "event": "console.request", "id_hash": "h_08901c041533", "status": "200"}
[WebServer] {"duration_ms": 19.780791000812314, "event": "console.request", "id_hash": "h_01826c6798ea", "status": "200"}
[WebServer] {"duration_ms": 7.394832999125356, "event": "console.request", "id_hash": "h_ac445cac2af1", "status": "200"}
[WebServer] {"duration_ms": 28.22987499894225, "event": "console.request", "id_hash": "h_71ca6dec85ba", "status": "200"}
[WebServer] {"duration_ms": 6.386166001902893, "event": "console.request", "id_hash": "h_e81b58473e95", "status": "200"}
[WebServer] {"duration_ms": 29.584209001768613, "event": "console.request", "id_hash": "h_594e6921eb35", "status": "200"}
[WebServer] {"duration_ms": 8.11437499942258, "event": "console.request", "id_hash": "h_c58cd58a8162", "status": "200"}
[WebServer] {"duration_ms": 13.188207998609869, "event": "console.request", "id_hash": "h_4237827b51d0", "status": "200"}
[WebServer] {"duration_ms": 6.484457997430582, "event": "console.request", "id_hash": "h_be14889cf320", "status": "200"}
[WebServer] {"duration_ms": 1.6924580013437662, "event": "console.request", "id_hash": "h_b50ba02ffb28", "status": "200"}
[WebServer] {"duration_ms": 1.2522090000857133, "event": "console.request", "id_hash": "h_cf53768ca1f7", "status": "200"}
[WebServer] {"duration_ms": 2.618374997837236, "event": "console.request", "id_hash": "h_3a993ffe29ba", "status": "200"}
[WebServer] {"duration_ms": 5.631667001580354, "event": "console.request", "id_hash": "h_005402007836", "status": "200"}
[WebServer] {"duration_ms": 5.552916998567525, "event": "console.request", "id_hash": "h_983689c8a17e", "status": "200"}
[WebServer] {"duration_ms": 30.8852919988567, "event": "console.request", "id_hash": "h_f5290ddb61c9", "status": "200"}
[WebServer] {"duration_ms": 4.616875001374865, "event": "console.request", "id_hash": "h_3ef104b88e36", "status": "200"}
[WebServer] {"duration_ms": 25.922708002326544, "event": "console.request", "id_hash": "h_a1c645b8140f", "status": "200"}
[WebServer] {"duration_ms": 26.578417000564514, "event": "console.request", "id_hash": "h_f2fa1a6e36f8", "status": "200"}
[WebServer] {"duration_ms": 27.08445799726178, "event": "console.request", "id_hash": "h_1a403cc858b5", "status": "200"}
[WebServer] {"duration_ms": 28.548624999530148, "event": "console.request", "id_hash": "h_c17017b100a3", "status": "200"}
[WebServer] {"duration_ms": 23.0010420018516, "event": "console.request", "id_hash": "h_7d251566b668", "status": "201"}
[WebServer] {"duration_ms": 1.202084000397008, "event": "console.request", "id_hash": "h_bf6baef7e721", "status": "200"}
[WebServer] {"duration_ms": 7.187709001300391, "event": "console.request", "id_hash": "h_d2b31f411d13", "status": "200"}
[WebServer] {"duration_ms": 0.9161669986497145, "event": "console.request", "id_hash": "h_b94a2250440c", "status": "200"}
[WebServer] {"duration_ms": 2.05416700191563, "event": "console.request", "id_hash": "h_288353826c96", "status": "200"}
[WebServer] {"duration_ms": 3.6504170020634774, "event": "console.request", "id_hash": "h_0b2541917737", "status": "200"}
[WebServer] {"duration_ms": 4.84445900292485, "event": "console.request", "id_hash": "h_b601c0e70f59", "status": "200"}
[WebServer] {"duration_ms": 29.200541001046076, "event": "console.request", "id_hash": "h_be9714fd218f", "status": "200"}
[WebServer] {"duration_ms": 10.917208001046674, "event": "console.request", "id_hash": "h_5d3062c75d45", "status": "200"}
[WebServer] {"duration_ms": 14.602832998207305, "event": "console.request", "id_hash": "h_eeebdb343e87", "status": "200"}
[WebServer] {"duration_ms": 21.654833002685336, "event": "console.request", "id_hash": "h_5286cd404706", "status": "200"}
[WebServer] {"duration_ms": 1.0764590006147046, "event": "console.request", "id_hash": "h_ac8679e84487", "status": "200"}
[WebServer] {"duration_ms": 1.2319999987084884, "event": "console.request", "id_hash": "h_4f5248842211", "status": "200"}
[WebServer] {"duration_ms": 2.3530420003226027, "event": "console.request", "id_hash": "h_bff8254368a3", "status": "200"}
[WebServer] {"duration_ms": 13.301958999363706, "event": "console.request", "id_hash": "h_f992ec41ac71", "status": "200"}
[WebServer] {"duration_ms": 18.058041998301633, "event": "console.request", "id_hash": "h_7f1bc385685b", "status": "200"}
[WebServer] {"duration_ms": 3.7798329976794776, "event": "console.request", "id_hash": "h_7b429b76afb3", "status": "200"}
[WebServer] {"duration_ms": 5.054082997958176, "event": "console.request", "id_hash": "h_c1395e15172c", "status": "200"}
[WebServer] {"duration_ms": 29.307749999134103, "event": "console.request", "id_hash": "h_4c4737f93410", "status": "200"}
[WebServer] {"duration_ms": 10.748374999820953, "event": "console.request", "id_hash": "h_be9b8ed05f56", "status": "200"}
[WebServer] {"duration_ms": 16.073541999503504, "event": "console.request", "id_hash": "h_85c904361128", "status": "200"}
[WebServer] {"duration_ms": 23.828834000596544, "event": "console.request", "id_hash": "h_8ab10cc5c3af", "status": "200"}
[WebServer] {"duration_ms": 1.4307090023066849, "event": "console.request", "id_hash": "h_5c1c067b4624", "status": "200"}
[WebServer] {"duration_ms": 2.5134580027952325, "event": "console.request", "id_hash": "h_f3e461fe7dfe", "status": "200"}
[WebServer] {"duration_ms": 1.3873749994672835, "event": "console.request", "id_hash": "h_cbecfd33ada7", "status": "200"}
[WebServer] {"duration_ms": 14.667416999145644, "event": "console.request", "id_hash": "h_aa5840ef4652", "status": "200"}
[WebServer] {"duration_ms": 19.496584001899464, "event": "console.request", "id_hash": "h_8b2db51ff562", "status": "200"}
[WebServer] {"duration_ms": 3.297041999758221, "event": "console.request", "id_hash": "h_3f122c1f273c", "status": "200"}
[WebServer] {"duration_ms": 4.849500001000706, "event": "console.request", "id_hash": "h_ea09c263e24b", "status": "200"}
[WebServer] {"duration_ms": 29.69308400133741, "event": "console.request", "id_hash": "h_e3768d80b9ac", "status": "200"}
[WebServer] {"duration_ms": 8.467916999506997, "event": "console.request", "id_hash": "h_e0cd13b9ea80", "status": "200"}
[WebServer] {"duration_ms": 13.208958000177518, "event": "console.request", "id_hash": "h_dc1c35f5ac11", "status": "200"}
[WebServer] {"duration_ms": 21.56699999977718, "event": "console.request", "id_hash": "h_b1815c4928a8", "status": "200"}
[WebServer] {"duration_ms": 1.1065420003433246, "event": "console.request", "id_hash": "h_cfca1d99dbe2", "status": "200"}
[WebServer] {"duration_ms": 2.0812920010939706, "event": "console.request", "id_hash": "h_707f46b4da0f", "status": "200"}
[WebServer] {"duration_ms": 1.5129999992495868, "event": "console.request", "id_hash": "h_3e567ac9bd4d", "status": "200"}
[WebServer] {"duration_ms": 13.301124999998137, "event": "console.request", "id_hash": "h_760fa9be2918", "status": "200"}
[WebServer] {"duration_ms": 5.4539999982807785, "event": "console.request", "id_hash": "h_8413c5f4139e", "status": "200"}
[WebServer] {"duration_ms": 22.24700000078883, "event": "console.request", "id_hash": "h_b5bc1ee87152", "status": "200"}
[WebServer] {"duration_ms": 4.867666997597553, "event": "console.request", "id_hash": "h_651b98db6940", "status": "200"}
[WebServer] {"duration_ms": 29.29299999959767, "event": "console.request", "id_hash": "h_2424ab3d63c4", "status": "200"}
[WebServer] {"duration_ms": 12.760249999701045, "event": "console.request", "id_hash": "h_52129696cc36", "status": "200"}
[WebServer] {"duration_ms": 15.616915999999037, "event": "console.request", "id_hash": "h_3b28e4979838", "status": "200"}
[WebServer] {"duration_ms": 6.450500000937609, "event": "console.request", "id_hash": "h_90d61c9965cc", "status": "200"}
[WebServer] {"duration_ms": 1.591083000676008, "event": "console.request", "id_hash": "h_c70a8c516e7f", "status": "200"}
[WebServer] {"duration_ms": 2.1110419984324835, "event": "console.request", "id_hash": "h_4e42fd7b248b", "status": "200"}
[WebServer] {"duration_ms": 1.6554169997107238, "event": "console.request", "id_hash": "h_93d2f3481e1f", "status": "200"}
[WebServer] {"duration_ms": 3.843750000669388, "event": "console.request", "id_hash": "h_3867c6da7fb4", "status": "200"}
[WebServer] {"duration_ms": 5.413041999418056, "event": "console.request", "id_hash": "h_e7058a1be862", "status": "200"}
[WebServer] {"duration_ms": 45.79579100027331, "event": "console.request", "id_hash": "h_bf1ad5666a63", "status": "200"}
[WebServer] {"duration_ms": 4.749291001644451, "event": "console.request", "id_hash": "h_d0685cc4b517", "status": "200"}
[WebServer] {"duration_ms": 53.34533299901523, "event": "console.request", "id_hash": "h_e7a02d56349b", "status": "200"}
[WebServer] {"duration_ms": 54.1037500006496, "event": "console.request", "id_hash": "h_c3f6fc74074e", "status": "200"}
[WebServer] {"duration_ms": 54.008208000595914, "event": "console.request", "id_hash": "h_618193a69e1f", "status": "200"}
[WebServer] {"duration_ms": 54.648124998493586, "event": "console.request", "id_hash": "h_4c857db199f8", "status": "200"}
[WebServer] {"duration_ms": 55.17254100050195, "event": "console.request", "id_hash": "h_2ac0a9ecebfc", "status": "200"}
[WebServer] {"duration_ms": 55.79195900281775, "event": "console.request", "id_hash": "h_26640987117e", "status": "200"}
[WebServer] {"duration_ms": 21.105208001245046, "event": "console.request", "id_hash": "h_47945c95beef", "status": "201"}
[WebServer] {"duration_ms": 1.0638749990903307, "event": "console.request", "id_hash": "h_9dbdfcc6fe32", "status": "200"}
[WebServer] {"duration_ms": 6.773207998776343, "event": "console.request", "id_hash": "h_f4d6160d61d5", "status": "200"}
[WebServer] {"duration_ms": 1.254124999832129, "event": "console.request", "id_hash": "h_c330e708444b", "status": "200"}
[WebServer] {"duration_ms": 1.256874998944113, "event": "console.request", "id_hash": "h_6598b98d8b49", "status": "200"}
[WebServer] {"duration_ms": 2.505666001525242, "event": "console.request", "id_hash": "h_5cb897c2ba64", "status": "200"}
[WebServer] {"duration_ms": 5.015875001845416, "event": "console.request", "id_hash": "h_b6f32d5d53bc", "status": "200"}
[WebServer] {"duration_ms": 29.51362500243704, "event": "console.request", "id_hash": "h_312575f35c82", "status": "200"}
[WebServer] {"duration_ms": 11.149165999086108, "event": "console.request", "id_hash": "h_51b1d4355c86", "status": "200"}
[WebServer] {"duration_ms": 14.241249999031425, "event": "console.request", "id_hash": "h_1a01db4fca5c", "status": "200"}
[WebServer] {"duration_ms": 8.210791998862987, "event": "console.request", "id_hash": "h_7f20f4f7084e", "status": "200"}
[WebServer] {"duration_ms": 9.01966700257617, "event": "console.request", "id_hash": "h_d1ed871df988", "status": "200"}
[WebServer] {"duration_ms": 22.35195799948997, "event": "console.request", "id_hash": "h_746214bec083", "status": "200"}
[WebServer] {"duration_ms": 1.2918329994136002, "event": "console.request", "id_hash": "h_f2c5619f0aa9", "status": "200"}
[WebServer] {"duration_ms": 1.67775000227266, "event": "console.request", "id_hash": "h_bcbb407f9f51", "status": "200"}
[WebServer] {"duration_ms": 2.878540999518009, "event": "console.request", "id_hash": "h_a297594c2952", "status": "200"}
[WebServer] {"duration_ms": 14.937332998670172, "event": "console.request", "id_hash": "h_b351e4adb23d", "status": "200"}
[WebServer] {"duration_ms": 18.739708000794053, "event": "console.request", "id_hash": "h_5bddeb163ba7", "status": "200"}
[WebServer] {"duration_ms": 2.863666999473935, "event": "console.request", "id_hash": "h_740b6e6802c2", "status": "200"}
[WebServer] {"duration_ms": 4.915459001495037, "event": "console.request", "id_hash": "h_499b78a87330", "status": "200"}
[WebServer] {"duration_ms": 28.898541000671685, "event": "console.request", "id_hash": "h_134b6bccae81", "status": "200"}
[WebServer] {"duration_ms": 8.166667001205496, "event": "console.request", "id_hash": "h_e2b9e7d89cba", "status": "200"}
[WebServer] {"duration_ms": 13.83158399767126, "event": "console.request", "id_hash": "h_a4d6457c7a1f", "status": "200"}
[WebServer] {"duration_ms": 24.933333002991276, "event": "console.request", "id_hash": "h_1b6e1fccb909", "status": "200"}
[WebServer] {"duration_ms": 1.3186659998609684, "event": "console.request", "id_hash": "h_528b4209b69a", "status": "200"}
[WebServer] {"duration_ms": 1.8219159974250942, "event": "console.request", "id_hash": "h_5913dbb9bfc5", "status": "200"}
[WebServer] {"duration_ms": 1.0117919991898816, "event": "console.request", "id_hash": "h_53f2e55edc09", "status": "200"}
[WebServer] {"duration_ms": 13.016084001719719, "event": "console.request", "id_hash": "h_b02eb55cdddc", "status": "200"}
[WebServer] {"duration_ms": 5.856333002157044, "event": "console.request", "id_hash": "h_10260b23d100", "status": "200"}
[WebServer] {"duration_ms": 21.915333996730624, "event": "console.request", "id_hash": "h_48535df91e8b", "status": "200"}
[WebServer] {"duration_ms": 4.341707997809863, "event": "console.request", "id_hash": "h_79232e54b889", "status": "200"}
[WebServer] {"duration_ms": 29.351834000408417, "event": "console.request", "id_hash": "h_7cabd1f288e7", "status": "200"}
[WebServer] {"duration_ms": 8.397374997002771, "event": "console.request", "id_hash": "h_556c8961d01e", "status": "200"}
[WebServer] {"duration_ms": 13.085999999020714, "event": "console.request", "id_hash": "h_8b91e163ed04", "status": "200"}
[WebServer] {"duration_ms": 6.481792002887232, "event": "console.request", "id_hash": "h_448671dedda6", "status": "200"}
[WebServer] {"duration_ms": 1.2802500023099128, "event": "console.request", "id_hash": "h_1e3d0d3f3765", "status": "200"}
[WebServer] {"duration_ms": 1.9317080004839227, "event": "console.request", "id_hash": "h_9e55a6fc16d0", "status": "200"}
[WebServer] {"duration_ms": 1.9479590009723324, "event": "console.request", "id_hash": "h_d2c729212dca", "status": "200"}
[WebServer] {"duration_ms": 3.7594999994325917, "event": "console.request", "id_hash": "h_a31c4d004860", "status": "200"}
[WebServer] {"duration_ms": 6.103374998929212, "event": "console.request", "id_hash": "h_8514869f71b7", "status": "200"}
[WebServer] {"duration_ms": 33.36258300259942, "event": "console.request", "id_hash": "h_3e31c1fa4d7c", "status": "200"}
[WebServer] {"duration_ms": 5.142375001014443, "event": "console.request", "id_hash": "h_f1c46621bab8", "status": "200"}
[WebServer] {"duration_ms": 25.2114579998306, "event": "console.request", "id_hash": "h_fca41deb521c", "status": "200"}
[WebServer] {"duration_ms": 27.45974999925238, "event": "console.request", "id_hash": "h_9a57ca364227", "status": "200"}
[WebServer] {"duration_ms": 28.04699999978766, "event": "console.request", "id_hash": "h_a19cf7dff106", "status": "200"}
[WebServer] {"duration_ms": 29.2898330008029, "event": "console.request", "id_hash": "h_45bed1638d57", "status": "200"}
[WebServer] {"duration_ms": 22.544625000591623, "event": "console.request", "id_hash": "h_c42e967244da", "status": "201"}
[WebServer] {"duration_ms": 1.5777500011608936, "event": "console.request", "id_hash": "h_c4e3de2fecc4", "status": "200"}
[WebServer] {"duration_ms": 7.63316599841346, "event": "console.request", "id_hash": "h_33ba6f15e7d4", "status": "200"}
[WebServer] {"duration_ms": 0.9152909988188185, "event": "console.request", "id_hash": "h_07da5f93bf31", "status": "200"}
[WebServer] {"duration_ms": 1.6709160008758772, "event": "console.request", "id_hash": "h_18b8d94eb1ff", "status": "200"}
[WebServer] {"duration_ms": 1.034458000503946, "event": "console.request", "id_hash": "h_e623e85d0032", "status": "200"}
[WebServer] {"duration_ms": 4.652999999962049, "event": "console.request", "id_hash": "h_0b7d668e0ede", "status": "200"}
[WebServer] {"duration_ms": 0.9191669996653218, "event": "console.request", "id_hash": "h_50e27789a625", "status": "200"}
[WebServer] {"duration_ms": 1.6964999995252583, "event": "console.request", "id_hash": "h_ad534a44b229", "status": "200"}
[WebServer] {"duration_ms": 2.7228750004724134, "event": "console.request", "id_hash": "h_4108be174aa9", "status": "200"}
[WebServer] {"duration_ms": 5.314207999617793, "event": "console.request", "id_hash": "h_6b48731b0c41", "status": "200"}
[WebServer] {"duration_ms": 29.97904099902371, "event": "console.request", "id_hash": "h_0a5a3dca3233", "status": "200"}
[WebServer] {"duration_ms": 9.704250001959736, "event": "console.request", "id_hash": "h_01064c086170", "status": "200"}
[WebServer] {"duration_ms": 11.707292000210145, "event": "console.request", "id_hash": "h_974fed4fda3f", "status": "200"}
[WebServer] {"duration_ms": 26.296000000002095, "event": "console.request", "id_hash": "h_70c236f6a900", "status": "200"}
[WebServer] {"duration_ms": 28.530749998026295, "event": "console.request", "id_hash": "h_a884284597c8", "status": "200"}
[WebServer] {"duration_ms": 29.169292000005953, "event": "console.request", "id_hash": "h_96a7c99c095d", "status": "200"}
[WebServer] {"duration_ms": 29.94020800178987, "event": "console.request", "id_hash": "h_2a692635a431", "status": "200"}
[WebServer] {"duration_ms": 26.11595800044597, "event": "console.request", "id_hash": "h_8db80fc6cd1c", "status": "201"}
[WebServer] {"duration_ms": 19.576833001337945, "event": "console.request", "id_hash": "h_864e08fec9c3", "status": "200"}
[WebServer] {"duration_ms": 20.89200000045821, "event": "console.request", "id_hash": "h_7d6344871a11", "status": "200"}
[WebServer] {"duration_ms": 26.422875002026558, "event": "console.request", "id_hash": "h_09aa113dd7b6", "status": "201"}
[WebServer] {"duration_ms": 1.016042002447648, "event": "console.request", "id_hash": "h_dce423cd1b9a", "status": "200"}
[WebServer] {"duration_ms": 1.2814159999834374, "event": "console.request", "id_hash": "h_3fa49e906784", "status": "200"}
[WebServer] {"duration_ms": 1.2927499992656521, "event": "console.request", "id_hash": "h_03fa53847675", "status": "200"}
[WebServer] {"duration_ms": 1.0482079997018445, "event": "console.request", "id_hash": "h_e7cb61eeaa1b", "status": "200"}
[WebServer] {"duration_ms": 3.9320410032814834, "event": "console.request", "id_hash": "h_def74320ff37", "status": "200"}
[WebServer] {"duration_ms": 1.5013749980425928, "event": "console.request", "id_hash": "h_91fcb66673a9", "status": "200"}
[WebServer] {"duration_ms": 1.188124999316642, "event": "console.request", "id_hash": "h_cc5c6bab0eca", "status": "200"}
[WebServer] {"duration_ms": 2.5812909989326727, "event": "console.request", "id_hash": "h_d518067ffac2", "status": "200"}
[WebServer] {"duration_ms": 5.087333000119543, "event": "console.request", "id_hash": "h_249ab54dff09", "status": "200"}
[WebServer] {"duration_ms": 29.840792001778027, "event": "console.request", "id_hash": "h_3bb01697a4c2", "status": "200"}
[WebServer] {"duration_ms": 7.8424169987556525, "event": "console.request", "id_hash": "h_61676ffe2983", "status": "200"}
[WebServer] {"duration_ms": 14.58529199953773, "event": "console.request", "id_hash": "h_5c395d1a6293", "status": "200"}
[WebServer] {"duration_ms": 0.9224589994119015, "event": "console.request", "id_hash": "h_77881b525b5e", "status": "200"}
[WebServer] {"duration_ms": 1.3744169991696253, "event": "console.request", "id_hash": "h_a0067b73fa72", "status": "200"}
[WebServer] {"duration_ms": 1.4259579984354787, "event": "console.request", "id_hash": "h_96dd2a0d40a8", "status": "200"}
[WebServer] {"duration_ms": 3.5700410007848404, "event": "console.request", "id_hash": "h_8b5cb8912285", "status": "200"}
[WebServer] {"duration_ms": 4.559749999316409, "event": "console.request", "id_hash": "h_6bb72d97a237", "status": "200"}
[WebServer] {"duration_ms": 29.77399999872432, "event": "console.request", "id_hash": "h_ff329de9145f", "status": "200"}
[WebServer] {"duration_ms": 5.140749999554828, "event": "console.request", "id_hash": "h_cdad73cadf4b", "status": "200"}
[WebServer] {"duration_ms": 18.91925000018091, "event": "console.request", "id_hash": "h_9b6f7e0ab942", "status": "201"}
[WebServer] {"duration_ms": 0.9017500015033875, "event": "console.request", "id_hash": "h_4976b89b6baf", "status": "200"}
[WebServer] {"duration_ms": 6.499125000118511, "event": "console.request", "id_hash": "h_463c0291bfe1", "status": "200"}
[WebServer] {"duration_ms": 1.451791998988483, "event": "console.request", "id_hash": "h_65df9931d4ec", "status": "200"}
[WebServer] {"duration_ms": 1.031374999001855, "event": "console.request", "id_hash": "h_bc2486d2a745", "status": "200"}
[WebServer] {"duration_ms": 2.8679160022875294, "event": "console.request", "id_hash": "h_499eed94a8e2", "status": "200"}
[WebServer] {"duration_ms": 4.547417000139831, "event": "console.request", "id_hash": "h_3c85075a92df", "status": "200"}
[WebServer] {"duration_ms": 43.552750001254026, "event": "console.request", "id_hash": "h_83c111822459", "status": "200"}
[WebServer] {"duration_ms": 5.372749998059589, "event": "console.request", "id_hash": "h_bb9e5732df7b", "status": "200"}
[WebServer] {"duration_ms": 6.0935840010643005, "event": "console.request", "id_hash": "h_510b55549680", "status": "200"}
[WebServer] {"duration_ms": 20.76400000078138, "event": "console.request", "id_hash": "h_c540dee77609", "status": "201"}
[WebServer] {"duration_ms": 1.0765839979285374, "event": "console.request", "id_hash": "h_5fd0eadb083b", "status": "200"}
[WebServer] {"duration_ms": 6.765541002096143, "event": "console.request", "id_hash": "h_3b8d22b2ed32", "status": "200"}
[WebServer] {"duration_ms": 0.9017920019687153, "event": "console.request", "id_hash": "h_47a549d2be56", "status": "200"}
[WebServer] {"duration_ms": 1.5693330024078023, "event": "console.request", "id_hash": "h_b4fb1931ea6f", "status": "200"}
[WebServer] {"duration_ms": 2.600750001874985, "event": "console.request", "id_hash": "h_4f39fb661890", "status": "200"}
[WebServer] {"duration_ms": 5.303542002366157, "event": "console.request", "id_hash": "h_12e62e7cb2a2", "status": "200"}
[WebServer] {"duration_ms": 29.730707999988226, "event": "console.request", "id_hash": "h_0cb5d87852c0", "status": "200"}
[WebServer] {"duration_ms": 4.539625002507819, "event": "console.request", "id_hash": "h_df1509c43ac9", "status": "200"}
[WebServer] {"duration_ms": 8.482249999360647, "event": "console.request", "id_hash": "h_cf59cae7d3b4", "status": "200"}
[WebServer] {"duration_ms": 9.294333998695947, "event": "console.request", "id_hash": "h_575144f21fac", "status": "200"}
[WebServer] {"duration_ms": 20.26970799852279, "event": "console.request", "id_hash": "h_f59feff32723", "status": "201"}
[WebServer] {"duration_ms": 0.8989999987534247, "event": "console.request", "id_hash": "h_e475434bb9bb", "status": "200"}
[WebServer] {"duration_ms": 6.1004159979347605, "event": "console.request", "id_hash": "h_e91433fdc33d", "status": "200"}
[WebServer] {"duration_ms": 1.7167500009236392, "event": "console.request", "id_hash": "h_c1c5548b51f5", "status": "200"}
[WebServer] {"duration_ms": 0.976999999693362, "event": "console.request", "id_hash": "h_783eda17c250", "status": "200"}
[WebServer] {"duration_ms": 2.5831250022747554, "event": "console.request", "id_hash": "h_979405c041bc", "status": "200"}
[WebServer] {"duration_ms": 4.543041999568231, "event": "console.request", "id_hash": "h_1bb23c8c9d6a", "status": "200"}
[WebServer] {"duration_ms": 30.14400000029127, "event": "console.request", "id_hash": "h_904b23b3168f", "status": "200"}
[WebServer] {"duration_ms": 11.839624999993248, "event": "console.request", "id_hash": "h_e763137e0171", "status": "200"}
[WebServer] {"duration_ms": 12.866624998423504, "event": "console.request", "id_hash": "h_34458b8ec068", "status": "200"}
[WebServer] {"duration_ms": 21.908083999733208, "event": "console.request", "id_hash": "h_0334211eda6d", "status": "200"}
[WebServer] {"duration_ms": 1.484542000980582, "event": "console.request", "id_hash": "h_5b3b6f462613", "status": "200"}
[WebServer] {"duration_ms": 2.918083999247756, "event": "console.request", "id_hash": "h_48ebd9730a60", "status": "200"}
[WebServer] {"duration_ms": 1.9141250013490207, "event": "console.request", "id_hash": "h_79fc16161bc9", "status": "200"}
[WebServer] {"duration_ms": 14.014916996529792, "event": "console.request", "id_hash": "h_5befd46d1f72", "status": "200"}
[WebServer] {"duration_ms": 16.046790999098448, "event": "console.request", "id_hash": "h_b86f22050d8e", "status": "200"}
[WebServer] {"duration_ms": 2.668290999281453, "event": "console.request", "id_hash": "h_78d86f0bb243", "status": "200"}
[WebServer] {"duration_ms": 4.977124997822102, "event": "console.request", "id_hash": "h_acf798e0dabf", "status": "200"}
[WebServer] {"duration_ms": 29.238999999506632, "event": "console.request", "id_hash": "h_4995a015e959", "status": "200"}
[WebServer] {"duration_ms": 11.752500002330635, "event": "console.request", "id_hash": "h_5644d7b84ee5", "status": "200"}
[WebServer] {"duration_ms": 12.180624999018619, "event": "console.request", "id_hash": "h_262cbc422e09", "status": "200"}
[WebServer] {"duration_ms": 23.78166699782014, "event": "console.request", "id_hash": "h_7be538df01e1", "status": "200"}
[WebServer] {"duration_ms": 2.1366250002756715, "event": "console.request", "id_hash": "h_8fc5bdfcfeb1", "status": "200"}
[WebServer] {"duration_ms": 2.9504999984055758, "event": "console.request", "id_hash": "h_16331971c582", "status": "200"}
[WebServer] {"duration_ms": 1.9338750025781337, "event": "console.request", "id_hash": "h_6dd0df03a282", "status": "200"}
[WebServer] {"duration_ms": 13.926708998042159, "event": "console.request", "id_hash": "h_5f507b7609c7", "status": "200"}
[WebServer] {"duration_ms": 16.2168750030105, "event": "console.request", "id_hash": "h_cc0a7833be4f", "status": "200"}
[WebServer] {"duration_ms": 2.691207999305334, "event": "console.request", "id_hash": "h_d5a2b0588e22", "status": "200"}
[WebServer] {"duration_ms": 5.0015840024570934, "event": "console.request", "id_hash": "h_72830c88fc6a", "status": "200"}
[WebServer] {"duration_ms": 29.67187499962165, "event": "console.request", "id_hash": "h_e5629e36984e", "status": "200"}
[WebServer] {"duration_ms": 13.46979200025089, "event": "console.request", "id_hash": "h_dc795685a53b", "status": "200"}
[WebServer] {"duration_ms": 15.116416998353088, "event": "console.request", "id_hash": "h_647466dad429", "status": "200"}
[WebServer] {"duration_ms": 6.385832999512786, "event": "console.request", "id_hash": "h_b126d1b9c08f", "status": "200"}
[WebServer] {"duration_ms": 1.4790829991397914, "event": "console.request", "id_hash": "h_2c941c74358a", "status": "200"}
[WebServer] {"duration_ms": 1.3199169989093207, "event": "console.request", "id_hash": "h_54c7af44e980", "status": "200"}
[WebServer] {"duration_ms": 2.7377500009606592, "event": "console.request", "id_hash": "h_90feda2e45ca", "status": "200"}
[WebServer] {"duration_ms": 4.122499998629792, "event": "console.request", "id_hash": "h_275807c0214d", "status": "200"}
[WebServer] {"duration_ms": 5.507958998350659, "event": "console.request", "id_hash": "h_75f138e89618", "status": "200"}
[WebServer] {"duration_ms": 33.31191599863814, "event": "console.request", "id_hash": "h_c252ba5ebdb2", "status": "200"}
[WebServer] {"duration_ms": 4.6894160004740115, "event": "console.request", "id_hash": "h_18549cb651ac", "status": "200"}
[WebServer] {"duration_ms": 19.856167000398273, "event": "console.request", "id_hash": "h_6cd2ad50ad13", "status": "201"}
[WebServer] {"duration_ms": 0.8385830005863681, "event": "console.request", "id_hash": "h_b4025a3dcc11", "status": "200"}
[WebServer] {"duration_ms": 7.863916998758214, "event": "console.request", "id_hash": "h_310656196fd3", "status": "200"}
[WebServer] {"duration_ms": 1.5621660022588912, "event": "console.request", "id_hash": "h_9d2f5c185fe0", "status": "200"}
[WebServer] {"duration_ms": 0.8711659975233488, "event": "console.request", "id_hash": "h_2b0966af75db", "status": "200"}
[WebServer] {"duration_ms": 2.778334001050098, "event": "console.request", "id_hash": "h_2ec0550334da", "status": "200"}
[WebServer] {"duration_ms": 5.206249999901047, "event": "console.request", "id_hash": "h_62d17b92248b", "status": "200"}
[WebServer] {"duration_ms": 29.75137500106939, "event": "console.request", "id_hash": "h_32c57ca3e3a5", "status": "200"}
[WebServer] {"duration_ms": 12.454375002562301, "event": "console.request", "id_hash": "h_b3aa2191b668", "status": "200"}
[WebServer] {"duration_ms": 15.749458001664607, "event": "console.request", "id_hash": "h_3c1e3d1bdccf", "status": "200"}
[WebServer] {"duration_ms": 6.811082999774953, "event": "console.request", "id_hash": "h_2d8f96bd24e7", "status": "200"}
[WebServer] {"duration_ms": 5.21524999930989, "event": "console.request", "id_hash": "h_fe4c5e8c2fec", "status": "200"}
[WebServer] {"duration_ms": 19.833624999591848, "event": "console.request", "id_hash": "h_6351ea0f85d5", "status": "200"}
[WebServer] {"duration_ms": 1.067749999492662, "event": "console.request", "id_hash": "h_830341e7acd5", "status": "200"}
[WebServer] {"duration_ms": 2.1634590011672117, "event": "console.request", "id_hash": "h_9cb7a4e2d6c9", "status": "200"}
[WebServer] {"duration_ms": 1.6677499988873024, "event": "console.request", "id_hash": "h_cd9b24372a56", "status": "200"}
[WebServer] {"duration_ms": 13.680042000487447, "event": "console.request", "id_hash": "h_5ef488c5dd3c", "status": "200"}
[WebServer] {"duration_ms": 18.15645799797494, "event": "console.request", "id_hash": "h_9a29831b652d", "status": "200"}
[WebServer] {"duration_ms": 3.9571659981447738, "event": "console.request", "id_hash": "h_2c53a9870bb8", "status": "200"}
[WebServer] {"duration_ms": 5.128333999891765, "event": "console.request", "id_hash": "h_6ce69bbdfdff", "status": "200"}
[WebServer] {"duration_ms": 29.400167000858346, "event": "console.request", "id_hash": "h_5e72a6d3a7d9", "status": "200"}
[WebServer] {"duration_ms": 7.697458000620827, "event": "console.request", "id_hash": "h_bbc34211c35f", "status": "200"}
[WebServer] {"duration_ms": 12.09920799738029, "event": "console.request", "id_hash": "h_0882a227bb83", "status": "200"}
[WebServer] {"duration_ms": 6.638542003202019, "event": "console.request", "id_hash": "h_19abb3b92080", "status": "200"}
[WebServer] {"duration_ms": 5.2474159965640865, "event": "console.request", "id_hash": "h_556cd743b9e5", "status": "200"}
[WebServer] {"duration_ms": 1.3795839986414649, "event": "console.request", "id_hash": "h_e0a68ac75126", "status": "200"}
[WebServer] {"duration_ms": 1.1302500024612527, "event": "console.request", "id_hash": "h_30e4fc97091c", "status": "200"}
[WebServer] {"duration_ms": 2.0457080026972108, "event": "console.request", "id_hash": "h_5c513165e90a", "status": "200"}
[WebServer] {"duration_ms": 3.759375002118759, "event": "console.request", "id_hash": "h_6ba67a340bcb", "status": "200"}
[WebServer] {"duration_ms": 5.9224160031590145, "event": "console.request", "id_hash": "h_75294eef8636", "status": "200"}
[WebServer] {"duration_ms": 30.57979100049124, "event": "console.request", "id_hash": "h_16504112fded", "status": "200"}
[WebServer] {"duration_ms": 13.137375000951579, "event": "console.request", "id_hash": "h_279777108c35", "status": "200"}
[WebServer] {"duration_ms": 13.583083000412444, "event": "console.request", "id_hash": "h_758ba6c55e72", "status": "200"}
[WebServer] {"duration_ms": 5.944249998719897, "event": "console.request", "id_hash": "h_e1509d6e4394", "status": "200"}
[WebServer] {"duration_ms": 6.669125003099907, "event": "console.request", "id_hash": "h_7deef4f514b8", "status": "200"}
[WebServer] {"duration_ms": 19.859666001138976, "event": "console.request", "id_hash": "h_dec514d4f0ed", "status": "200"}
[WebServer] {"duration_ms": 7.836374999897089, "event": "console.request", "id_hash": "h_4cf1935997d3", "status": "200"}
[WebServer] {"duration_ms": 12.749166999128647, "event": "console.request", "id_hash": "h_69214f9ebcb6", "status": "200"}
[WebServer] {"duration_ms": 5.582249999861233, "event": "console.request", "id_hash": "h_5d9fd91acce9", "status": "200"}
[WebServer] {"duration_ms": 6.250667000131216, "event": "console.request", "id_hash": "h_c21efd8006f1", "status": "200"}
[WebServer] {"duration_ms": 19.044500000745757, "event": "console.request", "id_hash": "h_f4365958f3bb", "status": "200"}
[WebServer] {"duration_ms": 7.724125000095228, "event": "console.request", "id_hash": "h_9a6bc349995c", "status": "200"}
[WebServer] {"duration_ms": 12.762416998157278, "event": "console.request", "id_hash": "h_74e28285b4a9", "status": "200"}
[WebServer] {"duration_ms": 5.742042001656955, "event": "console.request", "id_hash": "h_4ac9b4d842c4", "status": "200"}
[WebServer] {"duration_ms": 6.302792000496993, "event": "console.request", "id_hash": "h_affa7afacf87", "status": "200"}
[WebServer] {"duration_ms": 18.94483400246827, "event": "console.request", "id_hash": "h_3b2ca1cad0e4", "status": "200"}
[WebServer] {"duration_ms": 1.152249998995103, "event": "console.request", "id_hash": "h_6a4a2c25b54d", "status": "200"}
[WebServer] {"duration_ms": 1.3157909997971728, "event": "console.request", "id_hash": "h_f0bc27bdd73a", "status": "200"}
[WebServer] {"duration_ms": 2.2317500006465707, "event": "console.request", "id_hash": "h_05834dded9c3", "status": "200"}
[WebServer] {"duration_ms": 14.146584002446616, "event": "console.request", "id_hash": "h_e38aab7d3ba4", "status": "200"}
[WebServer] {"duration_ms": 16.28241700018407, "event": "console.request", "id_hash": "h_2267182003ea", "status": "200"}
[WebServer] {"duration_ms": 2.4359579983865842, "event": "console.request", "id_hash": "h_3183bf299ecb", "status": "200"}
[WebServer] {"duration_ms": 4.865584000071976, "event": "console.request", "id_hash": "h_6191f0ab3b0e", "status": "200"}
[WebServer] {"duration_ms": 43.36150000017369, "event": "console.request", "id_hash": "h_bd1faafefef9", "status": "200"}
[WebServer] {"duration_ms": 12.964708002982661, "event": "console.request", "id_hash": "h_22312e022c17", "status": "200"}
[WebServer] {"duration_ms": 13.965624999400461, "event": "console.request", "id_hash": "h_9a8825923aff", "status": "200"}
[WebServer] {"duration_ms": 6.153666003228864, "event": "console.request", "id_hash": "h_2946270878a9", "status": "200"}
[WebServer] {"duration_ms": 31.24708399991505, "event": "console.request", "id_hash": "h_e7e9fd5703a8", "status": "200"}
[WebServer] {"duration_ms": 24.64966700063087, "event": "console.request", "id_hash": "h_a54971325165", "status": "200"}
[WebServer] {"duration_ms": 22.07300000009127, "event": "console.request", "id_hash": "h_b3c23bb83c3c", "status": "200"}
[WebServer] {"duration_ms": 15.41183299923432, "event": "console.request", "id_hash": "h_5ded3766a958", "status": "404"}
[WebServer] {"duration_ms": 20.405416998983128, "event": "console.request", "id_hash": "h_b97be02150b6", "status": "404"}
[WebServer] {"duration_ms": 21.9712090001849, "event": "console.request", "id_hash": "h_d1e36379c622", "status": "200"}
[WebServer] {"duration_ms": 4.398832999868318, "event": "console.request", "id_hash": "h_1324cee90d51", "status": "404"}
[WebServer] {"duration_ms": 3.7908750018686987, "event": "console.request", "id_hash": "h_04d544ef2b54", "status": "404"}
[WebServer] {"duration_ms": 1.4223750004020985, "event": "console.request", "id_hash": "h_91f4ed503208", "status": "200"}
[WebServer] {"duration_ms": 1.6753330019128043, "event": "console.request", "id_hash": "h_5175f4e1c80e", "status": "200"}
[WebServer] {"duration_ms": 1.3235410006018355, "event": "console.request", "id_hash": "h_63ed0b974504", "status": "200"}
[WebServer] {"duration_ms": 2.7357500002835877, "event": "console.request", "id_hash": "h_06c99df2820d", "status": "200"}
[WebServer] {"duration_ms": 0.9867500011750963, "event": "console.request", "id_hash": "h_64dc08ea007c", "status": "200"}
[WebServer] {"duration_ms": 8.156832998793107, "event": "console.request", "id_hash": "h_4d3ea0080340", "status": "200"}
[WebServer] {"duration_ms": 1.4286659970821347, "event": "console.request", "id_hash": "h_cddf4f872034", "status": "200"}
[WebServer] {"duration_ms": 1.1084170000685845, "event": "console.request", "id_hash": "h_52feb0f0981d", "status": "200"}
[WebServer] {"duration_ms": 2.9277909998199902, "event": "console.request", "id_hash": "h_d43b486c5a5d", "status": "200"}
[WebServer] {"duration_ms": 4.861957997491118, "event": "console.request", "id_hash": "h_4b4dc1651a86", "status": "200"}
[WebServer] {"duration_ms": 29.911666999396402, "event": "console.request", "id_hash": "h_d68d01604d02", "status": "200"}
[WebServer] {"duration_ms": 7.825166998372879, "event": "console.request", "id_hash": "h_124f45ec7ac6", "status": "200"}
[WebServer] {"duration_ms": 14.427582998905564, "event": "console.request", "id_hash": "h_a1cc4d3200f4", "status": "200"}
[WebServer] {"duration_ms": 29.888875000324333, "event": "console.request", "id_hash": "h_e3ae3e27b7b9", "status": "200"}
[WebServer] {"duration_ms": 23.885875001724344, "event": "console.request", "id_hash": "h_5365e3e242ba", "status": "200"}
[WebServer] {"duration_ms": 21.54112499920302, "event": "console.request", "id_hash": "h_8bb63197faae", "status": "200"}
[WebServer] {"duration_ms": 13.254333000077168, "event": "console.request", "id_hash": "h_686ee36d2e42", "status": "404"}
[WebServer] {"duration_ms": 16.424667002866045, "event": "console.request", "id_hash": "h_e605ea8e2e00", "status": "200"}
[WebServer] {"duration_ms": 13.339875000383472, "event": "console.request", "id_hash": "h_b4faaaa5e575", "status": "404"}
[WebServer] {"duration_ms": 5.592666999291396, "event": "console.request", "id_hash": "h_f1ad591cf1d4", "status": "404"}
[WebServer] {"duration_ms": 0.9126670011028182, "event": "console.request", "id_hash": "h_8e69c0783165", "status": "200"}
[WebServer] {"duration_ms": 1.1911660003534053, "event": "console.request", "id_hash": "h_e32cf25018b0", "status": "200"}
[WebServer] {"duration_ms": 2.045165998424636, "event": "console.request", "id_hash": "h_974fc2ca2470", "status": "200"}
[WebServer] {"duration_ms": 2.799459001835203, "event": "console.request", "id_hash": "h_d954c498a610", "status": "200"}
[WebServer] {"duration_ms": 5.806499997561332, "event": "console.request", "id_hash": "h_0f73b8cf0276", "status": "200"}
  ✓   3 tests/browser/console.spec.ts:59:1 › real operator manages notes and current observations in Required mode (10.1s)
[WebServer] {"duration_ms": 0.8440419987891801, "event": "console.request", "id_hash": "h_561dbaa8b942", "status": "200"}
[WebServer] {"duration_ms": 0.4122500031371601, "event": "console.request", "id_hash": "h_b3317c30fbf3", "status": "404"}
[WebServer] {"duration_ms": 0.8794999994279351, "event": "console.request", "id_hash": "h_199f6713c676", "status": "200"}
[WebServer] {"duration_ms": 1.6689160001988057, "event": "console.request", "id_hash": "h_93cfd6ca8e03", "status": "200"}
[WebServer] {"duration_ms": 1.1867079992953222, "event": "console.request", "id_hash": "h_087b83303212", "status": "200"}
[WebServer] {"duration_ms": 3.052290998311946, "event": "console.request", "id_hash": "h_5676ca2aa8c8", "status": "401"}
[WebServer] {"duration_ms": 102.52270799901453, "event": "console.request", "id_hash": "h_0b04574205a4", "status": "200"}
[WebServer] {"duration_ms": 6.86866599789937, "event": "console.request", "id_hash": "h_a0ac76d4cc84", "status": "200"}
[WebServer] {"duration_ms": 13.596374999906402, "event": "console.request", "id_hash": "h_cbf156186084", "status": "200"}
[WebServer] {"duration_ms": 14.935541999875568, "event": "console.request", "id_hash": "h_f456b3304bae", "status": "200"}
[WebServer] {"duration_ms": 1.4889160011080094, "event": "console.request", "id_hash": "h_d37ce0deeeeb", "status": "200"}
[WebServer] {"duration_ms": 2.2016660004737787, "event": "console.request", "id_hash": "h_cb1e9545608b", "status": "200"}
[WebServer] {"duration_ms": 2.395249997789506, "event": "console.request", "id_hash": "h_49e2bd39a394", "status": "200"}
[WebServer] {"duration_ms": 3.805625001405133, "event": "console.request", "id_hash": "h_d37b9e95aa2d", "status": "200"}
[WebServer] {"duration_ms": 5.902124998101499, "event": "console.request", "id_hash": "h_dc1585d84789", "status": "200"}
[WebServer] {"duration_ms": 8.437666998361237, "event": "console.request", "id_hash": "h_7eb28b88f671", "status": "200"}
[WebServer] {"duration_ms": 9.908416999678593, "event": "console.request", "id_hash": "h_f617c85bcf3d", "status": "200"}
[WebServer] {"duration_ms": 11.140792001242517, "event": "console.request", "id_hash": "h_fcd4bd11420e", "status": "204"}
  ✓   4 tests/browser/console.spec.ts:892:1 › real authentication, cookie recovery, key list, CSP, deep-route reload, API 404 (983ms)
[WebServer] {"duration_ms": 1.4407090020540636, "event": "console.request", "id_hash": "h_c9b6cdb209e7", "status": "200"}
[WebServer] {"duration_ms": 2.019125000515487, "event": "console.request", "id_hash": "h_785daf663f2d", "status": "200"}
[WebServer] {"duration_ms": 1.788749999832362, "event": "console.request", "id_hash": "h_6ad59b1a3d1e", "status": "200"}
  ✓   5 tests/browser/console.spec.ts:933:1 › production CSP with explicit test fixtures: memory plain text, stats nulls and narrow layout (684ms)
[WebServer] {"duration_ms": 0.8169159991666675, "event": "console.request", "id_hash": "h_3d6913a9f73c", "status": "200"}
[WebServer] {"duration_ms": 1.5221249996102415, "event": "console.request", "id_hash": "h_ee93ddf9de9a", "status": "200"}
[WebServer] {"duration_ms": 0.839541000459576, "event": "console.request", "id_hash": "h_88a98ed34a0e", "status": "200"}
  ✓   6 tests/browser/console.spec.ts:1020:1 › import wizard invalidates mapping report and distinguishes cancelled_partial (925ms)
[WebServer] {"duration_ms": 0.9120830000028946, "event": "console.request", "id_hash": "h_708ef8f2a220", "status": "200"}
[WebServer] {"duration_ms": 1.7395840004610363, "event": "console.request", "id_hash": "h_0bed29f77295", "status": "200"}
[WebServer] {"duration_ms": 1.0198340023634955, "event": "console.request", "id_hash": "h_ca1dad76cbfc", "status": "200"}
  ✓   7 tests/browser/console.spec.ts:1088:1 › provider rebuild acknowledgement and settings pending restart (995ms)
[WebServer] {"duration_ms": 1.2512089997471776, "event": "console.request", "id_hash": "h_5bf933723fc2", "status": "200"}
[WebServer] {"duration_ms": 1.700167002127273, "event": "console.request", "id_hash": "h_c25cb0deb5c9", "status": "200"}
[WebServer] {"duration_ms": 1.2212910005473532, "event": "console.request", "id_hash": "h_d35fbef767ed", "status": "200"}
[WebServer] {"duration_ms": 4.060540999489604, "event": "console.request", "id_hash": "h_479913833cb5", "status": "401"}
[WebServer] {"duration_ms": 102.37512499952572, "event": "console.request", "id_hash": "h_65bebcb03957", "status": "200"}
[WebServer] {"duration_ms": 5.195334000745788, "event": "console.request", "id_hash": "h_294420061cf4", "status": "200"}
[WebServer] {"duration_ms": 2.9519999989133794, "event": "console.request", "id_hash": "h_1be84dda8ab1", "status": "200"}
[WebServer] {"duration_ms": 7.645791996765183, "event": "console.request", "id_hash": "h_88ba16fb44c5", "status": "200"}
[WebServer] {"duration_ms": 9.89833399944473, "event": "console.request", "id_hash": "h_b4f4368f74c6", "status": "200"}
[WebServer] {"duration_ms": 8.041458000661805, "event": "console.request", "id_hash": "h_e45c4a10e7b7", "status": "403"}
[WebServer] {"duration_ms": 8.339083000464598, "event": "console.request", "id_hash": "h_30fa80a219f8", "status": "200"}
[WebServer] {"duration_ms": 17.469082999014063, "event": "console.request", "id_hash": "h_9eddacf5702c", "status": "201"}
[WebServer] {"duration_ms": 4.388582998217316, "event": "console.request", "id_hash": "h_8d11bf193679", "status": "200"}
[WebServer] {"duration_ms": 23.34287499979837, "event": "console.request", "id_hash": "h_4c5d12daf998", "status": "200"}
[WebServer] {"duration_ms": 5.726874998799758, "event": "console.request", "id_hash": "h_2788d18a4a24", "status": "200"}
  ✓   8 tests/browser/console.spec.ts:1161:1 › real operator issuance prompts reauth, shows secret once, and revokes disposable test key (1.0s)
[WebServer] {"duration_ms": 1.8371250007476192, "event": "console.request", "id_hash": "h_ba803351e49b", "status": "200"}
[WebServer] {"duration_ms": 2.675083000212908, "event": "console.request", "id_hash": "h_f2359309247d", "status": "200"}
[WebServer] {"duration_ms": 1.902415999211371, "event": "console.request", "id_hash": "h_eefc980901a7", "status": "200"}
[WebServer] {"duration_ms": 4.694082999776583, "event": "console.request", "id_hash": "h_1cf4df6fcca8", "status": "401"}
[WebServer] {"duration_ms": 102.45166700042319, "event": "console.request", "id_hash": "h_0717c1e4f8ed", "status": "200"}
[WebServer] {"duration_ms": 6.7516660019464325, "event": "console.request", "id_hash": "h_dd87ceb747e7", "status": "200"}
[WebServer] {"duration_ms": 33.19687499970314, "event": "console.request", "id_hash": "h_a1e6c03dd061", "status": "200"}
[WebServer] {"duration_ms": 4.872584002441727, "event": "console.request", "id_hash": "h_abef2e9e64ef", "status": "200"}
[WebServer] {"duration_ms": 24.183542001992464, "event": "console.request", "id_hash": "h_ff2ff5dbb7e1", "status": "200"}
[WebServer] {"duration_ms": 23.40787499997532, "event": "console.request", "id_hash": "h_b1871fba2aad", "status": "200"}
[WebServer] {"duration_ms": 26.100792001670925, "event": "console.request", "id_hash": "h_ed72afea09b6", "status": "200"}
[WebServer] {"duration_ms": 25.93337500002235, "event": "console.request", "id_hash": "h_25e141db3252", "status": "200"}
[WebServer] {"duration_ms": 18.089375000272412, "event": "console.request", "id_hash": "h_bb58f4965aaf", "status": "201"}
[WebServer] {"duration_ms": 4.818582998268539, "event": "console.request", "id_hash": "h_b813c9a178ac", "status": "200"}
[WebServer] {"duration_ms": 8.278457997221267, "event": "console.request", "id_hash": "h_8ccc758989dd", "status": "200"}
[WebServer] {"duration_ms": 20.190750001347624, "event": "console.request", "id_hash": "h_e1c0ad22872a", "status": "200"}
[WebServer] {"duration_ms": 10.889124998357147, "event": "console.request", "id_hash": "h_2761886104b2", "status": "200"}
[WebServer] {"duration_ms": 13.39916700089816, "event": "console.request", "id_hash": "h_2000f2d3995c", "status": "200"}
[WebServer] {"duration_ms": 20.45387500038487, "event": "console.request", "id_hash": "h_11b95455b9af", "status": "200"}
[WebServer] {"duration_ms": 12.306666998483706, "event": "console.request", "id_hash": "h_660613c159da", "status": "200"}
[WebServer] {"duration_ms": 13.94366699969396, "event": "console.request", "id_hash": "h_d8868fa9521b", "status": "200"}
[WebServer] {"duration_ms": 20.109625002078246, "event": "console.request", "id_hash": "h_6f818202caf0", "status": "200"}
[WebServer] {"duration_ms": 0.9059160001925193, "event": "console.request", "id_hash": "h_fcb1b7202abf", "status": "200"}
[WebServer] {"duration_ms": 1.9785839976975694, "event": "console.request", "id_hash": "h_394ec5abb440", "status": "200"}
[WebServer] {"duration_ms": 1.2413330005074386, "event": "console.request", "id_hash": "h_93649b68d4b3", "status": "200"}
[WebServer] {"duration_ms": 14.644791001046542, "event": "console.request", "id_hash": "h_98bc159bc0a6", "status": "200"}
[WebServer] {"duration_ms": 5.296874998748535, "event": "console.request", "id_hash": "h_7c5ce9a51492", "status": "200"}
[WebServer] {"duration_ms": 22.15279099982581, "event": "console.request", "id_hash": "h_d0bcdd55450c", "status": "200"}
[WebServer] {"duration_ms": 4.943416999594774, "event": "console.request", "id_hash": "h_cf1e85dea2e3", "status": "200"}
[WebServer] {"duration_ms": 29.36749999935273, "event": "console.request", "id_hash": "h_63040863c455", "status": "200"}
[WebServer] {"duration_ms": 14.326124997751322, "event": "console.request", "id_hash": "h_fa60f3b8b051", "status": "200"}
[WebServer] {"duration_ms": 14.313708001282066, "event": "console.request", "id_hash": "h_e413d9a17df1", "status": "200"}
[WebServer] {"duration_ms": 19.949042001826456, "event": "console.request", "id_hash": "h_774d594f9182", "status": "200"}
[WebServer] {"duration_ms": 8.100874998490326, "event": "console.request", "id_hash": "h_21e8fffd738f", "status": "200"}
[WebServer] {"duration_ms": 12.87320800111047, "event": "console.request", "id_hash": "h_adf2ad70bde6", "status": "200"}
[WebServer] {"duration_ms": 4.952957999194041, "event": "console.request", "id_hash": "h_2dae4ef5e88b", "status": "200"}
[WebServer] {"duration_ms": 9.648375002143439, "event": "console.request", "id_hash": "h_ce49ac4063ed", "status": "200"}
[WebServer] {"duration_ms": 37.67341699858662, "event": "console.request", "id_hash": "h_83e604d29529", "status": "200"}
[WebServer] {"duration_ms": 36.57187499993597, "event": "console.request", "id_hash": "h_650f5c20d94c", "status": "200"}
[WebServer] {"duration_ms": 42.86791699996684, "event": "console.request", "id_hash": "h_a6ddeb4a7d32", "status": "200"}
[WebServer] {"duration_ms": 1.0119580001628492, "event": "console.request", "id_hash": "h_404ec3700126", "status": "200"}
[WebServer] {"duration_ms": 1.546166997286491, "event": "console.request", "id_hash": "h_06bbe49c0116", "status": "200"}
[WebServer] {"duration_ms": 1.0680000013962854, "event": "console.request", "id_hash": "h_de21e889f0e2", "status": "200"}
[WebServer] {"duration_ms": 2.6456249979673885, "event": "console.request", "id_hash": "h_a3ee2cf8478a", "status": "200"}
[WebServer] {"duration_ms": 4.811709000932751, "event": "console.request", "id_hash": "h_cc3e1c9c5490", "status": "200"}
[WebServer] {"duration_ms": 42.10895799769787, "event": "console.request", "id_hash": "h_4c30f086c3ba", "status": "200"}
[WebServer] {"duration_ms": 8.248834001278738, "event": "console.request", "id_hash": "h_779ae33e7f83", "status": "200"}
[WebServer] {"duration_ms": 12.663334000535542, "event": "console.request", "id_hash": "h_a240b2f21c32", "status": "200"}
[WebServer] {"duration_ms": 27.15104199887719, "event": "console.request", "id_hash": "h_15084da47417", "status": "200"}
[WebServer] {"duration_ms": 37.14416699949652, "event": "console.request", "id_hash": "h_8756ee277191", "status": "200"}
[WebServer] {"duration_ms": 38.40166699956171, "event": "console.request", "id_hash": "h_48725159b65e", "status": "200"}
[WebServer] {"duration_ms": 1.8437090002407786, "event": "console.request", "id_hash": "h_5a42b3306b61", "status": "200"}
[WebServer] {"duration_ms": 1.7215840016433503, "event": "console.request", "id_hash": "h_f582edf7202e", "status": "200"}
[WebServer] {"duration_ms": 1.2080419983249158, "event": "console.request", "id_hash": "h_ae4baab38f07", "status": "200"}
[WebServer] {"duration_ms": 2.860624997993, "event": "console.request", "id_hash": "h_8a42d771ff64", "status": "200"}
[WebServer] {"duration_ms": 5.256665997876553, "event": "console.request", "id_hash": "h_4c01b392f440", "status": "200"}
[WebServer] {"duration_ms": 30.587708002713043, "event": "console.request", "id_hash": "h_f1d0ee86cdbc", "status": "200"}
[WebServer] {"duration_ms": 12.973749999218853, "event": "console.request", "id_hash": "h_aff6afefe25a", "status": "200"}
[WebServer] {"duration_ms": 14.55158300086623, "event": "console.request", "id_hash": "h_73360e2fc51d", "status": "200"}
[WebServer] {"duration_ms": 29.971042000397574, "event": "console.request", "id_hash": "h_b9d6cf87acb2", "status": "200"}
[WebServer] {"duration_ms": 18.716291000600904, "event": "console.request", "id_hash": "h_201b441bf66a", "status": "200"}
[WebServer] {"duration_ms": 19.47933400151669, "event": "console.request", "id_hash": "h_b1a4b8f32abf", "status": "200"}
[WebServer] {"duration_ms": 20.10054199854494, "event": "console.request", "id_hash": "h_ed29a1ed4160", "status": "200"}
[WebServer] {"duration_ms": 19.577625000238186, "event": "console.request", "id_hash": "h_a977d4f7a9ea", "status": "404"}
[WebServer] {"duration_ms": 21.199625000008382, "event": "console.request", "id_hash": "h_fb0bb92d36e2", "status": "404"}
[WebServer] {"duration_ms": 4.320291998737957, "event": "console.request", "id_hash": "h_dd61f1eb8b30", "status": "404"}
[WebServer] {"duration_ms": 7.5427919982757885, "event": "console.request", "id_hash": "h_cb9a63a69ff1", "status": "200"}
[WebServer] {"duration_ms": 0.8385420005652122, "event": "console.request", "id_hash": "h_afaf8979145d", "status": "200"}
[WebServer] {"duration_ms": 1.6002500015019905, "event": "console.request", "id_hash": "h_b19dd26b5883", "status": "200"}
[WebServer] {"duration_ms": 2.5004579983942676, "event": "console.request", "id_hash": "h_9b502c801241", "status": "200"}
[WebServer] {"duration_ms": 2.6452079982846044, "event": "console.request", "id_hash": "h_a905c1124091", "status": "200"}
[WebServer] {"duration_ms": 6.223292002687231, "event": "console.request", "id_hash": "h_a6a5fb1919c7", "status": "200"}
  ✓   9 tests/browser/console.spec.ts:1241:1 › real Focus create edit dormant and activation preserve revisions in Required mode (2.1s)
[WebServer] {"duration_ms": 1.6421250002167653, "event": "console.request", "id_hash": "h_d872af601843", "status": "200"}
[WebServer] {"duration_ms": 0.8897080006136093, "event": "console.request", "id_hash": "h_2b70931cb6c7", "status": "200"}
[WebServer] {"duration_ms": 1.6343749994121026, "event": "console.request", "id_hash": "h_1201ccb39ffc", "status": "200"}
[WebServer] {"duration_ms": 3.2664579994161613, "event": "console.request", "id_hash": "h_bf420f958dcd", "status": "401"}
[WebServer] {"duration_ms": 101.33679099817527, "event": "console.request", "id_hash": "h_806adbb39501", "status": "200"}
[WebServer] {"duration_ms": 6.549332996655721, "event": "console.request", "id_hash": "h_0cc1ebbc58e7", "status": "200"}
[WebServer] {"duration_ms": 36.64833400034695, "event": "console.request", "id_hash": "h_d147ebaa6f1e", "status": "200"}
[WebServer] {"duration_ms": 5.973250001261476, "event": "console.request", "id_hash": "h_1c8bfb8a54d5", "status": "200"}
[WebServer] {"duration_ms": 26.345292000769405, "event": "console.request", "id_hash": "h_e96f5542cd6b", "status": "200"}
[WebServer] {"duration_ms": 26.090167000802467, "event": "console.request", "id_hash": "h_830d1e3407ea", "status": "200"}
[WebServer] {"duration_ms": 26.24291699976311, "event": "console.request", "id_hash": "h_6fbae7b2a59b", "status": "200"}
[WebServer] {"duration_ms": 28.10979200148722, "event": "console.request", "id_hash": "h_2a46a1571401", "status": "200"}
[WebServer] {"duration_ms": 18.995750000613043, "event": "console.request", "id_hash": "h_9cedd7204c02", "status": "201"}
[WebServer] {"duration_ms": 5.556125001021428, "event": "console.request", "id_hash": "h_5e08f7f6acb8", "status": "200"}
[WebServer] {"duration_ms": 8.668416998261819, "event": "console.request", "id_hash": "h_234cbf55d0fc", "status": "200"}
[WebServer] {"duration_ms": 20.31883300151094, "event": "console.request", "id_hash": "h_08f9fa83e822", "status": "200"}
[WebServer] {"duration_ms": 7.7651249994232785, "event": "console.request", "id_hash": "h_4146bdb461a4", "status": "200"}
[WebServer] {"duration_ms": 12.583208001160529, "event": "console.request", "id_hash": "h_ce98130a96f7", "status": "200"}
[WebServer] {"duration_ms": 19.96816700193449, "event": "console.request", "id_hash": "h_9bf7bb16690c", "status": "200"}
[WebServer] {"duration_ms": 0.9442910013603978, "event": "console.request", "id_hash": "h_66ebf7f0dad7", "status": "200"}
[WebServer] {"duration_ms": 1.609999999345746, "event": "console.request", "id_hash": "h_5db4e98c3c96", "status": "200"}
[WebServer] {"duration_ms": 2.3742500015941914, "event": "console.request", "id_hash": "h_f34f4d82d083", "status": "200"}
[WebServer] {"duration_ms": 15.414125002280343, "event": "console.request", "id_hash": "h_06e3f846e7ea", "status": "200"}
[WebServer] {"duration_ms": 7.390999999188352, "event": "console.request", "id_hash": "h_3b25437c082e", "status": "200"}
[WebServer] {"duration_ms": 23.721249999653082, "event": "console.request", "id_hash": "h_5b5777beb5b9", "status": "200"}
[WebServer] {"duration_ms": 4.648166999686509, "event": "console.request", "id_hash": "h_0cf1807eeb12", "status": "200"}
[WebServer] {"duration_ms": 29.75929100284702, "event": "console.request", "id_hash": "h_3ffde2f971fc", "status": "200"}
[WebServer] {"duration_ms": 8.119499998429092, "event": "console.request", "id_hash": "h_874c2e4aa8af", "status": "200"}
[WebServer] {"duration_ms": 13.644082999235252, "event": "console.request", "id_hash": "h_65c2ab789720", "status": "200"}
[WebServer] {"duration_ms": 31.907915999909164, "event": "console.request", "id_hash": "h_871326cb7bf0", "status": "200"}
[WebServer] {"duration_ms": 21.516624998184852, "event": "console.request", "id_hash": "h_e3e2bd063fb8", "status": "200"}
[WebServer] {"duration_ms": 20.614417000615504, "event": "console.request", "id_hash": "h_76c298d94774", "status": "200"}
[WebServer] {"duration_ms": 20.371415997942677, "event": "console.request", "id_hash": "h_0f9f49f5cb0f", "status": "404"}
[WebServer] {"duration_ms": 21.63766699959524, "event": "console.request", "id_hash": "h_ece79d5e8997", "status": "404"}
[WebServer] {"duration_ms": 22.687125001539243, "event": "console.request", "id_hash": "h_ef4b17d4edcc", "status": "200"}
[WebServer] {"duration_ms": 4.779040998982964, "event": "console.request", "id_hash": "h_2b93ece9ced8", "status": "404"}
[WebServer] {"duration_ms": 0.9339579992229119, "event": "console.request", "id_hash": "h_6ea5c0e6a88d", "status": "200"}
[WebServer] {"duration_ms": 1.570915999764111, "event": "console.request", "id_hash": "h_bdf036303096", "status": "200"}
[WebServer] {"duration_ms": 1.3379590018303134, "event": "console.request", "id_hash": "h_a92295728a06", "status": "200"}
[WebServer] {"duration_ms": 2.6070840031025, "event": "console.request", "id_hash": "h_dc284b5a667c", "status": "200"}
[WebServer] {"duration_ms": 4.671083002904197, "event": "console.request", "id_hash": "h_b5907369e342", "status": "200"}
[WebServer] {"duration_ms": 29.192916001193225, "event": "console.request", "id_hash": "h_94f0d9f4aac9", "status": "200"}
[WebServer] {"duration_ms": 4.678125002101297, "event": "console.request", "id_hash": "h_ba6a8968b077", "status": "200"}
[WebServer] {"duration_ms": 23.440374996425817, "event": "console.request", "id_hash": "h_e42beb0efcfd", "status": "200"}
[WebServer] {"duration_ms": 27.26454200092121, "event": "console.request", "id_hash": "h_7e3c84d9c151", "status": "200"}
[WebServer] {"duration_ms": 27.989042002445785, "event": "console.request", "id_hash": "h_fa3c595706c8", "status": "200"}
[WebServer] {"duration_ms": 29.20720900146989, "event": "console.request", "id_hash": "h_49bbd766fba6", "status": "200"}
[WebServer] {"duration_ms": 16.866999998455867, "event": "console.request", "id_hash": "h_9191770da2fa", "status": "201"}
[WebServer] {"duration_ms": 1.0498750016267877, "event": "console.request", "id_hash": "h_3203ff854ee5", "status": "200"}
[WebServer] {"duration_ms": 5.953791998763336, "event": "console.request", "id_hash": "h_63d3c593a1f2", "status": "200"}
[WebServer] {"duration_ms": 1.5828750001674052, "event": "console.request", "id_hash": "h_59d12013e8eb", "status": "200"}
[WebServer] {"duration_ms": 1.2626249990717042, "event": "console.request", "id_hash": "h_5479330a41f6", "status": "200"}
[WebServer] {"duration_ms": 2.5627920003898907, "event": "console.request", "id_hash": "h_d6830dde4b98", "status": "200"}
[WebServer] {"duration_ms": 4.847625001275446, "event": "console.request", "id_hash": "h_913a2259f28e", "status": "200"}
[WebServer] {"duration_ms": 29.329540997423464, "event": "console.request", "id_hash": "h_0a60d8fe5553", "status": "200"}
[WebServer] {"duration_ms": 4.887333998340182, "event": "console.request", "id_hash": "h_9e47f42aa64b", "status": "200"}
[WebServer] {"duration_ms": 8.45254100204329, "event": "console.request", "id_hash": "h_751922b4b404", "status": "200"}
[WebServer] {"duration_ms": 6.286790998274228, "event": "console.request", "id_hash": "h_8f9f25ecda4a", "status": "404"}
  ✓  10 tests/browser/console.spec.ts:1430:1 › real State correction expiry deletion and recreation preserve identities (2.0s)
[WebServer] {"duration_ms": 1.8217079996247776, "event": "console.request", "id_hash": "h_91446c3758de", "status": "200"}
[WebServer] {"duration_ms": 0.7969580001372378, "event": "console.request", "id_hash": "h_1daa0e9c7d48", "status": "200"}
[WebServer] {"duration_ms": 1.8285829974047374, "event": "console.request", "id_hash": "h_1337a8a55786", "status": "200"}
[WebServer] {"duration_ms": 5.390999998780899, "event": "console.request", "id_hash": "h_681a0aaf8b46", "status": "401"}
[WebServer] {"duration_ms": 102.5484999991022, "event": "console.request", "id_hash": "h_80b087c6ccde", "status": "200"}
[WebServer] {"duration_ms": 6.860166999103967, "event": "console.request", "id_hash": "h_a0d8b945da78", "status": "200"}
[WebServer] {"duration_ms": 51.034083000558894, "event": "console.request", "id_hash": "h_fc2eb20ef28d", "status": "200"}
[WebServer] {"duration_ms": 5.881791999854613, "event": "console.request", "id_hash": "h_74a8cfc0c2a6", "status": "200"}
[WebServer] {"duration_ms": 36.94070799974725, "event": "console.request", "id_hash": "h_e69089bce8de", "status": "200"}
[WebServer] {"duration_ms": 37.5832919999084, "event": "console.request", "id_hash": "h_79982b42e51c", "status": "200"}
[WebServer] {"duration_ms": 42.06924999743933, "event": "console.request", "id_hash": "h_20fb799ce846", "status": "200"}
[WebServer] {"duration_ms": 41.8504999979632, "event": "console.request", "id_hash": "h_3ce9658751b5", "status": "200"}
[WebServer] {"duration_ms": 43.25629099912476, "event": "console.request", "id_hash": "h_1e37d46d5b32", "status": "200"}
[WebServer] {"duration_ms": 21.241041999019217, "event": "console.request", "id_hash": "h_62ee87de5792", "status": "201"}
[WebServer] {"duration_ms": 5.557249998673797, "event": "console.request", "id_hash": "h_1d9fcf22003d", "status": "200"}
[WebServer] {"duration_ms": 9.377166999911424, "event": "console.request", "id_hash": "h_6fabf2156396", "status": "200"}
[WebServer] {"duration_ms": 34.73037499861675, "event": "console.request", "id_hash": "h_35ff8a2b6c48", "status": "200"}
[WebServer] {"duration_ms": 43.36199999670498, "event": "console.request", "id_hash": "h_a87333fe2e23", "status": "200"}
[WebServer] {"duration_ms": 43.822999999974854, "event": "console.request", "id_hash": "h_005d502f82a4", "status": "200"}
[WebServer] {"duration_ms": 20.32066600077087, "event": "console.request", "id_hash": "h_02a6da25215d", "status": "200"}
[WebServer] {"duration_ms": 8.409291000134544, "event": "console.request", "id_hash": "h_309e3d6b1da0", "status": "200"}
[WebServer] {"duration_ms": 13.125292000040645, "event": "console.request", "id_hash": "h_2282d7adcd92", "status": "200"}
[WebServer] {"duration_ms": 27.577207998547237, "event": "console.request", "id_hash": "h_b8176b232eb9", "status": "200"}
[WebServer] {"duration_ms": 33.38270799940801, "event": "console.request", "id_hash": "h_63907e084b1c", "status": "200"}
[WebServer] {"duration_ms": 36.40116700262297, "event": "console.request", "id_hash": "h_8952bb8a7e0d", "status": "200"}
[WebServer] {"duration_ms": 19.49058399986825, "event": "console.request", "id_hash": "h_c1babc1fb2db", "status": "200"}
[WebServer] {"duration_ms": 12.786167000740534, "event": "console.request", "id_hash": "h_ad5fefc41606", "status": "200"}
[WebServer] {"duration_ms": 15.153917000134243, "event": "console.request", "id_hash": "h_9396f06ef3c4", "status": "200"}
[WebServer] {"duration_ms": 27.43454199662665, "event": "console.request", "id_hash": "h_16e006f9c1b3", "status": "200"}
[WebServer] {"duration_ms": 31.169000001682434, "event": "console.request", "id_hash": "h_098e3d9c40bc", "status": "200"}
[WebServer] {"duration_ms": 36.281916000007186, "event": "console.request", "id_hash": "h_b108bdd95a28", "status": "200"}
[WebServer] {"duration_ms": 20.091207999939797, "event": "console.request", "id_hash": "h_94ba732e6d2e", "status": "200"}
[WebServer] {"duration_ms": 1.2004170021100435, "event": "console.request", "id_hash": "h_64c828e63503", "status": "200"}
[WebServer] {"duration_ms": 1.9231669975852128, "event": "console.request", "id_hash": "h_c83011da0e49", "status": "200"}
[WebServer] {"duration_ms": 1.7380409990437329, "event": "console.request", "id_hash": "h_32958d2cdbdd", "status": "200"}
[WebServer] {"duration_ms": 13.622250000480562, "event": "console.request", "id_hash": "h_57e265219673", "status": "200"}
[WebServer] {"duration_ms": 18.219167002825998, "event": "console.request", "id_hash": "h_836e17da5923", "status": "200"}
[WebServer] {"duration_ms": 2.8854580014012754, "event": "console.request", "id_hash": "h_648270d05478", "status": "200"}
[WebServer] {"duration_ms": 5.088666999654379, "event": "console.request", "id_hash": "h_a0d11c0bf091", "status": "200"}
[WebServer] {"duration_ms": 29.782082998281112, "event": "console.request", "id_hash": "h_cfc505e5311c", "status": "200"}
[WebServer] {"duration_ms": 11.468541000795085, "event": "console.request", "id_hash": "h_b525c2dd05bd", "status": "200"}
[WebServer] {"duration_ms": 16.211207999731414, "event": "console.request", "id_hash": "h_53c83fecc4cd", "status": "200"}
[WebServer] {"duration_ms": 35.82875000211061, "event": "console.request", "id_hash": "h_a4a61013f335", "status": "200"}
[WebServer] {"duration_ms": 35.93100000216509, "event": "console.request", "id_hash": "h_e7b2548a4159", "status": "200"}
[WebServer] {"duration_ms": 40.647249999892665, "event": "console.request", "id_hash": "h_495b8f9e8d17", "status": "200"}
  ✓  11 tests/browser/console.spec.ts:1597:1 › real Task create edit and transitions preserve revisions in Required mode (1.3s)
[WebServer] {"duration_ms": 0.9402920004504267, "event": "console.request", "id_hash": "h_73e0203f1084", "status": "200"}
[WebServer] {"duration_ms": 0.8697920020495076, "event": "console.request", "id_hash": "h_7bbf65055edc", "status": "200"}
[WebServer] {"duration_ms": 1.759041999321198, "event": "console.request", "id_hash": "h_fc86cb8f2dab", "status": "200"}
[WebServer] {"duration_ms": 3.013166999153327, "event": "console.request", "id_hash": "h_23855e5f91a1", "status": "401"}
[WebServer] {"duration_ms": 101.14566600168473, "event": "console.request", "id_hash": "h_480c58da62bd", "status": "200"}
[WebServer] {"duration_ms": 6.575040999450721, "event": "console.request", "id_hash": "h_7a08dc84f5ea", "status": "200"}
[WebServer] {"duration_ms": 35.31654099788284, "event": "console.request", "id_hash": "h_74c85e715773", "status": "200"}
[WebServer] {"duration_ms": 6.114624997280771, "event": "console.request", "id_hash": "h_5cc3e91cfa23", "status": "200"}
[WebServer] {"duration_ms": 40.811582999594975, "event": "console.request", "id_hash": "h_daf1e4f24332", "status": "200"}
[WebServer] {"duration_ms": 43.687167002644856, "event": "console.request", "id_hash": "h_c18094ad69b5", "status": "200"}
[WebServer] {"duration_ms": 45.46933399979025, "event": "console.request", "id_hash": "h_0884ecd8b3b5", "status": "200"}
[WebServer] {"duration_ms": 44.76675000114483, "event": "console.request", "id_hash": "h_390e75b52c9b", "status": "200"}
[WebServer] {"duration_ms": 45.20891699939966, "event": "console.request", "id_hash": "h_db186675cd33", "status": "200"}
[WebServer] {"duration_ms": 20.981000001484063, "event": "console.request", "id_hash": "h_75f7864eabc8", "status": "201"}
[WebServer] {"duration_ms": 5.40466600068612, "event": "console.request", "id_hash": "h_9a2b58a642c1", "status": "200"}
[WebServer] {"duration_ms": 8.818458001769613, "event": "console.request", "id_hash": "h_4278f8b26813", "status": "200"}
[WebServer] {"duration_ms": 28.018000000884058, "event": "console.request", "id_hash": "h_776fbde42b3c", "status": "200"}
[WebServer] {"duration_ms": 38.29050000058487, "event": "console.request", "id_hash": "h_8481b9e0bcec", "status": "200"}
[WebServer] {"duration_ms": 38.59862500030431, "event": "console.request", "id_hash": "h_5c7baee073fb", "status": "200"}
[WebServer] {"duration_ms": 20.384749997901963, "event": "console.request", "id_hash": "h_bb42669f5c02", "status": "201"}
[WebServer] {"duration_ms": 24.414499999693362, "event": "console.request", "id_hash": "h_ba0f56c345d7", "status": "200"}
[WebServer] {"duration_ms": 31.639208002161467, "event": "console.request", "id_hash": "h_72a5053ade9b", "status": "200"}
[WebServer] {"duration_ms": 31.65808400081005, "event": "console.request", "id_hash": "h_097885440677", "status": "200"}
[WebServer] {"duration_ms": 29.248915998323355, "event": "console.request", "id_hash": "h_9c1ca3e4b446", "status": "200"}
[WebServer] {"duration_ms": 33.40754099917831, "event": "console.request", "id_hash": "h_87cd303d4fa5", "status": "200"}
[WebServer] {"duration_ms": 38.25383300136309, "event": "console.request", "id_hash": "h_2aded7ebfbc3", "status": "200"}
[WebServer] {"duration_ms": 20.081458998902235, "event": "console.request", "id_hash": "h_c1880c0e2f73", "status": "200"}
[WebServer] {"duration_ms": 24.168582996935584, "event": "console.request", "id_hash": "h_a9a0f3935fb2", "status": "200"}
[WebServer] {"duration_ms": 32.133541000803234, "event": "console.request", "id_hash": "h_d1f7f2673573", "status": "200"}
[WebServer] {"duration_ms": 33.33999999813386, "event": "console.request", "id_hash": "h_def860afdcc4", "status": "200"}
[WebServer] {"duration_ms": 27.308791999530513, "event": "console.request", "id_hash": "h_582da2abe048", "status": "200"}
[WebServer] {"duration_ms": 33.01233399906778, "event": "console.request", "id_hash": "h_ddcaa9917a1d", "status": "200"}
[WebServer] {"duration_ms": 37.04941699834308, "event": "console.request", "id_hash": "h_386863492133", "status": "200"}
[WebServer] {"duration_ms": 18.84425000025658, "event": "console.request", "id_hash": "h_2eafffc64200", "status": "200"}
[WebServer] {"duration_ms": 1.2672090015257709, "event": "console.request", "id_hash": "h_560815f8996e", "status": "200"}
[WebServer] {"duration_ms": 2.2894169997016434, "event": "console.request", "id_hash": "h_86754ee57775", "status": "200"}
[WebServer] {"duration_ms": 1.415874998201616, "event": "console.request", "id_hash": "h_42aaade3d083", "status": "200"}
[WebServer] {"duration_ms": 16.81941699644085, "event": "console.request", "id_hash": "h_a68bb422fcee", "status": "200"}
[WebServer] {"duration_ms": 11.279583999566967, "event": "console.request", "id_hash": "h_b5332751f93d", "status": "200"}
[WebServer] {"duration_ms": 34.794582999893464, "event": "console.request", "id_hash": "h_d9ec85c0905d", "status": "200"}
[WebServer] {"duration_ms": 7.837834000383737, "event": "console.request", "id_hash": "h_470cd68c3811", "status": "200"}
[WebServer] {"duration_ms": 39.305083999352064, "event": "console.request", "id_hash": "h_676f8b7b7efe", "status": "200"}
[WebServer] {"duration_ms": 28.556958000990562, "event": "console.request", "id_hash": "h_3c4a65ef40bf", "status": "200"}
[WebServer] {"duration_ms": 11.612166999839246, "event": "console.request", "id_hash": "h_7502d07fe39d", "status": "200"}
[WebServer] {"duration_ms": 14.550916002917802, "event": "console.request", "id_hash": "h_062491177491", "status": "200"}
[WebServer] {"duration_ms": 35.66862500156276, "event": "console.request", "id_hash": "h_4cb76d048096", "status": "200"}
[WebServer] {"duration_ms": 39.46650000216323, "event": "console.request", "id_hash": "h_29dff54d5b4f", "status": "200"}
[WebServer] {"duration_ms": 43.31349999847589, "event": "console.request", "id_hash": "h_0a72292e1e2c", "status": "200"}
  ✓  12 tests/browser/console.spec.ts:1703:1 › real Task steps atomically advance child and parent revisions (1.7s)
[WebServer] {"duration_ms": 0.9779579995665699, "event": "console.request", "id_hash": "h_3709c3c2b925", "status": "200"}
[WebServer] {"duration_ms": 0.9925410013238434, "event": "console.request", "id_hash": "h_150f29ed8b62", "status": "200"}
[WebServer] {"duration_ms": 2.1699169992643874, "event": "console.request", "id_hash": "h_2f49724747b3", "status": "200"}
[WebServer] {"duration_ms": 5.522792002011556, "event": "console.request", "id_hash": "h_df8c00db17a8", "status": "401"}
[WebServer] {"duration_ms": 101.46229099700577, "event": "console.request", "id_hash": "h_75c047c33a9d", "status": "200"}
[WebServer] {"duration_ms": 6.831624999904307, "event": "console.request", "id_hash": "h_25f925d037d4", "status": "200"}
[WebServer] {"duration_ms": 51.83575000046403, "event": "console.request", "id_hash": "h_ccaa91e863f8", "status": "200"}
[WebServer] {"duration_ms": 5.413833001512103, "event": "console.request", "id_hash": "h_ce130a4a8922", "status": "200"}
[WebServer] {"duration_ms": 38.615083998593036, "event": "console.request", "id_hash": "h_072cfff5012c", "status": "200"}
[WebServer] {"duration_ms": 42.64362500180141, "event": "console.request", "id_hash": "h_e0deefdd78d1", "status": "200"}
[WebServer] {"duration_ms": 42.98449999987497, "event": "console.request", "id_hash": "h_e916af2c3184", "status": "200"}
[WebServer] {"duration_ms": 44.253667001612484, "event": "console.request", "id_hash": "h_6cec6bf691b8", "status": "200"}
[WebServer] {"duration_ms": 43.50341600002139, "event": "console.request", "id_hash": "h_152403b6b1ba", "status": "200"}
[WebServer] {"duration_ms": 21.31795800232794, "event": "console.request", "id_hash": "h_a69ba54fb916", "status": "201"}
[WebServer] {"duration_ms": 5.307791001541773, "event": "console.request", "id_hash": "h_04dd6d4e9688", "status": "200"}
[WebServer] {"duration_ms": 9.49808400037, "event": "console.request", "id_hash": "h_0eb46794f716", "status": "200"}
[WebServer] {"duration_ms": 32.28033300183597, "event": "console.request", "id_hash": "h_0663475d9a08", "status": "200"}
[WebServer] {"duration_ms": 40.78945899891551, "event": "console.request", "id_hash": "h_aa5c9a0aa027", "status": "200"}
[WebServer] {"duration_ms": 40.64487499999814, "event": "console.request", "id_hash": "h_7d94670744e0", "status": "200"}
[WebServer] {"duration_ms": 20.166582999081584, "event": "console.request", "id_hash": "h_8e8e9690899b", "status": "201"}
[WebServer] {"duration_ms": 15.282042000762885, "event": "console.request", "id_hash": "h_17f7c3cc364e", "status": "200"}
[WebServer] {"duration_ms": 24.538459001632873, "event": "console.request", "id_hash": "h_b902906c693f", "status": "200"}
[WebServer] {"duration_ms": 27.071125001384644, "event": "console.request", "id_hash": "h_812a56014b0a", "status": "200"}
[WebServer] {"duration_ms": 35.088665998046054, "event": "console.request", "id_hash": "h_d7a42c41132f", "status": "200"}
[WebServer] {"duration_ms": 35.97858300054213, "event": "console.request", "id_hash": "h_3b54d75d9c66", "status": "200"}
[WebServer] {"duration_ms": 40.12637499909033, "event": "console.request", "id_hash": "h_5225400c320e", "status": "200"}
[WebServer] {"duration_ms": 20.208916001138277, "event": "console.request", "id_hash": "h_2ce1c8869afc", "status": "201"}
[WebServer] {"duration_ms": 21.67020799970487, "event": "console.request", "id_hash": "h_d4e3f6a97256", "status": "200"}
[WebServer] {"duration_ms": 31.420084000274073, "event": "console.request", "id_hash": "h_e96158d1783a", "status": "200"}
[WebServer] {"duration_ms": 30.784791997575667, "event": "console.request", "id_hash": "h_cdf8fc77f1f7", "status": "200"}
[WebServer] {"duration_ms": 39.93849999824306, "event": "console.request", "id_hash": "h_51e86b7a1ee6", "status": "200"}
[WebServer] {"duration_ms": 40.5153749998135, "event": "console.request", "id_hash": "h_e318dab28c5d", "status": "200"}
[WebServer] {"duration_ms": 45.35424999994575, "event": "console.request", "id_hash": "h_025e56bd8042", "status": "200"}
[WebServer] {"duration_ms": 14.686875001643784, "event": "console.request", "id_hash": "h_5991e8eede1a", "status": "200"}
[WebServer] {"duration_ms": 18.330124999920372, "event": "console.request", "id_hash": "h_370d0e293256", "status": "200"}
[WebServer] {"duration_ms": 19.9056669989659, "event": "console.request", "id_hash": "h_3432df4747d2", "status": "201"}
[WebServer] {"duration_ms": 23.39679199940292, "event": "console.request", "id_hash": "h_87a023440bf2", "status": "200"}
[WebServer] {"duration_ms": 33.67874999821652, "event": "console.request", "id_hash": "h_40993cfa9570", "status": "200"}
[WebServer] {"duration_ms": 33.77629199894727, "event": "console.request", "id_hash": "h_b9dd32358d5b", "status": "200"}
[WebServer] {"duration_ms": 35.345792002772214, "event": "console.request", "id_hash": "h_7424cc6856e8", "status": "200"}
[WebServer] {"duration_ms": 42.46091599998181, "event": "console.request", "id_hash": "h_fa1567f36f5b", "status": "200"}
[WebServer] {"duration_ms": 44.86325000107172, "event": "console.request", "id_hash": "h_c59872536f06", "status": "200"}
[WebServer] {"duration_ms": 26.45091600061278, "event": "console.request", "id_hash": "h_9aa14b3aaba3", "status": "200"}
[WebServer] {"duration_ms": 24.214999997639097, "event": "console.request", "id_hash": "h_9c5ba4facdae", "status": "200"}
[WebServer] {"duration_ms": 34.27354200175614, "event": "console.request", "id_hash": "h_b7d0e785467e", "status": "200"}
[WebServer] {"duration_ms": 34.54858400073135, "event": "console.request", "id_hash": "h_2979cfe8136f", "status": "200"}
[WebServer] {"duration_ms": 37.692292000429006, "event": "console.request", "id_hash": "h_3bbbe2a07970", "status": "200"}
[WebServer] {"duration_ms": 36.85304100145004, "event": "console.request", "id_hash": "h_d95081b4d68d", "status": "200"}
[WebServer] {"duration_ms": 42.22300000037649, "event": "console.request", "id_hash": "h_eb54c80d999f", "status": "200"}
[WebServer] {"duration_ms": 15.253999998094514, "event": "console.request", "id_hash": "h_ce7fb4ddb5f1", "status": "200"}
[WebServer] {"duration_ms": 19.430124997597886, "event": "console.request", "id_hash": "h_c200b19b2d7c", "status": "200"}
[WebServer] {"duration_ms": 20.309166000515688, "event": "console.request", "id_hash": "h_44c5858bd1f2", "status": "201"}
[WebServer] {"duration_ms": 0.9223749984812457, "event": "console.request", "id_hash": "h_fb6000524a99", "status": "200"}
[WebServer] {"duration_ms": 1.4276250003604218, "event": "console.request", "id_hash": "h_b73ac87c515a", "status": "200"}
[WebServer] {"duration_ms": 2.5556250002409797, "event": "console.request", "id_hash": "h_f7d1aa0ae840", "status": "200"}
[WebServer] {"duration_ms": 17.16041700274218, "event": "console.request", "id_hash": "h_664e74fc07e2", "status": "200"}
[WebServer] {"duration_ms": 10.537958001805237, "event": "console.request", "id_hash": "h_710222399f48", "status": "200"}
[WebServer] {"duration_ms": 40.99737500291667, "event": "console.request", "id_hash": "h_8fa788420f90", "status": "200"}
[WebServer] {"duration_ms": 14.968583000154467, "event": "console.request", "id_hash": "h_5bbc638114da", "status": "200"}
[WebServer] {"duration_ms": 43.610000000626314, "event": "console.request", "id_hash": "h_084b08f3076f", "status": "200"}
[WebServer] {"duration_ms": 29.28412499750266, "event": "console.request", "id_hash": "h_76f0e3a72a02", "status": "200"}
[WebServer] {"duration_ms": 13.38370799930999, "event": "console.request", "id_hash": "h_fb78d4f4ef71", "status": "200"}
[WebServer] {"duration_ms": 13.442542000120739, "event": "console.request", "id_hash": "h_3f4c4e580f70", "status": "200"}
[WebServer] {"duration_ms": 42.72266699990723, "event": "console.request", "id_hash": "h_c48601b14415", "status": "200"}
[WebServer] {"duration_ms": 41.8297079995682, "event": "console.request", "id_hash": "h_ba82c4619bd0", "status": "200"}
[WebServer] {"duration_ms": 42.62958300023456, "event": "console.request", "id_hash": "h_bc8f535cb4bf", "status": "200"}
  ✓  13 tests/browser/console.spec.ts:1804:1 › real dependency creation removal and reactivation preserve its ID (2.2s)
[WebServer] {"duration_ms": 1.336833000095794, "event": "console.request", "id_hash": "h_ed4b55e3d0f3", "status": "200"}
[WebServer] {"duration_ms": 1.9500420021358877, "event": "console.request", "id_hash": "h_ba7ede54c8b2", "status": "200"}
[WebServer] {"duration_ms": 1.9092910006293096, "event": "console.request", "id_hash": "h_66974865d9b2", "status": "200"}
[WebServer] {"duration_ms": 4.339666997111635, "event": "console.request", "id_hash": "h_31633d5135d7", "status": "401"}
[WebServer] {"duration_ms": 102.50770899801864, "event": "console.request", "id_hash": "h_ad168d0525e9", "status": "429"}
[WebServer] {"duration_ms": 102.76591699948767, "event": "console.request", "id_hash": "h_4a9476d6ad7a", "status": "429"}
  ✘  14 tests/browser/console.spec.ts:1926:1 › real trigger lifecycle and Task forget preserve revisions and delete the plan (34.6s)
(node:57274) Warning: The 'NO_COLOR' env is ignored due to the 'FORCE_COLOR' env being set.
(Use `node --trace-warnings ...` to show where the warning was created)
(node:57274) [DEP0205] DeprecationWarning: `module.register()` is deprecated. Use `module.registerHooks()` instead.
(node:57274) Warning: The 'NO_COLOR' env is ignored due to the 'FORCE_COLOR' env being set.
(Use `node --trace-warnings ...` to show where the warning was created)
[WebServer] {"duration_ms": 0.9719580011733342, "event": "console.request", "id_hash": "h_9c9108262396", "status": "200"}
[WebServer] {"duration_ms": 1.4416670019272715, "event": "console.request", "id_hash": "h_a3d0bc56fcb7", "status": "200"}
[WebServer] {"duration_ms": 0.8877079999365378, "event": "console.request", "id_hash": "h_3c23516073aa", "status": "200"}
[WebServer] {"duration_ms": 2.914791999501176, "event": "console.request", "id_hash": "h_a292588f6619", "status": "401"}
[WebServer] {"duration_ms": 102.35545899922727, "event": "console.request", "id_hash": "h_7b5c5555d643", "status": "200"}
[WebServer] {"duration_ms": 6.92529200023273, "event": "console.request", "id_hash": "h_e7513840c727", "status": "200"}
[WebServer] {"duration_ms": 32.66345799784176, "event": "console.request", "id_hash": "h_f92e34b65c09", "status": "200"}
[WebServer] {"duration_ms": 8.955875000538072, "event": "console.request", "id_hash": "h_a0cce20d29c4", "status": "200"}
[WebServer] {"duration_ms": 7.654459001059877, "event": "console.request", "id_hash": "h_e6a53a2e09ca", "status": "200"}
[WebServer] {"duration_ms": 32.2415419977915, "event": "console.request", "id_hash": "h_98b7f442656b", "status": "200"}
[WebServer] {"duration_ms": 51.38499999884516, "event": "console.request", "id_hash": "h_34d6749700a2", "status": "200"}
[WebServer] {"duration_ms": 35.45750000193948, "event": "console.request", "id_hash": "h_00902b210408", "status": "202"}
[WebServer] {"duration_ms": 8.08895799855236, "event": "console.request", "id_hash": "h_cc7af05c9291", "status": "200"}
[WebServer] {"duration_ms": 4.28595899938955, "event": "console.request", "id_hash": "h_aef18347dcf6", "status": "200"}
[WebServer] {"duration_ms": 16.387583000323502, "event": "console.request", "id_hash": "h_337513177a7a", "status": "200"}
[WebServer] {"duration_ms": 33.270541000092635, "event": "console.request", "id_hash": "h_20f546b85ca2", "status": "200"}
[WebServer] {"duration_ms": 6.437333999201655, "event": "console.request", "id_hash": "h_2e7991b249e6", "status": "200"}
[WebServer] {"duration_ms": 8.437417000095593, "event": "console.request", "id_hash": "h_a743b5fb276f", "status": "200"}
  ✓  15 tests/browser/console.spec.ts:2105:1 › real fixed-filter operation accepts 51 targets and cancellation preserves the first committed batch (2.3s)
[WebServer] {"duration_ms": 1.5917080017970875, "event": "console.request", "id_hash": "h_cb52d92f08da", "status": "200"}
[WebServer] {"duration_ms": 2.019625000684755, "event": "console.request", "id_hash": "h_720cbe788130", "status": "200"}
[WebServer] {"duration_ms": 1.7292090014962014, "event": "console.request", "id_hash": "h_d1a8e1ea2485", "status": "200"}
[WebServer] {"duration_ms": 3.6981250013923272, "event": "console.request", "id_hash": "h_204cae0773bc", "status": "401"}
[WebServer] {"duration_ms": 102.39749999891501, "event": "console.request", "id_hash": "h_0a80a47da5ec", "status": "200"}
[WebServer] {"duration_ms": 1.278792002267437, "event": "console.request", "id_hash": "h_fb7a5205aa31", "status": "200"}
[WebServer] {"duration_ms": 10.778707997815218, "event": "console.request", "id_hash": "h_8c2d3cc597eb", "status": "200"}
[WebServer] {"duration_ms": 1.806291998946108, "event": "console.request", "id_hash": "h_b68efcde8f2a", "status": "200"}
[WebServer] {"duration_ms": 1.3329579996934626, "event": "console.request", "id_hash": "h_1ae27b7ff8b6", "status": "200"}
[WebServer] {"duration_ms": 2.9437080011120997, "event": "console.request", "id_hash": "h_14d390253bd8", "status": "200"}
[WebServer] {"duration_ms": 5.218667000008281, "event": "console.request", "id_hash": "h_7fc2a0beafb6", "status": "200"}
[WebServer] {"duration_ms": 29.723540999839315, "event": "console.request", "id_hash": "h_0909fc7ad28d", "status": "200"}
[WebServer] {"duration_ms": 11.052917001507012, "event": "console.request", "id_hash": "h_6eaae71a4b22", "status": "200"}
[WebServer] {"duration_ms": 11.741457998141414, "event": "console.request", "id_hash": "h_16eb41d86217", "status": "200"}
[WebServer] {"duration_ms": 18.977625000843545, "event": "console.request", "id_hash": "h_7af82ac93003", "status": "200"}
[WebServer] {"duration_ms": 10.724749998189509, "event": "console.request", "id_hash": "h_4451a3c848c6", "status": "200"}
[WebServer] {"duration_ms": 13.89437499892665, "event": "console.request", "id_hash": "h_44c0ce8d6c1f", "status": "200"}
[WebServer] {"duration_ms": 1.1085000005550683, "event": "console.request", "id_hash": "h_3d0a8247e15b", "status": "200"}
[WebServer] {"duration_ms": 1.7737079979269765, "event": "console.request", "id_hash": "h_2670ef2c64c2", "status": "200"}
[WebServer] {"duration_ms": 1.826875002734596, "event": "console.request", "id_hash": "h_94400afe18fa", "status": "200"}
[WebServer] {"duration_ms": 2.682582999113947, "event": "console.request", "id_hash": "h_effa415cae80", "status": "200"}
[WebServer] {"duration_ms": 4.9607500004640315, "event": "console.request", "id_hash": "h_5d86c6798568", "status": "200"}
[WebServer] {"duration_ms": 29.689541999687208, "event": "console.request", "id_hash": "h_0501c2e69231", "status": "200"}
[WebServer] {"duration_ms": 11.632583999016788, "event": "console.request", "id_hash": "h_bb43b0c4c3a5", "status": "200"}
[WebServer] {"duration_ms": 11.530916002811864, "event": "console.request", "id_hash": "h_a0e1850bda3f", "status": "200"}
[WebServer] {"duration_ms": 0.9001250000437722, "event": "console.request", "id_hash": "h_7449d1eb550b", "status": "200"}
[WebServer] {"duration_ms": 1.176082998426864, "event": "console.request", "id_hash": "h_499d51582e6f", "status": "200"}
[WebServer] {"duration_ms": 1.538083000923507, "event": "console.request", "id_hash": "h_1b1fb539720d", "status": "200"}
[WebServer] {"duration_ms": 2.659207999386126, "event": "console.request", "id_hash": "h_55977695adbf", "status": "200"}
[WebServer] {"duration_ms": 4.658624999137828, "event": "console.request", "id_hash": "h_5c67169f9c79", "status": "200"}
[WebServer] {"duration_ms": 29.203834001236828, "event": "console.request", "id_hash": "h_f1ae6b3fe7d3", "status": "200"}
[WebServer] {"duration_ms": 11.062999998102896, "event": "console.request", "id_hash": "h_f4ccccc55538", "status": "200"}
[WebServer] {"duration_ms": 12.158000001363689, "event": "console.request", "id_hash": "h_56b0304cdb94", "status": "200"}
[WebServer] {"duration_ms": 19.273000001703622, "event": "console.request", "id_hash": "h_31df381e63d1", "status": "200"}
[WebServer] {"duration_ms": 7.471458000509301, "event": "console.request", "id_hash": "h_d877f7be82ee", "status": "200"}
[WebServer] {"duration_ms": 10.886791002121754, "event": "console.request", "id_hash": "h_77c6e8881f14", "status": "200"}
[WebServer] {"duration_ms": 1.1222080029256176, "event": "console.request", "id_hash": "h_2e27d4f24e80", "status": "200"}
[WebServer] {"duration_ms": 2.3329590003413614, "event": "console.request", "id_hash": "h_42ffee456aab", "status": "200"}
[WebServer] {"duration_ms": 1.4817920018685982, "event": "console.request", "id_hash": "h_2b65f5efbb87", "status": "200"}
[WebServer] {"duration_ms": 3.134624999802327, "event": "console.request", "id_hash": "h_0972c9a1614c", "status": "200"}
[WebServer] {"duration_ms": 5.11345899940352, "event": "console.request", "id_hash": "h_abdc99c51207", "status": "200"}
[WebServer] {"duration_ms": 29.911583002103725, "event": "console.request", "id_hash": "h_530eb5da058a", "status": "200"}
[WebServer] {"duration_ms": 11.04204200237291, "event": "console.request", "id_hash": "h_c6203b6d5084", "status": "200"}
[WebServer] {"duration_ms": 12.247167000168702, "event": "console.request", "id_hash": "h_36a9e84f8f79", "status": "200"}
[WebServer] {"duration_ms": 1.0255830020469148, "event": "console.request", "id_hash": "h_b166815ac717", "status": "200"}
[WebServer] {"duration_ms": 1.0074589990836103, "event": "console.request", "id_hash": "h_b1be5e6c0767", "status": "200"}
[WebServer] {"duration_ms": 1.770292001310736, "event": "console.request", "id_hash": "h_74432293dc2e", "status": "200"}
[WebServer] {"duration_ms": 2.454999998008134, "event": "console.request", "id_hash": "h_43611838d5f4", "status": "200"}
[WebServer] {"duration_ms": 4.718750002211891, "event": "console.request", "id_hash": "h_e009a42530fa", "status": "200"}
[WebServer] {"duration_ms": 29.47054100150126, "event": "console.request", "id_hash": "h_9417012cf117", "status": "200"}
[WebServer] {"duration_ms": 11.52054100020905, "event": "console.request", "id_hash": "h_d3c59d80d443", "status": "200"}
[WebServer] {"duration_ms": 15.861416999541689, "event": "console.request", "id_hash": "h_d87229f01434", "status": "200"}
  ✓  16 tests/browser/console.spec.ts:2224:1 › real event dismissal preserves delivery history and its Task in Required mode (1.1s)
[WebServer] {"duration_ms": 36.155834000965115, "event": "console.request", "id_hash": "h_3ea7a3dba818", "status": "200"}
[WebServer] {"duration_ms": 45.020208999630995, "event": "console.request", "id_hash": "h_1c85710eafbd", "status": "200"}
[WebServer] {"duration_ms": 43.82258300029207, "event": "console.request", "id_hash": "h_3af4f8a602ff", "status": "200"}
[WebServer] {"duration_ms": 0.8239579983637668, "event": "console.request", "id_hash": "h_18598308b1f1", "status": "200"}
[WebServer] {"duration_ms": 1.6780420010036323, "event": "console.request", "id_hash": "h_7d3abab618a0", "status": "200"}
[WebServer] {"duration_ms": 1.0640420005074702, "event": "console.request", "id_hash": "h_0ca5057b4616", "status": "200"}
[WebServer] {"duration_ms": 3.79087499823072, "event": "console.request", "id_hash": "h_9d517ad04d0d", "status": "401"}
[WebServer] {"duration_ms": 102.40362500189804, "event": "console.request", "id_hash": "h_67e8b52369d8", "status": "200"}
[WebServer] {"duration_ms": 6.627500002650777, "event": "console.request", "id_hash": "h_dff6338abe4d", "status": "200"}
[WebServer] {"duration_ms": 6.835125001089182, "event": "console.request", "id_hash": "h_141e6bbc787e", "status": "200"}
[WebServer] {"duration_ms": 54.621625000436325, "event": "console.request", "id_hash": "h_4fb9bde0a8ed", "status": "200"}
[WebServer] {"duration_ms": 56.29241700080456, "event": "console.request", "id_hash": "h_5d5db6746fe3", "status": "200"}
[WebServer] {"duration_ms": 58.292416000767844, "event": "console.request", "id_hash": "h_6e46077480af", "status": "200"}
[WebServer] {"duration_ms": 59.310459000698756, "event": "console.request", "id_hash": "h_37ab1f90bc92", "status": "200"}
[WebServer] {"duration_ms": 62.31433400171227, "event": "console.request", "id_hash": "h_f85cac07e206", "status": "200"}
[WebServer] {"duration_ms": 62.64066600124352, "event": "console.request", "id_hash": "h_c130d4af6240", "status": "200"}
[WebServer] {"duration_ms": 12.382417000480928, "event": "console.request", "id_hash": "h_2bfb6142232e", "status": "200"}
[WebServer] {"duration_ms": 0.8192080022126902, "event": "console.request", "id_hash": "h_dc1752bbe714", "status": "200"}
[WebServer] {"duration_ms": 2.0430830008990597, "event": "console.request", "id_hash": "h_e5fc111979b7", "status": "200"}
[WebServer] {"duration_ms": 1.3159590016584843, "event": "console.request", "id_hash": "h_8b7239b723fa", "status": "200"}
[WebServer] {"duration_ms": 3.1859580012678634, "event": "console.request", "id_hash": "h_975db353787c", "status": "200"}
[WebServer] {"duration_ms": 4.78179199853912, "event": "console.request", "id_hash": "h_e47b716120ea", "status": "200"}
[WebServer] {"duration_ms": 55.14608300291002, "event": "console.request", "id_hash": "h_5b352ea46b1e", "status": "200"}
[WebServer] {"duration_ms": 55.858083000202896, "event": "console.request", "id_hash": "h_a284b45eb4fe", "status": "200"}
[WebServer] {"duration_ms": 56.95087500134832, "event": "console.request", "id_hash": "h_e7448e5cc3c1", "status": "200"}
[WebServer] {"duration_ms": 57.59808300354052, "event": "console.request", "id_hash": "h_fa1e6502f5be", "status": "200"}
[WebServer] {"duration_ms": 58.902541000861675, "event": "console.request", "id_hash": "h_264ac537d238", "status": "200"}
[WebServer] {"duration_ms": 58.90941600227961, "event": "console.request", "id_hash": "h_cc6817278c53", "status": "200"}
[WebServer] {"duration_ms": 9.165208000922576, "event": "console.request", "id_hash": "h_938bf3f28265", "status": "200"}
[WebServer] {"duration_ms": 1.1349579981470015, "event": "console.request", "id_hash": "h_0f33476123b3", "status": "200"}
[WebServer] {"duration_ms": 1.7358750010316726, "event": "console.request", "id_hash": "h_3026363fbde1", "status": "200"}
[WebServer] {"duration_ms": 1.4188749992172234, "event": "console.request", "id_hash": "h_d66bc632f331", "status": "200"}
[WebServer] {"duration_ms": 7.422958002280211, "event": "console.request", "id_hash": "h_58ee4ae3906d", "status": "200"}
[WebServer] {"duration_ms": 5.066834000899689, "event": "console.request", "id_hash": "h_779941c4970b", "status": "200"}
[WebServer] {"duration_ms": 57.85995800033561, "event": "console.request", "id_hash": "h_d86e897d8ba7", "status": "200"}
[WebServer] {"duration_ms": 60.68941700141295, "event": "console.request", "id_hash": "h_6df96f151cd2", "status": "200"}
[WebServer] {"duration_ms": 61.74349999855622, "event": "console.request", "id_hash": "h_eb1b0d566398", "status": "200"}
[WebServer] {"duration_ms": 61.26491599934525, "event": "console.request", "id_hash": "h_5cb2052b56a9", "status": "200"}
[WebServer] {"duration_ms": 59.75024999861489, "event": "console.request", "id_hash": "h_dafe9300e920", "status": "200"}
[WebServer] {"duration_ms": 61.512334003055, "event": "console.request", "id_hash": "h_3d7e515105ba", "status": "200"}
[WebServer] {"duration_ms": 10.363083998527145, "event": "console.request", "id_hash": "h_28a6ecf25e0a", "status": "200"}
[WebServer] {"duration_ms": 8.779499999945983, "event": "console.request", "id_hash": "h_76326fbd4709", "status": "403"}
[WebServer] {"duration_ms": 9.00674999866169, "event": "console.request", "id_hash": "h_1ac458cc9b74", "status": "200"}
[WebServer] {"duration_ms": 17.77708300141967, "event": "console.request", "id_hash": "h_4b4761519c29", "status": "200"}
[WebServer] {"duration_ms": 54.10683300215169, "event": "console.request", "id_hash": "h_5b4241109012", "status": "200"}
[WebServer] {"duration_ms": 55.69166699933703, "event": "console.request", "id_hash": "h_43cf2f5c57f5", "status": "200"}
[WebServer] {"duration_ms": 56.695250001212116, "event": "console.request", "id_hash": "h_14e923a8f180", "status": "200"}
[WebServer] {"duration_ms": 58.24516699794913, "event": "console.request", "id_hash": "h_32f7d468eacc", "status": "200"}
[WebServer] {"duration_ms": 59.18124999880092, "event": "console.request", "id_hash": "h_4b7f5f8454cf", "status": "200"}
[WebServer] {"duration_ms": 58.952166997187305, "event": "console.request", "id_hash": "h_2dd936f9f915", "status": "200"}
[WebServer] {"duration_ms": 16.227750002144603, "event": "console.request", "id_hash": "h_fd6de909a30b", "status": "409"}
[WebServer] {"duration_ms": 4.010792003100505, "event": "console.request", "id_hash": "h_07f265ff2f4e", "status": "200"}
[WebServer] {"duration_ms": 18.032416002824903, "event": "console.request", "id_hash": "h_c453ee3b83e4", "status": "409"}
[WebServer] {"duration_ms": 4.618874998413958, "event": "console.request", "id_hash": "h_e9d4183c65db", "status": "200"}
[WebServer] {"duration_ms": 57.727374998648884, "event": "console.request", "id_hash": "h_f2c9a549d111", "status": "200"}
[WebServer] {"duration_ms": 56.89995899956557, "event": "console.request", "id_hash": "h_5c1d92ec31e5", "status": "200"}
[WebServer] {"duration_ms": 59.744749996752944, "event": "console.request", "id_hash": "h_889cf0498117", "status": "200"}
[WebServer] {"duration_ms": 60.04045800000313, "event": "console.request", "id_hash": "h_926e6b50fe82", "status": "200"}
[WebServer] {"duration_ms": 60.264250001637265, "event": "console.request", "id_hash": "h_08756fb165cd", "status": "200"}
[WebServer] {"duration_ms": 61.72379099734826, "event": "console.request", "id_hash": "h_d8762d6a37df", "status": "200"}
[WebServer] {"duration_ms": 0.8677089972479735, "event": "console.request", "id_hash": "h_3a5191b5ba6e", "status": "200"}
[WebServer] {"duration_ms": 1.5346250002039596, "event": "console.request", "id_hash": "h_485c1da93806", "status": "200"}
[WebServer] {"duration_ms": 1.5834590012673289, "event": "console.request", "id_hash": "h_cbadd8a4dc5e", "status": "200"}
[WebServer] {"duration_ms": 2.854624999599764, "event": "console.request", "id_hash": "h_22298b143e77", "status": "200"}
[WebServer] {"duration_ms": 5.2697920000355225, "event": "console.request", "id_hash": "h_21e04b20985c", "status": "200"}
[WebServer] {"duration_ms": 51.738375001150416, "event": "console.request", "id_hash": "h_61efb89d81d7", "status": "200"}
[WebServer] {"duration_ms": 52.57208300099592, "event": "console.request", "id_hash": "h_c15c8e557eb7", "status": "200"}
[WebServer] {"duration_ms": 52.837666000414174, "event": "console.request", "id_hash": "h_3a63983eae6c", "status": "200"}
[WebServer] {"duration_ms": 53.40366699965671, "event": "console.request", "id_hash": "h_d60125591706", "status": "200"}
[WebServer] {"duration_ms": 54.8157919984078, "event": "console.request", "id_hash": "h_e3fd91e96fee", "status": "200"}
[WebServer] {"duration_ms": 54.57145900072646, "event": "console.request", "id_hash": "h_2a350b89b927", "status": "200"}
[WebServer] {"duration_ms": 9.72774999900139, "event": "console.request", "id_hash": "h_7b20f3f6d607", "status": "200"}
[WebServer] {"duration_ms": 4.68291700235568, "event": "console.request", "id_hash": "h_02b5889a1c3b", "status": "200"}
[WebServer] {"duration_ms": 4.218625002977205, "event": "console.request", "id_hash": "h_c93875606d65", "status": "200"}
  ✓  17 tests/browser/persona-policy.spec.ts:3:1 › real Policy edits require reauth, preserve precision and show concurrent edit differences (1.9s)
[WebServer] {"duration_ms": 1.1591660004341975, "event": "console.request", "id_hash": "h_6e39cd7aefd8", "status": "200"}
[WebServer] {"duration_ms": 1.6442090018244926, "event": "console.request", "id_hash": "h_ceb0f208479e", "status": "200"}
[WebServer] {"duration_ms": 0.9522919972368982, "event": "console.request", "id_hash": "h_48ac0f6b60a9", "status": "200"}
[WebServer] {"duration_ms": 3.662291997898137, "event": "console.request", "id_hash": "h_77bcf4866bec", "status": "401"}
[WebServer] {"duration_ms": 102.37333300028695, "event": "console.request", "id_hash": "h_1bdb10d99a0b", "status": "200"}
[WebServer] {"duration_ms": 6.491749998531304, "event": "console.request", "id_hash": "h_be0cba9fb55d", "status": "200"}
[WebServer] {"duration_ms": 6.6951669978152495, "event": "console.request", "id_hash": "h_c3dddf1af509", "status": "200"}
[WebServer] {"duration_ms": 45.851124999899184, "event": "console.request", "id_hash": "h_e6ea7f575c6e", "status": "200"}
[WebServer] {"duration_ms": 58.81729099928634, "event": "console.request", "id_hash": "h_3457f4eca860", "status": "200"}
[WebServer] {"duration_ms": 62.44074999995064, "event": "console.request", "id_hash": "h_f460d7b4a468", "status": "200"}
[WebServer] {"duration_ms": 65.12041699897964, "event": "console.request", "id_hash": "h_5c39d9425f44", "status": "200"}
[WebServer] {"duration_ms": 61.942957996507175, "event": "console.request", "id_hash": "h_30f3e5efefc6", "status": "200"}
[WebServer] {"duration_ms": 62.32241700126906, "event": "console.request", "id_hash": "h_dec81abc3fdb", "status": "200"}
[WebServer] {"duration_ms": 17.694041001959704, "event": "console.request", "id_hash": "h_8e60cc7eb2cc", "status": "201"}
[WebServer] {"duration_ms": 54.13675000090734, "event": "console.request", "id_hash": "h_1b2fda6946f7", "status": "200"}
[WebServer] {"duration_ms": 55.450374999054475, "event": "console.request", "id_hash": "h_15c2fa7da270", "status": "200"}
[WebServer] {"duration_ms": 57.51354200037895, "event": "console.request", "id_hash": "h_e2269287234c", "status": "200"}
[WebServer] {"duration_ms": 58.096875000046566, "event": "console.request", "id_hash": "h_c7140b427d10", "status": "200"}
[WebServer] {"duration_ms": 57.1801250007411, "event": "console.request", "id_hash": "h_4dcf2fdc6279", "status": "200"}
[WebServer] {"duration_ms": 58.61995800296427, "event": "console.request", "id_hash": "h_2adb71c6dc73", "status": "200"}
[WebServer] {"duration_ms": 17.90324999819859, "event": "console.request", "id_hash": "h_01e8ebff9643", "status": "201"}
[WebServer] {"duration_ms": 51.41916700085858, "event": "console.request", "id_hash": "h_e97f0382fd13", "status": "200"}
[WebServer] {"duration_ms": 55.26524999731919, "event": "console.request", "id_hash": "h_a6dde80f8615", "status": "200"}
[WebServer] {"duration_ms": 58.017832998302765, "event": "console.request", "id_hash": "h_aa1c82b7bba9", "status": "200"}
[WebServer] {"duration_ms": 58.94191600236809, "event": "console.request", "id_hash": "h_ce6027c8761f", "status": "200"}
[WebServer] {"duration_ms": 58.142124998994404, "event": "console.request", "id_hash": "h_069d7474e223", "status": "200"}
[WebServer] {"duration_ms": 58.57291699794587, "event": "console.request", "id_hash": "h_f5158e554caa", "status": "200"}
[WebServer] {"duration_ms": 5.825667001772672, "event": "console.request", "id_hash": "h_1d91ad17fe2f", "status": "200"}
[WebServer] {"duration_ms": 1.548374999401858, "event": "console.request", "id_hash": "h_f6b1ef5c633f", "status": "200"}
[WebServer] {"duration_ms": 1.9276669991086237, "event": "console.request", "id_hash": "h_358b34ad7495", "status": "200"}
[WebServer] {"duration_ms": 1.5562089974991977, "event": "console.request", "id_hash": "h_9bd64260fdbd", "status": "200"}
[WebServer] {"duration_ms": 3.7388749988167547, "event": "console.request", "id_hash": "h_ac77fe457518", "status": "401"}
[WebServer] {"duration_ms": 102.47841699674609, "event": "console.request", "id_hash": "h_dc6b70e50123", "status": "200"}
[WebServer] {"duration_ms": 6.466291997639928, "event": "console.request", "id_hash": "h_f0405cedc6d5", "status": "200"}
[WebServer] {"duration_ms": 6.357999998726882, "event": "console.request", "id_hash": "h_b295ef4098ca", "status": "200"}
[WebServer] {"duration_ms": 82.77229200029979, "event": "console.request", "id_hash": "h_cbbde449253a", "status": "200"}
[WebServer] {"duration_ms": 1.839999997173436, "event": "console.request", "id_hash": "h_759c024297ef", "status": "200"}
[WebServer] {"duration_ms": 90.18212499722722, "event": "console.request", "id_hash": "h_ac4eb5171195", "status": "200"}
[WebServer] {"duration_ms": 88.65099999820814, "event": "console.request", "id_hash": "h_a66a57345ad7", "status": "200"}
[WebServer] {"duration_ms": 89.60624999963329, "event": "console.request", "id_hash": "h_81143ec38517", "status": "200"}
[WebServer] {"duration_ms": 3.332624997710809, "event": "console.request", "id_hash": "h_68460d0725f5", "status": "200"}
[WebServer] {"duration_ms": 92.78774999984307, "event": "console.request", "id_hash": "h_45d9cb3ad997", "status": "200"}
[WebServer] {"duration_ms": 92.69479099748423, "event": "console.request", "id_hash": "h_cf6bcda926ae", "status": "200"}
[WebServer] {"duration_ms": 4.322208998928545, "event": "console.request", "id_hash": "h_4b1c2d210c65", "status": "200"}
[WebServer] {"duration_ms": 2.691083001991501, "event": "console.request", "id_hash": "h_abd2b77b7f4b", "status": "200"}
[WebServer] {"duration_ms": 4.565625000395812, "event": "console.request", "id_hash": "h_fb9822ee57ae", "status": "200"}
[WebServer] {"duration_ms": 55.13612499998999, "event": "console.request", "id_hash": "h_164f4e629bc6", "status": "200"}
[WebServer] {"duration_ms": 56.347707999520935, "event": "console.request", "id_hash": "h_01d7ba7850ac", "status": "200"}
[WebServer] {"duration_ms": 55.73983299836982, "event": "console.request", "id_hash": "h_83ffb5355023", "status": "200"}
[WebServer] {"duration_ms": 57.85495800228091, "event": "console.request", "id_hash": "h_0fea523c52a0", "status": "200"}
[WebServer] {"duration_ms": 58.04524999985006, "event": "console.request", "id_hash": "h_04c63c5cb2ea", "status": "200"}
[WebServer] {"duration_ms": 58.59562499972526, "event": "console.request", "id_hash": "h_e27fb7dc1601", "status": "200"}
[WebServer] {"duration_ms": 10.451792000822024, "event": "console.request", "id_hash": "h_3693183c71cc", "status": "200"}
[WebServer] {"duration_ms": 6.52470799832372, "event": "console.request", "id_hash": "h_afd4f655a624", "status": "200"}
[WebServer] {"duration_ms": 7.2018339997157454, "event": "console.request", "id_hash": "h_19aa4da46734", "status": "200"}
[WebServer] {"duration_ms": 12.21787499889615, "event": "console.request", "id_hash": "h_267c6320a66a", "status": "403"}
[WebServer] {"duration_ms": 12.208374999318039, "event": "console.request", "id_hash": "h_93616a5169c4", "status": "200"}
[WebServer] {"duration_ms": 24.408666999079287, "event": "console.request", "id_hash": "h_453c71cc41c5", "status": "200"}
[WebServer] {"duration_ms": 58.5326249965874, "event": "console.request", "id_hash": "h_87ff513ead86", "status": "200"}
[WebServer] {"duration_ms": 59.4052090018522, "event": "console.request", "id_hash": "h_11f2b692a51b", "status": "200"}
[WebServer] {"duration_ms": 60.414250001485925, "event": "console.request", "id_hash": "h_33ba78e28829", "status": "200"}
[WebServer] {"duration_ms": 59.8929159968975, "event": "console.request", "id_hash": "h_2822e3b28c0c", "status": "200"}
[WebServer] {"duration_ms": 63.49000000045635, "event": "console.request", "id_hash": "h_9649e0c99782", "status": "200"}
[WebServer] {"duration_ms": 63.88895800046157, "event": "console.request", "id_hash": "h_3d2072afe355", "status": "200"}
[WebServer] {"duration_ms": 31.181291997199878, "event": "console.request", "id_hash": "h_a89bedea95e9", "status": "409"}
[WebServer] {"duration_ms": 6.451000001106877, "event": "console.request", "id_hash": "h_6f027a5b0c21", "status": "200"}
[WebServer] {"duration_ms": 21.787707999465056, "event": "console.request", "id_hash": "h_28aa7cb58a8f", "status": "409"}
[WebServer] {"duration_ms": 5.04120800178498, "event": "console.request", "id_hash": "h_1ee3a5871068", "status": "200"}
[WebServer] {"duration_ms": 62.436583000817336, "event": "console.request", "id_hash": "h_7ecf4bf390cd", "status": "200"}
[WebServer] {"duration_ms": 65.54462499843794, "event": "console.request", "id_hash": "h_a1b505ca25b6", "status": "200"}
[WebServer] {"duration_ms": 64.27099999928032, "event": "console.request", "id_hash": "h_8a9b4f94cba6", "status": "200"}
[WebServer] {"duration_ms": 67.38408399905893, "event": "console.request", "id_hash": "h_8611295a9cee", "status": "200"}
[WebServer] {"duration_ms": 68.46833300005528, "event": "console.request", "id_hash": "h_efea2e201fb6", "status": "200"}
[WebServer] {"duration_ms": 68.17241700264276, "event": "console.request", "id_hash": "h_e767e51b3123", "status": "200"}
[WebServer] {"duration_ms": 0.9707079989311751, "event": "console.request", "id_hash": "h_b2a0283c6cea", "status": "200"}
[WebServer] {"duration_ms": 1.6605419987172354, "event": "console.request", "id_hash": "h_a728aaf9325d", "status": "200"}
[WebServer] {"duration_ms": 2.2020840006007347, "event": "console.request", "id_hash": "h_99162cd58efe", "status": "200"}
[WebServer] {"duration_ms": 3.002000001288252, "event": "console.request", "id_hash": "h_fe81ed12e61c", "status": "200"}
[WebServer] {"duration_ms": 5.821667000418529, "event": "console.request", "id_hash": "h_d8298d863234", "status": "200"}
[WebServer] {"duration_ms": 54.761625000537606, "event": "console.request", "id_hash": "h_60fa8f33dbf1", "status": "200"}
[WebServer] {"duration_ms": 60.43154199869605, "event": "console.request", "id_hash": "h_328c5782edc9", "status": "200"}
[WebServer] {"duration_ms": 60.502374999487074, "event": "console.request", "id_hash": "h_6181ccdc2be4", "status": "200"}
[WebServer] {"duration_ms": 60.53062499995576, "event": "console.request", "id_hash": "h_07a60bb2f0da", "status": "200"}
[WebServer] {"duration_ms": 61.15775000216672, "event": "console.request", "id_hash": "h_80be2ca7daa7", "status": "200"}
[WebServer] {"duration_ms": 61.56299999929615, "event": "console.request", "id_hash": "h_be99c9ea7368", "status": "200"}
[WebServer] {"duration_ms": 11.696792000293499, "event": "console.request", "id_hash": "h_805e5d973af7", "status": "200"}
[WebServer] {"duration_ms": 4.932542000460671, "event": "console.request", "id_hash": "h_637ae4bee548", "status": "200"}
[WebServer] {"duration_ms": 25.790625000809086, "event": "console.request", "id_hash": "h_f0ad5176d682", "status": "200"}
[WebServer] {"duration_ms": 57.44445899836137, "event": "console.request", "id_hash": "h_59637482d2ba", "status": "200"}
[WebServer] {"duration_ms": 62.49233299968182, "event": "console.request", "id_hash": "h_86ffaa2add6d", "status": "200"}
[WebServer] {"duration_ms": 61.70837500030757, "event": "console.request", "id_hash": "h_6c26ad5cddb2", "status": "200"}
[WebServer] {"duration_ms": 64.55724999977974, "event": "console.request", "id_hash": "h_801aa32d6609", "status": "200"}
[WebServer] {"duration_ms": 64.74249999882886, "event": "console.request", "id_hash": "h_158b15c2b24e", "status": "200"}
[WebServer] {"duration_ms": 64.93370899988804, "event": "console.request", "id_hash": "h_87a14992a30b", "status": "200"}
[WebServer] {"duration_ms": 0.8436659991275519, "event": "console.request", "id_hash": "h_619e66670934", "status": "200"}
[WebServer] {"duration_ms": 1.3868749992980156, "event": "console.request", "id_hash": "h_b9ddd22cf2ca", "status": "200"}
[WebServer] {"duration_ms": 1.5648330008843914, "event": "console.request", "id_hash": "h_256bd5b3b9e2", "status": "200"}
[WebServer] {"duration_ms": 5.653958996845176, "event": "console.request", "id_hash": "h_3a23ab61e2ff", "status": "200"}
[WebServer] {"duration_ms": 13.919375000114087, "event": "console.request", "id_hash": "h_edc5e88a0953", "status": "200"}
[WebServer] {"duration_ms": 22.21537500008708, "event": "console.request", "id_hash": "h_13332f5ceebd", "status": "200"}
[WebServer] {"duration_ms": 25.152499998512212, "event": "console.request", "id_hash": "h_ea1fcd2cdcfb", "status": "200"}
  ✓  18 tests/browser/persona-proposals.spec.ts:3:1 › real proposal writer cannot auto-publish; reviewer reauth publishes and rejects stale proposal (3.4s)
[WebServer] {"duration_ms": 65.386333000788, "event": "console.request", "id_hash": "h_1954088662fd", "status": "200"}
[WebServer] {"duration_ms": 68.37929199900827, "event": "console.request", "id_hash": "h_05f07cb980ea", "status": "200"}
[WebServer] {"duration_ms": 69.36445899918908, "event": "console.request", "id_hash": "h_a653f0ce49d7", "status": "200"}
[WebServer] {"duration_ms": 69.39020800200524, "event": "console.request", "id_hash": "h_84db7a95975b", "status": "200"}
[WebServer] {"duration_ms": 69.37033299982431, "event": "console.request", "id_hash": "h_f35373215d8c", "status": "200"}
[WebServer] {"duration_ms": 68.10179199965205, "event": "console.request", "id_hash": "h_ecfb8318a9fb", "status": "200"}
[WebServer] {"duration_ms": 0.7942910015117377, "event": "console.request", "id_hash": "h_093b96a91d6c", "status": "200"}
[WebServer] {"duration_ms": 1.2922499990963843, "event": "console.request", "id_hash": "h_d743f0ce7467", "status": "200"}
[WebServer] {"duration_ms": 2.3770410007273313, "event": "console.request", "id_hash": "h_37ce3fea13f1", "status": "200"}
[WebServer] {"duration_ms": 5.112708000524435, "event": "console.request", "id_hash": "h_62048a625ae9", "status": "401"}
[WebServer] {"duration_ms": 100.55229099816643, "event": "console.request", "id_hash": "h_4bcbfc9f409c", "status": "200"}
[WebServer] {"duration_ms": 7.056124999508029, "event": "console.request", "id_hash": "h_40c6e7142101", "status": "200"}
[WebServer] {"duration_ms": 6.608250001590932, "event": "console.request", "id_hash": "h_a58c79229fb9", "status": "200"}
[WebServer] {"duration_ms": 51.70720900059678, "event": "console.request", "id_hash": "h_b112cc0a71e0", "status": "200"}
[WebServer] {"duration_ms": 54.83404100232292, "event": "console.request", "id_hash": "h_d37525da58a1", "status": "200"}
[WebServer] {"duration_ms": 57.18570899989572, "event": "console.request", "id_hash": "h_aa78e70c95c0", "status": "200"}
[WebServer] {"duration_ms": 57.64429099872359, "event": "console.request", "id_hash": "h_a57fa0c33a48", "status": "200"}
[WebServer] {"duration_ms": 57.59770800068509, "event": "console.request", "id_hash": "h_abc7864d3af8", "status": "200"}
[WebServer] {"duration_ms": 57.66937500084168, "event": "console.request", "id_hash": "h_3610b9e2c8a0", "status": "200"}
[WebServer] {"duration_ms": 4.9935000024561305, "event": "console.request", "id_hash": "h_267df16bca28", "status": "200"}
[WebServer] {"duration_ms": 1.002166998659959, "event": "console.request", "id_hash": "h_a56c4d3faf4a", "status": "200"}
[WebServer] {"duration_ms": 1.6627500008326024, "event": "console.request", "id_hash": "h_3fb2a1c9039f", "status": "200"}
[WebServer] {"duration_ms": 1.2252080014150124, "event": "console.request", "id_hash": "h_0bd9ccaff590", "status": "200"}
[WebServer] {"duration_ms": 2.906833000452025, "event": "console.request", "id_hash": "h_35f7e5939eb9", "status": "200"}
[WebServer] {"duration_ms": 5.110207999678096, "event": "console.request", "id_hash": "h_d0418ea189ff", "status": "200"}
[WebServer] {"duration_ms": 54.16104100004304, "event": "console.request", "id_hash": "h_0d9e3f283d34", "status": "200"}
[WebServer] {"duration_ms": 56.17350000102306, "event": "console.request", "id_hash": "h_59d4d7fcd070", "status": "200"}
[WebServer] {"duration_ms": 57.118333999824245, "event": "console.request", "id_hash": "h_92b4f881c81c", "status": "200"}
[WebServer] {"duration_ms": 57.55991600017296, "event": "console.request", "id_hash": "h_af1eca84bd72", "status": "200"}
[WebServer] {"duration_ms": 59.194916000706144, "event": "console.request", "id_hash": "h_de6106665751", "status": "200"}
[WebServer] {"duration_ms": 59.460624997882405, "event": "console.request", "id_hash": "h_4a756fdbf5c9", "status": "200"}
[WebServer] {"duration_ms": 10.868958997889422, "event": "console.request", "id_hash": "h_874957d66cc1", "status": "200"}
[WebServer] {"duration_ms": 17.128041999967536, "event": "console.request", "id_hash": "h_66948363d5c4", "status": "200"}
[WebServer] {"duration_ms": 4.365208002127474, "event": "console.request", "id_hash": "h_96672a838c0a", "status": "200"}
[WebServer] {"duration_ms": 19.534582999767736, "event": "console.request", "id_hash": "h_94c5a216c50f", "status": "409"}
[WebServer] {"duration_ms": 4.601917000400135, "event": "console.request", "id_hash": "h_13db038e6aee", "status": "200"}
[WebServer] {"duration_ms": 6.748874999175314, "event": "console.request", "id_hash": "h_9d0466898f6e", "status": "200"}
[WebServer] {"duration_ms": 1.2054590006300714, "event": "console.request", "id_hash": "h_832e6d298dc4", "status": "200"}
[WebServer] {"duration_ms": 1.2974169985682238, "event": "console.request", "id_hash": "h_d926399da603", "status": "200"}
[WebServer] {"duration_ms": 2.269749998959014, "event": "console.request", "id_hash": "h_a0cea2474c30", "status": "200"}
[WebServer] {"duration_ms": 3.2708340004319325, "event": "console.request", "id_hash": "h_62b286af782b", "status": "200"}
[WebServer] {"duration_ms": 6.102040999394376, "event": "console.request", "id_hash": "h_fff361642933", "status": "200"}
[WebServer] {"duration_ms": 51.97937499906402, "event": "console.request", "id_hash": "h_08711c0685d8", "status": "200"}
[WebServer] {"duration_ms": 53.49529100203654, "event": "console.request", "id_hash": "h_a2cf4d19c4e7", "status": "200"}
[WebServer] {"duration_ms": 54.69079099930241, "event": "console.request", "id_hash": "h_ced97e9431bb", "status": "200"}
[WebServer] {"duration_ms": 57.4632499992731, "event": "console.request", "id_hash": "h_3b67446acdc1", "status": "200"}
[WebServer] {"duration_ms": 58.083042000362184, "event": "console.request", "id_hash": "h_97ac2b82310e", "status": "200"}
[WebServer] {"duration_ms": 57.36099999921862, "event": "console.request", "id_hash": "h_a6a71c2093c1", "status": "200"}
[WebServer] {"duration_ms": 10.649625000951346, "event": "console.request", "id_hash": "h_9cb36e652cb6", "status": "200"}
[WebServer] {"duration_ms": 5.08508399798302, "event": "console.request", "id_hash": "h_c548336871a5", "status": "200"}
[WebServer] {"duration_ms": 6.796457997552352, "event": "console.request", "id_hash": "h_450b83a1e6fe", "status": "200"}
[WebServer] {"duration_ms": 14.71608300198568, "event": "console.request", "id_hash": "h_fead9ca91af4", "status": "200"}
[WebServer] {"duration_ms": 13.815667000017129, "event": "console.request", "id_hash": "h_1a4810f1274a", "status": "200"}
[WebServer] {"duration_ms": 8.476000002701767, "event": "console.request", "id_hash": "h_ee594b6e6f71", "status": "200"}
[WebServer] {"duration_ms": 24.620166997920023, "event": "console.request", "id_hash": "h_3a3ccba00790", "status": "200"}
[WebServer] {"duration_ms": 6.227750000107335, "event": "console.request", "id_hash": "h_8d4a54464b43", "status": "200"}
[WebServer] {"duration_ms": 1.5773750019434374, "event": "console.request", "id_hash": "h_2f0ef035418d", "status": "200"}
[WebServer] {"duration_ms": 1.9685000006575137, "event": "console.request", "id_hash": "h_75bfa7171c15", "status": "200"}
[WebServer] {"duration_ms": 2.079334000882227, "event": "console.request", "id_hash": "h_31d76631f494", "status": "200"}
[WebServer] {"duration_ms": 7.899291998910485, "event": "console.request", "id_hash": "h_3820fca2fd75", "status": "200"}
[WebServer] {"duration_ms": 10.61837499946705, "event": "console.request", "id_hash": "h_edb3abf37e90", "status": "200"}
[WebServer] {"duration_ms": 6.005375002132496, "event": "console.request", "id_hash": "h_3ea293cd5ed4", "status": "200"}
[WebServer] {"duration_ms": 7.204707999335369, "event": "console.request", "id_hash": "h_fcb36184a1b2", "status": "200"}
  ✓  19 tests/browser/persona-state.spec.ts:3:1 › real State writer updates and clears expired State without changing Persona Core (2.5s)
[WebServer] {"duration_ms": 68.93612500061863, "event": "console.request", "id_hash": "h_497b12952f90", "status": "200"}
[WebServer] {"duration_ms": 74.8589169998013, "event": "console.request", "id_hash": "h_af0a20e3fa98", "status": "200"}
[WebServer] {"duration_ms": 72.85699999920325, "event": "console.request", "id_hash": "h_47e27b48e54b", "status": "200"}
[WebServer] {"duration_ms": 74.35266600077739, "event": "console.request", "id_hash": "h_97fc14423a0e", "status": "200"}
[WebServer] {"duration_ms": 74.59129199924064, "event": "console.request", "id_hash": "h_265c0936159c", "status": "200"}
[WebServer] {"duration_ms": 74.79379199867253, "event": "console.request", "id_hash": "h_e38f7bd8e508", "status": "200"}
[WebServer] {"duration_ms": 1.8507500026316848, "event": "console.request", "id_hash": "h_243cb6847e4c", "status": "200"}
[WebServer] {"duration_ms": 0.9469590004300699, "event": "console.request", "id_hash": "h_4717b9dfb662", "status": "200"}
[WebServer] {"duration_ms": 2.2133750026114285, "event": "console.request", "id_hash": "h_74297c5e2f10", "status": "200"}
[WebServer] {"duration_ms": 4.2289580014767125, "event": "console.request", "id_hash": "h_34f4af424a1e", "status": "401"}
[WebServer] {"duration_ms": 102.52358300203923, "event": "console.request", "id_hash": "h_ad2c1c47e5aa", "status": "200"}
[WebServer] {"duration_ms": 6.773707998945611, "event": "console.request", "id_hash": "h_ba910da51e16", "status": "200"}
[WebServer] {"duration_ms": 6.9866250014456455, "event": "console.request", "id_hash": "h_0f65bebb1eed", "status": "200"}
[WebServer] {"duration_ms": 48.38595799810719, "event": "console.request", "id_hash": "h_8ffc2b2251a7", "status": "200"}
[WebServer] {"duration_ms": 55.2685830007249, "event": "console.request", "id_hash": "h_00ba020045c5", "status": "200"}
[WebServer] {"duration_ms": 57.43916699793772, "event": "console.request", "id_hash": "h_dc6694aced65", "status": "200"}
[WebServer] {"duration_ms": 58.81120800040662, "event": "console.request", "id_hash": "h_a467801a96f4", "status": "200"}
[WebServer] {"duration_ms": 59.740790999057936, "event": "console.request", "id_hash": "h_392056d32b7b", "status": "200"}
[WebServer] {"duration_ms": 60.08925000060117, "event": "console.request", "id_hash": "h_8924e5fc82d6", "status": "200"}
[WebServer] {"duration_ms": 7.132416998501867, "event": "console.request", "id_hash": "h_080f0fff1dc2", "status": "200"}
[WebServer] {"duration_ms": 5.362250001780922, "event": "console.request", "id_hash": "h_adb72986be1b", "status": "200"}
  ✓  20 tests/browser/persona.spec.ts:3:1 › real Persona reader has current and history without publication controls (626ms)
[WebServer] {"duration_ms": 0.8433749972027726, "event": "console.request", "id_hash": "h_44761e12152d", "status": "200"}
[WebServer] {"duration_ms": 0.7983329996932298, "event": "console.request", "id_hash": "h_9981334199e5", "status": "200"}
[WebServer] {"duration_ms": 1.7207080018124543, "event": "console.request", "id_hash": "h_121ad9ce75e6", "status": "200"}
[WebServer] {"duration_ms": 4.181457999948179, "event": "console.request", "id_hash": "h_25b31f0b32b6", "status": "401"}
[WebServer] {"duration_ms": 101.74258299957728, "event": "console.request", "id_hash": "h_fc3ac2274367", "status": "200"}
[WebServer] {"duration_ms": 6.818791000114288, "event": "console.request", "id_hash": "h_76e4b4c6ead4", "status": "200"}
[WebServer] {"duration_ms": 6.8779579996771645, "event": "console.request", "id_hash": "h_32102f416eae", "status": "200"}
[WebServer] {"duration_ms": 46.45708300085971, "event": "console.request", "id_hash": "h_fda8163d8e31", "status": "200"}
[WebServer] {"duration_ms": 55.655707998084836, "event": "console.request", "id_hash": "h_a5d6909a64ab", "status": "200"}
[WebServer] {"duration_ms": 62.49720800042269, "event": "console.request", "id_hash": "h_a96731ec437b", "status": "200"}
[WebServer] {"duration_ms": 59.97629099874757, "event": "console.request", "id_hash": "h_a0728ea473d4", "status": "200"}
[WebServer] {"duration_ms": 60.504375000164146, "event": "console.request", "id_hash": "h_f056207004f3", "status": "200"}
[WebServer] {"duration_ms": 60.699749999912456, "event": "console.request", "id_hash": "h_0fe6facdcf6a", "status": "200"}
[WebServer] {"duration_ms": 4.800708000402665, "event": "console.request", "id_hash": "h_8b0961503633", "status": "200"}
[WebServer] {"duration_ms": 0.8296670021081809, "event": "console.request", "id_hash": "h_ce1c02882250", "status": "200"}
[WebServer] {"duration_ms": 1.1723329989763442, "event": "console.request", "id_hash": "h_2da7ba30a57d", "status": "200"}
[WebServer] {"duration_ms": 2.4329590014531277, "event": "console.request", "id_hash": "h_6f19c88c0af9", "status": "200"}
[WebServer] {"duration_ms": 2.8599170000234153, "event": "console.request", "id_hash": "h_80e5b05c370a", "status": "200"}
[WebServer] {"duration_ms": 4.8048749995359685, "event": "console.request", "id_hash": "h_4b4b432316ee", "status": "200"}
[WebServer] {"duration_ms": 59.45695799891837, "event": "console.request", "id_hash": "h_308cf0aabcf0", "status": "200"}
[WebServer] {"duration_ms": 61.5228329988895, "event": "console.request", "id_hash": "h_c2012712a134", "status": "200"}
[WebServer] {"duration_ms": 62.43291599821532, "event": "console.request", "id_hash": "h_ebe24a52014c", "status": "200"}
[WebServer] {"duration_ms": 61.82104099934804, "event": "console.request", "id_hash": "h_9787806ce5d6", "status": "200"}
[WebServer] {"duration_ms": 61.99837500025751, "event": "console.request", "id_hash": "h_abbf76e90619", "status": "200"}
[WebServer] {"duration_ms": 62.13125000067521, "event": "console.request", "id_hash": "h_7829e89d7f80", "status": "200"}
[WebServer] {"duration_ms": 8.515833000274142, "event": "console.request", "id_hash": "h_5dff06e3d6e4", "status": "200"}
[WebServer] {"duration_ms": 7.954417000291869, "event": "console.request", "id_hash": "h_ff65759b1baf", "status": "403"}
[WebServer] {"duration_ms": 8.88091699744109, "event": "console.request", "id_hash": "h_78069303074b", "status": "200"}
[WebServer] {"duration_ms": 18.30533300017123, "event": "console.request", "id_hash": "h_7467399ac69c", "status": "201"}
[WebServer] {"duration_ms": 51.686457998584956, "event": "console.request", "id_hash": "h_edb4ca65e677", "status": "200"}
[WebServer] {"duration_ms": 56.9061669993971, "event": "console.request", "id_hash": "h_3b31879d897e", "status": "200"}
[WebServer] {"duration_ms": 56.49829200046952, "event": "console.request", "id_hash": "h_d3297034efa3", "status": "200"}
[WebServer] {"duration_ms": 56.51991600097972, "event": "console.request", "id_hash": "h_71cb101c21b5", "status": "200"}
[WebServer] {"duration_ms": 57.26554099965142, "event": "console.request", "id_hash": "h_9e2b62508486", "status": "200"}
[WebServer] {"duration_ms": 57.77141700309585, "event": "console.request", "id_hash": "h_925770f52eb7", "status": "200"}
[WebServer] {"duration_ms": 16.333916999428766, "event": "console.request", "id_hash": "h_a88a9b2b1011", "status": "409"}
[WebServer] {"duration_ms": 4.237249999277992, "event": "console.request", "id_hash": "h_992d7654e0d0", "status": "200"}
[WebServer] {"duration_ms": 55.47245799971279, "event": "console.request", "id_hash": "h_951644615178", "status": "200"}
[WebServer] {"duration_ms": 55.363209001370706, "event": "console.request", "id_hash": "h_f2af224173ca", "status": "200"}
[WebServer] {"duration_ms": 57.44004100051825, "event": "console.request", "id_hash": "h_e2b1dab92254", "status": "200"}
[WebServer] {"duration_ms": 58.837084001424955, "event": "console.request", "id_hash": "h_63a5e9d6e40b", "status": "200"}
[WebServer] {"duration_ms": 60.530250000738306, "event": "console.request", "id_hash": "h_af137e741319", "status": "200"}
[WebServer] {"duration_ms": 59.93975000092178, "event": "console.request", "id_hash": "h_5a9647cc5218", "status": "200"}
[WebServer] {"duration_ms": 0.815708001027815, "event": "console.request", "id_hash": "h_042703800c0d", "status": "200"}
[WebServer] {"duration_ms": 0.863792000018293, "event": "console.request", "id_hash": "h_fc76eef0a929", "status": "200"}
[WebServer] {"duration_ms": 1.5613340001436882, "event": "console.request", "id_hash": "h_2622ab757ec3", "status": "200"}
[WebServer] {"duration_ms": 2.6034170005004853, "event": "console.request", "id_hash": "h_7f559f1785a2", "status": "200"}
[WebServer] {"duration_ms": 4.723000001831679, "event": "console.request", "id_hash": "h_13a00994f7cc", "status": "200"}
[WebServer] {"duration_ms": 57.915708999644266, "event": "console.request", "id_hash": "h_c7423e172838", "status": "200"}
[WebServer] {"duration_ms": 57.9856660006044, "event": "console.request", "id_hash": "h_3b28cae3ad60", "status": "200"}
[WebServer] {"duration_ms": 60.163874997670064, "event": "console.request", "id_hash": "h_36a73faccac3", "status": "200"}
[WebServer] {"duration_ms": 59.36608299816726, "event": "console.request", "id_hash": "h_bae5c4064b8c", "status": "200"}
[WebServer] {"duration_ms": 59.498999999050284, "event": "console.request", "id_hash": "h_2e3c36bb9628", "status": "200"}
[WebServer] {"duration_ms": 60.16066700249212, "event": "console.request", "id_hash": "h_0596de524504", "status": "200"}
[WebServer] {"duration_ms": 8.454083999822615, "event": "console.request", "id_hash": "h_2f8db44c9415", "status": "200"}
[WebServer] {"duration_ms": 18.549666998296743, "event": "console.request", "id_hash": "h_3ac3c37a4bc8", "status": "201"}
[WebServer] {"duration_ms": 51.05162499967264, "event": "console.request", "id_hash": "h_f93a965c2b85", "status": "200"}
[WebServer] {"duration_ms": 51.50049999792827, "event": "console.request", "id_hash": "h_03ea6b756d57", "status": "200"}
[WebServer] {"duration_ms": 52.35095800162526, "event": "console.request", "id_hash": "h_b9e662b3b5ec", "status": "200"}
[WebServer] {"duration_ms": 52.982665998570155, "event": "console.request", "id_hash": "h_7381ac44dc68", "status": "200"}
[WebServer] {"duration_ms": 55.71020800198312, "event": "console.request", "id_hash": "h_132f5bbbc13f", "status": "200"}
[WebServer] {"duration_ms": 56.096708998666145, "event": "console.request", "id_hash": "h_cd8100731348", "status": "200"}
[WebServer] {"duration_ms": 0.8442500002274755, "event": "console.request", "id_hash": "h_a72ff0961bae", "status": "200"}
[WebServer] {"duration_ms": 1.5293750002456363, "event": "console.request", "id_hash": "h_304d9c0d5065", "status": "200"}
[WebServer] {"duration_ms": 1.14591699821176, "event": "console.request", "id_hash": "h_b471dc0e8df2", "status": "200"}
[WebServer] {"duration_ms": 2.9689999973925296, "event": "console.request", "id_hash": "h_7e2380016f83", "status": "200"}
[WebServer] {"duration_ms": 4.923417000100017, "event": "console.request", "id_hash": "h_edd4822f75f0", "status": "200"}
[WebServer] {"duration_ms": 50.080125001841225, "event": "console.request", "id_hash": "h_f4798473a3eb", "status": "200"}
[WebServer] {"duration_ms": 50.51679100142792, "event": "console.request", "id_hash": "h_b49c4d90533b", "status": "200"}
[WebServer] {"duration_ms": 57.372792001842754, "event": "console.request", "id_hash": "h_7162b687ab11", "status": "200"}
[WebServer] {"duration_ms": 58.580124998115934, "event": "console.request", "id_hash": "h_29a9692e83d5", "status": "200"}
[WebServer] {"duration_ms": 58.92770800346625, "event": "console.request", "id_hash": "h_e3d7286a17c0", "status": "200"}
[WebServer] {"duration_ms": 60.42670799797634, "event": "console.request", "id_hash": "h_9b4608ce35d6", "status": "200"}
[WebServer] {"duration_ms": 13.716999997996027, "event": "console.request", "id_hash": "h_e03cc3453773", "status": "200"}
[WebServer] {"duration_ms": 4.6642919987789355, "event": "console.request", "id_hash": "h_f4512c166b2f", "status": "200"}
  ✓  21 tests/browser/persona.spec.ts:67:1 › real Persona publish, reauth, refresh and rollback preserve immutable history in Required mode (1.7s)


  1) tests/browser/console.spec.ts:1926:1 › real trigger lifecycle and Task forget preserve revisions and delete the plan 

    Error: [2mexpect([22m[31mreceived[39m[2m).[22mtoBe[2m([22m[32mexpected[39m[2m) // Object.is equality[22m

    Expected: [32m200[39m
    Received: [31m429[39m

       at login.ts:25

      23 |     response = await attempt();
      24 |   }
    > 25 |   expect(response.status()).toBe(200);
         |                             ^
      26 | }
      27 |
        at loginWithCooldown (/Users/cassia/Local/Code/iris_memory_core/web/console/tests/browser/login.ts:25:29)
        at /Users/cassia/Local/Code/iris_memory_core/web/console/tests/browser/console.spec.ts:932:3

    Error Context: test-results/console-real-trigger-lifec-e6ac2-visions-and-delete-the-plan/error-context.md

  1 failed
    tests/browser/console.spec.ts:1926:1 › real trigger lifecycle and Task forget preserve revisions and delete the plan 
  20 passed (1.3m)
make: *** [console-browser] Error 1
