npm run check --prefix web/console

> @iris-memory/console@0.1.0 check
> npm run types:check && npm run lint && npm run typecheck && npm test && npm run build


> @iris-memory/console@0.1.0 types:check
> node scripts/check-types.mjs && node scripts/generate-protocol.mjs --check

Published Console type generation is deterministic.

> @iris-memory/console@0.1.0 lint
> eslint . --max-warnings 0


> @iris-memory/console@0.1.0 typecheck
> tsc --noEmit


> @iris-memory/console@0.1.0 test
> vitest run


 RUN  v3.2.4 /Users/cassia/Local/Code/iris_memory_core/web/console

 ✓ tests/client.test.ts (16 tests) 13ms
 ✓ tests/workflows.test.tsx (13 tests) 201ms

 Test Files  2 passed (2)
      Tests  29 passed (29)
   Start at  03:28:02
   Duration  766ms (transform 109ms, setup 0ms, collect 239ms, tests 215ms, environment 454ms, prepare 65ms)


> @iris-memory/console@0.1.0 build
> tsc --noEmit && vite build && node scripts/check-build.mjs

vite v7.1.4 building for production...
transforming...
node_modules/react-router/dist/development/index.mjs (11:0): Module level directives cause errors when bundled, "use client" in "node_modules/react-router/dist/development/index.mjs" was ignored.
node_modules/react-router/dist/development/dom-export.mjs (1:0): Module level directives cause errors when bundled, "use client" in "node_modules/react-router/dist/development/dom-export.mjs" was ignored.
✓ 56 modules transformed.
rendering chunks...
computing gzip size...
dist/index.html                   0.44 kB │ gzip:  0.32 kB
dist/assets/index-DsQ9LCF9.css    6.82 kB │ gzip:  2.27 kB
dist/assets/index-seQyvNg8.js   309.72 kB │ gzip: 97.74 kB
✓ built in 410ms
Production assets: same-origin, no mock, no inline entry, no eval, allowed suffixes.
npm run test:browser --prefix web/console

> @iris-memory/console@0.1.0 test:browser
> playwright test

(node:58025) [DEP0205] DeprecationWarning: `module.register()` is deprecated. Use `module.registerHooks()` instead.
(Use `node --trace-deprecation ...` to show where the warning was created)
[WebServer] INFO:     Started server process [58028]
[WebServer] INFO:     Waiting for application startup.
[WebServer] INFO:     Application startup complete.
[WebServer] INFO:     Uvicorn running on http://127.0.0.1:8766 (Press CTRL+C to quit)
[WebServer] {"duration_ms": 37.930833001155406, "event": "console.request", "id_hash": "h_2a5d76c9c9eb", "status": "200"}

Running 21 tests using 1 worker

(node:58045) Warning: The 'NO_COLOR' env is ignored due to the 'FORCE_COLOR' env being set.
(Use `node --trace-warnings ...` to show where the warning was created)
(node:58045) [DEP0205] DeprecationWarning: `module.register()` is deprecated. Use `module.registerHooks()` instead.
(node:58045) Warning: The 'NO_COLOR' env is ignored due to the 'FORCE_COLOR' env being set.
(Use `node --trace-warnings ...` to show where the warning was created)
[WebServer] {"duration_ms": 1.2962079999851994, "event": "console.request", "id_hash": "h_c6499cbcd760", "status": "200"}
[WebServer] {"duration_ms": 1.2221249999129213, "event": "console.request", "id_hash": "h_bf859acfbd09", "status": "200"}
[WebServer] {"duration_ms": 1.9870830001309514, "event": "console.request", "id_hash": "h_c3756c239c76", "status": "200"}
[WebServer] {"duration_ms": 6.407249999028863, "event": "console.request", "id_hash": "h_4b4dd878e18b", "status": "401"}
[WebServer] {"duration_ms": 103.12695900211111, "event": "console.request", "id_hash": "h_cd91d59d7fb4", "status": "200"}
[WebServer] {"duration_ms": 7.410291000269353, "event": "console.request", "id_hash": "h_c15c88ef85d8", "status": "200"}
[WebServer] {"duration_ms": 6.640833998972084, "event": "console.request", "id_hash": "h_82f2bc84c16b", "status": "200"}
[WebServer] {"duration_ms": 8.408042001974536, "event": "console.request", "id_hash": "h_cd9bda39d821", "status": "403"}
[WebServer] {"duration_ms": 7.642749998922227, "event": "console.request", "id_hash": "h_241271431a68", "status": "200"}
[WebServer] {"duration_ms": 15.745500000775792, "event": "console.request", "id_hash": "h_240c5e309734", "status": "202"}
[WebServer] {"duration_ms": 4.5339999996940605, "event": "console.request", "id_hash": "h_64965b43e29e", "status": "200"}
[WebServer] {"duration_ms": 12.939292002556613, "event": "console.request", "id_hash": "h_e9dd620d467a", "status": "200"}
[WebServer] {"duration_ms": 1.9627919973572716, "event": "console.request", "id_hash": "h_f5e70073444c", "status": "200"}
[WebServer] {"duration_ms": 2.6226670015603304, "event": "console.request", "id_hash": "h_04064596c80c", "status": "200"}
[WebServer] {"duration_ms": 1.6411249998782296, "event": "console.request", "id_hash": "h_e44d20fdede2", "status": "200"}
[WebServer] {"duration_ms": 4.193709002720425, "event": "console.request", "id_hash": "h_1070ccbdd7ef", "status": "200"}
[WebServer] {"duration_ms": 6.821499999205116, "event": "console.request", "id_hash": "h_a32b8cabefdd", "status": "200"}
[WebServer] {"duration_ms": 5.443165999167832, "event": "console.request", "id_hash": "h_16a51bd73280", "status": "200"}
  ✓   1 tests/browser/backup.spec.ts:6:1 › real backup acceptance, reauthentication and independent fenced worker (1.8s)
[WebServer] {"duration_ms": 1.6725419991416857, "event": "console.request", "id_hash": "h_fc8cb8853da7", "status": "200"}
[WebServer] {"duration_ms": 1.0141669990844093, "event": "console.request", "id_hash": "h_bb19d5003e6e", "status": "200"}
[WebServer] {"duration_ms": 1.7996249989664648, "event": "console.request", "id_hash": "h_9e4da0d33d1c", "status": "200"}
[WebServer] {"duration_ms": 4.249833000358194, "event": "console.request", "id_hash": "h_1795266a7ff0", "status": "401"}
[WebServer] {"duration_ms": 101.65799999958836, "event": "console.request", "id_hash": "h_efcf9e0ad079", "status": "200"}
[WebServer] {"duration_ms": 6.5010420003090985, "event": "console.request", "id_hash": "h_febd15381636", "status": "200"}
[WebServer] {"duration_ms": 36.9764999995823, "event": "console.request", "id_hash": "h_776d4a2239cc", "status": "200"}
[WebServer] {"duration_ms": 6.285542000114219, "event": "console.request", "id_hash": "h_80d9dac35ad9", "status": "200"}
[WebServer] {"duration_ms": 6.652125000982778, "event": "console.request", "id_hash": "h_b396d47aaf8a", "status": "200"}
[WebServer] {"duration_ms": 12.864833002822706, "event": "console.request", "id_hash": "h_ddd14b5d5486", "status": "200"}
[WebServer] {"duration_ms": 1.7050419992301613, "event": "console.request", "id_hash": "h_eebabe331c81", "status": "200"}
[WebServer] {"duration_ms": 11.038790999009507, "event": "console.request", "id_hash": "h_649574fc5fa4", "status": "200"}
[WebServer] {"duration_ms": 2.8207920004206244, "event": "console.request", "id_hash": "h_e72ff7487c7c", "status": "200"}
[WebServer] {"duration_ms": 1.8291670021426398, "event": "console.request", "id_hash": "h_b55442c2d20c", "status": "200"}
[WebServer] {"duration_ms": 3.439500000240514, "event": "console.request", "id_hash": "h_0dc428c50104", "status": "200"}
[WebServer] {"duration_ms": 7.302083002286963, "event": "console.request", "id_hash": "h_e2b5eaa9b327", "status": "200"}
[WebServer] {"duration_ms": 53.64433399881818, "event": "console.request", "id_hash": "h_657cfe4efc1e", "status": "200"}
[WebServer] {"duration_ms": 8.592375001171604, "event": "console.request", "id_hash": "h_b38a56163268", "status": "200"}
[WebServer] {"duration_ms": 13.060082997981226, "event": "console.request", "id_hash": "h_a3ff540dbad0", "status": "200"}
  ✓   2 tests/browser/console.spec.ts:7:1 › real memory registry, canonical list, detail and history (1.0s)
[WebServer] {"duration_ms": 1.4911660000507254, "event": "console.request", "id_hash": "h_98cf311c5d32", "status": "200"}
[WebServer] {"duration_ms": 1.5361250007117633, "event": "console.request", "id_hash": "h_b8801a84337e", "status": "200"}
[WebServer] {"duration_ms": 1.1751250021916348, "event": "console.request", "id_hash": "h_b1f3053433b4", "status": "200"}
[WebServer] {"duration_ms": 4.104707997612422, "event": "console.request", "id_hash": "h_f60c94bd3b20", "status": "401"}
[WebServer] {"duration_ms": 100.85787500065635, "event": "console.request", "id_hash": "h_7e03b0625230", "status": "200"}
[WebServer] {"duration_ms": 6.743292000464862, "event": "console.request", "id_hash": "h_251a19aa7ef1", "status": "200"}
[WebServer] {"duration_ms": 37.3136659982265, "event": "console.request", "id_hash": "h_569f2fd34ebd", "status": "200"}
[WebServer] {"duration_ms": 6.384124997566687, "event": "console.request", "id_hash": "h_2ad965ef015a", "status": "200"}
[WebServer] {"duration_ms": 27.462207999633392, "event": "console.request", "id_hash": "h_92bec128c533", "status": "200"}
[WebServer] {"duration_ms": 27.822874999401392, "event": "console.request", "id_hash": "h_91ea121f9e91", "status": "200"}
[WebServer] {"duration_ms": 30.65683299791999, "event": "console.request", "id_hash": "h_755ce74d2910", "status": "200"}
[WebServer] {"duration_ms": 31.136666002566926, "event": "console.request", "id_hash": "h_baff6090b863", "status": "200"}
[WebServer] {"duration_ms": 26.477375002286863, "event": "console.request", "id_hash": "h_46ed8501f4f8", "status": "201"}
[WebServer] {"duration_ms": 6.252833001781255, "event": "console.request", "id_hash": "h_e2b1408f713e", "status": "200"}
[WebServer] {"duration_ms": 9.235583998815855, "event": "console.request", "id_hash": "h_6b12f3e28b6a", "status": "200"}
[WebServer] {"duration_ms": 1.7718749986670446, "event": "console.request", "id_hash": "h_c9b162074863", "status": "200"}
[WebServer] {"duration_ms": 1.908707999973558, "event": "console.request", "id_hash": "h_4a9fdce4231a", "status": "200"}
[WebServer] {"duration_ms": 3.2732079998822883, "event": "console.request", "id_hash": "h_18c90e196922", "status": "200"}
[WebServer] {"duration_ms": 3.3063750015571713, "event": "console.request", "id_hash": "h_c83f6aabdcca", "status": "200"}
[WebServer] {"duration_ms": 5.788750000647269, "event": "console.request", "id_hash": "h_69420f246d9e", "status": "200"}
[WebServer] {"duration_ms": 31.02779199980432, "event": "console.request", "id_hash": "h_d6585d9ae3e4", "status": "200"}
[WebServer] {"duration_ms": 7.922959001007257, "event": "console.request", "id_hash": "h_d9cf8e7dba23", "status": "200"}
[WebServer] {"duration_ms": 12.814625002647517, "event": "console.request", "id_hash": "h_114506d63434", "status": "200"}
[WebServer] {"duration_ms": 24.37100000315695, "event": "console.request", "id_hash": "h_36b02d135e63", "status": "200"}
[WebServer] {"duration_ms": 8.569208999688271, "event": "console.request", "id_hash": "h_cb558f99dc4b", "status": "200"}
[WebServer] {"duration_ms": 13.550916999520268, "event": "console.request", "id_hash": "h_8055332f9206", "status": "200"}
[WebServer] {"duration_ms": 25.506917001621332, "event": "console.request", "id_hash": "h_d2c22a411b8d", "status": "200"}
[WebServer] {"duration_ms": 8.074833000137005, "event": "console.request", "id_hash": "h_66e626ee9828", "status": "200"}
[WebServer] {"duration_ms": 12.315250001847744, "event": "console.request", "id_hash": "h_e7da7255cc00", "status": "200"}
[WebServer] {"duration_ms": 1.2898749992018566, "event": "console.request", "id_hash": "h_03d6c7d9ba10", "status": "200"}
[WebServer] {"duration_ms": 2.073000003292691, "event": "console.request", "id_hash": "h_a09bae9c93b9", "status": "200"}
[WebServer] {"duration_ms": 1.7297080012212973, "event": "console.request", "id_hash": "h_9bb776dcdf3d", "status": "200"}
[WebServer] {"duration_ms": 3.343750002386514, "event": "console.request", "id_hash": "h_b4e3a62e41c1", "status": "200"}
[WebServer] {"duration_ms": 5.866542000148911, "event": "console.request", "id_hash": "h_12beb8839ccd", "status": "200"}
[WebServer] {"duration_ms": 30.60304099926725, "event": "console.request", "id_hash": "h_f7c6f9b666cc", "status": "200"}
[WebServer] {"duration_ms": 10.726167001848808, "event": "console.request", "id_hash": "h_49c08030c444", "status": "200"}
[WebServer] {"duration_ms": 14.269458999478957, "event": "console.request", "id_hash": "h_0d0b11cc89ab", "status": "200"}
[WebServer] {"duration_ms": 4.916083002171945, "event": "console.request", "id_hash": "h_4616cca3fed0", "status": "200"}
[WebServer] {"duration_ms": 27.138333000038983, "event": "console.request", "id_hash": "h_4107586aefeb", "status": "200"}
[WebServer] {"duration_ms": 28.494083002442494, "event": "console.request", "id_hash": "h_e9cdc409c54c", "status": "200"}
[WebServer] {"duration_ms": 29.295124997588573, "event": "console.request", "id_hash": "h_c868a6a555cb", "status": "200"}
[WebServer] {"duration_ms": 29.832083000655985, "event": "console.request", "id_hash": "h_408cb0c28351", "status": "200"}
[WebServer] {"duration_ms": 25.393542000529123, "event": "console.request", "id_hash": "h_809c14915ec5", "status": "201"}
[WebServer] {"duration_ms": 7.242958999995608, "event": "console.request", "id_hash": "h_0328f6115f5c", "status": "200"}
[WebServer] {"duration_ms": 10.273332998622209, "event": "console.request", "id_hash": "h_97935582d3ab", "status": "200"}
[WebServer] {"duration_ms": 25.777374998142477, "event": "console.request", "id_hash": "h_2d9dd066a72f", "status": "200"}
[WebServer] {"duration_ms": 1.2277499990887009, "event": "console.request", "id_hash": "h_47bf329c37ec", "status": "200"}
[WebServer] {"duration_ms": 1.8319160008104518, "event": "console.request", "id_hash": "h_8ecc171036c7", "status": "200"}
[WebServer] {"duration_ms": 2.39333399804309, "event": "console.request", "id_hash": "h_b7e1c5f3984b", "status": "200"}
[WebServer] {"duration_ms": 16.060457997809863, "event": "console.request", "id_hash": "h_49b140dc2646", "status": "200"}
[WebServer] {"duration_ms": 19.696457999089034, "event": "console.request", "id_hash": "h_c901a67f8957", "status": "200"}
[WebServer] {"duration_ms": 3.677583001262974, "event": "console.request", "id_hash": "h_bbb3b8a76145", "status": "200"}
[WebServer] {"duration_ms": 5.352292002498871, "event": "console.request", "id_hash": "h_86d7f6b531ec", "status": "200"}
[WebServer] {"duration_ms": 30.41983299772255, "event": "console.request", "id_hash": "h_523dbc3c4f27", "status": "200"}
[WebServer] {"duration_ms": 8.387125002627727, "event": "console.request", "id_hash": "h_ec3260452f7a", "status": "200"}
[WebServer] {"duration_ms": 13.37825000155135, "event": "console.request", "id_hash": "h_fae9baa83875", "status": "200"}
[WebServer] {"duration_ms": 0.8998330013127998, "event": "console.request", "id_hash": "h_2fd83ecd941e", "status": "200"}
[WebServer] {"duration_ms": 1.644957999815233, "event": "console.request", "id_hash": "h_0d37bb27e89d", "status": "200"}
[WebServer] {"duration_ms": 1.636458000575658, "event": "console.request", "id_hash": "h_ae752982be59", "status": "200"}
[WebServer] {"duration_ms": 3.0619999997725245, "event": "console.request", "id_hash": "h_dddba45c6f8b", "status": "200"}
[WebServer] {"duration_ms": 4.952750001393724, "event": "console.request", "id_hash": "h_a4ec221374e9", "status": "200"}
[WebServer] {"duration_ms": 30.3522089998296, "event": "console.request", "id_hash": "h_b75306ef4c03", "status": "200"}
[WebServer] {"duration_ms": 7.807124999089865, "event": "console.request", "id_hash": "h_7c8de3230d72", "status": "200"}
[WebServer] {"duration_ms": 13.170624999474967, "event": "console.request", "id_hash": "h_6c08ad293a0f", "status": "200"}
[WebServer] {"duration_ms": 0.9296249991166405, "event": "console.request", "id_hash": "h_1457c10a8f21", "status": "200"}
[WebServer] {"duration_ms": 1.8023750017164275, "event": "console.request", "id_hash": "h_d3e514b763ee", "status": "200"}
[WebServer] {"duration_ms": 1.4146670000627637, "event": "console.request", "id_hash": "h_9241d03db260", "status": "200"}
[WebServer] {"duration_ms": 3.0800419990555383, "event": "console.request", "id_hash": "h_cea6966cd126", "status": "200"}
[WebServer] {"duration_ms": 4.916833000606857, "event": "console.request", "id_hash": "h_4b571e3a33a2", "status": "200"}
[WebServer] {"duration_ms": 29.202749999967637, "event": "console.request", "id_hash": "h_eef2ea2ece0b", "status": "200"}
[WebServer] {"duration_ms": 7.881708999775583, "event": "console.request", "id_hash": "h_5a1ee0571a77", "status": "200"}
[WebServer] {"duration_ms": 12.378750001516892, "event": "console.request", "id_hash": "h_c7e49bc2d525", "status": "200"}
[WebServer] {"duration_ms": 0.8977910001704004, "event": "console.request", "id_hash": "h_0a4ca948812d", "status": "200"}
[WebServer] {"duration_ms": 1.5309160007745959, "event": "console.request", "id_hash": "h_5fc1576e837d", "status": "200"}
[WebServer] {"duration_ms": 1.1090840016549919, "event": "console.request", "id_hash": "h_25feca0e6649", "status": "200"}
[WebServer] {"duration_ms": 3.0452920000243466, "event": "console.request", "id_hash": "h_17201df35105", "status": "200"}
[WebServer] {"duration_ms": 4.680457997892518, "event": "console.request", "id_hash": "h_c53f12579e32", "status": "200"}
[WebServer] {"duration_ms": 30.27237499918556, "event": "console.request", "id_hash": "h_5b3aa64ae47f", "status": "200"}
[WebServer] {"duration_ms": 4.881583001406398, "event": "console.request", "id_hash": "h_9ee1801f5a4b", "status": "200"}
[WebServer] {"duration_ms": 42.22825000033481, "event": "console.request", "id_hash": "h_04a305daa35d", "status": "200"}
[WebServer] {"duration_ms": 42.739625001559034, "event": "console.request", "id_hash": "h_6312028beac8", "status": "200"}
[WebServer] {"duration_ms": 43.91733300144551, "event": "console.request", "id_hash": "h_8d8d85681288", "status": "200"}
[WebServer] {"duration_ms": 43.71016599907307, "event": "console.request", "id_hash": "h_29ddcf9b3853", "status": "200"}
[WebServer] {"duration_ms": 45.479666001483565, "event": "console.request", "id_hash": "h_c5c17a304a47", "status": "200"}
[WebServer] {"duration_ms": 22.24170800036518, "event": "console.request", "id_hash": "h_fbcbfaadd82b", "status": "201"}
[WebServer] {"duration_ms": 1.2042079979437403, "event": "console.request", "id_hash": "h_6289d2302c4f", "status": "200"}
[WebServer] {"duration_ms": 7.026999999652617, "event": "console.request", "id_hash": "h_239e609319c9", "status": "200"}
[WebServer] {"duration_ms": 0.8075839978118893, "event": "console.request", "id_hash": "h_dc4a6cdd6ebb", "status": "200"}
[WebServer] {"duration_ms": 1.5454579988727346, "event": "console.request", "id_hash": "h_ecad3062eec2", "status": "200"}
[WebServer] {"duration_ms": 2.7228750004724134, "event": "console.request", "id_hash": "h_4daaf6d76b7b", "status": "200"}
[WebServer] {"duration_ms": 5.205042001762195, "event": "console.request", "id_hash": "h_681c92f085b7", "status": "200"}
[WebServer] {"duration_ms": 30.59741600009147, "event": "console.request", "id_hash": "h_2bf0ed654d50", "status": "200"}
[WebServer] {"duration_ms": 12.074750000465428, "event": "console.request", "id_hash": "h_2ae65a24e3b4", "status": "200"}
[WebServer] {"duration_ms": 16.567915998166427, "event": "console.request", "id_hash": "h_8031226b3ea2", "status": "200"}
[WebServer] {"duration_ms": 21.871833996556234, "event": "console.request", "id_hash": "h_7cf072a5aba8", "status": "200"}
[WebServer] {"duration_ms": 0.721499996870989, "event": "console.request", "id_hash": "h_d433496a13fd", "status": "200"}
[WebServer] {"duration_ms": 1.966125000762986, "event": "console.request", "id_hash": "h_8ffcc3ee2733", "status": "200"}
[WebServer] {"duration_ms": 2.600833999167662, "event": "console.request", "id_hash": "h_c88406672703", "status": "200"}
[WebServer] {"duration_ms": 11.691790998156648, "event": "console.request", "id_hash": "h_a0196c2f3282", "status": "200"}
[WebServer] {"duration_ms": 5.637624999508262, "event": "console.request", "id_hash": "h_3c4f1e493133", "status": "200"}
[WebServer] {"duration_ms": 20.33612499872106, "event": "console.request", "id_hash": "h_6e4ad41f2fdd", "status": "200"}
[WebServer] {"duration_ms": 4.720082997664576, "event": "console.request", "id_hash": "h_d935dd431e3e", "status": "200"}
[WebServer] {"duration_ms": 42.97874999974738, "event": "console.request", "id_hash": "h_ad50987d0b79", "status": "200"}
[WebServer] {"duration_ms": 11.33254199885414, "event": "console.request", "id_hash": "h_d32fae7a9ec3", "status": "200"}
[WebServer] {"duration_ms": 15.170457998465281, "event": "console.request", "id_hash": "h_1debd4f638f7", "status": "200"}
[WebServer] {"duration_ms": 21.81695900071645, "event": "console.request", "id_hash": "h_4ebae3f770a3", "status": "200"}
[WebServer] {"duration_ms": 0.9892499983834568, "event": "console.request", "id_hash": "h_248a85bd1b66", "status": "200"}
[WebServer] {"duration_ms": 1.8434999983583111, "event": "console.request", "id_hash": "h_1357cf566b98", "status": "200"}
[WebServer] {"duration_ms": 1.4324170006148051, "event": "console.request", "id_hash": "h_fef5cb0800dd", "status": "200"}
[WebServer] {"duration_ms": 13.558167000155663, "event": "console.request", "id_hash": "h_a3aad6db1a1f", "status": "200"}
[WebServer] {"duration_ms": 3.022332999535138, "event": "console.request", "id_hash": "h_9c0fefe74495", "status": "200"}
[WebServer] {"duration_ms": 19.759791997785214, "event": "console.request", "id_hash": "h_9b5478da1ce1", "status": "200"}
[WebServer] {"duration_ms": 4.815459000383271, "event": "console.request", "id_hash": "h_0b21ae95d743", "status": "200"}
[WebServer] {"duration_ms": 30.446540997218108, "event": "console.request", "id_hash": "h_2e7374612a30", "status": "200"}
[WebServer] {"duration_ms": 7.949625000037486, "event": "console.request", "id_hash": "h_7b7ca01a2a51", "status": "200"}
[WebServer] {"duration_ms": 13.149957998393802, "event": "console.request", "id_hash": "h_4f71a065c355", "status": "200"}
[WebServer] {"duration_ms": 24.51245799966273, "event": "console.request", "id_hash": "h_0c8a26b2e26d", "status": "200"}
[WebServer] {"duration_ms": 1.180124996608356, "event": "console.request", "id_hash": "h_28dea7dccdda", "status": "200"}
[WebServer] {"duration_ms": 2.304957997694146, "event": "console.request", "id_hash": "h_c6575976bc0c", "status": "200"}
[WebServer] {"duration_ms": 1.739374998578569, "event": "console.request", "id_hash": "h_2443b2a5e47e", "status": "200"}
[WebServer] {"duration_ms": 15.52270799948019, "event": "console.request", "id_hash": "h_3514e6827e93", "status": "200"}
[WebServer] {"duration_ms": 5.845665997185279, "event": "console.request", "id_hash": "h_d0841f099495", "status": "200"}
[WebServer] {"duration_ms": 24.45020799859776, "event": "console.request", "id_hash": "h_5b3e21457351", "status": "200"}
[WebServer] {"duration_ms": 4.691541002102895, "event": "console.request", "id_hash": "h_6a5266167d9d", "status": "200"}
[WebServer] {"duration_ms": 29.862791001505684, "event": "console.request", "id_hash": "h_eb238a54def6", "status": "200"}
[WebServer] {"duration_ms": 11.401290998037439, "event": "console.request", "id_hash": "h_d0abc6764495", "status": "200"}
[WebServer] {"duration_ms": 16.292750002321554, "event": "console.request", "id_hash": "h_8fc7b5f78ec3", "status": "200"}
[WebServer] {"duration_ms": 6.473375000496162, "event": "console.request", "id_hash": "h_f39438a67e01", "status": "200"}
[WebServer] {"duration_ms": 1.171083000372164, "event": "console.request", "id_hash": "h_9088a4a57311", "status": "200"}
[WebServer] {"duration_ms": 2.6330420005251653, "event": "console.request", "id_hash": "h_c27f165c604d", "status": "200"}
[WebServer] {"duration_ms": 1.6032909989007749, "event": "console.request", "id_hash": "h_c5b866527234", "status": "200"}
[WebServer] {"duration_ms": 3.6158330003672745, "event": "console.request", "id_hash": "h_e6a64cc4c37d", "status": "200"}
[WebServer] {"duration_ms": 5.63062500077649, "event": "console.request", "id_hash": "h_932949749f9e", "status": "200"}
[WebServer] {"duration_ms": 32.30295899993507, "event": "console.request", "id_hash": "h_d3cda29e4459", "status": "200"}
[WebServer] {"duration_ms": 4.772874999616761, "event": "console.request", "id_hash": "h_c66790208c56", "status": "200"}
[WebServer] {"duration_ms": 26.520916999288602, "event": "console.request", "id_hash": "h_511bb8ac3fed", "status": "200"}
[WebServer] {"duration_ms": 28.401667001162423, "event": "console.request", "id_hash": "h_c385938bc108", "status": "200"}
[WebServer] {"duration_ms": 28.55483299936168, "event": "console.request", "id_hash": "h_4571176979a6", "status": "200"}
[WebServer] {"duration_ms": 27.81666699956986, "event": "console.request", "id_hash": "h_0fd02361b6d1", "status": "200"}
[WebServer] {"duration_ms": 23.83241600182373, "event": "console.request", "id_hash": "h_7f2858795326", "status": "201"}
[WebServer] {"duration_ms": 0.8761669996601995, "event": "console.request", "id_hash": "h_59df05d97deb", "status": "200"}
[WebServer] {"duration_ms": 7.1542080004292075, "event": "console.request", "id_hash": "h_4c2f4f88be85", "status": "200"}
[WebServer] {"duration_ms": 1.8262909979966935, "event": "console.request", "id_hash": "h_0a99f702abf5", "status": "200"}
[WebServer] {"duration_ms": 1.2511249988165218, "event": "console.request", "id_hash": "h_f4863bef7964", "status": "200"}
[WebServer] {"duration_ms": 3.215916000044672, "event": "console.request", "id_hash": "h_45f916b6866e", "status": "200"}
[WebServer] {"duration_ms": 4.534333002084168, "event": "console.request", "id_hash": "h_0a8ea0d099dc", "status": "200"}
[WebServer] {"duration_ms": 30.348958000104176, "event": "console.request", "id_hash": "h_7fdcbc2591a2", "status": "200"}
[WebServer] {"duration_ms": 8.077124999545049, "event": "console.request", "id_hash": "h_64b1baa76b0f", "status": "200"}
[WebServer] {"duration_ms": 13.225957998656668, "event": "console.request", "id_hash": "h_3a7ba3145468", "status": "200"}
[WebServer] {"duration_ms": 21.764332999737235, "event": "console.request", "id_hash": "h_5b682d5c1af7", "status": "200"}
[WebServer] {"duration_ms": 0.9070830019481946, "event": "console.request", "id_hash": "h_7ece28413710", "status": "200"}
[WebServer] {"duration_ms": 1.7178750022139866, "event": "console.request", "id_hash": "h_e966dc6ea43f", "status": "200"}
[WebServer] {"duration_ms": 1.1547920003067702, "event": "console.request", "id_hash": "h_3670ac9d899c", "status": "200"}
[WebServer] {"duration_ms": 12.959625000803499, "event": "console.request", "id_hash": "h_18d0abb5a1dd", "status": "200"}
[WebServer] {"duration_ms": 5.1951250025013, "event": "console.request", "id_hash": "h_1b121cc50337", "status": "200"}
[WebServer] {"duration_ms": 19.84933299900149, "event": "console.request", "id_hash": "h_a713d7143c6d", "status": "200"}
[WebServer] {"duration_ms": 4.793875003088033, "event": "console.request", "id_hash": "h_3cf30e667513", "status": "200"}
[WebServer] {"duration_ms": 30.62008400229388, "event": "console.request", "id_hash": "h_9aec915786c2", "status": "200"}
[WebServer] {"duration_ms": 14.623708997532958, "event": "console.request", "id_hash": "h_cf4e32f6ea74", "status": "200"}
[WebServer] {"duration_ms": 15.97550000224146, "event": "console.request", "id_hash": "h_d64c619396ac", "status": "200"}
[WebServer] {"duration_ms": 23.474458997952752, "event": "console.request", "id_hash": "h_1d505c61bb7f", "status": "200"}
[WebServer] {"duration_ms": 0.8739170007174835, "event": "console.request", "id_hash": "h_81a844b9f22c", "status": "200"}
[WebServer] {"duration_ms": 2.0697919972008094, "event": "console.request", "id_hash": "h_bfc70da43f3d", "status": "200"}
[WebServer] {"duration_ms": 1.537707998068072, "event": "console.request", "id_hash": "h_7b828fb2dad2", "status": "200"}
[WebServer] {"duration_ms": 16.718166996724904, "event": "console.request", "id_hash": "h_33e3936c9c4d", "status": "200"}
[WebServer] {"duration_ms": 4.5115000029909424, "event": "console.request", "id_hash": "h_4c702d8442da", "status": "200"}
[WebServer] {"duration_ms": 22.30700000291108, "event": "console.request", "id_hash": "h_c340c2ee7655", "status": "200"}
[WebServer] {"duration_ms": 4.675791002227925, "event": "console.request", "id_hash": "h_dd1d9f46a113", "status": "200"}
[WebServer] {"duration_ms": 30.124666998744942, "event": "console.request", "id_hash": "h_16d61130cf34", "status": "200"}
[WebServer] {"duration_ms": 11.434541000198806, "event": "console.request", "id_hash": "h_aec22dd56781", "status": "200"}
[WebServer] {"duration_ms": 13.916291001805803, "event": "console.request", "id_hash": "h_e188aec8b729", "status": "200"}
[WebServer] {"duration_ms": 22.302166998997563, "event": "console.request", "id_hash": "h_ece4a2f1f59f", "status": "200"}
[WebServer] {"duration_ms": 1.0308749988325872, "event": "console.request", "id_hash": "h_3032f97181be", "status": "200"}
[WebServer] {"duration_ms": 2.0503750019997824, "event": "console.request", "id_hash": "h_0190ee1d2cb2", "status": "200"}
[WebServer] {"duration_ms": 1.6459170001326129, "event": "console.request", "id_hash": "h_96833fcb73b3", "status": "200"}
[WebServer] {"duration_ms": 12.189000000944361, "event": "console.request", "id_hash": "h_69cc175826df", "status": "200"}
[WebServer] {"duration_ms": 15.816208000615006, "event": "console.request", "id_hash": "h_e9e4d75df558", "status": "200"}
[WebServer] {"duration_ms": 2.931000002718065, "event": "console.request", "id_hash": "h_50920d98cab8", "status": "200"}
[WebServer] {"duration_ms": 4.763999997521751, "event": "console.request", "id_hash": "h_1fa2c40f015e", "status": "200"}
[WebServer] {"duration_ms": 29.21858299669111, "event": "console.request", "id_hash": "h_38df94d8ed72", "status": "200"}
[WebServer] {"duration_ms": 7.894207999925129, "event": "console.request", "id_hash": "h_e4d6c74d64e8", "status": "200"}
[WebServer] {"duration_ms": 12.714959000732051, "event": "console.request", "id_hash": "h_df7134feecf1", "status": "200"}
[WebServer] {"duration_ms": 6.549249999807216, "event": "console.request", "id_hash": "h_8b857b439bb2", "status": "200"}
[WebServer] {"duration_ms": 1.448625000193715, "event": "console.request", "id_hash": "h_3be5bcadc8e8", "status": "200"}
[WebServer] {"duration_ms": 1.9060000013269018, "event": "console.request", "id_hash": "h_527a83541e61", "status": "200"}
[WebServer] {"duration_ms": 2.578750001703156, "event": "console.request", "id_hash": "h_78530424c4aa", "status": "200"}
[WebServer] {"duration_ms": 3.9747090013406705, "event": "console.request", "id_hash": "h_3099acd6d3b4", "status": "200"}
[WebServer] {"duration_ms": 5.822250001074281, "event": "console.request", "id_hash": "h_c1e16f1f9c69", "status": "200"}
[WebServer] {"duration_ms": 48.32187500142027, "event": "console.request", "id_hash": "h_626c5e10e592", "status": "200"}
[WebServer] {"duration_ms": 5.10750000103144, "event": "console.request", "id_hash": "h_3ddf34d1c9b0", "status": "200"}
[WebServer] {"duration_ms": 55.946083997696405, "event": "console.request", "id_hash": "h_d3df54a1d345", "status": "200"}
[WebServer] {"duration_ms": 58.44637500194949, "event": "console.request", "id_hash": "h_14f4f1cde016", "status": "200"}
[WebServer] {"duration_ms": 58.832083999732276, "event": "console.request", "id_hash": "h_20d8ebd60ace", "status": "200"}
[WebServer] {"duration_ms": 59.52224999782629, "event": "console.request", "id_hash": "h_d30ec87d67ea", "status": "200"}
[WebServer] {"duration_ms": 59.72754200047348, "event": "console.request", "id_hash": "h_e7f37dc1fcf0", "status": "200"}
[WebServer] {"duration_ms": 59.693417002563365, "event": "console.request", "id_hash": "h_6ea527dde507", "status": "200"}
[WebServer] {"duration_ms": 23.052874999848427, "event": "console.request", "id_hash": "h_3c13cacccc78", "status": "201"}
[WebServer] {"duration_ms": 1.235250001627719, "event": "console.request", "id_hash": "h_11a7d7c695f1", "status": "200"}
[WebServer] {"duration_ms": 6.480667001596885, "event": "console.request", "id_hash": "h_f2b175fd63a8", "status": "200"}
[WebServer] {"duration_ms": 1.2241250005899929, "event": "console.request", "id_hash": "h_b684f61b95e3", "status": "200"}
[WebServer] {"duration_ms": 2.0414159989741165, "event": "console.request", "id_hash": "h_81d2674a2877", "status": "200"}
[WebServer] {"duration_ms": 2.7707920016837306, "event": "console.request", "id_hash": "h_00b74c87b114", "status": "200"}
[WebServer] {"duration_ms": 5.557000000408152, "event": "console.request", "id_hash": "h_d118928cb295", "status": "200"}
[WebServer] {"duration_ms": 30.634374998044223, "event": "console.request", "id_hash": "h_6c3545b3d9d3", "status": "200"}
[WebServer] {"duration_ms": 10.003000003052875, "event": "console.request", "id_hash": "h_15ee475215e7", "status": "200"}
[WebServer] {"duration_ms": 16.041374998167157, "event": "console.request", "id_hash": "h_7aa3f38887ee", "status": "200"}
[WebServer] {"duration_ms": 12.292915998841636, "event": "console.request", "id_hash": "h_5decac12523c", "status": "200"}
[WebServer] {"duration_ms": 11.95012500102166, "event": "console.request", "id_hash": "h_f14f6f3094b8", "status": "200"}
[WebServer] {"duration_ms": 22.31387500069104, "event": "console.request", "id_hash": "h_f3938f17ca6a", "status": "200"}
[WebServer] {"duration_ms": 0.9144590003415942, "event": "console.request", "id_hash": "h_bfa55ca9c760", "status": "200"}
[WebServer] {"duration_ms": 1.6419169987784699, "event": "console.request", "id_hash": "h_48b30b963cee", "status": "200"}
[WebServer] {"duration_ms": 3.2062499994935934, "event": "console.request", "id_hash": "h_912065e67ac4", "status": "200"}
[WebServer] {"duration_ms": 14.021833001606865, "event": "console.request", "id_hash": "h_4715a4380ec7", "status": "200"}
[WebServer] {"duration_ms": 19.644957999844337, "event": "console.request", "id_hash": "h_ebfaf11521cb", "status": "200"}
[WebServer] {"duration_ms": 2.937749999546213, "event": "console.request", "id_hash": "h_35b5d0d71ae1", "status": "200"}
[WebServer] {"duration_ms": 4.723707999801263, "event": "console.request", "id_hash": "h_8223b425acc3", "status": "200"}
[WebServer] {"duration_ms": 29.597916000057012, "event": "console.request", "id_hash": "h_918bb9b32c2c", "status": "200"}
[WebServer] {"duration_ms": 12.164083997049602, "event": "console.request", "id_hash": "h_daa1e49a6693", "status": "200"}
[WebServer] {"duration_ms": 15.56512500246754, "event": "console.request", "id_hash": "h_b50eede95e14", "status": "200"}
[WebServer] {"duration_ms": 25.026333001733292, "event": "console.request", "id_hash": "h_4f4e1fa8cf56", "status": "200"}
[WebServer] {"duration_ms": 1.5248330018948764, "event": "console.request", "id_hash": "h_cc88f96dbf17", "status": "200"}
[WebServer] {"duration_ms": 2.3122089987737127, "event": "console.request", "id_hash": "h_601089284837", "status": "200"}
[WebServer] {"duration_ms": 2.2438750020228326, "event": "console.request", "id_hash": "h_0ce1a82ab1ec", "status": "200"}
[WebServer] {"duration_ms": 12.629875000129687, "event": "console.request", "id_hash": "h_a95d31bc99ed", "status": "200"}
[WebServer] {"duration_ms": 17.68649999939953, "event": "console.request", "id_hash": "h_06bd9a29a99f", "status": "200"}
[WebServer] {"duration_ms": 2.867208000679966, "event": "console.request", "id_hash": "h_72e48661c886", "status": "200"}
[WebServer] {"duration_ms": 5.011875000491273, "event": "console.request", "id_hash": "h_2b4f137c6076", "status": "200"}
[WebServer] {"duration_ms": 29.947457998787286, "event": "console.request", "id_hash": "h_32c5f4d25392", "status": "200"}
[WebServer] {"duration_ms": 11.959417002799455, "event": "console.request", "id_hash": "h_303cf746abb3", "status": "200"}
[WebServer] {"duration_ms": 15.670959000999574, "event": "console.request", "id_hash": "h_2f1b227966ac", "status": "200"}
[WebServer] {"duration_ms": 6.651208001130726, "event": "console.request", "id_hash": "h_cec374620eb2", "status": "200"}
[WebServer] {"duration_ms": 1.283457997487858, "event": "console.request", "id_hash": "h_09fe2a1c8d90", "status": "200"}
[WebServer] {"duration_ms": 2.40779099840438, "event": "console.request", "id_hash": "h_db0335a9c6fe", "status": "200"}
[WebServer] {"duration_ms": 1.5354579991253559, "event": "console.request", "id_hash": "h_03ab639e6eb6", "status": "200"}
[WebServer] {"duration_ms": 4.2299579981772695, "event": "console.request", "id_hash": "h_2e2bcfa0802c", "status": "200"}
[WebServer] {"duration_ms": 5.6152500001189765, "event": "console.request", "id_hash": "h_6fb495416c82", "status": "200"}
[WebServer] {"duration_ms": 34.144500001275446, "event": "console.request", "id_hash": "h_ce052626c7ab", "status": "200"}
[WebServer] {"duration_ms": 4.914416000247002, "event": "console.request", "id_hash": "h_221de9b6e2c8", "status": "200"}
[WebServer] {"duration_ms": 33.1162080001377, "event": "console.request", "id_hash": "h_6f8c5e9ce656", "status": "200"}
[WebServer] {"duration_ms": 35.0499160012987, "event": "console.request", "id_hash": "h_7c1b52ee5a6e", "status": "200"}
[WebServer] {"duration_ms": 34.484166997572174, "event": "console.request", "id_hash": "h_28bf5b9bda40", "status": "200"}
[WebServer] {"duration_ms": 36.47383300267393, "event": "console.request", "id_hash": "h_07b27cdfa04e", "status": "200"}
[WebServer] {"duration_ms": 23.561583999253344, "event": "console.request", "id_hash": "h_f1cac555cd11", "status": "201"}
[WebServer] {"duration_ms": 1.2045419971400406, "event": "console.request", "id_hash": "h_226bc756f6f7", "status": "200"}
[WebServer] {"duration_ms": 7.31758300025831, "event": "console.request", "id_hash": "h_b9e635118425", "status": "200"}
[WebServer] {"duration_ms": 1.0598330009088386, "event": "console.request", "id_hash": "h_f026bbd9907e", "status": "200"}
[WebServer] {"duration_ms": 1.8236670002806932, "event": "console.request", "id_hash": "h_985117a09243", "status": "200"}
[WebServer] {"duration_ms": 0.8767079998506233, "event": "console.request", "id_hash": "h_7a7e1dac3944", "status": "200"}
[WebServer] {"duration_ms": 3.14674999754061, "event": "console.request", "id_hash": "h_2aaced454f1f", "status": "200"}
[WebServer] {"duration_ms": 1.590167001268128, "event": "console.request", "id_hash": "h_c52536361f63", "status": "200"}
[WebServer] {"duration_ms": 1.0626250004861504, "event": "console.request", "id_hash": "h_223ade995af3", "status": "200"}
[WebServer] {"duration_ms": 2.9456249976647086, "event": "console.request", "id_hash": "h_c68c2dd11dd8", "status": "200"}
[WebServer] {"duration_ms": 5.058790997281903, "event": "console.request", "id_hash": "h_e33fe15de906", "status": "200"}
[WebServer] {"duration_ms": 30.153499999869382, "event": "console.request", "id_hash": "h_9c7bdf1bf9fa", "status": "200"}
[WebServer] {"duration_ms": 12.349374999757856, "event": "console.request", "id_hash": "h_96c329055f99", "status": "200"}
[WebServer] {"duration_ms": 12.34029199986253, "event": "console.request", "id_hash": "h_c78514d92342", "status": "200"}
[WebServer] {"duration_ms": 30.39895799884107, "event": "console.request", "id_hash": "h_39650db607b1", "status": "200"}
[WebServer] {"duration_ms": 30.454417003056733, "event": "console.request", "id_hash": "h_1d621e16f500", "status": "200"}
[WebServer] {"duration_ms": 29.697666999709327, "event": "console.request", "id_hash": "h_483a8635071a", "status": "200"}
[WebServer] {"duration_ms": 31.960541997250402, "event": "console.request", "id_hash": "h_d13443b5cdc0", "status": "200"}
[WebServer] {"duration_ms": 30.024707997654332, "event": "console.request", "id_hash": "h_f68cb290b623", "status": "201"}
[WebServer] {"duration_ms": 21.57762499700766, "event": "console.request", "id_hash": "h_54bf639e85cd", "status": "200"}
[WebServer] {"duration_ms": 25.75304199854145, "event": "console.request", "id_hash": "h_fbad606d65ad", "status": "200"}
[WebServer] {"duration_ms": 30.269041999417823, "event": "console.request", "id_hash": "h_fe041d61f861", "status": "201"}
[WebServer] {"duration_ms": 0.8694169991940726, "event": "console.request", "id_hash": "h_17e3607b4713", "status": "200"}
[WebServer] {"duration_ms": 0.7998750006663613, "event": "console.request", "id_hash": "h_eabed6f6acd0", "status": "200"}
[WebServer] {"duration_ms": 1.5544580019195564, "event": "console.request", "id_hash": "h_11ec0f3dd3b2", "status": "200"}
[WebServer] {"duration_ms": 0.9062089993676636, "event": "console.request", "id_hash": "h_cba9cf97825e", "status": "200"}
[WebServer] {"duration_ms": 3.7169589995755814, "event": "console.request", "id_hash": "h_3884d855d7d6", "status": "200"}
[WebServer] {"duration_ms": 0.8638750005047768, "event": "console.request", "id_hash": "h_741bfcdd1f40", "status": "200"}
[WebServer] {"duration_ms": 1.4658750005764887, "event": "console.request", "id_hash": "h_733ca606c9b5", "status": "200"}
[WebServer] {"duration_ms": 2.6967920020979363, "event": "console.request", "id_hash": "h_70fc881c2b82", "status": "200"}
[WebServer] {"duration_ms": 4.8170829977607355, "event": "console.request", "id_hash": "h_32d5fa1535f7", "status": "200"}
[WebServer] {"duration_ms": 29.796834001899697, "event": "console.request", "id_hash": "h_a68b028c4248", "status": "200"}
[WebServer] {"duration_ms": 8.00520800112281, "event": "console.request", "id_hash": "h_adc05bab2fa5", "status": "200"}
[WebServer] {"duration_ms": 11.794707999797538, "event": "console.request", "id_hash": "h_9d21e422c4dc", "status": "200"}
[WebServer] {"duration_ms": 0.8227079997595865, "event": "console.request", "id_hash": "h_57d21f13ace9", "status": "200"}
[WebServer] {"duration_ms": 1.4475829993898515, "event": "console.request", "id_hash": "h_629cec38c9d7", "status": "200"}
[WebServer] {"duration_ms": 1.110832999984268, "event": "console.request", "id_hash": "h_92fbdb41bea8", "status": "200"}
[WebServer] {"duration_ms": 2.783167001325637, "event": "console.request", "id_hash": "h_e69acd4cda26", "status": "200"}
[WebServer] {"duration_ms": 4.978791999747045, "event": "console.request", "id_hash": "h_069402b5a47d", "status": "200"}
[WebServer] {"duration_ms": 29.947167000500485, "event": "console.request", "id_hash": "h_fb5024d3194a", "status": "200"}
[WebServer] {"duration_ms": 4.899542000202928, "event": "console.request", "id_hash": "h_75cbe5d72ffe", "status": "200"}
[WebServer] {"duration_ms": 19.582583001465537, "event": "console.request", "id_hash": "h_39a90219d582", "status": "201"}
[WebServer] {"duration_ms": 0.711500000761589, "event": "console.request", "id_hash": "h_4314b9c46d71", "status": "200"}
[WebServer] {"duration_ms": 6.263125000259606, "event": "console.request", "id_hash": "h_2a48e9212407", "status": "200"}
[WebServer] {"duration_ms": 0.8087909991445486, "event": "console.request", "id_hash": "h_9038f71ed2f3", "status": "200"}
[WebServer] {"duration_ms": 1.3782499991066288, "event": "console.request", "id_hash": "h_6933bb68edac", "status": "200"}
[WebServer] {"duration_ms": 2.720000000408618, "event": "console.request", "id_hash": "h_95ac42b27cfd", "status": "200"}
[WebServer] {"duration_ms": 4.537875000096392, "event": "console.request", "id_hash": "h_f0cfea7f8480", "status": "200"}
[WebServer] {"duration_ms": 43.62570900048013, "event": "console.request", "id_hash": "h_7088331dcbd7", "status": "200"}
[WebServer] {"duration_ms": 5.186834001506213, "event": "console.request", "id_hash": "h_188656011ec4", "status": "200"}
[WebServer] {"duration_ms": 6.470666998211527, "event": "console.request", "id_hash": "h_29fbeb1b18fd", "status": "200"}
[WebServer] {"duration_ms": 19.922082999983104, "event": "console.request", "id_hash": "h_588d7d6be7ca", "status": "201"}
[WebServer] {"duration_ms": 0.760082999477163, "event": "console.request", "id_hash": "h_185b53366891", "status": "200"}
[WebServer] {"duration_ms": 6.022041998221539, "event": "console.request", "id_hash": "h_e53607e32b17", "status": "200"}
[WebServer] {"duration_ms": 0.9097910005948506, "event": "console.request", "id_hash": "h_fb9aa2ce9c1f", "status": "200"}
[WebServer] {"duration_ms": 1.589291998243425, "event": "console.request", "id_hash": "h_c2227030008e", "status": "200"}
[WebServer] {"duration_ms": 2.937291999842273, "event": "console.request", "id_hash": "h_8322c1332d69", "status": "200"}
[WebServer] {"duration_ms": 4.611041997122811, "event": "console.request", "id_hash": "h_ae5cde03690e", "status": "200"}
[WebServer] {"duration_ms": 30.128499998681946, "event": "console.request", "id_hash": "h_c151e796bae6", "status": "200"}
[WebServer] {"duration_ms": 5.703958002413856, "event": "console.request", "id_hash": "h_3ce514dca7ae", "status": "200"}
[WebServer] {"duration_ms": 8.555416003218852, "event": "console.request", "id_hash": "h_d9c3eda2e579", "status": "200"}
[WebServer] {"duration_ms": 9.096750000026077, "event": "console.request", "id_hash": "h_37c5221e65f4", "status": "200"}
[WebServer] {"duration_ms": 20.163624998531304, "event": "console.request", "id_hash": "h_9230310fb0ab", "status": "201"}
[WebServer] {"duration_ms": 0.8088750000752043, "event": "console.request", "id_hash": "h_03edeb524a6e", "status": "200"}
[WebServer] {"duration_ms": 5.932583000685554, "event": "console.request", "id_hash": "h_8c77038d2dd8", "status": "200"}
[WebServer] {"duration_ms": 1.3568750000558794, "event": "console.request", "id_hash": "h_e00c3d100ea9", "status": "200"}
[WebServer] {"duration_ms": 0.8924590001697652, "event": "console.request", "id_hash": "h_8f468eec256c", "status": "200"}
[WebServer] {"duration_ms": 2.726583999901777, "event": "console.request", "id_hash": "h_bbb29dc4553e", "status": "200"}
[WebServer] {"duration_ms": 4.656334000173956, "event": "console.request", "id_hash": "h_464121578c18", "status": "200"}
[WebServer] {"duration_ms": 31.032875001983484, "event": "console.request", "id_hash": "h_04ed7b4a821f", "status": "200"}
[WebServer] {"duration_ms": 12.237499999173451, "event": "console.request", "id_hash": "h_f8ffca7b858b", "status": "200"}
[WebServer] {"duration_ms": 12.843707998399623, "event": "console.request", "id_hash": "h_28024cb3222a", "status": "200"}
[WebServer] {"duration_ms": 21.4937499986263, "event": "console.request", "id_hash": "h_f8704fba6e69", "status": "200"}
[WebServer] {"duration_ms": 0.9248749993275851, "event": "console.request", "id_hash": "h_3ca3678e3a27", "status": "200"}
[WebServer] {"duration_ms": 2.3580419983773027, "event": "console.request", "id_hash": "h_46fecca0da8f", "status": "200"}
[WebServer] {"duration_ms": 1.8172500022046734, "event": "console.request", "id_hash": "h_721866963898", "status": "200"}
[WebServer] {"duration_ms": 19.36004199887975, "event": "console.request", "id_hash": "h_31af63d2b9b1", "status": "200"}
[WebServer] {"duration_ms": 19.0424169995822, "event": "console.request", "id_hash": "h_5d71df776d44", "status": "200"}
[WebServer] {"duration_ms": 4.549458000838058, "event": "console.request", "id_hash": "h_c64c79311f19", "status": "200"}
[WebServer] {"duration_ms": 4.806958000699524, "event": "console.request", "id_hash": "h_a0f3f404af1b", "status": "200"}
[WebServer] {"duration_ms": 29.533333003200823, "event": "console.request", "id_hash": "h_7ee8e6c18b4a", "status": "200"}
[WebServer] {"duration_ms": 12.980915998923592, "event": "console.request", "id_hash": "h_0eb51a54cf10", "status": "200"}
[WebServer] {"duration_ms": 13.315416999830632, "event": "console.request", "id_hash": "h_01d77c05260f", "status": "200"}
[WebServer] {"duration_ms": 23.150166001869366, "event": "console.request", "id_hash": "h_6e24b6e7a848", "status": "200"}
[WebServer] {"duration_ms": 0.9004589992400724, "event": "console.request", "id_hash": "h_04e35b8413a8", "status": "200"}
[WebServer] {"duration_ms": 1.9226250005885959, "event": "console.request", "id_hash": "h_74fc76a28621", "status": "200"}
[WebServer] {"duration_ms": 1.5198330002021976, "event": "console.request", "id_hash": "h_41c0c6fb707d", "status": "200"}
[WebServer] {"duration_ms": 12.804959002096439, "event": "console.request", "id_hash": "h_59354e5fac6f", "status": "200"}
[WebServer] {"duration_ms": 15.066084000864066, "event": "console.request", "id_hash": "h_bcc8193cf9bf", "status": "200"}
[WebServer] {"duration_ms": 2.42962500124122, "event": "console.request", "id_hash": "h_b05e2c20a1f8", "status": "200"}
[WebServer] {"duration_ms": 4.8471669979335275, "event": "console.request", "id_hash": "h_9df9773855da", "status": "200"}
[WebServer] {"duration_ms": 29.84008299972629, "event": "console.request", "id_hash": "h_fd407d2dfe1c", "status": "200"}
[WebServer] {"duration_ms": 7.989917001395952, "event": "console.request", "id_hash": "h_60d828a6c4f6", "status": "200"}
[WebServer] {"duration_ms": 10.873334002099, "event": "console.request", "id_hash": "h_f7d2bd989803", "status": "200"}
[WebServer] {"duration_ms": 6.432916998164728, "event": "console.request", "id_hash": "h_c34fad27a502", "status": "200"}
[WebServer] {"duration_ms": 1.4369579985213932, "event": "console.request", "id_hash": "h_2c7f7ee9cc92", "status": "200"}
[WebServer] {"duration_ms": 1.5536660030193161, "event": "console.request", "id_hash": "h_43d8d574b4d2", "status": "200"}
[WebServer] {"duration_ms": 2.9424170024867635, "event": "console.request", "id_hash": "h_32b96683b141", "status": "200"}
[WebServer] {"duration_ms": 3.5872499975084793, "event": "console.request", "id_hash": "h_d6261c8443ab", "status": "200"}
[WebServer] {"duration_ms": 6.162417001178255, "event": "console.request", "id_hash": "h_ffd1354dc47f", "status": "200"}
[WebServer] {"duration_ms": 31.95041700018919, "event": "console.request", "id_hash": "h_136b6cac2c03", "status": "200"}
[WebServer] {"duration_ms": 4.838000000745524, "event": "console.request", "id_hash": "h_7c3cffc2c1c6", "status": "200"}
[WebServer] {"duration_ms": 19.65129100062768, "event": "console.request", "id_hash": "h_f25253146caa", "status": "201"}
[WebServer] {"duration_ms": 0.8208750004996546, "event": "console.request", "id_hash": "h_a4dacda0e1a4", "status": "200"}
[WebServer] {"duration_ms": 7.696500000747619, "event": "console.request", "id_hash": "h_2a5eea2d1b52", "status": "200"}
[WebServer] {"duration_ms": 1.663375001953682, "event": "console.request", "id_hash": "h_a625133136d8", "status": "200"}
[WebServer] {"duration_ms": 1.1339580014464445, "event": "console.request", "id_hash": "h_58dbdae5a309", "status": "200"}
[WebServer] {"duration_ms": 3.6123339996265713, "event": "console.request", "id_hash": "h_98b01b2a8d64", "status": "200"}
[WebServer] {"duration_ms": 4.616791997250402, "event": "console.request", "id_hash": "h_8df54bf7ca9a", "status": "200"}
[WebServer] {"duration_ms": 30.1987500024552, "event": "console.request", "id_hash": "h_3a832e788bd7", "status": "200"}
[WebServer] {"duration_ms": 7.797209000273142, "event": "console.request", "id_hash": "h_959ed5b74c5e", "status": "200"}
[WebServer] {"duration_ms": 12.706249999610009, "event": "console.request", "id_hash": "h_1b439926962c", "status": "200"}
[WebServer] {"duration_ms": 6.297250001807697, "event": "console.request", "id_hash": "h_b1247b1a3f1b", "status": "200"}
[WebServer] {"duration_ms": 5.466792001243448, "event": "console.request", "id_hash": "h_6f145241e7b4", "status": "200"}
[WebServer] {"duration_ms": 21.092625000164844, "event": "console.request", "id_hash": "h_76fee13838ed", "status": "200"}
[WebServer] {"duration_ms": 0.8898749983927701, "event": "console.request", "id_hash": "h_a72e89eff2fc", "status": "200"}
[WebServer] {"duration_ms": 2.4267080007120967, "event": "console.request", "id_hash": "h_a2a7b9cd5f76", "status": "200"}
[WebServer] {"duration_ms": 1.731208998535294, "event": "console.request", "id_hash": "h_25a0a58f4c02", "status": "200"}
[WebServer] {"duration_ms": 13.55854199937312, "event": "console.request", "id_hash": "h_95de84ecedaa", "status": "200"}
[WebServer] {"duration_ms": 17.135541998868575, "event": "console.request", "id_hash": "h_e63899d8f6a1", "status": "200"}
[WebServer] {"duration_ms": 2.833541999279987, "event": "console.request", "id_hash": "h_f7909901e1ed", "status": "200"}
[WebServer] {"duration_ms": 4.958375000569504, "event": "console.request", "id_hash": "h_ddc968725a7d", "status": "200"}
[WebServer] {"duration_ms": 29.301499998837244, "event": "console.request", "id_hash": "h_3e1812f447ca", "status": "200"}
[WebServer] {"duration_ms": 9.295291998569155, "event": "console.request", "id_hash": "h_00d7d24761c1", "status": "200"}
[WebServer] {"duration_ms": 12.571417002618546, "event": "console.request", "id_hash": "h_1a8bac818257", "status": "200"}
[WebServer] {"duration_ms": 6.5707079993444495, "event": "console.request", "id_hash": "h_4c7511bcf1a8", "status": "200"}
[WebServer] {"duration_ms": 6.636624999373453, "event": "console.request", "id_hash": "h_ce4b6be4fda9", "status": "200"}
[WebServer] {"duration_ms": 1.4419160033867229, "event": "console.request", "id_hash": "h_0b99e27b82fa", "status": "200"}
[WebServer] {"duration_ms": 2.171041000110563, "event": "console.request", "id_hash": "h_eeebf1e9283d", "status": "200"}
[WebServer] {"duration_ms": 1.7586250032763928, "event": "console.request", "id_hash": "h_f00532530be5", "status": "200"}
[WebServer] {"duration_ms": 3.9737920014886186, "event": "console.request", "id_hash": "h_60a2def1fcef", "status": "200"}
[WebServer] {"duration_ms": 6.587584000953939, "event": "console.request", "id_hash": "h_950ec1caa115", "status": "200"}
[WebServer] {"duration_ms": 33.28937500191387, "event": "console.request", "id_hash": "h_f54d966d2752", "status": "200"}
[WebServer] {"duration_ms": 8.205458001611987, "event": "console.request", "id_hash": "h_099212507c68", "status": "200"}
[WebServer] {"duration_ms": 12.839292001444846, "event": "console.request", "id_hash": "h_a522058ea2ec", "status": "200"}
[WebServer] {"duration_ms": 6.406458996934816, "event": "console.request", "id_hash": "h_296779a2d50f", "status": "200"}
[WebServer] {"duration_ms": 6.319416999758687, "event": "console.request", "id_hash": "h_8abc5a2ffb9f", "status": "200"}
[WebServer] {"duration_ms": 19.086666998191504, "event": "console.request", "id_hash": "h_1eb11887f619", "status": "200"}
[WebServer] {"duration_ms": 8.181416000297759, "event": "console.request", "id_hash": "h_c310569b8d17", "status": "200"}
[WebServer] {"duration_ms": 12.468332999560516, "event": "console.request", "id_hash": "h_998c9776b6f5", "status": "200"}
[WebServer] {"duration_ms": 6.122124999819789, "event": "console.request", "id_hash": "h_1477b998ed0c", "status": "200"}
[WebServer] {"duration_ms": 6.542208000610117, "event": "console.request", "id_hash": "h_4e370bf4406c", "status": "200"}
[WebServer] {"duration_ms": 19.212625000363914, "event": "console.request", "id_hash": "h_3655bad3d32d", "status": "200"}
[WebServer] {"duration_ms": 7.954000000609085, "event": "console.request", "id_hash": "h_3fa6914dcf07", "status": "200"}
[WebServer] {"duration_ms": 12.353834001260111, "event": "console.request", "id_hash": "h_10ed4339cda3", "status": "200"}
[WebServer] {"duration_ms": 6.015999999362975, "event": "console.request", "id_hash": "h_9997c320299e", "status": "200"}
[WebServer] {"duration_ms": 6.370999999489868, "event": "console.request", "id_hash": "h_f2a2d5b514ea", "status": "200"}
[WebServer] {"duration_ms": 18.665833998966264, "event": "console.request", "id_hash": "h_ae6628a2766b", "status": "200"}
[WebServer] {"duration_ms": 13.80162499845028, "event": "console.request", "id_hash": "h_631c3ec6ce3b", "status": "200"}
[WebServer] {"duration_ms": 1.9892909986083396, "event": "console.request", "id_hash": "h_6b826cb36f8f", "status": "200"}
[WebServer] {"duration_ms": 1.498959001764888, "event": "console.request", "id_hash": "h_86765fcf211f", "status": "200"}
[WebServer] {"duration_ms": 28.927542000019457, "event": "console.request", "id_hash": "h_cf8afb1815be", "status": "200"}
[WebServer] {"duration_ms": 30.164374999003485, "event": "console.request", "id_hash": "h_d528ccc80a14", "status": "200"}
[WebServer] {"duration_ms": 2.4546250024286564, "event": "console.request", "id_hash": "h_cf782749e699", "status": "200"}
[WebServer] {"duration_ms": 4.653459000110161, "event": "console.request", "id_hash": "h_913ddd86724b", "status": "200"}
[WebServer] {"duration_ms": 30.603041999711422, "event": "console.request", "id_hash": "h_a2ee681c7dff", "status": "200"}
[WebServer] {"duration_ms": 8.673917000123765, "event": "console.request", "id_hash": "h_2edf0d387010", "status": "200"}
[WebServer] {"duration_ms": 12.869083999248687, "event": "console.request", "id_hash": "h_e3d6afcf1d32", "status": "200"}
[WebServer] {"duration_ms": 6.128375000116648, "event": "console.request", "id_hash": "h_949b1eb924be", "status": "200"}
[WebServer] {"duration_ms": 30.96187499977532, "event": "console.request", "id_hash": "h_3d4ccc7dcad2", "status": "200"}
[WebServer] {"duration_ms": 19.788000001426553, "event": "console.request", "id_hash": "h_bc749e7b4e73", "status": "200"}
[WebServer] {"duration_ms": 19.88383400021121, "event": "console.request", "id_hash": "h_e833ffa2eb39", "status": "200"}
[WebServer] {"duration_ms": 20.64954200250213, "event": "console.request", "id_hash": "h_5a84f3d9b418", "status": "404"}
[WebServer] {"duration_ms": 22.093791998486267, "event": "console.request", "id_hash": "h_cf53b14ab59d", "status": "200"}
[WebServer] {"duration_ms": 21.818290999362944, "event": "console.request", "id_hash": "h_bb04e20c7c65", "status": "404"}
[WebServer] {"duration_ms": 4.485665998799959, "event": "console.request", "id_hash": "h_edf3d634e3a6", "status": "404"}
[WebServer] {"duration_ms": 3.711707999173086, "event": "console.request", "id_hash": "h_6ac8fc434a1b", "status": "404"}
[WebServer] {"duration_ms": 1.0460000012244564, "event": "console.request", "id_hash": "h_159c22967d47", "status": "200"}
[WebServer] {"duration_ms": 1.5483750030398369, "event": "console.request", "id_hash": "h_bdd6bdf76cb7", "status": "200"}
[WebServer] {"duration_ms": 1.1500410000735428, "event": "console.request", "id_hash": "h_e377537caa06", "status": "200"}
[WebServer] {"duration_ms": 2.722958000958897, "event": "console.request", "id_hash": "h_f26a69dd5040", "status": "200"}
[WebServer] {"duration_ms": 0.880916999449255, "event": "console.request", "id_hash": "h_66b5932fb2a7", "status": "200"}
[WebServer] {"duration_ms": 7.777041999361245, "event": "console.request", "id_hash": "h_b912edf3741e", "status": "200"}
[WebServer] {"duration_ms": 1.4822499979345594, "event": "console.request", "id_hash": "h_9fe344449b2a", "status": "200"}
[WebServer] {"duration_ms": 1.2388329996610992, "event": "console.request", "id_hash": "h_6c26cdd11eb6", "status": "200"}
[WebServer] {"duration_ms": 3.009624997503124, "event": "console.request", "id_hash": "h_9a5ba7bdd5e2", "status": "200"}
[WebServer] {"duration_ms": 5.3668749969801866, "event": "console.request", "id_hash": "h_ceb4bbfb101a", "status": "200"}
[WebServer] {"duration_ms": 30.37479200065718, "event": "console.request", "id_hash": "h_1d6626bc7311", "status": "200"}
[WebServer] {"duration_ms": 11.73495799957891, "event": "console.request", "id_hash": "h_c3b39561f674", "status": "200"}
[WebServer] {"duration_ms": 14.674082998681115, "event": "console.request", "id_hash": "h_07d6f561a17e", "status": "200"}
[WebServer] {"duration_ms": 30.532290998962708, "event": "console.request", "id_hash": "h_ddc6f4a6ba03", "status": "200"}
[WebServer] {"duration_ms": 23.22870799980592, "event": "console.request", "id_hash": "h_2af97173850b", "status": "200"}
[WebServer] {"duration_ms": 21.40783299910254, "event": "console.request", "id_hash": "h_36dfe9edf74c", "status": "200"}
[WebServer] {"duration_ms": 13.151667000784073, "event": "console.request", "id_hash": "h_15c4071256c8", "status": "404"}
[WebServer] {"duration_ms": 17.51170799980173, "event": "console.request", "id_hash": "h_5c604abed858", "status": "200"}
[WebServer] {"duration_ms": 14.941834000637755, "event": "console.request", "id_hash": "h_b0eac12aab1e", "status": "404"}
[WebServer] {"duration_ms": 4.3695839995052665, "event": "console.request", "id_hash": "h_512e3ea41744", "status": "404"}
[WebServer] {"duration_ms": 1.1141250033688266, "event": "console.request", "id_hash": "h_c1b7ec70d6bf", "status": "200"}
[WebServer] {"duration_ms": 1.634625001315726, "event": "console.request", "id_hash": "h_5af014ca8725", "status": "200"}
[WebServer] {"duration_ms": 2.8000409984088037, "event": "console.request", "id_hash": "h_5537f9c79099", "status": "200"}
[WebServer] {"duration_ms": 2.7614579994406085, "event": "console.request", "id_hash": "h_3e2bf315f430", "status": "200"}
[WebServer] {"duration_ms": 6.730041997798253, "event": "console.request", "id_hash": "h_955cc68ec93a", "status": "200"}
  ✓   3 tests/browser/console.spec.ts:59:1 › real operator manages notes and current observations in Required mode (10.2s)
[WebServer] {"duration_ms": 0.7799579980201088, "event": "console.request", "id_hash": "h_e80a642c31bb", "status": "200"}
[WebServer] {"duration_ms": 0.8766669998294674, "event": "console.request", "id_hash": "h_edcb92e5d267", "status": "404"}
[WebServer] {"duration_ms": 1.1839170001621824, "event": "console.request", "id_hash": "h_41f164b66761", "status": "200"}
[WebServer] {"duration_ms": 1.3372079993132502, "event": "console.request", "id_hash": "h_0aa80673515c", "status": "200"}
[WebServer] {"duration_ms": 1.189916998555418, "event": "console.request", "id_hash": "h_08e47feda721", "status": "200"}
[WebServer] {"duration_ms": 2.927375000581378, "event": "console.request", "id_hash": "h_7b67c918086f", "status": "401"}
[WebServer] {"duration_ms": 102.47849999723257, "event": "console.request", "id_hash": "h_63b6802fa6ad", "status": "200"}
[WebServer] {"duration_ms": 7.2809159973985516, "event": "console.request", "id_hash": "h_dbcbb84fd755", "status": "200"}
[WebServer] {"duration_ms": 8.687582998391008, "event": "console.request", "id_hash": "h_8a36e78ae7ce", "status": "200"}
[WebServer] {"duration_ms": 10.150707999855513, "event": "console.request", "id_hash": "h_7942894ec12a", "status": "200"}
[WebServer] {"duration_ms": 1.2520839991339017, "event": "console.request", "id_hash": "h_58c024037ff1", "status": "200"}
[WebServer] {"duration_ms": 1.0845829965546727, "event": "console.request", "id_hash": "h_d6046c938c81", "status": "200"}
[WebServer] {"duration_ms": 1.9478329995763488, "event": "console.request", "id_hash": "h_964dbb51cccc", "status": "200"}
[WebServer] {"duration_ms": 3.83266700009699, "event": "console.request", "id_hash": "h_ac51500cd6b0", "status": "200"}
[WebServer] {"duration_ms": 6.111790997238131, "event": "console.request", "id_hash": "h_e08a910345d4", "status": "200"}
[WebServer] {"duration_ms": 10.647165996488184, "event": "console.request", "id_hash": "h_a8a6ba97c5ee", "status": "200"}
[WebServer] {"duration_ms": 10.715917000197805, "event": "console.request", "id_hash": "h_99665c1a9140", "status": "200"}
[WebServer] {"duration_ms": 9.577000000717817, "event": "console.request", "id_hash": "h_0dc2e36874fa", "status": "204"}
  ✓   4 tests/browser/console.spec.ts:892:1 › real authentication, cookie recovery, key list, CSP, deep-route reload, API 404 (978ms)
[WebServer] {"duration_ms": 0.8688340021762997, "event": "console.request", "id_hash": "h_de8f66010ff2", "status": "200"}
[WebServer] {"duration_ms": 1.5220839995890856, "event": "console.request", "id_hash": "h_7b7970548b50", "status": "200"}
[WebServer] {"duration_ms": 0.912832998437807, "event": "console.request", "id_hash": "h_36943061950d", "status": "200"}
  ✓   5 tests/browser/console.spec.ts:933:1 › production CSP with explicit test fixtures: memory plain text, stats nulls and narrow layout (639ms)
[WebServer] {"duration_ms": 0.8115839991660323, "event": "console.request", "id_hash": "h_8a50e6414f49", "status": "200"}
[WebServer] {"duration_ms": 1.7700000025797635, "event": "console.request", "id_hash": "h_cc970970236a", "status": "200"}
[WebServer] {"duration_ms": 0.9975829998438712, "event": "console.request", "id_hash": "h_907147c038c3", "status": "200"}
  ✓   6 tests/browser/console.spec.ts:1020:1 › import wizard invalidates mapping report and distinguishes cancelled_partial (913ms)
[WebServer] {"duration_ms": 1.561375000164844, "event": "console.request", "id_hash": "h_a791d3dc222d", "status": "200"}
[WebServer] {"duration_ms": 1.6245840015471913, "event": "console.request", "id_hash": "h_0e24415605de", "status": "200"}
[WebServer] {"duration_ms": 1.5729579972685315, "event": "console.request", "id_hash": "h_c39a59048a1e", "status": "200"}
  ✓   7 tests/browser/console.spec.ts:1088:1 › provider rebuild acknowledgement and settings pending restart (1.0s)
[WebServer] {"duration_ms": 1.2827499995182734, "event": "console.request", "id_hash": "h_c0a35621706e", "status": "200"}
[WebServer] {"duration_ms": 1.6639999994367827, "event": "console.request", "id_hash": "h_4780102ac740", "status": "200"}
[WebServer] {"duration_ms": 1.0748749991762452, "event": "console.request", "id_hash": "h_785832451f67", "status": "200"}
[WebServer] {"duration_ms": 4.371625000203494, "event": "console.request", "id_hash": "h_37809904a6b4", "status": "401"}
[WebServer] {"duration_ms": 101.95320799903129, "event": "console.request", "id_hash": "h_24e203e98247", "status": "200"}
[WebServer] {"duration_ms": 7.006208001257619, "event": "console.request", "id_hash": "h_5bca942ca11e", "status": "200"}
[WebServer] {"duration_ms": 4.215166998619679, "event": "console.request", "id_hash": "h_b034047ae74d", "status": "200"}
[WebServer] {"duration_ms": 10.010499998315936, "event": "console.request", "id_hash": "h_62baef53c501", "status": "200"}
[WebServer] {"duration_ms": 11.766458999773022, "event": "console.request", "id_hash": "h_35ff8a57a3fb", "status": "200"}
[WebServer] {"duration_ms": 8.913958998164162, "event": "console.request", "id_hash": "h_e853111d67d4", "status": "403"}
[WebServer] {"duration_ms": 9.236292000423418, "event": "console.request", "id_hash": "h_8973deb623e6", "status": "200"}
[WebServer] {"duration_ms": 18.33916599935037, "event": "console.request", "id_hash": "h_5eb7c5e97c60", "status": "201"}
[WebServer] {"duration_ms": 4.662832998292288, "event": "console.request", "id_hash": "h_d9d032ced648", "status": "200"}
[WebServer] {"duration_ms": 22.35508399826358, "event": "console.request", "id_hash": "h_87b4adea25e3", "status": "200"}
[WebServer] {"duration_ms": 4.991707999579376, "event": "console.request", "id_hash": "h_b959d2e31a6e", "status": "200"}
  ✓   8 tests/browser/console.spec.ts:1161:1 › real operator issuance prompts reauth, shows secret once, and revokes disposable test key (982ms)
[WebServer] {"duration_ms": 1.2142500017944258, "event": "console.request", "id_hash": "h_e2462f4bad99", "status": "200"}
[WebServer] {"duration_ms": 0.723584002116695, "event": "console.request", "id_hash": "h_f1e79ca0e64d", "status": "200"}
[WebServer] {"duration_ms": 1.6643750022922177, "event": "console.request", "id_hash": "h_2c6cd6054e12", "status": "200"}
[WebServer] {"duration_ms": 3.4821249973902013, "event": "console.request", "id_hash": "h_144718c29d57", "status": "401"}
[WebServer] {"duration_ms": 102.48474999752943, "event": "console.request", "id_hash": "h_6b210b9cec07", "status": "200"}
[WebServer] {"duration_ms": 6.516916000691708, "event": "console.request", "id_hash": "h_6e4ab61a2276", "status": "200"}
[WebServer] {"duration_ms": 36.113583999394905, "event": "console.request", "id_hash": "h_f56f5ee51397", "status": "200"}
[WebServer] {"duration_ms": 5.728374999307562, "event": "console.request", "id_hash": "h_0c13352c008f", "status": "200"}
[WebServer] {"duration_ms": 27.904165999643737, "event": "console.request", "id_hash": "h_a4f4b0aa7009", "status": "200"}
[WebServer] {"duration_ms": 28.976042001886526, "event": "console.request", "id_hash": "h_444400cb9f5f", "status": "200"}
[WebServer] {"duration_ms": 29.7035000003234, "event": "console.request", "id_hash": "h_0a9a04ac89cb", "status": "200"}
[WebServer] {"duration_ms": 31.997375001083128, "event": "console.request", "id_hash": "h_b99aacc31db2", "status": "200"}
[WebServer] {"duration_ms": 22.835083000245504, "event": "console.request", "id_hash": "h_fc391e80fe62", "status": "201"}
[WebServer] {"duration_ms": 5.433333000837592, "event": "console.request", "id_hash": "h_a9cfbc6d92f2", "status": "200"}
[WebServer] {"duration_ms": 9.467250001762295, "event": "console.request", "id_hash": "h_d2d88ec3924a", "status": "200"}
[WebServer] {"duration_ms": 24.35233399955905, "event": "console.request", "id_hash": "h_5c656f14e600", "status": "200"}
[WebServer] {"duration_ms": 10.477707997779362, "event": "console.request", "id_hash": "h_5ef25f79bad6", "status": "200"}
[WebServer] {"duration_ms": 13.080291002552258, "event": "console.request", "id_hash": "h_ee08e0538e7e", "status": "200"}
[WebServer] {"duration_ms": 19.946541997342138, "event": "console.request", "id_hash": "h_b0bc331580cd", "status": "200"}
[WebServer] {"duration_ms": 7.875082999817096, "event": "console.request", "id_hash": "h_c4454830b346", "status": "200"}
[WebServer] {"duration_ms": 12.883291001344332, "event": "console.request", "id_hash": "h_35a0649f2c36", "status": "200"}
[WebServer] {"duration_ms": 20.87904099971638, "event": "console.request", "id_hash": "h_07fb8ee4a2a5", "status": "200"}
[WebServer] {"duration_ms": 1.518208002380561, "event": "console.request", "id_hash": "h_0cf4d5591910", "status": "200"}
[WebServer] {"duration_ms": 1.509749999968335, "event": "console.request", "id_hash": "h_b010ba597366", "status": "200"}
[WebServer] {"duration_ms": 3.5489579968270846, "event": "console.request", "id_hash": "h_c84e9ce3842b", "status": "200"}
[WebServer] {"duration_ms": 15.64979199974914, "event": "console.request", "id_hash": "h_7aaf75892a25", "status": "200"}
[WebServer] {"duration_ms": 20.64874999996391, "event": "console.request", "id_hash": "h_27e6f8c129c9", "status": "200"}
[WebServer] {"duration_ms": 3.1307499993999954, "event": "console.request", "id_hash": "h_fe9a116d144b", "status": "200"}
[WebServer] {"duration_ms": 5.4512919996341225, "event": "console.request", "id_hash": "h_aab46ac5dd1e", "status": "200"}
[WebServer] {"duration_ms": 31.56841700183577, "event": "console.request", "id_hash": "h_3792e26602ef", "status": "200"}
[WebServer] {"duration_ms": 7.67091700254241, "event": "console.request", "id_hash": "h_a4e68124858d", "status": "200"}
[WebServer] {"duration_ms": 12.720958002319094, "event": "console.request", "id_hash": "h_2691f7e39b2e", "status": "200"}
[WebServer] {"duration_ms": 21.88212500186637, "event": "console.request", "id_hash": "h_31453b8e5ddf", "status": "200"}
[WebServer] {"duration_ms": 12.98687500093365, "event": "console.request", "id_hash": "h_90a090711e12", "status": "200"}
[WebServer] {"duration_ms": 15.695249996497296, "event": "console.request", "id_hash": "h_a52540fcb896", "status": "200"}
[WebServer] {"duration_ms": 6.030000000464497, "event": "console.request", "id_hash": "h_6f38216086f0", "status": "200"}
[WebServer] {"duration_ms": 10.608791999402456, "event": "console.request", "id_hash": "h_7c315aea3b56", "status": "200"}
[WebServer] {"duration_ms": 40.89529200064135, "event": "console.request", "id_hash": "h_062bf204386d", "status": "200"}
[WebServer] {"duration_ms": 40.72612500021933, "event": "console.request", "id_hash": "h_59501600ca6e", "status": "200"}
[WebServer] {"duration_ms": 45.065291997161694, "event": "console.request", "id_hash": "h_6452a0545fbf", "status": "200"}
[WebServer] {"duration_ms": 0.9764579990587663, "event": "console.request", "id_hash": "h_e781f9bb172e", "status": "200"}
[WebServer] {"duration_ms": 1.485917000536574, "event": "console.request", "id_hash": "h_ba1908629390", "status": "200"}
[WebServer] {"duration_ms": 1.1462080001365393, "event": "console.request", "id_hash": "h_0cf276dbf20c", "status": "200"}
[WebServer] {"duration_ms": 3.2577500023762695, "event": "console.request", "id_hash": "h_ec69bf55e193", "status": "200"}
[WebServer] {"duration_ms": 5.031541997595923, "event": "console.request", "id_hash": "h_391006ade991", "status": "200"}
[WebServer] {"duration_ms": 43.72737499943469, "event": "console.request", "id_hash": "h_f8fbb3c0c546", "status": "200"}
[WebServer] {"duration_ms": 12.374124999041669, "event": "console.request", "id_hash": "h_ff5259a4abe7", "status": "200"}
[WebServer] {"duration_ms": 15.151625000726199, "event": "console.request", "id_hash": "h_8ec50beb3e54", "status": "200"}
[WebServer] {"duration_ms": 1.1377080008969642, "event": "console.request", "id_hash": "h_8c71a7015648", "status": "200"}
[WebServer] {"duration_ms": 47.88891600037459, "event": "console.request", "id_hash": "h_e5380dad5892", "status": "200"}
[WebServer] {"duration_ms": 48.62520800088532, "event": "console.request", "id_hash": "h_b674422572e4", "status": "200"}
[WebServer] {"duration_ms": 48.64883300251677, "event": "console.request", "id_hash": "h_1a32a88a3073", "status": "200"}
[WebServer] {"duration_ms": 8.123290997900767, "event": "console.request", "id_hash": "h_1966a586c991", "status": "200"}
[WebServer] {"duration_ms": 5.854999999428401, "event": "console.request", "id_hash": "h_814259b8adcd", "status": "200"}
[WebServer] {"duration_ms": 2.66241599820205, "event": "console.request", "id_hash": "h_87d9e86dbf83", "status": "200"}
[WebServer] {"duration_ms": 4.9980000003415626, "event": "console.request", "id_hash": "h_e9d8a63c79cc", "status": "200"}
[WebServer] {"duration_ms": 30.039457997190766, "event": "console.request", "id_hash": "h_371a328437b3", "status": "200"}
[WebServer] {"duration_ms": 11.604166000324767, "event": "console.request", "id_hash": "h_7d9bc21a6320", "status": "200"}
[WebServer] {"duration_ms": 14.357125000969972, "event": "console.request", "id_hash": "h_bc0002dd20fe", "status": "200"}
[WebServer] {"duration_ms": 31.821666001633275, "event": "console.request", "id_hash": "h_9bbb3eeedbb2", "status": "200"}
[WebServer] {"duration_ms": 19.411457997193793, "event": "console.request", "id_hash": "h_84610e50e606", "status": "200"}
[WebServer] {"duration_ms": 19.41308400273556, "event": "console.request", "id_hash": "h_1783959192ec", "status": "200"}
[WebServer] {"duration_ms": 22.7502089983318, "event": "console.request", "id_hash": "h_3677d5ad3234", "status": "404"}
[WebServer] {"duration_ms": 23.47508399907383, "event": "console.request", "id_hash": "h_8f648531ffa5", "status": "404"}
[WebServer] {"duration_ms": 24.20666599937249, "event": "console.request", "id_hash": "h_64e3dcb6c681", "status": "200"}
[WebServer] {"duration_ms": 4.616707999957725, "event": "console.request", "id_hash": "h_2536300217ce", "status": "404"}
[WebServer] {"duration_ms": 7.202000000688713, "event": "console.request", "id_hash": "h_0a53eda72340", "status": "200"}
[WebServer] {"duration_ms": 0.954999999521533, "event": "console.request", "id_hash": "h_4ed6779ae244", "status": "200"}
[WebServer] {"duration_ms": 1.8894999993790407, "event": "console.request", "id_hash": "h_77ff4a559db6", "status": "200"}
[WebServer] {"duration_ms": 1.5814170001249295, "event": "console.request", "id_hash": "h_1e0408bdb20a", "status": "200"}
[WebServer] {"duration_ms": 2.9136250013834797, "event": "console.request", "id_hash": "h_b09f33389434", "status": "200"}
[WebServer] {"duration_ms": 8.531708997907117, "event": "console.request", "id_hash": "h_0d4ac2e75732", "status": "200"}
  ✓   9 tests/browser/console.spec.ts:1241:1 › real Focus create edit dormant and activation preserve revisions in Required mode (2.3s)
[WebServer] {"duration_ms": 1.670166999247158, "event": "console.request", "id_hash": "h_bc6a50b435a2", "status": "200"}
[WebServer] {"duration_ms": 2.0742909982800484, "event": "console.request", "id_hash": "h_4f4a4016b7b2", "status": "200"}
[WebServer] {"duration_ms": 0.9961249998013955, "event": "console.request", "id_hash": "h_8ae406a1509d", "status": "200"}
[WebServer] {"duration_ms": 3.074333002587082, "event": "console.request", "id_hash": "h_22f279e27c16", "status": "401"}
[WebServer] {"duration_ms": 100.93829100151197, "event": "console.request", "id_hash": "h_4694e82c7d36", "status": "200"}
[WebServer] {"duration_ms": 6.53125000098953, "event": "console.request", "id_hash": "h_3583f77c7173", "status": "200"}
[WebServer] {"duration_ms": 35.27791700253147, "event": "console.request", "id_hash": "h_e0ebce3f5c58", "status": "200"}
[WebServer] {"duration_ms": 5.643332999170525, "event": "console.request", "id_hash": "h_5d22949dd398", "status": "200"}
[WebServer] {"duration_ms": 26.566249998722924, "event": "console.request", "id_hash": "h_37acef1edc33", "status": "200"}
[WebServer] {"duration_ms": 26.750708999315975, "event": "console.request", "id_hash": "h_e99edf71f236", "status": "200"}
[WebServer] {"duration_ms": 27.04904100028216, "event": "console.request", "id_hash": "h_d4abce74ecdd", "status": "200"}
[WebServer] {"duration_ms": 28.95962500042515, "event": "console.request", "id_hash": "h_acd01ef33722", "status": "200"}
[WebServer] {"duration_ms": 20.268542000849266, "event": "console.request", "id_hash": "h_66a7383411b5", "status": "201"}
[WebServer] {"duration_ms": 5.283582999254577, "event": "console.request", "id_hash": "h_98c1ac60bff5", "status": "200"}
[WebServer] {"duration_ms": 9.741458998178132, "event": "console.request", "id_hash": "h_4c95ce952e51", "status": "200"}
[WebServer] {"duration_ms": 22.312417000648566, "event": "console.request", "id_hash": "h_b417f5ffd976", "status": "200"}
[WebServer] {"duration_ms": 14.19891700061271, "event": "console.request", "id_hash": "h_bd32b40a04b2", "status": "200"}
[WebServer] {"duration_ms": 14.703332999488339, "event": "console.request", "id_hash": "h_5e3cb2b077d5", "status": "200"}
[WebServer] {"duration_ms": 21.661292001226684, "event": "console.request", "id_hash": "h_38f7923c56d6", "status": "200"}
[WebServer] {"duration_ms": 1.6995830010273494, "event": "console.request", "id_hash": "h_2cebe35df497", "status": "200"}
[WebServer] {"duration_ms": 1.2278329995751847, "event": "console.request", "id_hash": "h_1b1aadb08b35", "status": "200"}
[WebServer] {"duration_ms": 2.374957999563776, "event": "console.request", "id_hash": "h_8530e6647b65", "status": "200"}
[WebServer] {"duration_ms": 14.407750000827946, "event": "console.request", "id_hash": "h_edcae23a4b8b", "status": "200"}
[WebServer] {"duration_ms": 15.967791998264147, "event": "console.request", "id_hash": "h_a281b57cdc4f", "status": "200"}
[WebServer] {"duration_ms": 2.4677910005266313, "event": "console.request", "id_hash": "h_2647fd1af472", "status": "200"}
[WebServer] {"duration_ms": 5.435916998976609, "event": "console.request", "id_hash": "h_4e0c74fc997c", "status": "200"}
[WebServer] {"duration_ms": 30.786375002207933, "event": "console.request", "id_hash": "h_982005c8c9d1", "status": "200"}
[WebServer] {"duration_ms": 11.39583400072297, "event": "console.request", "id_hash": "h_22ca9da8716e", "status": "200"}
[WebServer] {"duration_ms": 14.386708000529325, "event": "console.request", "id_hash": "h_e2ecbec94da8", "status": "200"}
[WebServer] {"duration_ms": 32.49012499873061, "event": "console.request", "id_hash": "h_994a46f1b3ca", "status": "200"}
[WebServer] {"duration_ms": 22.731332999683218, "event": "console.request", "id_hash": "h_7fd3fe600edc", "status": "200"}
[WebServer] {"duration_ms": 20.952708000550047, "event": "console.request", "id_hash": "h_84e9a538ac48", "status": "200"}
[WebServer] {"duration_ms": 14.847999998892192, "event": "console.request", "id_hash": "h_c332a28cce88", "status": "404"}
[WebServer] {"duration_ms": 19.161959000484785, "event": "console.request", "id_hash": "h_ab04f998a5c0", "status": "404"}
[WebServer] {"duration_ms": 20.699167002021568, "event": "console.request", "id_hash": "h_3d7415ff872d", "status": "200"}
[WebServer] {"duration_ms": 4.788292000739602, "event": "console.request", "id_hash": "h_e5968c4517c3", "status": "404"}
[WebServer] {"duration_ms": 0.862000000779517, "event": "console.request", "id_hash": "h_bd3b63d5b80e", "status": "200"}
[WebServer] {"duration_ms": 1.9327500012877863, "event": "console.request", "id_hash": "h_2b566e29f1e9", "status": "200"}
[WebServer] {"duration_ms": 1.1378340022929478, "event": "console.request", "id_hash": "h_7320f16d217b", "status": "200"}
[WebServer] {"duration_ms": 2.8108750011597294, "event": "console.request", "id_hash": "h_a7afc752cb68", "status": "200"}
[WebServer] {"duration_ms": 4.468708000786137, "event": "console.request", "id_hash": "h_82d50a2f51fe", "status": "200"}
[WebServer] {"duration_ms": 30.799000000115484, "event": "console.request", "id_hash": "h_9d68dbf38070", "status": "200"}
[WebServer] {"duration_ms": 4.572792000544723, "event": "console.request", "id_hash": "h_c2e7202eb52c", "status": "200"}
[WebServer] {"duration_ms": 25.561916998412926, "event": "console.request", "id_hash": "h_db9035f56e78", "status": "200"}
[WebServer] {"duration_ms": 26.61012499811477, "event": "console.request", "id_hash": "h_0e9f65e22655", "status": "200"}
[WebServer] {"duration_ms": 28.717707999021513, "event": "console.request", "id_hash": "h_b5a95f956759", "status": "200"}
[WebServer] {"duration_ms": 29.204957998445025, "event": "console.request", "id_hash": "h_64d4547f53ed", "status": "200"}
[WebServer] {"duration_ms": 22.05645800131606, "event": "console.request", "id_hash": "h_aed37b379702", "status": "201"}
[WebServer] {"duration_ms": 1.5721669988124631, "event": "console.request", "id_hash": "h_4b5b64cc6cf3", "status": "200"}
[WebServer] {"duration_ms": 8.149707999109523, "event": "console.request", "id_hash": "h_7a61ce623970", "status": "200"}
[WebServer] {"duration_ms": 0.9957500005839393, "event": "console.request", "id_hash": "h_8fde6bb131e7", "status": "200"}
[WebServer] {"duration_ms": 1.8767080000543501, "event": "console.request", "id_hash": "h_f86cee1ff2d7", "status": "200"}
[WebServer] {"duration_ms": 3.411749999941094, "event": "console.request", "id_hash": "h_14dc3884326e", "status": "200"}
[WebServer] {"duration_ms": 5.027999999583699, "event": "console.request", "id_hash": "h_b06881d86c1d", "status": "200"}
[WebServer] {"duration_ms": 30.55970800051, "event": "console.request", "id_hash": "h_6bf8ff53533f", "status": "200"}
[WebServer] {"duration_ms": 4.710249999334337, "event": "console.request", "id_hash": "h_e2fd1fee917f", "status": "200"}
[WebServer] {"duration_ms": 8.401834002143005, "event": "console.request", "id_hash": "h_b1c85ccae29e", "status": "200"}
[WebServer] {"duration_ms": 6.812125000578817, "event": "console.request", "id_hash": "h_b52a104d0830", "status": "404"}
  ✓  10 tests/browser/console.spec.ts:1430:1 › real State correction expiry deletion and recreation preserve identities (2.1s)
[WebServer] {"duration_ms": 0.8503750032105017, "event": "console.request", "id_hash": "h_df65033e0fa8", "status": "200"}
[WebServer] {"duration_ms": 1.382667000143556, "event": "console.request", "id_hash": "h_696116c03578", "status": "200"}
[WebServer] {"duration_ms": 2.2195840028871316, "event": "console.request", "id_hash": "h_b92355544e91", "status": "200"}
[WebServer] {"duration_ms": 2.8062500023224857, "event": "console.request", "id_hash": "h_f3728b6f951c", "status": "401"}
[WebServer] {"duration_ms": 102.43700000137324, "event": "console.request", "id_hash": "h_3d4692f72467", "status": "200"}
[WebServer] {"duration_ms": 6.618750001507578, "event": "console.request", "id_hash": "h_516ab02ba282", "status": "200"}
[WebServer] {"duration_ms": 51.859208000678336, "event": "console.request", "id_hash": "h_ca0582304d56", "status": "200"}
[WebServer] {"duration_ms": 6.09200000326382, "event": "console.request", "id_hash": "h_668743c7128c", "status": "200"}
[WebServer] {"duration_ms": 45.483457997761434, "event": "console.request", "id_hash": "h_6368112d4618", "status": "200"}
[WebServer] {"duration_ms": 46.699499998794636, "event": "console.request", "id_hash": "h_e4f93ea8f5b5", "status": "200"}
[WebServer] {"duration_ms": 46.32566600048449, "event": "console.request", "id_hash": "h_8af614af6fbf", "status": "200"}
[WebServer] {"duration_ms": 48.3587910021015, "event": "console.request", "id_hash": "h_fd84c094951e", "status": "200"}
[WebServer] {"duration_ms": 46.93141700045089, "event": "console.request", "id_hash": "h_8e0994689843", "status": "200"}
[WebServer] {"duration_ms": 21.568208001554012, "event": "console.request", "id_hash": "h_5a2b87aeea6a", "status": "201"}
[WebServer] {"duration_ms": 4.999958000553306, "event": "console.request", "id_hash": "h_a1de21e14de7", "status": "200"}
[WebServer] {"duration_ms": 9.788540999579709, "event": "console.request", "id_hash": "h_8f9a0427cf9e", "status": "200"}
[WebServer] {"duration_ms": 34.03466600138927, "event": "console.request", "id_hash": "h_597e44d04136", "status": "200"}
[WebServer] {"duration_ms": 42.23858400291647, "event": "console.request", "id_hash": "h_484639194651", "status": "200"}
[WebServer] {"duration_ms": 42.08837500118534, "event": "console.request", "id_hash": "h_26f8db6eea84", "status": "200"}
[WebServer] {"duration_ms": 20.65237499846262, "event": "console.request", "id_hash": "h_8c90b8c211f1", "status": "200"}
[WebServer] {"duration_ms": 12.342834001174197, "event": "console.request", "id_hash": "h_bc26e584f95b", "status": "200"}
[WebServer] {"duration_ms": 15.043917002913076, "event": "console.request", "id_hash": "h_8367a9919765", "status": "200"}
[WebServer] {"duration_ms": 36.14745899903937, "event": "console.request", "id_hash": "h_d7a47b15f1bc", "status": "200"}
[WebServer] {"duration_ms": 43.92533300051582, "event": "console.request", "id_hash": "h_452b85d61117", "status": "200"}
[WebServer] {"duration_ms": 43.87004200179945, "event": "console.request", "id_hash": "h_fedd1bbc0707", "status": "200"}
[WebServer] {"duration_ms": 19.99000000068918, "event": "console.request", "id_hash": "h_d753b00cd599", "status": "200"}
[WebServer] {"duration_ms": 8.336541999597102, "event": "console.request", "id_hash": "h_93bf0279a309", "status": "200"}
[WebServer] {"duration_ms": 12.805417001800379, "event": "console.request", "id_hash": "h_ff23950e416e", "status": "200"}
[WebServer] {"duration_ms": 35.97124999942025, "event": "console.request", "id_hash": "h_c3a67a84d982", "status": "200"}
[WebServer] {"duration_ms": 43.70537499926286, "event": "console.request", "id_hash": "h_1eead47e6b10", "status": "200"}
[WebServer] {"duration_ms": 44.87700000026962, "event": "console.request", "id_hash": "h_75a9b532d01d", "status": "200"}
[WebServer] {"duration_ms": 20.040708001033636, "event": "console.request", "id_hash": "h_97091bb20d23", "status": "200"}
[WebServer] {"duration_ms": 0.982834000751609, "event": "console.request", "id_hash": "h_9d51dcf33c47", "status": "200"}
[WebServer] {"duration_ms": 2.3805409982742276, "event": "console.request", "id_hash": "h_4de8d56b9bc9", "status": "200"}
[WebServer] {"duration_ms": 1.8767080000543501, "event": "console.request", "id_hash": "h_5ce9a129da99", "status": "200"}
[WebServer] {"duration_ms": 19.413250000070548, "event": "console.request", "id_hash": "h_7c0be92fe16f", "status": "200"}
[WebServer] {"duration_ms": 6.97566699818708, "event": "console.request", "id_hash": "h_804e9c32a1ce", "status": "200"}
[WebServer] {"duration_ms": 23.10754200152587, "event": "console.request", "id_hash": "h_c5ba7e1b58e2", "status": "200"}
[WebServer] {"duration_ms": 4.747540999233024, "event": "console.request", "id_hash": "h_1921580fc4da", "status": "200"}
[WebServer] {"duration_ms": 30.104375000519212, "event": "console.request", "id_hash": "h_87accf73486d", "status": "200"}
[WebServer] {"duration_ms": 8.410333000938408, "event": "console.request", "id_hash": "h_737a4ad1d836", "status": "200"}
[WebServer] {"duration_ms": 13.464415998896584, "event": "console.request", "id_hash": "h_9450dc12081a", "status": "200"}
[WebServer] {"duration_ms": 40.986249998240964, "event": "console.request", "id_hash": "h_c5ec29a72dab", "status": "200"}
[WebServer] {"duration_ms": 41.42433399829315, "event": "console.request", "id_hash": "h_ff8a93ef0be2", "status": "200"}
[WebServer] {"duration_ms": 45.76858300060849, "event": "console.request", "id_hash": "h_2c998b822f32", "status": "200"}
  ✓  11 tests/browser/console.spec.ts:1597:1 › real Task create edit and transitions preserve revisions in Required mode (1.4s)
[WebServer] {"duration_ms": 1.4017079993209336, "event": "console.request", "id_hash": "h_d48ecae6915c", "status": "200"}
[WebServer] {"duration_ms": 1.341250001132721, "event": "console.request", "id_hash": "h_7eaad2b46172", "status": "200"}
[WebServer] {"duration_ms": 2.1468749982886948, "event": "console.request", "id_hash": "h_7e77728e2351", "status": "200"}
[WebServer] {"duration_ms": 3.8621249987045303, "event": "console.request", "id_hash": "h_d6646bccbfa4", "status": "401"}
[WebServer] {"duration_ms": 102.49449999901117, "event": "console.request", "id_hash": "h_492affca8add", "status": "200"}
[WebServer] {"duration_ms": 6.5662499982863665, "event": "console.request", "id_hash": "h_4c96249e4712", "status": "200"}
[WebServer] {"duration_ms": 34.9417090001225, "event": "console.request", "id_hash": "h_c2fb2ac60f75", "status": "200"}
[WebServer] {"duration_ms": 5.944666998402681, "event": "console.request", "id_hash": "h_345add9502e9", "status": "200"}
[WebServer] {"duration_ms": 46.76904199732235, "event": "console.request", "id_hash": "h_4ff94a9c2bf2", "status": "200"}
[WebServer] {"duration_ms": 49.68074999851524, "event": "console.request", "id_hash": "h_acf3e083a670", "status": "200"}
[WebServer] {"duration_ms": 48.54158299713163, "event": "console.request", "id_hash": "h_0a077cfcb5f0", "status": "200"}
[WebServer] {"duration_ms": 49.54233399985242, "event": "console.request", "id_hash": "h_d76348355b14", "status": "200"}
[WebServer] {"duration_ms": 49.51716700088582, "event": "console.request", "id_hash": "h_772dcac12fa3", "status": "200"}
[WebServer] {"duration_ms": 21.53679199909675, "event": "console.request", "id_hash": "h_6608f41de9ed", "status": "201"}
[WebServer] {"duration_ms": 5.040791998908389, "event": "console.request", "id_hash": "h_9669a82f13a0", "status": "200"}
[WebServer] {"duration_ms": 9.127375000389293, "event": "console.request", "id_hash": "h_d1c08e5552a6", "status": "200"}
[WebServer] {"duration_ms": 35.433124998235144, "event": "console.request", "id_hash": "h_97724f349ea1", "status": "200"}
[WebServer] {"duration_ms": 44.08545800106367, "event": "console.request", "id_hash": "h_76121e69dbfe", "status": "200"}
[WebServer] {"duration_ms": 44.41049999877578, "event": "console.request", "id_hash": "h_f4a2c11a4588", "status": "200"}
[WebServer] {"duration_ms": 20.210791000863537, "event": "console.request", "id_hash": "h_c9ac95bc232e", "status": "201"}
[WebServer] {"duration_ms": 24.638041999423876, "event": "console.request", "id_hash": "h_1db6c487ceca", "status": "200"}
[WebServer] {"duration_ms": 32.77187499770662, "event": "console.request", "id_hash": "h_6bde26e51053", "status": "200"}
[WebServer] {"duration_ms": 32.755874999566004, "event": "console.request", "id_hash": "h_0b43a37e2c19", "status": "200"}
[WebServer] {"duration_ms": 26.563749997876585, "event": "console.request", "id_hash": "h_007c2492d4bb", "status": "200"}
[WebServer] {"duration_ms": 32.37458399962634, "event": "console.request", "id_hash": "h_a6fc457508e9", "status": "200"}
[WebServer] {"duration_ms": 36.527708998619346, "event": "console.request", "id_hash": "h_dacb42cb2a33", "status": "200"}
[WebServer] {"duration_ms": 20.566584000334842, "event": "console.request", "id_hash": "h_d43ea89d084f", "status": "200"}
[WebServer] {"duration_ms": 27.18737499890267, "event": "console.request", "id_hash": "h_dcba7acb1737", "status": "200"}
[WebServer] {"duration_ms": 26.65008399708313, "event": "console.request", "id_hash": "h_4d23870d73ed", "status": "200"}
[WebServer] {"duration_ms": 30.502083998726448, "event": "console.request", "id_hash": "h_ababa2d31e3a", "status": "200"}
[WebServer] {"duration_ms": 22.209833998203976, "event": "console.request", "id_hash": "h_71d111b0c4b4", "status": "200"}
[WebServer] {"duration_ms": 34.81308399932459, "event": "console.request", "id_hash": "h_a7c2840da3dd", "status": "200"}
[WebServer] {"duration_ms": 35.59862499969313, "event": "console.request", "id_hash": "h_66fa00b83c56", "status": "200"}
[WebServer] {"duration_ms": 21.108207998622674, "event": "console.request", "id_hash": "h_8060f52a7dd4", "status": "200"}
[WebServer] {"duration_ms": 1.3488750009855721, "event": "console.request", "id_hash": "h_e2d4ea97ac87", "status": "200"}
[WebServer] {"duration_ms": 1.7960000004677568, "event": "console.request", "id_hash": "h_738ef72c88f1", "status": "200"}
[WebServer] {"duration_ms": 1.1263749984209426, "event": "console.request", "id_hash": "h_681c4fd1deb5", "status": "200"}
[WebServer] {"duration_ms": 13.609833000373328, "event": "console.request", "id_hash": "h_a0f7166214c6", "status": "200"}
[WebServer] {"duration_ms": 31.734874999528984, "event": "console.request", "id_hash": "h_16b666accff4", "status": "200"}
[WebServer] {"duration_ms": 41.87412499959464, "event": "console.request", "id_hash": "h_227d6ccc2de5", "status": "200"}
[WebServer] {"duration_ms": 48.01662500176462, "event": "console.request", "id_hash": "h_acaf809eeecb", "status": "200"}
[WebServer] {"duration_ms": 15.163374999247026, "event": "console.request", "id_hash": "h_5a1f76577814", "status": "200"}
[WebServer] {"duration_ms": 29.763958002149593, "event": "console.request", "id_hash": "h_5e803b5c5436", "status": "200"}
[WebServer] {"duration_ms": 8.112999999866588, "event": "console.request", "id_hash": "h_cb6e523fd0ee", "status": "200"}
[WebServer] {"duration_ms": 13.124458000675077, "event": "console.request", "id_hash": "h_b4fb8074f6f0", "status": "200"}
[WebServer] {"duration_ms": 30.13204200033215, "event": "console.request", "id_hash": "h_d2fabfe739f6", "status": "200"}
[WebServer] {"duration_ms": 35.30566700283089, "event": "console.request", "id_hash": "h_7bff05fa0efa", "status": "200"}
[WebServer] {"duration_ms": 40.38225000113016, "event": "console.request", "id_hash": "h_d62d102d22e0", "status": "200"}
  ✓  12 tests/browser/console.spec.ts:1703:1 › real Task steps atomically advance child and parent revisions (1.7s)
[WebServer] {"duration_ms": 0.8688329980941489, "event": "console.request", "id_hash": "h_37cbbb1be287", "status": "200"}
[WebServer] {"duration_ms": 1.5933330032567028, "event": "console.request", "id_hash": "h_016d510e65c5", "status": "200"}
[WebServer] {"duration_ms": 1.0441660015203524, "event": "console.request", "id_hash": "h_44945d9601c1", "status": "200"}
[WebServer] {"duration_ms": 4.082041999936337, "event": "console.request", "id_hash": "h_030d417f92b1", "status": "401"}
[WebServer] {"duration_ms": 101.07629200138035, "event": "console.request", "id_hash": "h_007a094320fb", "status": "200"}
[WebServer] {"duration_ms": 6.8325829997775145, "event": "console.request", "id_hash": "h_28e0808c2d32", "status": "200"}
[WebServer] {"duration_ms": 47.83862499971292, "event": "console.request", "id_hash": "h_f37a88f96727", "status": "200"}
[WebServer] {"duration_ms": 5.177041999559151, "event": "console.request", "id_hash": "h_ffaad9a68ff2", "status": "200"}
[WebServer] {"duration_ms": 44.3844170004013, "event": "console.request", "id_hash": "h_9c4ce6aaf000", "status": "200"}
[WebServer] {"duration_ms": 46.08458400252857, "event": "console.request", "id_hash": "h_4c0cfabea256", "status": "200"}
[WebServer] {"duration_ms": 45.74175000016112, "event": "console.request", "id_hash": "h_3192c1716f41", "status": "200"}
[WebServer] {"duration_ms": 47.87387499891338, "event": "console.request", "id_hash": "h_0937dc773a18", "status": "200"}
[WebServer] {"duration_ms": 47.42416700173635, "event": "console.request", "id_hash": "h_2ad3183e76bf", "status": "200"}
[WebServer] {"duration_ms": 23.19383400026709, "event": "console.request", "id_hash": "h_b437f7e042f6", "status": "201"}
[WebServer] {"duration_ms": 5.181624997931067, "event": "console.request", "id_hash": "h_0da0aa5cee7e", "status": "200"}
[WebServer] {"duration_ms": 9.624250000342727, "event": "console.request", "id_hash": "h_9d6a25b15b16", "status": "200"}
[WebServer] {"duration_ms": 30.883625000569737, "event": "console.request", "id_hash": "h_e52b74a82792", "status": "200"}
[WebServer] {"duration_ms": 38.37187500175787, "event": "console.request", "id_hash": "h_78d499ed0178", "status": "200"}
[WebServer] {"duration_ms": 39.25183300088975, "event": "console.request", "id_hash": "h_5f2cf1f0c1b3", "status": "200"}
[WebServer] {"duration_ms": 21.086542001285125, "event": "console.request", "id_hash": "h_982f18f5fdb2", "status": "201"}
[WebServer] {"duration_ms": 14.665917002275819, "event": "console.request", "id_hash": "h_d10dd953ee56", "status": "200"}
[WebServer] {"duration_ms": 24.760332998994272, "event": "console.request", "id_hash": "h_31009f45d68d", "status": "200"}
[WebServer] {"duration_ms": 27.124666998133762, "event": "console.request", "id_hash": "h_542f6956d2ea", "status": "200"}
[WebServer] {"duration_ms": 28.89583299838705, "event": "console.request", "id_hash": "h_f1b56ab40152", "status": "200"}
[WebServer] {"duration_ms": 38.579333002417115, "event": "console.request", "id_hash": "h_699d6b4a3022", "status": "200"}
[WebServer] {"duration_ms": 38.88712499974645, "event": "console.request", "id_hash": "h_9a7af662879e", "status": "200"}
[WebServer] {"duration_ms": 20.311958000093, "event": "console.request", "id_hash": "h_3f2dc427c352", "status": "201"}
[WebServer] {"duration_ms": 29.364292000536807, "event": "console.request", "id_hash": "h_9b67f54b41fd", "status": "200"}
[WebServer] {"duration_ms": 33.709499999531545, "event": "console.request", "id_hash": "h_c2ab4daee735", "status": "200"}
[WebServer] {"duration_ms": 39.37404200041783, "event": "console.request", "id_hash": "h_222842b6754c", "status": "200"}
[WebServer] {"duration_ms": 28.331541001534788, "event": "console.request", "id_hash": "h_90e64150c444", "status": "200"}
[WebServer] {"duration_ms": 32.29216700128745, "event": "console.request", "id_hash": "h_525900d7b7ba", "status": "200"}
[WebServer] {"duration_ms": 37.2180419981305, "event": "console.request", "id_hash": "h_b048d67eec41", "status": "200"}
[WebServer] {"duration_ms": 22.99700000003213, "event": "console.request", "id_hash": "h_53db7ba54c37", "status": "200"}
[WebServer] {"duration_ms": 22.67208400007803, "event": "console.request", "id_hash": "h_6deeb3e52deb", "status": "200"}
[WebServer] {"duration_ms": 23.477333001210354, "event": "console.request", "id_hash": "h_3fbf9d446528", "status": "201"}
[WebServer] {"duration_ms": 25.04854200014961, "event": "console.request", "id_hash": "h_3c1142b91a18", "status": "200"}
[WebServer] {"duration_ms": 34.337458997470094, "event": "console.request", "id_hash": "h_19d51d558676", "status": "200"}
[WebServer] {"duration_ms": 34.41949999978533, "event": "console.request", "id_hash": "h_aee11814bdc5", "status": "200"}
[WebServer] {"duration_ms": 41.33920800086344, "event": "console.request", "id_hash": "h_21acc6de9e87", "status": "200"}
[WebServer] {"duration_ms": 40.71687499890686, "event": "console.request", "id_hash": "h_9fdc7bf799e9", "status": "200"}
[WebServer] {"duration_ms": 45.77774999779649, "event": "console.request", "id_hash": "h_6be0fa39602f", "status": "200"}
[WebServer] {"duration_ms": 24.853082999470644, "event": "console.request", "id_hash": "h_69f5e93a6711", "status": "200"}
[WebServer] {"duration_ms": 25.36354199764901, "event": "console.request", "id_hash": "h_19edee08e383", "status": "200"}
[WebServer] {"duration_ms": 34.925709001981886, "event": "console.request", "id_hash": "h_62078468c9aa", "status": "200"}
[WebServer] {"duration_ms": 34.92199999891454, "event": "console.request", "id_hash": "h_80ffbd008587", "status": "200"}
[WebServer] {"duration_ms": 30.33474999756436, "event": "console.request", "id_hash": "h_0ed5c0b45b87", "status": "200"}
[WebServer] {"duration_ms": 37.34400000030291, "event": "console.request", "id_hash": "h_a36efa3d14c4", "status": "200"}
[WebServer] {"duration_ms": 38.549875000171596, "event": "console.request", "id_hash": "h_70346de15263", "status": "200"}
[WebServer] {"duration_ms": 14.666582999780076, "event": "console.request", "id_hash": "h_69d23e9300da", "status": "200"}
[WebServer] {"duration_ms": 18.99237500037998, "event": "console.request", "id_hash": "h_6f77dfcc02ce", "status": "200"}
[WebServer] {"duration_ms": 20.203207997838035, "event": "console.request", "id_hash": "h_2e5234e4b78e", "status": "201"}
[WebServer] {"duration_ms": 1.1738749999494758, "event": "console.request", "id_hash": "h_3dfc38a2185a", "status": "200"}
[WebServer] {"duration_ms": 1.909082999191014, "event": "console.request", "id_hash": "h_6e54ac8417fe", "status": "200"}
[WebServer] {"duration_ms": 1.5967500003171153, "event": "console.request", "id_hash": "h_7f9372124fd4", "status": "200"}
[WebServer] {"duration_ms": 13.80033300301875, "event": "console.request", "id_hash": "h_ae75ff3b5969", "status": "200"}
[WebServer] {"duration_ms": 34.260207998158876, "event": "console.request", "id_hash": "h_3653dff1c98b", "status": "200"}
[WebServer] {"duration_ms": 17.147875001683133, "event": "console.request", "id_hash": "h_ba2a880dccc2", "status": "200"}
[WebServer] {"duration_ms": 51.540082997235004, "event": "console.request", "id_hash": "h_fe008887d227", "status": "200"}
[WebServer] {"duration_ms": 51.925332998507656, "event": "console.request", "id_hash": "h_2b4847600a39", "status": "200"}
[WebServer] {"duration_ms": 29.768208998575574, "event": "console.request", "id_hash": "h_2d190b9dafde", "status": "200"}
[WebServer] {"duration_ms": 8.760584001720417, "event": "console.request", "id_hash": "h_6b6757abaf04", "status": "200"}
[WebServer] {"duration_ms": 13.26912500007893, "event": "console.request", "id_hash": "h_de21109c8201", "status": "200"}
[WebServer] {"duration_ms": 38.26441700221039, "event": "console.request", "id_hash": "h_ddc1eafdbb5f", "status": "200"}
[WebServer] {"duration_ms": 45.53237499931129, "event": "console.request", "id_hash": "h_f8cb8cb8a4ea", "status": "200"}
[WebServer] {"duration_ms": 45.38850000244565, "event": "console.request", "id_hash": "h_98857797e4f1", "status": "200"}
  ✓  13 tests/browser/console.spec.ts:1804:1 › real dependency creation removal and reactivation preserve its ID (2.3s)
[WebServer] {"duration_ms": 1.0530409999773838, "event": "console.request", "id_hash": "h_7083b2eb0785", "status": "200"}
[WebServer] {"duration_ms": 1.5765829994052183, "event": "console.request", "id_hash": "h_2db2c2e79b1c", "status": "200"}
[WebServer] {"duration_ms": 1.235709001775831, "event": "console.request", "id_hash": "h_8c7f2aa69f8c", "status": "200"}
[WebServer] {"duration_ms": 3.3067500007746276, "event": "console.request", "id_hash": "h_0739b71998e2", "status": "401"}
[WebServer] {"duration_ms": 100.96183299901895, "event": "console.request", "id_hash": "h_70536827fbf5", "status": "429"}
[WebServer] {"duration_ms": 102.70533299990348, "event": "console.request", "id_hash": "h_6a257ddc7c00", "status": "429"}
[WebServer] {"duration_ms": 102.89312500026426, "event": "console.request", "id_hash": "h_ccc5eb009993", "status": "200"}
[WebServer] {"duration_ms": 10.309250003047055, "event": "console.request", "id_hash": "h_03aa17f708da", "status": "200"}
[WebServer] {"duration_ms": 32.53641700212029, "event": "console.request", "id_hash": "h_39aa8154db88", "status": "200"}
[WebServer] {"duration_ms": 6.921750002220506, "event": "console.request", "id_hash": "h_19ff4117c59e", "status": "200"}
[WebServer] {"duration_ms": 46.78179199981969, "event": "console.request", "id_hash": "h_39aa6e5fd55b", "status": "200"}
[WebServer] {"duration_ms": 48.491417001059745, "event": "console.request", "id_hash": "h_35e58ef4790b", "status": "200"}
[WebServer] {"duration_ms": 48.39554200225393, "event": "console.request", "id_hash": "h_73c4fd83f23d", "status": "200"}
[WebServer] {"duration_ms": 48.67599999852246, "event": "console.request", "id_hash": "h_b2d2f99a8dc1", "status": "200"}
[WebServer] {"duration_ms": 49.83695799819543, "event": "console.request", "id_hash": "h_26dbae348913", "status": "200"}
[WebServer] {"duration_ms": 22.845666000648635, "event": "console.request", "id_hash": "h_d44e880a4ce1", "status": "201"}
[WebServer] {"duration_ms": 5.832750000990927, "event": "console.request", "id_hash": "h_80e3af257731", "status": "200"}
[WebServer] {"duration_ms": 8.465791997878114, "event": "console.request", "id_hash": "h_705b03e7fe5f", "status": "200"}
[WebServer] {"duration_ms": 27.724125000531785, "event": "console.request", "id_hash": "h_09dfa991b3da", "status": "200"}
[WebServer] {"duration_ms": 31.86966700013727, "event": "console.request", "id_hash": "h_a56eaf9c6c04", "status": "200"}
[WebServer] {"duration_ms": 37.60991600211128, "event": "console.request", "id_hash": "h_0aa8a057764e", "status": "200"}
[WebServer] {"duration_ms": 10.425624997878913, "event": "console.request", "id_hash": "h_2731c9e9b900", "status": "200"}
[WebServer] {"duration_ms": 19.94070799992187, "event": "console.request", "id_hash": "h_e4074f3d5c0f", "status": "201"}
[WebServer] {"duration_ms": 21.877416998904664, "event": "console.request", "id_hash": "h_fff63882673d", "status": "200"}
[WebServer] {"duration_ms": 32.212291000178084, "event": "console.request", "id_hash": "h_fae151e5e6ad", "status": "200"}
[WebServer] {"duration_ms": 32.21654099979787, "event": "console.request", "id_hash": "h_95d2fa6364f4", "status": "200"}
[WebServer] {"duration_ms": 31.35758400094346, "event": "console.request", "id_hash": "h_666b534c67be", "status": "200"}
[WebServer] {"duration_ms": 32.15745800116565, "event": "console.request", "id_hash": "h_7afd5cb95afd", "status": "200"}
[WebServer] {"duration_ms": 36.765790999197634, "event": "console.request", "id_hash": "h_a78b89ff4ff7", "status": "200"}
[WebServer] {"duration_ms": 7.018584001343697, "event": "console.request", "id_hash": "h_c00f0c580237", "status": "200"}
[WebServer] {"duration_ms": 8.668332997331163, "event": "console.request", "id_hash": "h_4c2c104e9714", "status": "200"}
[WebServer] {"duration_ms": 19.251499998063082, "event": "console.request", "id_hash": "h_ad733d367d26", "status": "200"}
[WebServer] {"duration_ms": 16.821999997773673, "event": "console.request", "id_hash": "h_a08d351bcb93", "status": "200"}
[WebServer] {"duration_ms": 30.366458002390573, "event": "console.request", "id_hash": "h_f0c053c5c996", "status": "200"}
[WebServer] {"duration_ms": 30.382332999579376, "event": "console.request", "id_hash": "h_ee8a5465385f", "status": "200"}
[WebServer] {"duration_ms": 27.536124998732703, "event": "console.request", "id_hash": "h_2e4b0f94c420", "status": "200"}
[WebServer] {"duration_ms": 31.51958299713442, "event": "console.request", "id_hash": "h_00e16a17963c", "status": "200"}
[WebServer] {"duration_ms": 37.106667001353344, "event": "console.request", "id_hash": "h_b610648cef1b", "status": "200"}
[WebServer] {"duration_ms": 6.698291999782668, "event": "console.request", "id_hash": "h_d2d9a068a879", "status": "200"}
[WebServer] {"duration_ms": 21.787249999761116, "event": "console.request", "id_hash": "h_e2f93c2adf50", "status": "200"}
[WebServer] {"duration_ms": 22.241167000174755, "event": "console.request", "id_hash": "h_ecff50f01312", "status": "200"}
[WebServer] {"duration_ms": 32.7365409975755, "event": "console.request", "id_hash": "h_7f692834fe14", "status": "200"}
[WebServer] {"duration_ms": 32.479375000548316, "event": "console.request", "id_hash": "h_5ec3224d4331", "status": "200"}
[WebServer] {"duration_ms": 42.21579200020642, "event": "console.request", "id_hash": "h_72c7e1861547", "status": "200"}
[WebServer] {"duration_ms": 49.67370899976231, "event": "console.request", "id_hash": "h_80aad0da8b04", "status": "200"}
[WebServer] {"duration_ms": 49.09487499753595, "event": "console.request", "id_hash": "h_f2d4bf833aa6", "status": "200"}
[WebServer] {"duration_ms": 8.944916000473313, "event": "console.request", "id_hash": "h_ae209907845a", "status": "200"}
[WebServer] {"duration_ms": 24.581333997048205, "event": "console.request", "id_hash": "h_7dae8410d41d", "status": "200"}
[WebServer] {"duration_ms": 1.1206669987586793, "event": "console.request", "id_hash": "h_517c6c081c42", "status": "200"}
[WebServer] {"duration_ms": 2.3985410007298924, "event": "console.request", "id_hash": "h_c8a7210eed4e", "status": "200"}
[WebServer] {"duration_ms": 1.7197080014739186, "event": "console.request", "id_hash": "h_3923d49867f3", "status": "200"}
[WebServer] {"duration_ms": 12.896541000372963, "event": "console.request", "id_hash": "h_34686f5e20b2", "status": "200"}
[WebServer] {"duration_ms": 33.49833299944294, "event": "console.request", "id_hash": "h_be6c9e66bf58", "status": "200"}
[WebServer] {"duration_ms": 17.841249999037245, "event": "console.request", "id_hash": "h_5de1d7b478ff", "status": "200"}
[WebServer] {"duration_ms": 52.5177919989801, "event": "console.request", "id_hash": "h_67a6ad567039", "status": "200"}
[WebServer] {"duration_ms": 52.58370799856493, "event": "console.request", "id_hash": "h_a66e9f695048", "status": "200"}
[WebServer] {"duration_ms": 28.59237500160816, "event": "console.request", "id_hash": "h_e825491aa886", "status": "200"}
[WebServer] {"duration_ms": 11.658375002298271, "event": "console.request", "id_hash": "h_259bbd00a0ed", "status": "200"}
[WebServer] {"duration_ms": 15.118916999199428, "event": "console.request", "id_hash": "h_05ffe8b4cb47", "status": "200"}
[WebServer] {"duration_ms": 32.29495800042059, "event": "console.request", "id_hash": "h_25b79e5d4de9", "status": "200"}
[WebServer] {"duration_ms": 40.039125000475906, "event": "console.request", "id_hash": "h_9f968923e96a", "status": "200"}
[WebServer] {"duration_ms": 39.584750000358326, "event": "console.request", "id_hash": "h_3b84a71f321f", "status": "200"}
[WebServer] {"duration_ms": 8.209542000258807, "event": "console.request", "id_hash": "h_74ef3d1cedcc", "status": "200"}
[WebServer] {"duration_ms": 9.16624999808846, "event": "console.request", "id_hash": "h_749eea22f905", "status": "200"}
[WebServer] {"duration_ms": 0.8442500002274755, "event": "console.request", "id_hash": "h_5c8dbc10e46c", "status": "200"}
[WebServer] {"duration_ms": 1.2212090005050413, "event": "console.request", "id_hash": "h_dcb5f812dbdf", "status": "200"}
[WebServer] {"duration_ms": 1.3000420003663749, "event": "console.request", "id_hash": "h_56a477d091a8", "status": "200"}
[WebServer] {"duration_ms": 2.6802499996847473, "event": "console.request", "id_hash": "h_0e229afbf218", "status": "200"}
[WebServer] {"duration_ms": 4.614707999280654, "event": "console.request", "id_hash": "h_14583c14d83e", "status": "200"}
[WebServer] {"duration_ms": 29.012291997787543, "event": "console.request", "id_hash": "h_0d25ac708009", "status": "200"}
[WebServer] {"duration_ms": 7.622999997693114, "event": "console.request", "id_hash": "h_dc7831083bb4", "status": "200"}
[WebServer] {"duration_ms": 13.269665996631375, "event": "console.request", "id_hash": "h_2964d3877516", "status": "200"}
[WebServer] {"duration_ms": 31.259792001947062, "event": "console.request", "id_hash": "h_1574ea926629", "status": "200"}
[WebServer] {"duration_ms": 38.635916000203, "event": "console.request", "id_hash": "h_0a1fa46450be", "status": "200"}
[WebServer] {"duration_ms": 38.519834000908304, "event": "console.request", "id_hash": "h_17c6a64ee57b", "status": "200"}
[WebServer] {"duration_ms": 19.982292000349844, "event": "console.request", "id_hash": "h_f531ee2b68e4", "status": "200"}
[WebServer] {"duration_ms": 12.852375002694316, "event": "console.request", "id_hash": "h_75cea26a032c", "status": "200"}
[WebServer] {"duration_ms": 13.423542000964517, "event": "console.request", "id_hash": "h_54283dd24779", "status": "200"}
[WebServer] {"duration_ms": 29.688958999031456, "event": "console.request", "id_hash": "h_88a0c26baf66", "status": "200"}
[WebServer] {"duration_ms": 32.832082997629186, "event": "console.request", "id_hash": "h_540a3e607ac4", "status": "200"}
[WebServer] {"duration_ms": 37.038958002085565, "event": "console.request", "id_hash": "h_5a75bdaf3dd9", "status": "200"}
[WebServer] {"duration_ms": 29.646416998730274, "event": "console.request", "id_hash": "h_7447e6a4dc6d", "status": "200"}
[WebServer] {"duration_ms": 23.836791999201523, "event": "console.request", "id_hash": "h_221599364f63", "status": "200"}
[WebServer] {"duration_ms": 32.6592499986873, "event": "console.request", "id_hash": "h_79510155240f", "status": "200"}
[WebServer] {"duration_ms": 21.0973749999539, "event": "console.request", "id_hash": "h_1701207abcce", "status": "404"}
[WebServer] {"duration_ms": 20.787624998774845, "event": "console.request", "id_hash": "h_6f1f1daabbde", "status": "404"}
[WebServer] {"duration_ms": 24.100375001580687, "event": "console.request", "id_hash": "h_5775bb1a574e", "status": "200"}
[WebServer] {"duration_ms": 5.881458997464506, "event": "console.request", "id_hash": "h_b6281863ba8b", "status": "404"}
[WebServer] {"duration_ms": 4.109165998670505, "event": "console.request", "id_hash": "h_11093d178176", "status": "404"}
[WebServer] {"duration_ms": 1.0802500000863802, "event": "console.request", "id_hash": "h_733f2d2109ab", "status": "200"}
[WebServer] {"duration_ms": 1.6445419969386421, "event": "console.request", "id_hash": "h_348fb9bec0c5", "status": "200"}
[WebServer] {"duration_ms": 0.912832998437807, "event": "console.request", "id_hash": "h_b2d57d7378fc", "status": "200"}
[WebServer] {"duration_ms": 2.9065410017210525, "event": "console.request", "id_hash": "h_fc5033c94574", "status": "200"}
[WebServer] {"duration_ms": 5.147500000020955, "event": "console.request", "id_hash": "h_527d224136a8", "status": "200"}
[WebServer] {"duration_ms": 29.72083400163683, "event": "console.request", "id_hash": "h_9366dec3bcca", "status": "200"}
[WebServer] {"duration_ms": 6.51770900003612, "event": "console.request", "id_hash": "h_9e8225390849", "status": "404"}
[WebServer] {"duration_ms": 9.192334000545088, "event": "console.request", "id_hash": "h_205c178c84f1", "status": "200"}
  ✓  14 tests/browser/console.spec.ts:1926:1 › real trigger lifecycle and Task forget preserve revisions and delete the plan (56.2s)
[WebServer] {"duration_ms": 0.8497080016240943, "event": "console.request", "id_hash": "h_c1a370e5d90c", "status": "200"}
[WebServer] {"duration_ms": 1.3774580002063885, "event": "console.request", "id_hash": "h_32959d8f7d87", "status": "200"}
[WebServer] {"duration_ms": 0.9543750020384323, "event": "console.request", "id_hash": "h_117b2cbbbaaf", "status": "200"}
[WebServer] {"duration_ms": 2.6761670014820993, "event": "console.request", "id_hash": "h_730e46d925b5", "status": "401"}
[WebServer] {"duration_ms": 102.4497500002326, "event": "console.request", "id_hash": "h_336b6053d046", "status": "200"}
[WebServer] {"duration_ms": 7.349542000156362, "event": "console.request", "id_hash": "h_6b1d04d58b4a", "status": "200"}
[WebServer] {"duration_ms": 35.50291700230446, "event": "console.request", "id_hash": "h_323ec3669118", "status": "200"}
[WebServer] {"duration_ms": 8.891624998796033, "event": "console.request", "id_hash": "h_faba12feb77a", "status": "200"}
[WebServer] {"duration_ms": 9.500916999968467, "event": "console.request", "id_hash": "h_585edba1f81e", "status": "200"}
[WebServer] {"duration_ms": 32.270583000354236, "event": "console.request", "id_hash": "h_507c58c886aa", "status": "200"}
[WebServer] {"duration_ms": 50.73774999982561, "event": "console.request", "id_hash": "h_ee39fb3b1ccb", "status": "200"}
[WebServer] {"duration_ms": 35.342667000804795, "event": "console.request", "id_hash": "h_bc7b78437c94", "status": "202"}
[WebServer] {"duration_ms": 7.123833001969615, "event": "console.request", "id_hash": "h_7e0c2092e395", "status": "200"}
[WebServer] {"duration_ms": 4.426457999215927, "event": "console.request", "id_hash": "h_5e81d930351d", "status": "200"}
[WebServer] {"duration_ms": 18.92470799793955, "event": "console.request", "id_hash": "h_522a2aa23715", "status": "200"}
[WebServer] {"duration_ms": 43.27220800041687, "event": "console.request", "id_hash": "h_bdb3e13a32c2", "status": "200"}
[WebServer] {"duration_ms": 6.524583001009887, "event": "console.request", "id_hash": "h_069813566703", "status": "200"}
[WebServer] {"duration_ms": 9.480000000621658, "event": "console.request", "id_hash": "h_e2ebae697300", "status": "200"}
  ✓  15 tests/browser/console.spec.ts:2105:1 › real fixed-filter operation accepts 51 targets and cancellation preserves the first committed batch (2.3s)
[WebServer] {"duration_ms": 0.9610000015527476, "event": "console.request", "id_hash": "h_7a08293a3bd7", "status": "200"}
[WebServer] {"duration_ms": 0.8906670009309892, "event": "console.request", "id_hash": "h_60f896e5b555", "status": "200"}
[WebServer] {"duration_ms": 1.6249580003204755, "event": "console.request", "id_hash": "h_07b6ebc837ad", "status": "200"}
[WebServer] {"duration_ms": 4.214749998936895, "event": "console.request", "id_hash": "h_8a7e9ead58ea", "status": "401"}
[WebServer] {"duration_ms": 100.60845800035167, "event": "console.request", "id_hash": "h_bce5c4fdec9c", "status": "200"}
[WebServer] {"duration_ms": 1.2260000003152527, "event": "console.request", "id_hash": "h_21edcf6e215a", "status": "200"}
[WebServer] {"duration_ms": 10.477874999196501, "event": "console.request", "id_hash": "h_9f886230e3f2", "status": "200"}
[WebServer] {"duration_ms": 1.955833999090828, "event": "console.request", "id_hash": "h_9dffae204541", "status": "200"}
[WebServer] {"duration_ms": 1.4313749998109415, "event": "console.request", "id_hash": "h_cca92eae56a8", "status": "200"}
[WebServer] {"duration_ms": 3.1279169998015277, "event": "console.request", "id_hash": "h_9774314d35c0", "status": "200"}
[WebServer] {"duration_ms": 5.4543750011362135, "event": "console.request", "id_hash": "h_a6e971348d2a", "status": "200"}
[WebServer] {"duration_ms": 30.810249998467043, "event": "console.request", "id_hash": "h_a7098e00e45d", "status": "200"}
[WebServer] {"duration_ms": 12.374208999972325, "event": "console.request", "id_hash": "h_e7519b91681b", "status": "200"}
[WebServer] {"duration_ms": 13.696416997845517, "event": "console.request", "id_hash": "h_87b30c71419e", "status": "200"}
[WebServer] {"duration_ms": 18.810334000590956, "event": "console.request", "id_hash": "h_cce565c96837", "status": "200"}
[WebServer] {"duration_ms": 11.633666999841807, "event": "console.request", "id_hash": "h_bdef54652d5c", "status": "200"}
[WebServer] {"duration_ms": 14.051457997993566, "event": "console.request", "id_hash": "h_c75c6f69ff2a", "status": "200"}
[WebServer] {"duration_ms": 1.0897079991991632, "event": "console.request", "id_hash": "h_8244b800e53d", "status": "200"}
[WebServer] {"duration_ms": 1.5308749971154612, "event": "console.request", "id_hash": "h_df00e36fc7e7", "status": "200"}
[WebServer] {"duration_ms": 1.8738329999905545, "event": "console.request", "id_hash": "h_6b50f0602c50", "status": "200"}
[WebServer] {"duration_ms": 2.6605409984767903, "event": "console.request", "id_hash": "h_9436bae6a595", "status": "200"}
[WebServer] {"duration_ms": 5.033875000663102, "event": "console.request", "id_hash": "h_b7242012d2e5", "status": "200"}
[WebServer] {"duration_ms": 29.99966700008372, "event": "console.request", "id_hash": "h_3419c36810a5", "status": "200"}
[WebServer] {"duration_ms": 10.784042002342176, "event": "console.request", "id_hash": "h_f298fdd26f7e", "status": "200"}
[WebServer] {"duration_ms": 12.598042001627618, "event": "console.request", "id_hash": "h_dfa3022b3acd", "status": "200"}
[WebServer] {"duration_ms": 0.7378750015050173, "event": "console.request", "id_hash": "h_f28a6f1eb9a0", "status": "200"}
[WebServer] {"duration_ms": 1.3985420009703375, "event": "console.request", "id_hash": "h_3d928c68f820", "status": "200"}
[WebServer] {"duration_ms": 1.0135420016013086, "event": "console.request", "id_hash": "h_c6fdc766faff", "status": "200"}
[WebServer] {"duration_ms": 2.490334001777228, "event": "console.request", "id_hash": "h_643cc6518adf", "status": "200"}
[WebServer] {"duration_ms": 4.475834000913892, "event": "console.request", "id_hash": "h_530f0837056e", "status": "200"}
[WebServer] {"duration_ms": 29.38512500259094, "event": "console.request", "id_hash": "h_8c28f91b401a", "status": "200"}
[WebServer] {"duration_ms": 9.578791999956593, "event": "console.request", "id_hash": "h_39766352dda1", "status": "200"}
[WebServer] {"duration_ms": 11.299583999061724, "event": "console.request", "id_hash": "h_838165c45bcf", "status": "200"}
[WebServer] {"duration_ms": 19.91841700146324, "event": "console.request", "id_hash": "h_9c1025285c4d", "status": "200"}
[WebServer] {"duration_ms": 11.7143749994284, "event": "console.request", "id_hash": "h_8f426aa2a139", "status": "200"}
[WebServer] {"duration_ms": 11.809125000581844, "event": "console.request", "id_hash": "h_a828f297be61", "status": "200"}
[WebServer] {"duration_ms": 1.1097089991380926, "event": "console.request", "id_hash": "h_88b460bbb1fb", "status": "200"}
[WebServer] {"duration_ms": 1.6141249980137218, "event": "console.request", "id_hash": "h_1fc9fdf04619", "status": "200"}
[WebServer] {"duration_ms": 2.0288330015318934, "event": "console.request", "id_hash": "h_99e4f9f7b973", "status": "200"}
[WebServer] {"duration_ms": 2.8584589999809396, "event": "console.request", "id_hash": "h_134aea373877", "status": "200"}
[WebServer] {"duration_ms": 5.844875002367189, "event": "console.request", "id_hash": "h_d9be02493dff", "status": "200"}
[WebServer] {"duration_ms": 30.076416998781497, "event": "console.request", "id_hash": "h_2faeeb151c8d", "status": "200"}
[WebServer] {"duration_ms": 7.75699999940116, "event": "console.request", "id_hash": "h_a424920df3b4", "status": "200"}
[WebServer] {"duration_ms": 10.581458001979627, "event": "console.request", "id_hash": "h_d5cfd43ac58d", "status": "200"}
[WebServer] {"duration_ms": 0.7406249969790224, "event": "console.request", "id_hash": "h_486ac2daea68", "status": "200"}
[WebServer] {"duration_ms": 1.3859999999112915, "event": "console.request", "id_hash": "h_26aaf178b318", "status": "200"}
[WebServer] {"duration_ms": 1.0496249997231644, "event": "console.request", "id_hash": "h_ae1aa432120e", "status": "200"}
[WebServer] {"duration_ms": 2.6101660005224403, "event": "console.request", "id_hash": "h_dd39c68c6721", "status": "200"}
[WebServer] {"duration_ms": 4.309125000872882, "event": "console.request", "id_hash": "h_a046aaec21e4", "status": "200"}
[WebServer] {"duration_ms": 29.179124998336192, "event": "console.request", "id_hash": "h_a7e0ed1af16e", "status": "200"}
[WebServer] {"duration_ms": 7.659374998183921, "event": "console.request", "id_hash": "h_377e72544af4", "status": "200"}
[WebServer] {"duration_ms": 12.45783299964387, "event": "console.request", "id_hash": "h_f3b5fb3bc1dc", "status": "200"}
  ✓  16 tests/browser/console.spec.ts:2224:1 › real event dismissal preserves delivery history and its Task in Required mode (1.1s)
[WebServer] {"duration_ms": 34.44020900133182, "event": "console.request", "id_hash": "h_0cadc2b25f7f", "status": "200"}
[WebServer] {"duration_ms": 45.03291600121884, "event": "console.request", "id_hash": "h_0e066ef7096c", "status": "200"}
[WebServer] {"duration_ms": 45.84512500150595, "event": "console.request", "id_hash": "h_8bc342e00927", "status": "200"}
[WebServer] {"duration_ms": 0.7818750018486753, "event": "console.request", "id_hash": "h_aacf819c01ce", "status": "200"}
[WebServer] {"duration_ms": 2.592374999949243, "event": "console.request", "id_hash": "h_fd3cbd9140f1", "status": "200"}
[WebServer] {"duration_ms": 2.051915998890763, "event": "console.request", "id_hash": "h_eed4f25eb9ed", "status": "200"}
[WebServer] {"duration_ms": 4.685959000198636, "event": "console.request", "id_hash": "h_44190fd08290", "status": "401"}
[WebServer] {"duration_ms": 102.46762499809847, "event": "console.request", "id_hash": "h_6722ec8e92ae", "status": "200"}
[WebServer] {"duration_ms": 7.076541001879377, "event": "console.request", "id_hash": "h_5fe59d9e5449", "status": "200"}
[WebServer] {"duration_ms": 6.898625000758329, "event": "console.request", "id_hash": "h_e2bdc9da020d", "status": "200"}
[WebServer] {"duration_ms": 53.427832997840596, "event": "console.request", "id_hash": "h_04f148a524c7", "status": "200"}
[WebServer] {"duration_ms": 55.75745799797005, "event": "console.request", "id_hash": "h_aa39f866fc06", "status": "200"}
[WebServer] {"duration_ms": 59.10874999972293, "event": "console.request", "id_hash": "h_46eddef37cad", "status": "200"}
[WebServer] {"duration_ms": 62.21358299808344, "event": "console.request", "id_hash": "h_6e6fac76b3e5", "status": "200"}
[WebServer] {"duration_ms": 62.751417000981746, "event": "console.request", "id_hash": "h_dea8c9e663de", "status": "200"}
[WebServer] {"duration_ms": 63.21958300031838, "event": "console.request", "id_hash": "h_8fe3ec37a7bc", "status": "200"}
[WebServer] {"duration_ms": 14.314665997517295, "event": "console.request", "id_hash": "h_54ec5df152ca", "status": "200"}
[WebServer] {"duration_ms": 1.5234999991662335, "event": "console.request", "id_hash": "h_faa0b41d6fae", "status": "200"}
[WebServer] {"duration_ms": 1.557333001983352, "event": "console.request", "id_hash": "h_77ca6487b1fb", "status": "200"}
[WebServer] {"duration_ms": 2.6845419997698627, "event": "console.request", "id_hash": "h_090504bd7563", "status": "200"}
[WebServer] {"duration_ms": 2.936958000645973, "event": "console.request", "id_hash": "h_111f97ad6c3d", "status": "200"}
[WebServer] {"duration_ms": 4.807541998161469, "event": "console.request", "id_hash": "h_f3d8c9cee212", "status": "200"}
[WebServer] {"duration_ms": 56.421624998620246, "event": "console.request", "id_hash": "h_ae82ab47ed39", "status": "200"}
[WebServer] {"duration_ms": 56.3722080005391, "event": "console.request", "id_hash": "h_184788cfdb95", "status": "200"}
[WebServer] {"duration_ms": 57.969499997852836, "event": "console.request", "id_hash": "h_3813a6bb0dd5", "status": "200"}
[WebServer] {"duration_ms": 58.523374998912914, "event": "console.request", "id_hash": "h_ddb380185c1a", "status": "200"}
[WebServer] {"duration_ms": 58.97800000093412, "event": "console.request", "id_hash": "h_6a6dbf3d5e5f", "status": "200"}
[WebServer] {"duration_ms": 60.20991699915612, "event": "console.request", "id_hash": "h_b7e7461e0e10", "status": "200"}
[WebServer] {"duration_ms": 9.050792003108654, "event": "console.request", "id_hash": "h_50ac94707aac", "status": "200"}
[WebServer] {"duration_ms": 1.0107500020239968, "event": "console.request", "id_hash": "h_4d2bba0a610d", "status": "200"}
[WebServer] {"duration_ms": 1.647249999223277, "event": "console.request", "id_hash": "h_2a4fdcac265a", "status": "200"}
[WebServer] {"duration_ms": 1.7426249978598207, "event": "console.request", "id_hash": "h_06ffd3e951fa", "status": "200"}
[WebServer] {"duration_ms": 3.549500001099659, "event": "console.request", "id_hash": "h_b39f045586b8", "status": "200"}
[WebServer] {"duration_ms": 5.2522500009217765, "event": "console.request", "id_hash": "h_00eaa4a73ecf", "status": "200"}
[WebServer] {"duration_ms": 51.60141699889209, "event": "console.request", "id_hash": "h_af5fb425642d", "status": "200"}
[WebServer] {"duration_ms": 58.736499999213265, "event": "console.request", "id_hash": "h_2cd7dbb4db3a", "status": "200"}
[WebServer] {"duration_ms": 58.95766699904925, "event": "console.request", "id_hash": "h_2cd22c5556e4", "status": "200"}
[WebServer] {"duration_ms": 59.31629100086866, "event": "console.request", "id_hash": "h_53e7ec1562b3", "status": "200"}
[WebServer] {"duration_ms": 60.61974999829545, "event": "console.request", "id_hash": "h_c9cc721326fd", "status": "200"}
[WebServer] {"duration_ms": 60.34262499815668, "event": "console.request", "id_hash": "h_5bdeb16d9c77", "status": "200"}
[WebServer] {"duration_ms": 13.4907089995977, "event": "console.request", "id_hash": "h_491527fad4c1", "status": "200"}
[WebServer] {"duration_ms": 9.18512499993085, "event": "console.request", "id_hash": "h_5922c1f23bd7", "status": "403"}
[WebServer] {"duration_ms": 9.440208999876631, "event": "console.request", "id_hash": "h_afcfbc358f40", "status": "200"}
[WebServer] {"duration_ms": 18.178041998908157, "event": "console.request", "id_hash": "h_a5a45cb2483f", "status": "200"}
[WebServer] {"duration_ms": 51.34662500131526, "event": "console.request", "id_hash": "h_9ea9506f0e13", "status": "200"}
[WebServer] {"duration_ms": 51.891040999180404, "event": "console.request", "id_hash": "h_d3badf0703a9", "status": "200"}
[WebServer] {"duration_ms": 52.55487500107847, "event": "console.request", "id_hash": "h_82cd67a66b30", "status": "200"}
[WebServer] {"duration_ms": 53.89695800113259, "event": "console.request", "id_hash": "h_59d0af142b84", "status": "200"}
[WebServer] {"duration_ms": 55.50187500193715, "event": "console.request", "id_hash": "h_2fe4d5c47a9f", "status": "200"}
[WebServer] {"duration_ms": 55.78941599742393, "event": "console.request", "id_hash": "h_9e0c97b0a2ef", "status": "200"}
[WebServer] {"duration_ms": 15.378708001662744, "event": "console.request", "id_hash": "h_3aeead79bf89", "status": "409"}
[WebServer] {"duration_ms": 4.0107079985318705, "event": "console.request", "id_hash": "h_8cba269790cd", "status": "200"}
[WebServer] {"duration_ms": 19.997041999886278, "event": "console.request", "id_hash": "h_b40c58357632", "status": "409"}
[WebServer] {"duration_ms": 4.842416001338279, "event": "console.request", "id_hash": "h_03ca47a532b2", "status": "200"}
[WebServer] {"duration_ms": 57.75195900059771, "event": "console.request", "id_hash": "h_579aa10edc6f", "status": "200"}
[WebServer] {"duration_ms": 57.994167000288144, "event": "console.request", "id_hash": "h_d505137eab15", "status": "200"}
[WebServer] {"duration_ms": 60.0220000014815, "event": "console.request", "id_hash": "h_b687fab09c0d", "status": "200"}
[WebServer] {"duration_ms": 64.34366699977545, "event": "console.request", "id_hash": "h_5643640781da", "status": "200"}
[WebServer] {"duration_ms": 64.40491600005771, "event": "console.request", "id_hash": "h_c4446e8631d0", "status": "200"}
[WebServer] {"duration_ms": 64.57441699967603, "event": "console.request", "id_hash": "h_02c46d392232", "status": "200"}
[WebServer] {"duration_ms": 0.857541999721434, "event": "console.request", "id_hash": "h_17920d7c27bb", "status": "200"}
[WebServer] {"duration_ms": 1.0159589983231854, "event": "console.request", "id_hash": "h_65d61011ee4d", "status": "200"}
[WebServer] {"duration_ms": 1.8365840005571954, "event": "console.request", "id_hash": "h_d4a21c658a38", "status": "200"}
[WebServer] {"duration_ms": 2.8526249989226926, "event": "console.request", "id_hash": "h_d9e4303b27e7", "status": "200"}
[WebServer] {"duration_ms": 5.177125000045635, "event": "console.request", "id_hash": "h_12a339996539", "status": "200"}
[WebServer] {"duration_ms": 56.465292000211775, "event": "console.request", "id_hash": "h_7399b67bc689", "status": "200"}
[WebServer] {"duration_ms": 58.02479200065136, "event": "console.request", "id_hash": "h_8f606fbd2a97", "status": "200"}
[WebServer] {"duration_ms": 59.73733299833839, "event": "console.request", "id_hash": "h_1811208e7c29", "status": "200"}
[WebServer] {"duration_ms": 58.897416998661356, "event": "console.request", "id_hash": "h_68d22af7e6e9", "status": "200"}
[WebServer] {"duration_ms": 59.38662500193459, "event": "console.request", "id_hash": "h_6331268d00eb", "status": "200"}
[WebServer] {"duration_ms": 59.208000002399785, "event": "console.request", "id_hash": "h_2b85f433ce2e", "status": "200"}
[WebServer] {"duration_ms": 9.9758340002154, "event": "console.request", "id_hash": "h_31cbf1e3125e", "status": "200"}
[WebServer] {"duration_ms": 4.813542000192683, "event": "console.request", "id_hash": "h_a0b41a0ac238", "status": "200"}
[WebServer] {"duration_ms": 4.230624999763677, "event": "console.request", "id_hash": "h_3dd5214c1f08", "status": "200"}
  ✓  17 tests/browser/persona-policy.spec.ts:3:1 › real Policy edits require reauth, preserve precision and show concurrent edit differences (1.9s)
[WebServer] {"duration_ms": 0.8082079984887969, "event": "console.request", "id_hash": "h_6cb636b16f95", "status": "200"}
[WebServer] {"duration_ms": 1.8711249977059197, "event": "console.request", "id_hash": "h_3ed714935211", "status": "200"}
[WebServer] {"duration_ms": 1.3523330017051194, "event": "console.request", "id_hash": "h_e62501953487", "status": "200"}
[WebServer] {"duration_ms": 5.827500001032604, "event": "console.request", "id_hash": "h_c4c7ca93d8da", "status": "401"}
[WebServer] {"duration_ms": 102.47962499852292, "event": "console.request", "id_hash": "h_d5e0470a2385", "status": "200"}
[WebServer] {"duration_ms": 7.420958998409333, "event": "console.request", "id_hash": "h_2618ccad5f4f", "status": "200"}
[WebServer] {"duration_ms": 7.23404199743527, "event": "console.request", "id_hash": "h_bebe1caabf0c", "status": "200"}
[WebServer] {"duration_ms": 64.47954200120876, "event": "console.request", "id_hash": "h_922504b6b49a", "status": "200"}
[WebServer] {"duration_ms": 69.3294579978101, "event": "console.request", "id_hash": "h_fe98aa6f1209", "status": "200"}
[WebServer] {"duration_ms": 75.10370800082455, "event": "console.request", "id_hash": "h_713e9bcad983", "status": "200"}
[WebServer] {"duration_ms": 75.65458300086902, "event": "console.request", "id_hash": "h_2aaca4494295", "status": "200"}
[WebServer] {"duration_ms": 75.70466700053657, "event": "console.request", "id_hash": "h_769e386cbd00", "status": "200"}
[WebServer] {"duration_ms": 78.3899999987625, "event": "console.request", "id_hash": "h_edca799b886e", "status": "200"}
[WebServer] {"duration_ms": 20.780415998160606, "event": "console.request", "id_hash": "h_732a8c5d71e3", "status": "201"}
[WebServer] {"duration_ms": 56.527958000515355, "event": "console.request", "id_hash": "h_81020d7ad991", "status": "200"}
[WebServer] {"duration_ms": 59.175750000576954, "event": "console.request", "id_hash": "h_04b40160b928", "status": "200"}
[WebServer] {"duration_ms": 62.84258400046383, "event": "console.request", "id_hash": "h_d36faba86152", "status": "200"}
[WebServer] {"duration_ms": 62.00558300042758, "event": "console.request", "id_hash": "h_86553a6153cb", "status": "200"}
[WebServer] {"duration_ms": 62.444417002552655, "event": "console.request", "id_hash": "h_f76e7bafd9f5", "status": "200"}
[WebServer] {"duration_ms": 61.79195799995796, "event": "console.request", "id_hash": "h_a4cbb64b76dc", "status": "200"}
[WebServer] {"duration_ms": 18.07537499917089, "event": "console.request", "id_hash": "h_952e3b4b5397", "status": "201"}
[WebServer] {"duration_ms": 52.70083299910766, "event": "console.request", "id_hash": "h_5f71b19ae01d", "status": "200"}
[WebServer] {"duration_ms": 53.73775000043679, "event": "console.request", "id_hash": "h_bb4c4797495e", "status": "200"}
[WebServer] {"duration_ms": 56.3484160011285, "event": "console.request", "id_hash": "h_953574892f78", "status": "200"}
[WebServer] {"duration_ms": 59.23270799758029, "event": "console.request", "id_hash": "h_223ed99758d1", "status": "200"}
[WebServer] {"duration_ms": 58.39062499944703, "event": "console.request", "id_hash": "h_a8d0180c876c", "status": "200"}
[WebServer] {"duration_ms": 58.8059580004483, "event": "console.request", "id_hash": "h_36fde728337c", "status": "200"}
[WebServer] {"duration_ms": 5.728957999963313, "event": "console.request", "id_hash": "h_1c3258879644", "status": "200"}
[WebServer] {"duration_ms": 1.1923330021090806, "event": "console.request", "id_hash": "h_9ce490891787", "status": "200"}
[WebServer] {"duration_ms": 0.9165000010398217, "event": "console.request", "id_hash": "h_09711980315c", "status": "200"}
[WebServer] {"duration_ms": 1.638625002669869, "event": "console.request", "id_hash": "h_575e8e49a853", "status": "200"}
[WebServer] {"duration_ms": 4.120500001590699, "event": "console.request", "id_hash": "h_88d136203241", "status": "401"}
[WebServer] {"duration_ms": 102.40233399963472, "event": "console.request", "id_hash": "h_f4669a56cef7", "status": "200"}
[WebServer] {"duration_ms": 7.283291997737251, "event": "console.request", "id_hash": "h_31a355ce7703", "status": "200"}
[WebServer] {"duration_ms": 10.96983300158172, "event": "console.request", "id_hash": "h_0c31ea996bef", "status": "200"}
[WebServer] {"duration_ms": 63.21849999949336, "event": "console.request", "id_hash": "h_a0330f60e955", "status": "200"}
[WebServer] {"duration_ms": 1.1146670003654435, "event": "console.request", "id_hash": "h_974d234dd9e1", "status": "200"}
[WebServer] {"duration_ms": 65.20091700076591, "event": "console.request", "id_hash": "h_1a2e7cdbef8e", "status": "200"}
[WebServer] {"duration_ms": 3.2172920000448357, "event": "console.request", "id_hash": "h_6cba9fa40258", "status": "200"}
[WebServer] {"duration_ms": 3.628958002082072, "event": "console.request", "id_hash": "h_033bf0a6defa", "status": "200"}
[WebServer] {"duration_ms": 76.33262499803095, "event": "console.request", "id_hash": "h_aebe64b97822", "status": "200"}
[WebServer] {"duration_ms": 80.0962499997695, "event": "console.request", "id_hash": "h_e9d54238de40", "status": "200"}
[WebServer] {"duration_ms": 80.71441699939896, "event": "console.request", "id_hash": "h_c40e692b4f1e", "status": "200"}
[WebServer] {"duration_ms": 80.66370799861033, "event": "console.request", "id_hash": "h_e18d0fdb509d", "status": "200"}
[WebServer] {"duration_ms": 5.859167002199683, "event": "console.request", "id_hash": "h_0c1aadcfbcda", "status": "200"}
[WebServer] {"duration_ms": 4.637834001187002, "event": "console.request", "id_hash": "h_5f001f2123a6", "status": "200"}
[WebServer] {"duration_ms": 56.9400409985974, "event": "console.request", "id_hash": "h_3b522d89d43b", "status": "200"}
[WebServer] {"duration_ms": 56.54162499922677, "event": "console.request", "id_hash": "h_9a42ae6a2f8d", "status": "200"}
[WebServer] {"duration_ms": 57.6997919997666, "event": "console.request", "id_hash": "h_80de436ffa7e", "status": "200"}
[WebServer] {"duration_ms": 58.056665999174584, "event": "console.request", "id_hash": "h_7e0d4fe7249d", "status": "200"}
[WebServer] {"duration_ms": 58.225207998475526, "event": "console.request", "id_hash": "h_3bbfb73eab51", "status": "200"}
[WebServer] {"duration_ms": 58.32508299863548, "event": "console.request", "id_hash": "h_1c900a56ef93", "status": "200"}
[WebServer] {"duration_ms": 9.14783299958799, "event": "console.request", "id_hash": "h_98c8ad7e3355", "status": "200"}
[WebServer] {"duration_ms": 6.436458999814931, "event": "console.request", "id_hash": "h_17da4e7ea370", "status": "200"}
[WebServer] {"duration_ms": 6.791750001866603, "event": "console.request", "id_hash": "h_1b21a6abdfc0", "status": "200"}
[WebServer] {"duration_ms": 12.84204200055683, "event": "console.request", "id_hash": "h_ec989308da20", "status": "403"}
[WebServer] {"duration_ms": 11.73370800097473, "event": "console.request", "id_hash": "h_f087abb404c0", "status": "200"}
[WebServer] {"duration_ms": 23.617832997842925, "event": "console.request", "id_hash": "h_dbbaa4b17262", "status": "200"}
[WebServer] {"duration_ms": 55.58216600184096, "event": "console.request", "id_hash": "h_12a2cffa6777", "status": "200"}
[WebServer] {"duration_ms": 56.7369590025919, "event": "console.request", "id_hash": "h_615dc64ccd3d", "status": "200"}
[WebServer] {"duration_ms": 59.29491599817993, "event": "console.request", "id_hash": "h_47a9e847e7bc", "status": "200"}
[WebServer] {"duration_ms": 61.18220800271956, "event": "console.request", "id_hash": "h_c74341669fae", "status": "200"}
[WebServer] {"duration_ms": 61.63699999888195, "event": "console.request", "id_hash": "h_7328949ba3d7", "status": "200"}
[WebServer] {"duration_ms": 61.28566700135707, "event": "console.request", "id_hash": "h_3de20c3f4a13", "status": "200"}
[WebServer] {"duration_ms": 30.274208998889662, "event": "console.request", "id_hash": "h_9bde8165418e", "status": "409"}
[WebServer] {"duration_ms": 6.091832998208702, "event": "console.request", "id_hash": "h_d3f666a004aa", "status": "200"}
[WebServer] {"duration_ms": 21.75166699817055, "event": "console.request", "id_hash": "h_4cc38e7a00fd", "status": "409"}
[WebServer] {"duration_ms": 5.356207999284379, "event": "console.request", "id_hash": "h_3379e38c7a70", "status": "200"}
[WebServer] {"duration_ms": 61.77866700090817, "event": "console.request", "id_hash": "h_fb0649574ef4", "status": "200"}
[WebServer] {"duration_ms": 63.29270900096162, "event": "console.request", "id_hash": "h_87202273b957", "status": "200"}
[WebServer] {"duration_ms": 65.4469999972207, "event": "console.request", "id_hash": "h_636d47327d48", "status": "200"}
[WebServer] {"duration_ms": 64.82312499792897, "event": "console.request", "id_hash": "h_20707a63cba0", "status": "200"}
[WebServer] {"duration_ms": 67.61316700067255, "event": "console.request", "id_hash": "h_d059638f8cd5", "status": "200"}
[WebServer] {"duration_ms": 66.65533300110837, "event": "console.request", "id_hash": "h_6fb49ac9a8ca", "status": "200"}
[WebServer] {"duration_ms": 0.9819590013648849, "event": "console.request", "id_hash": "h_c4fd6c007669", "status": "200"}
[WebServer] {"duration_ms": 1.6030000006139744, "event": "console.request", "id_hash": "h_980928dd7c40", "status": "200"}
[WebServer] {"duration_ms": 2.1244169984129258, "event": "console.request", "id_hash": "h_7f946314af08", "status": "200"}
[WebServer] {"duration_ms": 2.779582999210106, "event": "console.request", "id_hash": "h_295c6e39eb90", "status": "200"}
[WebServer] {"duration_ms": 5.565250001382083, "event": "console.request", "id_hash": "h_8795e8e31dfc", "status": "200"}
[WebServer] {"duration_ms": 55.87816700062831, "event": "console.request", "id_hash": "h_4328f996cfe3", "status": "200"}
[WebServer] {"duration_ms": 57.99641699923086, "event": "console.request", "id_hash": "h_8873d80e1800", "status": "200"}
[WebServer] {"duration_ms": 57.51508300090791, "event": "console.request", "id_hash": "h_4da5e04b6125", "status": "200"}
[WebServer] {"duration_ms": 58.581500001309905, "event": "console.request", "id_hash": "h_bd83e0981cfd", "status": "200"}
[WebServer] {"duration_ms": 62.470292003126815, "event": "console.request", "id_hash": "h_7fa05c4dc140", "status": "200"}
[WebServer] {"duration_ms": 62.4431660035043, "event": "console.request", "id_hash": "h_3df1c8f45831", "status": "200"}
[WebServer] {"duration_ms": 12.113167002098635, "event": "console.request", "id_hash": "h_391d405b0bc3", "status": "200"}
[WebServer] {"duration_ms": 4.955417000019224, "event": "console.request", "id_hash": "h_231217747a4c", "status": "200"}
[WebServer] {"duration_ms": 23.606833998201182, "event": "console.request", "id_hash": "h_afa9372dba8b", "status": "200"}
[WebServer] {"duration_ms": 54.585624999162974, "event": "console.request", "id_hash": "h_49a8fb70dc6f", "status": "200"}
[WebServer] {"duration_ms": 60.12950000149431, "event": "console.request", "id_hash": "h_6b1e193221a5", "status": "200"}
[WebServer] {"duration_ms": 62.74529099755455, "event": "console.request", "id_hash": "h_d1c53e9c864d", "status": "200"}
[WebServer] {"duration_ms": 64.40591699720244, "event": "console.request", "id_hash": "h_0381049a01c6", "status": "200"}
[WebServer] {"duration_ms": 63.62437499774387, "event": "console.request", "id_hash": "h_398a919c02ad", "status": "200"}
[WebServer] {"duration_ms": 62.74912499793572, "event": "console.request", "id_hash": "h_d806fad06332", "status": "200"}
[WebServer] {"duration_ms": 0.9633750014472753, "event": "console.request", "id_hash": "h_9d85f6b90b29", "status": "200"}
[WebServer] {"duration_ms": 0.9849169982771855, "event": "console.request", "id_hash": "h_97812bf9d807", "status": "200"}
[WebServer] {"duration_ms": 1.8737079990387429, "event": "console.request", "id_hash": "h_ea8043e70d29", "status": "200"}
[WebServer] {"duration_ms": 7.192000000941334, "event": "console.request", "id_hash": "h_da19d831fd10", "status": "200"}
[WebServer] {"duration_ms": 12.483458001952386, "event": "console.request", "id_hash": "h_9a6751e9d058", "status": "200"}
[WebServer] {"duration_ms": 24.73837499928777, "event": "console.request", "id_hash": "h_f6dfa361e519", "status": "200"}
[WebServer] {"duration_ms": 24.901707998651545, "event": "console.request", "id_hash": "h_ee6bf22954ed", "status": "200"}
  ✓  18 tests/browser/persona-proposals.spec.ts:3:1 › real proposal writer cannot auto-publish; reviewer reauth publishes and rejects stale proposal (3.5s)
[WebServer] {"duration_ms": 72.84279099985724, "event": "console.request", "id_hash": "h_d8defdb6b4ce", "status": "200"}
[WebServer] {"duration_ms": 74.64862500273739, "event": "console.request", "id_hash": "h_8f7f4f65c721", "status": "200"}
[WebServer] {"duration_ms": 73.0472089999239, "event": "console.request", "id_hash": "h_bcd707264fe8", "status": "200"}
[WebServer] {"duration_ms": 74.63362500129733, "event": "console.request", "id_hash": "h_e34b5383c48a", "status": "200"}
[WebServer] {"duration_ms": 73.12075000299956, "event": "console.request", "id_hash": "h_68db0712e596", "status": "200"}
[WebServer] {"duration_ms": 74.89337500010151, "event": "console.request", "id_hash": "h_064e566cc7cf", "status": "200"}
[WebServer] {"duration_ms": 1.2335829997027759, "event": "console.request", "id_hash": "h_a442c2d03941", "status": "200"}
[WebServer] {"duration_ms": 1.750082999933511, "event": "console.request", "id_hash": "h_1cf2459ba93e", "status": "200"}
[WebServer] {"duration_ms": 1.1142090006615035, "event": "console.request", "id_hash": "h_3df6baad63be", "status": "200"}
[WebServer] {"duration_ms": 4.493749998800922, "event": "console.request", "id_hash": "h_445675ef9e71", "status": "401"}
[WebServer] {"duration_ms": 101.97629200047231, "event": "console.request", "id_hash": "h_ff80eeb959c9", "status": "200"}
[WebServer] {"duration_ms": 6.420416000764817, "event": "console.request", "id_hash": "h_df2b8e96d413", "status": "200"}
[WebServer] {"duration_ms": 6.700333000480896, "event": "console.request", "id_hash": "h_82e6c569083a", "status": "200"}
[WebServer] {"duration_ms": 45.576208001875784, "event": "console.request", "id_hash": "h_298307e53e00", "status": "200"}
[WebServer] {"duration_ms": 58.657749999838416, "event": "console.request", "id_hash": "h_c9281c62cd2c", "status": "200"}
[WebServer] {"duration_ms": 57.70074999963981, "event": "console.request", "id_hash": "h_670420ca5e58", "status": "200"}
[WebServer] {"duration_ms": 60.83937500079628, "event": "console.request", "id_hash": "h_4dff9362c1de", "status": "200"}
[WebServer] {"duration_ms": 60.815125001681736, "event": "console.request", "id_hash": "h_1608f3882f14", "status": "200"}
[WebServer] {"duration_ms": 60.78337500002817, "event": "console.request", "id_hash": "h_d53aaea9eb1d", "status": "200"}
[WebServer] {"duration_ms": 4.95250000312808, "event": "console.request", "id_hash": "h_70b5f4263f30", "status": "200"}
[WebServer] {"duration_ms": 0.8537920002709143, "event": "console.request", "id_hash": "h_42014769af2f", "status": "200"}
[WebServer] {"duration_ms": 0.9714579973660875, "event": "console.request", "id_hash": "h_c27435fc9071", "status": "200"}
[WebServer] {"duration_ms": 2.1639589976985008, "event": "console.request", "id_hash": "h_5e214934200a", "status": "200"}
[WebServer] {"duration_ms": 2.594999998109415, "event": "console.request", "id_hash": "h_3538a5efcb4a", "status": "200"}
[WebServer] {"duration_ms": 5.456249997223495, "event": "console.request", "id_hash": "h_5549bdbf236f", "status": "200"}
[WebServer] {"duration_ms": 56.129583001165884, "event": "console.request", "id_hash": "h_901f2093382a", "status": "200"}
[WebServer] {"duration_ms": 58.80941700161202, "event": "console.request", "id_hash": "h_faddbfce47ff", "status": "200"}
[WebServer] {"duration_ms": 59.91541700132075, "event": "console.request", "id_hash": "h_eea876536d6a", "status": "200"}
[WebServer] {"duration_ms": 59.10345800293726, "event": "console.request", "id_hash": "h_7bbcd7a2c3b7", "status": "200"}
[WebServer] {"duration_ms": 60.32116699861945, "event": "console.request", "id_hash": "h_68d479cf90c7", "status": "200"}
[WebServer] {"duration_ms": 60.66758400265826, "event": "console.request", "id_hash": "h_15a5ff0d8431", "status": "200"}
[WebServer] {"duration_ms": 9.06629200108, "event": "console.request", "id_hash": "h_20b11d8f9472", "status": "200"}
[WebServer] {"duration_ms": 17.926417000126094, "event": "console.request", "id_hash": "h_9098662f01bb", "status": "200"}
[WebServer] {"duration_ms": 4.515791999438079, "event": "console.request", "id_hash": "h_de8bf2d218b1", "status": "200"}
[WebServer] {"duration_ms": 21.954125000775093, "event": "console.request", "id_hash": "h_3048083ce5e7", "status": "409"}
[WebServer] {"duration_ms": 4.9279999984719325, "event": "console.request", "id_hash": "h_ef28c8bd1418", "status": "200"}
[WebServer] {"duration_ms": 7.232833002490224, "event": "console.request", "id_hash": "h_56c52a3cbd4a", "status": "200"}
[WebServer] {"duration_ms": 1.2000839997199364, "event": "console.request", "id_hash": "h_bd96610dfe3d", "status": "200"}
[WebServer] {"duration_ms": 2.0287500010454096, "event": "console.request", "id_hash": "h_a4bc45c29ebd", "status": "200"}
[WebServer] {"duration_ms": 1.6167909998330288, "event": "console.request", "id_hash": "h_094c2eb9c40f", "status": "200"}
[WebServer] {"duration_ms": 3.4254170022904873, "event": "console.request", "id_hash": "h_4f0d32b74723", "status": "200"}
[WebServer] {"duration_ms": 5.183666999073466, "event": "console.request", "id_hash": "h_6483b888f463", "status": "200"}
[WebServer] {"duration_ms": 55.95270800040453, "event": "console.request", "id_hash": "h_f777501032d0", "status": "200"}
[WebServer] {"duration_ms": 59.57758300064597, "event": "console.request", "id_hash": "h_5eb432df792d", "status": "200"}
[WebServer] {"duration_ms": 62.60116600242327, "event": "console.request", "id_hash": "h_05b1c4606125", "status": "200"}
[WebServer] {"duration_ms": 63.638625000749016, "event": "console.request", "id_hash": "h_e0210da0eade", "status": "200"}
[WebServer] {"duration_ms": 65.52904099953594, "event": "console.request", "id_hash": "h_9df6f960973b", "status": "200"}
[WebServer] {"duration_ms": 65.87779199981014, "event": "console.request", "id_hash": "h_aeaafc002d56", "status": "200"}
[WebServer] {"duration_ms": 15.937249998387415, "event": "console.request", "id_hash": "h_fd886d55e142", "status": "200"}
[WebServer] {"duration_ms": 4.864916001679376, "event": "console.request", "id_hash": "h_6f0bc8536e68", "status": "200"}
[WebServer] {"duration_ms": 6.735457998729544, "event": "console.request", "id_hash": "h_b0446aeae882", "status": "200"}
[WebServer] {"duration_ms": 14.045541000086814, "event": "console.request", "id_hash": "h_3f98dc38aa43", "status": "200"}
[WebServer] {"duration_ms": 13.393332999839913, "event": "console.request", "id_hash": "h_14a66819a53b", "status": "200"}
[WebServer] {"duration_ms": 9.380374998727348, "event": "console.request", "id_hash": "h_349fe13a9260", "status": "200"}
[WebServer] {"duration_ms": 23.877583000285085, "event": "console.request", "id_hash": "h_416bd96995b6", "status": "200"}
[WebServer] {"duration_ms": 5.912541000725469, "event": "console.request", "id_hash": "h_565428a6ca9e", "status": "200"}
[WebServer] {"duration_ms": 1.4890409984218422, "event": "console.request", "id_hash": "h_52b75fc0d476", "status": "200"}
[WebServer] {"duration_ms": 2.0318749993748497, "event": "console.request", "id_hash": "h_ef3d02e0a705", "status": "200"}
[WebServer] {"duration_ms": 1.7534169965074398, "event": "console.request", "id_hash": "h_e6050de81b8d", "status": "200"}
[WebServer] {"duration_ms": 6.3438329998461995, "event": "console.request", "id_hash": "h_c0c1b2fa7916", "status": "200"}
[WebServer] {"duration_ms": 10.394125001766952, "event": "console.request", "id_hash": "h_2c31e97f5798", "status": "200"}
[WebServer] {"duration_ms": 7.145749998016981, "event": "console.request", "id_hash": "h_1e3d3f879311", "status": "200"}
[WebServer] {"duration_ms": 10.833958000148414, "event": "console.request", "id_hash": "h_bcacd5f787c4", "status": "200"}
  ✓  19 tests/browser/persona-state.spec.ts:3:1 › real State writer updates and clears expired State without changing Persona Core (2.5s)
[WebServer] {"duration_ms": 69.62495799962198, "event": "console.request", "id_hash": "h_1dcbca77ac40", "status": "200"}
[WebServer] {"duration_ms": 75.8387500027311, "event": "console.request", "id_hash": "h_6b63d9a004b6", "status": "200"}
[WebServer] {"duration_ms": 76.13429200137034, "event": "console.request", "id_hash": "h_c8626fe79baf", "status": "200"}
[WebServer] {"duration_ms": 77.30795799943735, "event": "console.request", "id_hash": "h_cef0343e7dc3", "status": "200"}
[WebServer] {"duration_ms": 74.68541600246681, "event": "console.request", "id_hash": "h_5093bd5550f3", "status": "200"}
[WebServer] {"duration_ms": 78.89166699897032, "event": "console.request", "id_hash": "h_5d06239602d0", "status": "200"}
[WebServer] {"duration_ms": 1.3182500006223563, "event": "console.request", "id_hash": "h_b4a0a0f1cde7", "status": "200"}
[WebServer] {"duration_ms": 0.9094999986700714, "event": "console.request", "id_hash": "h_b8febeb82d01", "status": "200"}
[WebServer] {"duration_ms": 1.758166999934474, "event": "console.request", "id_hash": "h_9a98270f1129", "status": "200"}
[WebServer] {"duration_ms": 5.579541997576598, "event": "console.request", "id_hash": "h_fa5836cc7b1d", "status": "401"}
[WebServer] {"duration_ms": 101.36475000035716, "event": "console.request", "id_hash": "h_2166a664f1b7", "status": "200"}
[WebServer] {"duration_ms": 6.578915999853052, "event": "console.request", "id_hash": "h_87cf4f446ec7", "status": "200"}
[WebServer] {"duration_ms": 6.67066700043506, "event": "console.request", "id_hash": "h_67ebe795087a", "status": "200"}
[WebServer] {"duration_ms": 56.6034999974363, "event": "console.request", "id_hash": "h_66e8622d73d6", "status": "200"}
[WebServer] {"duration_ms": 58.92354099705699, "event": "console.request", "id_hash": "h_8bae13f65491", "status": "200"}
[WebServer] {"duration_ms": 59.3496250003227, "event": "console.request", "id_hash": "h_c566bb94bf91", "status": "200"}
[WebServer] {"duration_ms": 61.427290998835815, "event": "console.request", "id_hash": "h_0b68ca1c9b8c", "status": "200"}
[WebServer] {"duration_ms": 61.49058299706667, "event": "console.request", "id_hash": "h_95d4e7adfda5", "status": "200"}
[WebServer] {"duration_ms": 61.85824999920442, "event": "console.request", "id_hash": "h_c33562ec71fe", "status": "200"}
[WebServer] {"duration_ms": 6.916250000358559, "event": "console.request", "id_hash": "h_3e94cad68209", "status": "200"}
[WebServer] {"duration_ms": 6.641291001869831, "event": "console.request", "id_hash": "h_39e33eb50dce", "status": "200"}
  ✓  20 tests/browser/persona.spec.ts:3:1 › real Persona reader has current and history without publication controls (606ms)
[WebServer] {"duration_ms": 0.9067499995580874, "event": "console.request", "id_hash": "h_9cc9d15b6684", "status": "200"}
[WebServer] {"duration_ms": 1.5519169974140823, "event": "console.request", "id_hash": "h_41e1b17160ef", "status": "200"}
[WebServer] {"duration_ms": 1.1960410010942724, "event": "console.request", "id_hash": "h_11d6aeeba975", "status": "200"}
[WebServer] {"duration_ms": 4.102583003259497, "event": "console.request", "id_hash": "h_40bd5838c41e", "status": "401"}
[WebServer] {"duration_ms": 102.34383300121408, "event": "console.request", "id_hash": "h_f7dd53837699", "status": "200"}
[WebServer] {"duration_ms": 6.813874999352265, "event": "console.request", "id_hash": "h_35e73b615d28", "status": "200"}
[WebServer] {"duration_ms": 7.73562500035041, "event": "console.request", "id_hash": "h_6276068b0ad3", "status": "200"}
[WebServer] {"duration_ms": 56.856333001633175, "event": "console.request", "id_hash": "h_9c1a27c082ac", "status": "200"}
[WebServer] {"duration_ms": 59.491332998732105, "event": "console.request", "id_hash": "h_b7218fad1706", "status": "200"}
[WebServer] {"duration_ms": 60.23408399778418, "event": "console.request", "id_hash": "h_8b003ee0eaa6", "status": "200"}
[WebServer] {"duration_ms": 64.1159160004463, "event": "console.request", "id_hash": "h_13580a7a7328", "status": "200"}
[WebServer] {"duration_ms": 63.853332998405676, "event": "console.request", "id_hash": "h_b70b549e7b55", "status": "200"}
[WebServer] {"duration_ms": 67.30049999896437, "event": "console.request", "id_hash": "h_cd79b229cdb1", "status": "200"}
[WebServer] {"duration_ms": 4.90929100124049, "event": "console.request", "id_hash": "h_0ed8acf0ccee", "status": "200"}
[WebServer] {"duration_ms": 0.9953749977285042, "event": "console.request", "id_hash": "h_d509f1b24b35", "status": "200"}
[WebServer] {"duration_ms": 1.5999160023056902, "event": "console.request", "id_hash": "h_01a4a602e2c8", "status": "200"}
[WebServer] {"duration_ms": 1.3184580020606518, "event": "console.request", "id_hash": "h_ceb77ba7e19b", "status": "200"}
[WebServer] {"duration_ms": 2.5827079989539925, "event": "console.request", "id_hash": "h_4655ab602abc", "status": "200"}
[WebServer] {"duration_ms": 5.482333999680122, "event": "console.request", "id_hash": "h_d74838b87bcf", "status": "200"}
[WebServer] {"duration_ms": 53.43712499961839, "event": "console.request", "id_hash": "h_3ace6e78b455", "status": "200"}
[WebServer] {"duration_ms": 55.18633300016518, "event": "console.request", "id_hash": "h_33c5075ebccd", "status": "200"}
[WebServer] {"duration_ms": 59.85187500118627, "event": "console.request", "id_hash": "h_112bff27d8e8", "status": "200"}
[WebServer] {"duration_ms": 61.552209001092706, "event": "console.request", "id_hash": "h_c5c3a5a4f0cc", "status": "200"}
[WebServer] {"duration_ms": 61.08237499938696, "event": "console.request", "id_hash": "h_eb614c34d5ca", "status": "200"}
[WebServer] {"duration_ms": 61.34316600218881, "event": "console.request", "id_hash": "h_b5a7ebbd9882", "status": "200"}
[WebServer] {"duration_ms": 13.673666999238776, "event": "console.request", "id_hash": "h_b18d657bacd9", "status": "200"}
[WebServer] {"duration_ms": 9.23454200164997, "event": "console.request", "id_hash": "h_b33942afbe23", "status": "403"}
[WebServer] {"duration_ms": 10.016791999078123, "event": "console.request", "id_hash": "h_ca3891529529", "status": "200"}
[WebServer] {"duration_ms": 20.229584002663614, "event": "console.request", "id_hash": "h_903cce25b5cd", "status": "201"}
[WebServer] {"duration_ms": 53.3230420005566, "event": "console.request", "id_hash": "h_08761e698894", "status": "200"}
[WebServer] {"duration_ms": 56.634458000189625, "event": "console.request", "id_hash": "h_a38d522065a3", "status": "200"}
[WebServer] {"duration_ms": 56.91166700125905, "event": "console.request", "id_hash": "h_cddd2a3ca595", "status": "200"}
[WebServer] {"duration_ms": 57.977291999122826, "event": "console.request", "id_hash": "h_63b7aef001dc", "status": "200"}
[WebServer] {"duration_ms": 57.455415997537784, "event": "console.request", "id_hash": "h_20f557550ba4", "status": "200"}
[WebServer] {"duration_ms": 58.566832998621976, "event": "console.request", "id_hash": "h_64f6209d574c", "status": "200"}
[WebServer] {"duration_ms": 18.696375002036802, "event": "console.request", "id_hash": "h_0fc28c5731de", "status": "409"}
[WebServer] {"duration_ms": 4.606165999575751, "event": "console.request", "id_hash": "h_111ef456e4ce", "status": "200"}
[WebServer] {"duration_ms": 55.279499996686354, "event": "console.request", "id_hash": "h_e2b7cbf5b741", "status": "200"}
[WebServer] {"duration_ms": 57.44158300149138, "event": "console.request", "id_hash": "h_56ca821e77bb", "status": "200"}
[WebServer] {"duration_ms": 57.14341600105399, "event": "console.request", "id_hash": "h_298e01ca45bc", "status": "200"}
[WebServer] {"duration_ms": 61.002582999208244, "event": "console.request", "id_hash": "h_3f1b8f34fde9", "status": "200"}
[WebServer] {"duration_ms": 60.407875000237254, "event": "console.request", "id_hash": "h_297446066d63", "status": "200"}
[WebServer] {"duration_ms": 60.71183300082339, "event": "console.request", "id_hash": "h_e1ca77fd7ea2", "status": "200"}
[WebServer] {"duration_ms": 0.8282909984700382, "event": "console.request", "id_hash": "h_1ed568378382", "status": "200"}
[WebServer] {"duration_ms": 0.8199160001822747, "event": "console.request", "id_hash": "h_4a00a92b6b04", "status": "200"}
[WebServer] {"duration_ms": 1.6138329992827494, "event": "console.request", "id_hash": "h_b7297289f35e", "status": "200"}
[WebServer] {"duration_ms": 2.817499997036066, "event": "console.request", "id_hash": "h_31ad319a6e9f", "status": "200"}
[WebServer] {"duration_ms": 5.163709000044037, "event": "console.request", "id_hash": "h_8b943311ff50", "status": "200"}
[WebServer] {"duration_ms": 52.25720900125452, "event": "console.request", "id_hash": "h_46556552b123", "status": "200"}
[WebServer] {"duration_ms": 56.62583299999824, "event": "console.request", "id_hash": "h_bf9930bde4ea", "status": "200"}
[WebServer] {"duration_ms": 61.43687500298256, "event": "console.request", "id_hash": "h_984ad69ddf15", "status": "200"}
[WebServer] {"duration_ms": 60.8966670006339, "event": "console.request", "id_hash": "h_c8ec48804cec", "status": "200"}
[WebServer] {"duration_ms": 61.42304099921603, "event": "console.request", "id_hash": "h_4452245a0005", "status": "200"}
[WebServer] {"duration_ms": 61.73024999952759, "event": "console.request", "id_hash": "h_a2fd27d70bbd", "status": "200"}
[WebServer] {"duration_ms": 13.795250000839587, "event": "console.request", "id_hash": "h_8931ebebd94e", "status": "200"}
[WebServer] {"duration_ms": 18.725457997788908, "event": "console.request", "id_hash": "h_406487999d23", "status": "201"}
[WebServer] {"duration_ms": 52.14150000028894, "event": "console.request", "id_hash": "h_f4b0b22594fc", "status": "200"}
[WebServer] {"duration_ms": 52.92016599923954, "event": "console.request", "id_hash": "h_94e2539159d8", "status": "200"}
[WebServer] {"duration_ms": 55.66891600028612, "event": "console.request", "id_hash": "h_0f2465278996", "status": "200"}
[WebServer] {"duration_ms": 56.73729199770605, "event": "console.request", "id_hash": "h_89a92c0c378b", "status": "200"}
[WebServer] {"duration_ms": 57.8237910012831, "event": "console.request", "id_hash": "h_e6b6e1b5e082", "status": "200"}
[WebServer] {"duration_ms": 57.49883400130784, "event": "console.request", "id_hash": "h_b1e85f805f46", "status": "200"}
[WebServer] {"duration_ms": 0.9636249997129198, "event": "console.request", "id_hash": "h_871c11dd1488", "status": "200"}
[WebServer] {"duration_ms": 1.4220420016499702, "event": "console.request", "id_hash": "h_186fa803c4a2", "status": "200"}
[WebServer] {"duration_ms": 1.073584000550909, "event": "console.request", "id_hash": "h_6d34b923f276", "status": "200"}
[WebServer] {"duration_ms": 2.9577919995062985, "event": "console.request", "id_hash": "h_8d14846767c9", "status": "200"}
[WebServer] {"duration_ms": 4.977209002390737, "event": "console.request", "id_hash": "h_025e5377f2dd", "status": "200"}
[WebServer] {"duration_ms": 52.11891699946136, "event": "console.request", "id_hash": "h_cae494d3ca6a", "status": "200"}
[WebServer] {"duration_ms": 57.342541997059016, "event": "console.request", "id_hash": "h_a5ad2a4d04d1", "status": "200"}
[WebServer] {"duration_ms": 60.30858400117722, "event": "console.request", "id_hash": "h_1129e8bf410d", "status": "200"}
[WebServer] {"duration_ms": 60.90224999934435, "event": "console.request", "id_hash": "h_f8f37aec6299", "status": "200"}
[WebServer] {"duration_ms": 61.53200000335346, "event": "console.request", "id_hash": "h_d8f8c8c7debe", "status": "200"}
[WebServer] {"duration_ms": 62.73775000227033, "event": "console.request", "id_hash": "h_4ff01df147da", "status": "200"}
[WebServer] {"duration_ms": 13.87550000072224, "event": "console.request", "id_hash": "h_fd5a314e0628", "status": "200"}
[WebServer] {"duration_ms": 4.692084003181662, "event": "console.request", "id_hash": "h_59bda72deb43", "status": "200"}
  ✓  21 tests/browser/persona.spec.ts:67:1 › real Persona publish, reauth, refresh and rollback preserve immutable history in Required mode (1.8s)

  21 passed (1.7m)
