UV_CACHE_DIR=.uv-cache uv run ruff format --check .
382 files already formatted
UV_CACHE_DIR=.uv-cache uv run ruff check .
All checks passed!
UV_CACHE_DIR=.uv-cache uv run python -m tools.check_import_boundaries
domain import boundary: ok
UV_CACHE_DIR=.uv-cache uv run python -m tools.check_docs
documentation structure and local links: ok
UV_CACHE_DIR=.uv-cache uv run python -m tools.check_contract_counts
current documentation contract counts: ok
UV_CACHE_DIR=.uv-cache uv run mypy
Success: no issues found in 379 source files
npm run typecheck --prefix sdk/typescript

> @iris-memory/sdk@0.11.2 typecheck
> tsc --project tsconfig.json --noEmit

UV_CACHE_DIR=.uv-cache uv run python -m tools.generate_contracts --check
generated contracts: ok
UV_CACHE_DIR=.uv-cache uv run python -m tools.check_compatibility
contract compatibility: ok
UV_CACHE_DIR=.uv-cache uv run python -m tools.check_public_api
public API exports, signatures, DTOs, CLI and HTTP snapshot: passed
UV_CACHE_DIR=.uv-cache uv run pytest tests/performance --no-cov -s
============================= test session starts ==============================
platform darwin -- Python 3.12.13, pytest-8.4.2, pluggy-1.6.0
rootdir: /Users/cassia/Local/Code/iris_memory_core
configfile: pyproject.toml
plugins: cov-7.1.0, anyio-4.15.0
collected 11 items

tests/performance/test_forget_latency.py ..
tests/performance/test_graph_profile_recall_latency.py 
graph+profile hybrid recall: p50=28.5ms p95=31.3ms max=31.7ms samples=40 budget=250ms
.
tests/performance/test_hybrid_recall_latency.py 
hybrid recall: p50=29.8ms p95=31.1ms max=43.8ms samples=40 embed_p50=0.03ms faiss_p50=1.69ms
..
tests/performance/test_observe_latency.py 
single-observation p95=3.64ms median=3.31ms
environment: python=3.12.13; sqlite=3.50.4; platform=arm64/Darwin; concurrency=1; payload=512B content per record
.
batch-100 p95=11.78ms median=11.45ms
environment: sqlite=(3, 50, 4); observations=7000; outbox_jobs=7000 (unsettled and completed)
.
tests/performance/test_persona_latency.py 
persona-current p95=1.52ms median=1.39ms
.
tests/performance/test_recall_latency.py 
structured recall: p50=24.06ms p95=25.34ms max=25.44ms samples=40
.
fts recall: p50=26.43ms p95=27.26ms max=27.51ms samples=40
.
tests/performance/test_state_latency.py 
environment: python=3.12.13 sqlite=3.50.4 machine=arm64 os=Darwin
state coalesced write (sequential stream, coalescing active): samples=120 payload_bytes=121 corpus=2000 rows | p50=8.96ms p95=10.34ms
contention burst (reported, single-writer gate queueing): samples=24 concurrency=8 p95=142.25ms | busy_events=0 | projection_jobs=2009 pending=2009 hot_key_revisions=155 queue_lag_us=18473694
.

============================= 11 passed in 40.99s ==============================
UV_CACHE_DIR=.uv-cache uv run pytest --ignore=tests/performance
============================= test session starts ==============================
platform darwin -- Python 3.12.13, pytest-8.4.2, pluggy-1.6.0
rootdir: /Users/cassia/Local/Code/iris_memory_core
configfile: pyproject.toml
testpaths: tests, sdk/python/tests
plugins: cov-7.1.0, anyio-4.15.0
collected 14795 items

tests/contract/test_asgi_authorization.py .............................. [  0%]
.....................                                                    [  0%]
tests/contract/test_console_contract.py ................................ [  0%]
........................................................................ [  1%]
........................................................................ [  1%]
........................................................................ [  2%]
........................................................................ [  2%]
........................................................................ [  2%]
................                                                         [  3%]
tests/contract/test_http_operation_matrix.py ..                          [  3%]
tests/contract/test_json_schemas.py .................................... [  3%]
............                                                             [  3%]
tests/contract/test_mock_server.py ..................................... [  3%]
.................                                                        [  3%]
tests/contract/test_public_api.py ......                                 [  3%]
tests/contract/test_recall_batch_revalidation.py ......                  [  3%]
tests/fault/test_kill9.py ...............................                [  4%]
tests/integration/cognition/test_persona.py .................            [  4%]
tests/integration/cognition/test_persona_clock_trajectories.py .         [  4%]
tests/integration/cognition/test_persona_http_concurrency.py .           [  4%]
tests/integration/cognition/test_persona_policy_quantitative.py ........ [  4%]
........................................................................ [  4%]
........................................................................ [  5%]
........................................................................ [  5%]
........................................................................ [  6%]
........................................................................ [  6%]
........................................................................ [  7%]
........................................................................ [  7%]
........................................................................ [  8%]
........................................................................ [  8%]
........................................................................ [  9%]
........................................................................ [  9%]
........................................................................ [ 10%]
........................................................................ [ 10%]
........................................................................ [ 11%]
........................................................................ [ 11%]
........................................................................ [ 12%]
........................................................................ [ 12%]
........................................................................ [ 13%]
........................................................................ [ 13%]
........................................................................ [ 14%]
........................................................................ [ 14%]
........................................................................ [ 14%]
........................................................................ [ 15%]
........................................................................ [ 15%]
........................................................................ [ 16%]
........................................................................ [ 16%]
........................................................................ [ 17%]
........................................................................ [ 17%]
........................................................................ [ 18%]
........................................................................ [ 18%]
........................................................................ [ 19%]
........................................................................ [ 19%]
........................................................................ [ 20%]
........................................................................ [ 20%]
........................................................................ [ 21%]
........................................................................ [ 21%]
........................................................................ [ 22%]
........................................................................ [ 22%]
........................................................                 [ 23%]
tests/integration/cognition/test_reflection_pipeline.py ............     [ 23%]
tests/integration/cognition/test_reflection_runtime.py ...               [ 23%]
tests/integration/console/test_console_artifact_http.py ................ [ 23%]
......                                                                   [ 23%]
tests/integration/console/test_console_artifact_upload.py .............. [ 23%]
......................                                                   [ 23%]
tests/integration/console/test_console_authentication.py ............... [ 23%]
............................................                             [ 24%]
tests/integration/console/test_console_backup_operations.py ............ [ 24%]
........                                                                 [ 24%]
tests/integration/console/test_console_claim_http.py ................... [ 24%]
.                                                                        [ 24%]
tests/integration/console/test_console_commands.py ..................... [ 24%]
..                                                                       [ 24%]
tests/integration/console/test_console_entity_attributes.py ............ [ 24%]
.......                                                                  [ 24%]
tests/integration/console/test_console_entity_redirect.py .............. [ 24%]
..                                                                       [ 24%]
tests/integration/console/test_console_entity_tombstone.py .........     [ 24%]
tests/integration/console/test_console_episode_http.py ................. [ 24%]
...........                                                              [ 24%]
tests/integration/console/test_console_event_dismiss.py ............     [ 25%]
tests/integration/console/test_console_event_http.py ..........          [ 25%]
tests/integration/console/test_console_event_recall.py ..                [ 25%]
tests/integration/console/test_console_focus_commands.py ........        [ 25%]
tests/integration/console/test_console_focus_forget.py .............     [ 25%]
tests/integration/console/test_console_focus_http.py .                   [ 25%]
tests/integration/console/test_console_forget_http.py .................. [ 25%]
..............                                                           [ 25%]
tests/integration/console/test_console_forget_selection.py ....          [ 25%]
tests/integration/console/test_console_identity_http.py ................ [ 25%]
..............                                                           [ 25%]
tests/integration/console/test_console_note_http.py .................... [ 25%]
...                                                                      [ 25%]
tests/integration/console/test_console_observation_http.py ............. [ 25%]
..                                                                       [ 25%]
tests/integration/console/test_console_operation_batches.py ...........  [ 26%]
tests/integration/console/test_console_operation_cancellation.py ...     [ 26%]
tests/integration/console/test_console_operation_http.py ...             [ 26%]
tests/integration/console/test_console_operation_ordering.py ..          [ 26%]
tests/integration/console/test_console_operation_storage.py ..           [ 26%]
tests/integration/console/test_console_persona_commands.py ............. [ 26%]
....                                                                     [ 26%]
tests/integration/console/test_console_persona_http.py ............      [ 26%]
tests/integration/console/test_console_persona_policy.py ...........     [ 26%]
tests/integration/console/test_console_persona_policy_http.py .......... [ 26%]
........                                                                 [ 26%]
tests/integration/console/test_console_persona_policy_recovery.py .      [ 26%]
tests/integration/console/test_console_persona_proposals.py ............ [ 26%]
                                                                         [ 26%]
tests/integration/console/test_console_persona_proposals_http.py ....... [ 26%]
....                                                                     [ 26%]
tests/integration/console/test_console_persona_proposals_recovery.py .   [ 26%]
tests/integration/console/test_console_persona_recovery.py ..            [ 26%]
tests/integration/console/test_console_persona_state.py ................ [ 26%]
..                                                                       [ 26%]
tests/integration/console/test_console_persona_state_http.py ........... [ 26%]
...                                                                      [ 26%]
tests/integration/console/test_console_persona_state_recovery.py .       [ 26%]
tests/integration/console/test_console_plane.py .......................  [ 27%]
tests/integration/console/test_console_reads.py ........................ [ 27%]
...............................                                          [ 27%]
tests/integration/console/test_console_relation_http.py ................ [ 27%]
...............                                                          [ 27%]
tests/integration/console/test_console_state_forget.py .............     [ 27%]
tests/integration/console/test_console_state_http.py .............       [ 27%]
tests/integration/console/test_console_task_dependencies.py ............ [ 27%]
......                                                                   [ 27%]
tests/integration/console/test_console_task_forget.py .................. [ 28%]
.                                                                        [ 28%]
tests/integration/console/test_console_task_http.py ..............       [ 28%]
tests/integration/console/test_console_task_steps.py ............        [ 28%]
tests/integration/console/test_console_task_triggers.py ................ [ 28%]
.......                                                                  [ 28%]
tests/integration/console/test_console_worker_execution.py ......        [ 28%]
tests/integration/memory/test_claim_revision_events.py ......            [ 28%]
tests/integration/memory/test_concurrency.py ..                          [ 28%]
tests/integration/memory/test_consistency.py .............               [ 28%]
tests/integration/memory/test_entity_tombstone_ledger.py ......          [ 28%]
tests/integration/memory/test_events.py ..............................   [ 28%]
tests/integration/memory/test_focus_items.py ........................... [ 29%]
...                                                                      [ 29%]
tests/integration/memory/test_focus_promotion.py ....................... [ 29%]
....                                                                     [ 29%]
tests/integration/memory/test_memory_artifacts.py ..............         [ 29%]
tests/integration/memory/test_memory_cascade_and_privacy.py ...........  [ 29%]
tests/integration/memory/test_memory_claims.py ......................... [ 29%]
........                                                                 [ 29%]
tests/integration/memory/test_memory_concurrency.py ....                 [ 29%]
tests/integration/memory/test_memory_episodes_relations.py ...........   [ 29%]
tests/integration/memory/test_memory_evidence_scope_and_ledger.py ...... [ 29%]
.........                                                                [ 29%]
tests/integration/memory/test_memory_forget.py .....................     [ 29%]
tests/integration/memory/test_notes.py ...............                   [ 30%]
tests/integration/memory/test_recent_context.py .................        [ 30%]
tests/integration/memory/test_relation_endpoint_privacy.py ...           [ 30%]
tests/integration/memory/test_state_records.py ......................... [ 30%]
..                                                                       [ 30%]
tests/integration/memory/test_task_deletion_storage.py ...               [ 30%]
tests/integration/memory/test_task_event_jobs.py ...........             [ 30%]
tests/integration/memory/test_tasks.py ..................                [ 30%]
tests/integration/memory/test_triggers.py .............................. [ 30%]
.....                                                                    [ 30%]
tests/integration/memory/test_working_memory_jobs.py ............        [ 30%]
tests/integration/memory/test_working_memory_security.py .......         [ 30%]
tests/integration/migrations/test_console_migration.py ..                [ 30%]
tests/integration/migrations/test_console_operation_migration.py ..      [ 30%]
tests/integration/migrations/test_console_preview_migration.py .......   [ 31%]
tests/integration/migrations/test_dependency_lifecycle_migration.py .... [ 31%]
                                                                         [ 31%]
tests/integration/migrations/test_fts_recall_migration.py .............  [ 31%]
tests/integration/migrations/test_graph_profile_migration.py .......     [ 31%]
tests/integration/migrations/test_ingestion_migration.py ..............  [ 31%]
tests/integration/migrations/test_memory_migration.py ..........         [ 31%]
tests/integration/migrations/test_migrations.py ......................   [ 31%]
tests/integration/migrations/test_persona_migration.py ...               [ 31%]
tests/integration/migrations/test_reflection_migration.py ....           [ 31%]
tests/integration/migrations/test_state_deletion_migration.py ......     [ 31%]
tests/integration/migrations/test_task_event_migration.py .............. [ 31%]
.....                                                                    [ 31%]
tests/integration/migrations/test_typed_operations_migration.py ..       [ 31%]
tests/integration/migrations/test_vector_migration.py .........          [ 31%]
tests/integration/migrations/test_working_memory_migration.py .......... [ 31%]
......                                                                   [ 31%]
tests/integration/recall/test_fts_recall_fts.py ...............          [ 31%]
tests/integration/recall/test_fts_recall_recall.py ..................... [ 32%]
........                                                                 [ 32%]
tests/integration/recall/test_fts_recall_usage.py ...........            [ 32%]
tests/integration/recall/test_graph_http_fallbacks.py ...                [ 32%]
tests/integration/recall/test_graph_profile_concurrency.py .......       [ 32%]
tests/integration/recall/test_graph_profile_graph.py ................... [ 32%]
........................................................................ [ 32%]
......................................                                   [ 33%]
tests/integration/recall/test_graph_profile_jobs.py .........            [ 33%]
tests/integration/recall/test_graph_profile_privacy_and_consistency.py . [ 33%]
..........                                                               [ 33%]
tests/integration/recall/test_graph_profile_profile.py ................. [ 33%]
....                                                                     [ 33%]
tests/integration/recall/test_graph_profile_recall.py .................. [ 33%]
............................                                             [ 33%]
tests/integration/recall/test_graph_runtime_budgets.py ........          [ 33%]
tests/integration/recall/test_graph_runtime_races.py ................... [ 33%]
........................................................................ [ 34%]
........................................................................ [ 34%]
........................................................................ [ 35%]
...............                                                          [ 35%]
tests/integration/recall/test_projection_deletion_publication.py ....... [ 35%]
....................                                                     [ 35%]
tests/integration/recall/test_provider_deadline_and_circuit_probe.py ... [ 35%]
.                                                                        [ 35%]
tests/integration/recall/test_recall.py ...........................      [ 35%]
tests/integration/recall/test_recall_backlog_identity_and_replay.py .... [ 35%]
...........                                                              [ 36%]
tests/integration/recall/test_recall_deadline_scope_and_rebuild.py ..... [ 36%]
...............                                                          [ 36%]
tests/integration/recall/test_recall_publication_revalidation.py ....... [ 36%]
......                                                                   [ 36%]
tests/integration/recall/test_vector.py ............................     [ 36%]
tests/integration/recall/test_vector_concurrency.py .......              [ 36%]
tests/integration/recall/test_vector_crash_freshness_and_isolation.py .. [ 36%]
......................                                                   [ 36%]
tests/integration/recall/test_vector_idmap.py ........                   [ 36%]
tests/integration/recall/test_vector_provider.py ....................... [ 36%]
..                                                                       [ 36%]
tests/integration/recall/test_vector_recall.py ...........               [ 36%]
tests/integration/recovery/test_backup.py .......................        [ 37%]
tests/integration/recovery/test_console_operation_restore.py ........    [ 37%]
tests/integration/recovery/test_memory_backup.py .                       [ 37%]
tests/integration/recovery/test_memory_forget_commit_and_restore_atomicity.py . [ 37%]
...........                                                              [ 37%]
tests/integration/recovery/test_memory_legacy_restore_and_ledger_identity.py . [ 37%]
.......                                                                  [ 37%]
tests/integration/recovery/test_memory_resurrection.py .......           [ 37%]
tests/integration/recovery/test_recall_visibility_and_resurrection.py .. [ 37%]
......                                                                   [ 37%]
tests/integration/recovery/test_release_packaging.py .........           [ 37%]
tests/integration/recovery/test_trigger_backup_configuration.py .        [ 37%]
tests/integration/runtime/test_backpressure_health.py .................. [ 37%]
......                                                                   [ 37%]
tests/integration/runtime/test_http_recall_assembly.py ................. [ 37%]
...                                                                      [ 37%]
tests/integration/runtime/test_http_recall_provider_faults.py .........  [ 37%]
tests/integration/runtime/test_identity_registry.py .................... [ 37%]
.                                                                        [ 37%]
tests/integration/runtime/test_observations.py ......................... [ 38%]
.........                                                                [ 38%]
tests/integration/runtime/test_outbox.py ............................... [ 38%]
.........                                                                [ 38%]
tests/integration/runtime/test_provisioning.py ................          [ 38%]
tests/integration/runtime/test_release_surface.py ...................... [ 38%]
..........................                                               [ 38%]
tests/integration/runtime/test_runtime.py ......                         [ 38%]
tests/integration/runtime/test_runtime_authorization_fencing_and_health.py . [ 38%]
..............................................                           [ 39%]
tests/integration/runtime/test_scheduler.py ..........................   [ 39%]
tests/integration/runtime/test_surface.py .............................. [ 39%]
....                                                                     [ 39%]
tests/integration/runtime/test_task_event_surface_gate.py .............. [ 39%]
....................                                                     [ 39%]
tests/unit/test_cli.py .......                                           [ 39%]
tests/unit/test_contract_compatibility.py ...                            [ 39%]
tests/unit/test_contract_counts.py ....                                  [ 39%]
tests/unit/test_contract_generation.py ....                              [ 40%]
tests/unit/test_domain.py ..                                             [ 40%]
tests/unit/test_domain_rules.py ........                                 [ 40%]
tests/unit/test_graph_profile_domain.py ...........................      [ 40%]
tests/unit/test_identity_rules.py ........                               [ 40%]
tests/unit/test_import_boundaries.py ...                                 [ 40%]
tests/unit/test_ingestion_domain.py .................................... [ 40%]
..............                                                           [ 40%]
tests/unit/test_memory_domain.py ....................................... [ 40%]
........................................................................ [ 41%]
........................................................................ [ 41%]
........................................................................ [ 42%]
........................................................................ [ 42%]
........................................................................ [ 43%]
........................................................................ [ 43%]
........................................................................ [ 44%]
........................................................................ [ 44%]
........................................................................ [ 45%]
........................................................................ [ 45%]
........................................................................ [ 46%]
........................................................................ [ 46%]
........................................................................ [ 47%]
........................................................................ [ 47%]
........................................................................ [ 48%]
........................................................................ [ 48%]
........................................................................ [ 49%]
........................................................................ [ 49%]
........................................................................ [ 50%]
........................................................................ [ 50%]
........................................................................ [ 51%]
........................................................................ [ 51%]
........................................................................ [ 52%]
........................................................................ [ 52%]
........................................................................ [ 53%]
........................................................................ [ 53%]
........................................................................ [ 54%]
........................................................................ [ 54%]
........................................................................ [ 55%]
........................................................................ [ 55%]
........................................................................ [ 56%]
........................................................................ [ 56%]
........................................................................ [ 57%]
........................................................................ [ 57%]
........................................................................ [ 57%]
........................................................................ [ 58%]
........................................................................ [ 58%]
........................................................................ [ 59%]
........................................................................ [ 59%]
........................................................................ [ 60%]
........................................................................ [ 60%]
...............                                                          [ 61%]
tests/unit/test_persona_domain.py ....                                   [ 61%]
tests/unit/test_promotion_bounds.py ..                                   [ 61%]
tests/unit/test_reflection.py .......................................... [ 61%]
........................................................................ [ 61%]
........................................................................ [ 62%]
........................................................................ [ 62%]
........................................................................ [ 63%]
........................................................................ [ 63%]
........................................................................ [ 64%]
........................................................................ [ 64%]
........................................................................ [ 65%]
........................................................................ [ 65%]
........................................................................ [ 66%]
........................................................................ [ 66%]
........................................................................ [ 67%]
........................................................................ [ 67%]
........................................................................ [ 68%]
........................................................................ [ 68%]
........................................................................ [ 69%]
........................................................................ [ 69%]
........................................................................ [ 70%]
........................................................................ [ 70%]
........................................................................ [ 71%]
........................................................................ [ 71%]
........................................................................ [ 72%]
........................................................................ [ 72%]
........................................................................ [ 73%]
........................................................................ [ 73%]
........................................................................ [ 73%]
........................................................................ [ 74%]
........................................................................ [ 74%]
...........................................                              [ 75%]
tests/unit/test_task_event_domain.py ................................... [ 75%]
........................................................................ [ 75%]
........................................................................ [ 76%]
........................................................................ [ 76%]
........................................................................ [ 77%]
........................................................................ [ 77%]
........................................................................ [ 78%]
........................................................................ [ 78%]
........................................................................ [ 79%]
........................................................................ [ 79%]
........................................................................ [ 80%]
........................................................................ [ 80%]
........................................................................ [ 81%]
........................................................................ [ 81%]
........................................................................ [ 82%]
........................................................................ [ 82%]
........................................................................ [ 83%]
........................................................................ [ 83%]
........................................................................ [ 84%]
........................................................................ [ 84%]
........................................................................ [ 85%]
........................................................................ [ 85%]
........................................................................ [ 86%]
........................................................................ [ 86%]
........................................................................ [ 87%]
........................................................................ [ 87%]
........................................................................ [ 88%]
........................................................................ [ 88%]
........................................................................ [ 89%]
........................................................................ [ 89%]
........................................................................ [ 90%]
........................................................................ [ 90%]
........................................................................ [ 91%]
........................................................................ [ 91%]
........................................................................ [ 92%]
........................................................................ [ 92%]
........................................................................ [ 92%]
........................................................................ [ 93%]
........................................................................ [ 93%]
........................................................................ [ 94%]
........................................................................ [ 94%]
........................................................................ [ 95%]
........................................................................ [ 95%]
........................................................................ [ 96%]
........................................................................ [ 96%]
........................................................................ [ 97%]
........................................................................ [ 97%]
........................................................................ [ 98%]
........................................................................ [ 98%]
........................................................................ [ 99%]
...................................................                      [ 99%]
tests/unit/test_vector_domain.py ............................            [ 99%]
tests/unit/test_working_memory_domain.py ...................             [ 99%]
sdk/python/tests/test_fixtures.py ..                                     [100%]

=============================== warnings summary ===============================
.venv/lib/python3.12/site-packages/fastapi/testclient.py:1
  /Users/cassia/Local/Code/iris_memory_core/.venv/lib/python3.12/site-packages/fastapi/testclient.py:1: StarletteDeprecationWarning: Using `httpx` with `starlette.testclient` is deprecated; install `httpx2` instead.
    from starlette.testclient import TestClient as TestClient  # noqa

.venv/lib/python3.12/site-packages/starlette/testclient.py:53
  /Users/cassia/Local/Code/iris_memory_core/.venv/lib/python3.12/site-packages/starlette/testclient.py:53: DeprecationWarning: The anyio.abc.BlockingPortal alias is deprecated, use anyio.from_thread.BlockingPortal instead.
    _PortalFactoryType = Callable[[], AbstractContextManager[anyio.abc.BlockingPortal]]

-- Docs: https://docs.pytest.org/en/stable/how-to/capture-warnings.html
================================ tests coverage ================================
______________ coverage: platform darwin, python 3.12.13-final-0 _______________

Name                                                            Stmts   Miss Branch BrPart  Cover   Missing
-----------------------------------------------------------------------------------------------------------
sdk/python/src/iris_memory_sdk/client.py                          452     45    102     17    89%   58, 60, 174, 202, 204, 206, 231, 233, 327, 330->332, 350, 356, 358, 384, 459, 640, 1124, 1261-1269, 1286-1293, 1303-1313, 1316-1317, 1340-1354, 1363-1372, 1389-1396, 1401-1408, 1413-1420, 1429-1438
sdk/python/src/iris_memory_sdk/models.py                         1537    407    980    325    69%   16-17, 31, 60, 77, 83, 85, 89, 97, 102, 104-105, 109, 111, 114, 119-131, 163, 167-168, 170, 173-174, 178, 181, 185, 198, 204, 209, 213, 215, 218, 224, 227, 229, 232, 238, 242, 248, 254, 258, 260, 263, 266, 272, 277, 283, 287, 289, 291, 297, 301, 303, 305, 311, 317, 320, 322, 325, 332, 336, 339, 342, 348, 358, 366, 372, 374, 379, 385, 391-392, 395-396, 399, 401, 403, 409, 416, 423, 427-428, 432, 438, 443, 448, 453, 463, 496, 499, 504, 511, 514, 525, 528->530, 536, 543-545, 548, 551, 559, 569, 572, 575, 577, 583-590, 594-609, 614, 624, 627, 630, 634, 644, 650, 653, 658-671, 676, 678->680, 682, 685, 691-700, 705, 708->710, 712, 715, 718, 721, 723, 724->728, 734, 740, 742, 745, 751, 757, 763, 768-775, 830, 837, 845-846, 849-850, 853, 870-871, 876-877, 879, 881, 883, 885, 890, 895, 897, 902, 909, 911, 915, 926, 930, 933, 934->936, 939, 942, 949, 966, 968->967, 973, 980, 984, 988, 990, 993, 997, 1000, 1006, 1010-1011, 1020, 1022->1024, 1026-1027, 1036-1037, 1041, 1046, 1051, 1060, 1063, 1066, 1071, 1081, 1087, 1090->1095, 1092, 1100, 1104-1105, 1114, 1119, 1122, 1124->1123, 1130, 1134, 1140, 1145, 1147, 1154, 1161, 1164, 1166->1165, 1172, 1176, 1184, 1190, 1198, 1205, 1214, 1217, 1224, 1236, 1239, 1241->1240, 1245, 1253, 1260, 1263, 1266, 1269, 1276, 1283, 1286, 1290, 1297, 1300, 1302, 1305, 1308, 1315, 1322, 1325, 1327, 1329, 1335, 1339-1340, 1349, 1355, 1364, 1370, 1373, 1376, 1382, 1396-1397, 1404, 1407, 1411, 1429, 1432, 1438, 1442, 1445, 1453, 1456, 1458, 1461, 1464, 1478, 1484, 1496, 1499, 1508, 1510, 1513, 1519, 1522, 1527, 1530, 1533, 1539, 1548, 1565, 1569, 1573, 1583, 1589, 1592, 1595, 1598, 1605, 1609, 1612, 1616-1617, 1623, 1628, 1630, 1635, 1642-1643, 1651, 1660, 1666, 1669, 1672, 1674, 1676, 1678, 1684, 1688, 1691, 1694, 1697, 1705, 1710, 1713, 1717, 1719, 1721, 1727, 1736, 1745, 1749, 1752, 1759, 1763, 1765, 1774, 1778, 1784, 1791, 1799, 1804, 1806, 1808, 1814, 1822, 1827, 1834, 1848, 1852-1853, 1861, 1887, 1905, 1909, 1923, 1929, 1933, 1937-1938, 1941, 1944
src/iris_memory_core/__main__.py                                    1      1      0      0     0%   1
src/iris_memory_core/_resources.py                                 24      2      8      3    84%   28, 31, 36->38
src/iris_memory_core/api/app.py                                   908    137    382     50    83%   119, 125, 127, 138, 141, 166, 169, 206, 218, 221, 225, 233, 236, 239-241, 243, 299, 325, 339, 344-356, 383-384, 386, 393-396, 407-451, 457-468, 617, 626, 715, 734, 745, 970, 1019, 1026-1027, 1035-1036, 1237, 1250-1254, 1318-1321, 1394, 1411, 1422, 1451, 1456, 1459, 1541, 1554, 1560, 1564, 1566->1613, 1571, 1609-1611, 1639-1641, 1689->1697, 1727, 1743, 1765-1766, 1807, 1833, 1857, 1899-1900, 1907-1910, 1912-1913, 1962-1969
src/iris_memory_core/api/console/app.py                           125      6     34      3    93%   61, 84, 112, 129-131
src/iris_memory_core/api/console/auth.py                          115      4     42      2    96%   89-91, 110
src/iris_memory_core/api/console/config.py                         52      3     22      1    95%   16-17, 75
src/iris_memory_core/api/console/crypto.py                         62      5     10      3    89%   22-23, 27, 33, 84
src/iris_memory_core/api/console/errors.py                         46      1     14      1    97%   79
src/iris_memory_core/api/console/key_views.py                      57      1     16      1    97%   123
src/iris_memory_core/api/console/listening.py                      41      3      8      0    90%   26, 69-70
src/iris_memory_core/api/console/offline.py                        41      4      8      4    84%   40, 46, 48, 53
src/iris_memory_core/api/console/resource_views.py                110      3     50      3    96%   93, 97, 154
src/iris_memory_core/api/console/routes_artifacts.py               63      2     26      3    94%   37, 51->56, 53
src/iris_memory_core/api/console/routes_auth.py                   112      9     10      1    90%   81-86, 169-178
src/iris_memory_core/api/console/routes_forget.py                  29      2      6      2    89%   25, 43
src/iris_memory_core/api/console/routes_identity.py                56      3      6      3    90%   58, 104, 119
src/iris_memory_core/api/console/routes_memory.py                 378     28    114     25    89%   51, 118, 139, 163, 188, 208, 233, 253, 290, 311-312, 352, 359, 381-382, 422, 424, 446-447, 487, 513, 559, 572, 621, 690, 742, 833, 936
src/iris_memory_core/api/console/routes_operations.py              74      1     10      1    98%   55
src/iris_memory_core/api/console/routes_persona_policy.py          48      1     10      1    97%   138
src/iris_memory_core/api/console/routes_persona_proposals.py       40      1      2      0    98%   154
src/iris_memory_core/api/console/routes_personas.py                36      1      4      1    95%   21
src/iris_memory_core/api/errors.py                                 47      3     14      1    93%   82, 137-138
src/iris_memory_core/api/views.py                                 137      8     12      4    92%   79-80, 115, 123, 125, 127, 846, 895
src/iris_memory_core/application/artifacts.py                     218     25     72     19    84%   110, 143, 213, 215, 234, 275, 279, 281, 284-285, 297, 300, 305, 310, 333, 380, 385, 452, 457, 490, 571-574, 614
src/iris_memory_core/application/backpressure.py                  144      7     36      5    93%   52, 54, 56, 172-173, 176-177
src/iris_memory_core/application/console/artifacts.py              65      1      4      1    97%   164
src/iris_memory_core/application/console/authorization.py         127     22     80     11    81%   38-40, 44, 50, 55, 64-70, 88, 128-131, 148, 153, 161, 179
src/iris_memory_core/application/console/backup_operations.py      88      5     24      4    92%   43, 46, 144, 154-155, 156->173
src/iris_memory_core/application/console/claims.py                 64      1      6      1    97%   158
src/iris_memory_core/application/console/commands.py              105     10     46     10    87%   155, 174, 176, 201, 221, 248, 258, 290, 293, 310
src/iris_memory_core/application/console/credentials.py           121     23     54     13    74%   98->97, 101, 133, 140-143, 146, 155-156, 159, 199, 221, 230, 233, 236, 275-296
src/iris_memory_core/application/console/episodes.py               63      1      8      1    97%   157
src/iris_memory_core/application/console/focus.py                  64      2      8      2    94%   92, 160
src/iris_memory_core/application/console/forget.py                274     26    126     24    88%   69, 96, 172, 177, 204, 212, 227, 230-231, 253, 266, 268, 271, 281, 418, 420, 422, 429, 472, 485, 488, 501, 571, 590, 598, 611
src/iris_memory_core/application/console/forget_selection.py       41     11     20      7    70%   33, 40, 42, 45, 48, 51-53, 62-64
src/iris_memory_core/application/console/identity.py              117      7     30      6    91%   43, 105, 149, 152-153, 210, 266, 294->296
src/iris_memory_core/application/console/notes.py                  65      1      8      1    97%   157
src/iris_memory_core/application/console/observations.py           60      1      6      1    97%   152
src/iris_memory_core/application/console/operations.py            177     18     56     18    85%   67, 72, 106, 109, 202, 210, 214, 218, 221, 245, 255, 342, 344, 405, 411, 441, 444, 454
src/iris_memory_core/application/console/persona_policy.py         44      2      4      2    92%   39, 43
src/iris_memory_core/application/console/persona_proposals.py      75      4     16      6    89%   53, 57, 67, 68->95, 78, 86->93
src/iris_memory_core/application/console/persona_states.py         57      2     10      2    94%   46, 50
src/iris_memory_core/application/console/personas.py               50      3      6      3    89%   41, 45, 49
src/iris_memory_core/application/console/reads.py                 182     20     82      9    88%   45, 48, 109-110, 118, 170-178, 187, 189, 234, 323, 326-327
src/iris_memory_core/application/console/relations.py              64      1      8      1    97%   161
src/iris_memory_core/application/console/security.py              286     23    120     22    89%   60, 101, 158, 163, 165, 175, 178, 288, 300, 402-403, 406, 412, 440, 472->exit, 502, 546, 590-598, 616, 622, 632, 657->661, 675, 689->680
src/iris_memory_core/application/console/tasks.py                 148      5     30      5    94%   98, 159, 219, 271, 421
src/iris_memory_core/application/entity_deletion.py                60      4     20      5    89%   32, 68, 137, 139->163, 146
src/iris_memory_core/application/episodes.py                      506     79    206     59    79%   118, 121, 136, 138, 147, 179, 186, 195, 199, 209, 222, 227, 243, 257, 297, 317, 395, 453, 455, 459, 461, 466, 468, 470, 472, 475, 483, 542, 547, 620, 668, 670, 736, 812-813, 825-842, 919, 979, 990, 998, 1038, 1058, 1062, 1105, 1126, 1134, 1181-1182, 1199, 1225, 1278, 1334, 1336, 1340, 1353, 1358, 1365, 1427, 1432, 1605, 1654-1655, 1670, 1677, 1694, 1701
src/iris_memory_core/application/events.py                        347     51    140     39    81%   89, 186, 305, 315, 349, 399, 401, 511, 569-570, 576, 581, 583, 588, 603, 605, 635, 697, 709, 711, 756, 765, 766->754, 772, 775, 786-788, 797, 798->773, 853, 856-857, 862-868, 879, 881, 907, 917, 939, 989, 999, 1118, 1202, 1208, 1223, 1228-1229, 1286-1287, 1289
src/iris_memory_core/application/focus.py                         485     52    188     43    86%   122, 124, 129, 131, 133, 136, 139, 141, 156, 160, 162, 165, 181-182, 249, 260, 295, 303-304, 306, 316, 344, 362, 382, 389, 398-399, 453, 495, 497, 519, 523, 583, 652, 773, 877, 921, 1028, 1032-1033, 1092, 1146-1147, 1189, 1232->1234, 1253->1255, 1269->1271, 1300-1301, 1316, 1382, 1387, 1398, 1453, 1490
src/iris_memory_core/application/forget.py                        533     52    262     46    86%   197->205, 271->277, 333->332, 345->344, 372->350, 398, 402->404, 448, 473, 548, 550, 632, 637, 657, 663, 665-667, 668->672, 671, 680, 716, 758, 791, 801, 816, 831-832, 976, 1083, 1094, 1109, 1120, 1139, 1150, 1182, 1186, 1190, 1194, 1200-1213, 1222, 1226, 1230, 1251, 1283, 1304, 1316, 1334, 1339->1347
src/iris_memory_core/application/health.py                        140     19     34      4    84%   116-117, 119-125, 134-138, 170, 175-176, 209, 229-230, 243
src/iris_memory_core/application/identity.py                      411     24    110     17    92%   262, 345, 349, 352-353, 357-358, 386, 411, 414, 523, 537, 539, 570, 574, 577-578, 583, 599, 610, 625, 665, 680, 1206
src/iris_memory_core/application/memory.py                        533     83    236     60    80%   106, 115, 119, 126, 129, 212, 231, 236-237, 239, 293, 303, 321, 332, 336, 340, 342-369, 390, 392, 403, 414, 416, 421, 423, 454, 456, 474, 491, 506, 510, 513, 516, 522, 582, 584, 587, 589, 592, 651, 653, 666, 669-670, 672, 678, 796, 801, 969, 1035, 1037, 1041, 1044, 1131, 1134-1141, 1164-1165, 1174, 1176, 1262, 1403-1404, 1443, 1457->1497, 1481, 1494, 1495->1457, 1587-1595, 1611, 1666
src/iris_memory_core/application/notes.py                         407     62    136     39    81%   134, 143, 147, 208, 212, 215-216, 231, 302, 410, 491, 497, 506, 521, 576, 580, 591, 593, 617, 651, 653, 712, 742-743, 834, 836, 850-851, 905, 932, 937, 939, 950, 1032, 1071-1072, 1125, 1127, 1137, 1168, 1185, 1190, 1208-1209, 1241-1250, 1293-1294, 1336, 1363-1412, 1446, 1453
src/iris_memory_core/application/observation.py                   362     35    188     37    87%   64, 76, 85, 124, 130, 145, 179, 186, 188, 201, 204-206, 216, 224, 227, 230, 291, 318, 451, 567->569, 573->575, 581, 609, 615, 622, 624, 627, 642, 665, 667, 670, 676, 678, 719->713, 733, 748, 750
src/iris_memory_core/application/outbox.py                        195      6     58      3    96%   372, 377, 382-387, 449
src/iris_memory_core/application/persona.py                       574     63    230     60    85%   85, 103, 135, 160, 173, 177, 198, 252, 314, 366, 385, 441, 494, 552, 583, 587, 602, 604, 666, 771, 782, 789, 802, 806, 816, 833, 848, 917, 919, 984, 994, 996, 1000, 1078-1085, 1115, 1160, 1174, 1182, 1387, 1408, 1419, 1423, 1429, 1435, 1444, 1455, 1459, 1462, 1470, 1481, 1489-1490, 1499, 1514, 1535, 1556, 1559, 1563, 1573, 1592, 1605, 1608
src/iris_memory_core/application/ports/clock.py                    33      4      0      0    88%   21, 42, 45, 48
src/iris_memory_core/application/promotion.py                     123      5     34      5    94%   131, 145, 155, 162, 276
src/iris_memory_core/application/provisioning.py                  210     19     46      5    89%   66, 348->363, 406, 482, 484, 491-492, 501-505, 508-520
src/iris_memory_core/application/recall.py                       1405    201    564    124    82%   238, 274, 376-377, 397, 601, 691, 693->695, 792, 805, 825, 867, 929, 954, 964, 966, 974, 976, 983, 1050, 1088, 1103, 1112, 1155, 1167, 1177-1182, 1190, 1194-1196, 1253, 1292, 1306, 1308, 1315, 1408, 1416, 1483, 1519, 1531, 1534, 1557, 1562, 1596, 1599, 1602, 1604, 1611, 1644, 1648-1649, 1651, 1653, 1662, 1664, 1692, 1768, 1771, 1774, 1776, 1783, 1995, 2078-2087, 2334, 2337, 2339, 2341, 2357, 2359, 2412, 2465-2466, 2468, 2470, 2472, 2474, 2484, 2486, 2498-2499, 2501, 2503, 2505, 2509, 2523-2524, 2526, 2528, 2531, 2542, 2555-2556, 2558, 2560, 2563, 2565, 2574, 2576, 2590-2591, 2595, 2598, 2600, 2608, 2610, 2613, 2615, 2623, 2639-2640, 2643-2661, 2674-2675, 2677, 2679, 2685, 2688, 2697, 2699, 2713-2714, 2718, 2720, 2723, 2726, 2728, 2737, 2739, 2748, 2764, 2766-2767, 2802, 3026, 3125, 3153, 3206, 3279, 3296, 3309->3326, 3328, 3360, 3367-3425, 3430-3489, 3495, 3591, 3599-3600, 3603-3604, 3667, 3699, 3705, 3708, 3717, 3747, 3752
src/iris_memory_core/application/recent.py                        161     18     66     13    85%   69, 89, 93, 97, 145, 206, 217, 223-224, 226, 228, 230, 241, 334-343, 431, 514
src/iris_memory_core/application/reflection.py                    360     66    120     34    79%   91, 93, 99, 105, 112, 115, 120, 123, 194-216, 272, 278, 306, 315-316, 342, 377, 392, 405, 408-413, 432-438, 451, 455, 458, 474, 476, 493-503, 505-514, 518-527, 564, 657, 660, 667, 693-703, 739-745, 776, 816-820, 834, 900, 917, 939-950, 1025, 1043-1064
src/iris_memory_core/application/retention.py                     245     94     98     15    57%   68, 114, 145, 150, 164, 181, 249, 265-266, 290->235, 319, 332, 374->305, 380, 444, 460-491, 496-498, 510-588, 600-649, 654-686, 693-721, 735-759, 802, 806, 812
src/iris_memory_core/application/scheduler.py                     157     12     38      9    89%   68, 118, 120, 122, 190, 216-217, 291-292, 302->308, 351-352, 388
src/iris_memory_core/application/security.py                       46      3     10      3    89%   22, 85, 87
src/iris_memory_core/application/state.py                         222     29     88     24    83%   87, 89, 94, 98, 101, 104, 106, 147, 182, 186, 195, 209, 214, 216, 220, 227, 271, 320, 429, 438-439, 530-535, 585, 663, 677, 702
src/iris_memory_core/application/surface.py                       189      7     56      5    95%   64, 99, 277, 423, 447, 559-560
src/iris_memory_core/application/task_deletion.py                  57      7     34      8    84%   24->36, 27, 30, 33, 56, 62, 66, 77
src/iris_memory_core/application/tasks.py                        1032    139    462    127    82%   149, 156, 173, 175, 179, 190, 230, 240, 246, 249, 256, 258, 307, 336, 344, 349, 360, 363, 365, 404, 406, 410, 412, 414, 416, 431, 499, 506, 528, 572, 623, 625, 685, 706, 723, 725, 807, 809, 826-827, 882, 945->947, 982, 1041, 1067, 1084, 1091, 1101, 1111, 1114, 1135, 1140, 1162, 1245, 1284, 1286, 1290, 1292, 1294, 1296, 1373, 1410, 1481, 1483, 1499-1500, 1504, 1556, 1577, 1586, 1608, 1645, 1653, 1716, 1718, 1725, 1784, 1791, 1796, 1799, 1803, 1815, 1829, 1845->1849, 1848, 1915-1916, 1985, 2000, 2066, 2068, 2126, 2144, 2154, 2254, 2271, 2276, 2278->exit, 2317, 2388, 2407, 2414, 2426, 2429, 2439, 2443, 2445, 2450, 2453-2454, 2456, 2500, 2600, 2651, 2744->2726, 2756-2757, 2758->2760, 2844->2860, 2856-2857, 2884-2885, 2886->2908, 2896-2897, 2898->2908, 2966->2968, 2970, 2972->2978, 3010, 3014, 3016, 3074, 3080, 3093, 3100-3108, 3179, 3283, 3297->3262, 3300, 3311
src/iris_memory_core/application/write_support.py                  98     13     52     11    84%   119, 123, 125, 128, 144-145, 170, 174, 189, 192, 194, 279, 281
src/iris_memory_core/bootstrap.py                                  77      6     18      5    88%   62, 64, 73, 87-88, 108
src/iris_memory_core/cli.py                                       125      9     30      5    90%   18-21, 138, 140, 193-194, 206
src/iris_memory_core/coordinator/__init__.py                        2      2      0      0     0%   12-17
src/iris_memory_core/domain/access.py                              35      2     10      2    91%   52, 65
src/iris_memory_core/domain/console.py                            140      5     14      5    94%   31, 35, 38, 104, 112
src/iris_memory_core/domain/console_operations.py                  79      1      2      1    98%   51
src/iris_memory_core/domain/errors.py                             100      2      2      0    98%   131-132
src/iris_memory_core/domain/event.py                               92      4     16      4    93%   73, 75, 167, 169
src/iris_memory_core/domain/focus.py                              128      6     36      5    93%   133, 136, 160, 186, 188, 260
src/iris_memory_core/domain/fts.py                                139      4     16      4    95%   96, 98, 174, 183
src/iris_memory_core/domain/graph.py                              176      6     26      6    94%   155, 157, 159, 161, 165, 167
src/iris_memory_core/domain/jobs.py                               109      7     16      6    90%   74, 440, 469, 471, 473, 475, 509
src/iris_memory_core/domain/memory.py                             431     29    120     31    89%   256, 258, 265, 267, 274, 276, 278, 299, 303, 305, 364->371, 367, 373, 381, 386, 400, 406->420, 409, 412, 419, 478, 486, 743, 745, 759, 777, 779, 811, 815, 817, 820
src/iris_memory_core/domain/model.py                              252      3     32      3    98%   281, 315, 335
src/iris_memory_core/domain/note.py                                98      8     14      6    88%   85, 87, 94, 96, 98, 159, 194-196
src/iris_memory_core/domain/observation.py                        123      5     26      6    93%   81->exit, 124, 126, 140, 146, 148
src/iris_memory_core/domain/persona.py                            220     20     68     18    86%   192, 195, 199, 218, 225, 233, 235, 237-239, 256, 263, 268, 274, 287, 292, 296, 302, 305, 308
src/iris_memory_core/domain/privacy.py                             63      6     34      2    92%   74-76, 82-84
src/iris_memory_core/domain/profile.py                            216      3     38      2    98%   150, 152, 228
src/iris_memory_core/domain/recall.py                             159      4     50      4    96%   101, 104, 155, 210
src/iris_memory_core/domain/recent.py                             159     22     48     16    80%   78, 154, 159-163, 282, 315, 317, 320, 324, 326, 328, 330, 332, 337, 339, 344, 349, 353, 355
src/iris_memory_core/domain/reflection.py                         288     21     68     14    88%   121, 135, 295, 324, 326-329, 335, 355, 360-361, 367, 379, 384, 392, 424, 429, 437, 447-448
src/iris_memory_core/domain/retention.py                          141      7     38      7    92%   174, 178, 180, 182, 203, 207, 312
src/iris_memory_core/domain/schedule.py                           168     12     46      5    91%   86, 91, 96, 114, 117-119, 162, 220-223
src/iris_memory_core/domain/scope.py                               50      6     24      2    86%   40, 44-46, 49, 82
src/iris_memory_core/domain/state.py                              148     21     44     14    81%   67, 69, 71, 73, 75, 130, 197-198, 217, 248, 251-252, 262, 266, 268, 276-278, 281, 291, 293
src/iris_memory_core/domain/surface.py                             59      3     10      3    91%   55, 61, 63
src/iris_memory_core/domain/task.py                               347     26    106     16    89%   217, 219, 294, 296, 385, 479, 487-491, 509, 520, 543, 572-574, 593-595, 640, 642, 644, 646, 662, 680
src/iris_memory_core/domain/vector.py                             211      9     54      7    94%   131, 234, 236, 265, 357, 364, 366, 447, 457
src/iris_memory_core/indexing/faiss.py                             90      9     22      7    86%   30-31, 61, 89, 91, 96, 110, 142, 144
src/iris_memory_core/indexing/fts.py                              234     33     86     17    82%   187->168, 245-246, 270, 343, 346, 367, 370, 382-388, 432, 438-444, 448, 451-455, 487, 493, 500, 527, 540-543, 554
src/iris_memory_core/indexing/graph.py                            355     48    164     31    84%   105-106, 112->116, 146, 177, 206, 209, 284, 288, 332->exit, 334-335, 354, 362, 413, 415, 417-418, 460-461, 495-496, 500, 502, 533-534, 536, 538, 541, 572->574, 581->583, 591-594, 609-610, 641, 657-658, 662, 681, 692-693, 695, 699, 713, 726->732, 753-754, 771-773
src/iris_memory_core/indexing/profile.py                          390     49    178     39    84%   134-135, 138-139, 167, 193, 195->191, 199->197, 240, 244, 287->exit, 289-291, 310, 313, 327->339, 333-334, 347, 353->360, 359, 363-364, 367->373, 375-376, 381->388, 393, 415, 418-419, 423, 425, 431, 433, 443-444, 448, 468-470, 513, 559->570, 589, 598-599, 601, 616, 622, 625, 640, 657, 723, 747, 754, 766, 774, 795->793, 801->793
src/iris_memory_core/indexing/vector.py                           757     98    272     57    84%   205-211, 230->214, 261, 411-415, 449, 471-472, 494, 550-553, 577-578, 580, 583, 588, 602, 609, 616, 618, 623, 626, 654, 658, 660, 663, 667, 680, 690, 693, 696-697, 699, 717, 720, 725-726, 728, 739->737, 769, 773-774, 891, 941->exit, 943-945, 952, 981, 997-999, 1036-1037, 1136->1143, 1139-1142, 1144, 1147-1148, 1296, 1307, 1319-1324, 1378, 1393, 1399-1405, 1409, 1412-1416, 1437, 1443, 1446, 1448, 1452, 1464, 1479-1480, 1505, 1527, 1530, 1583, 1611->1613, 1637-1639
src/iris_memory_core/jobs/handlers.py                             446     90    120     42    75%   63, 196-199, 240, 265, 293, 298, 300, 302, 305, 334, 390, 417, 436, 439, 442, 461, 482, 504, 506, 541, 547-548, 558-565, 567, 585, 587, 590->exit, 621, 623, 672-701, 719, 721, 724->exit, 763, 766, 769, 771, 774, 778, 780, 790->792, 860-874, 883-892, 901-906, 925, 999, 1061, 1111-1116, 1129-1160, 1182, 1184
src/iris_memory_core/jobs/worker.py                               109      5     20      3    94%   55, 276, 281, 313-316, 330->323
src/iris_memory_core/observability/logging.py                      59      2     22      4    93%   93, 116, 147->150, 148->147
src/iris_memory_core/observability/metrics.py                      87     11     12      1    88%   82, 127, 130, 133, 136, 139, 150, 155, 191-193
src/iris_memory_core/providers/cognitive.py                       305     57     86     24    77%   32-33, 48, 50, 52, 54, 56, 58, 93, 101, 113-117, 141->146, 143->146, 185-186, 195-196, 252, 263, 267-271, 284, 309->exit, 311->exit, 318, 339-350, 371, 404->391, 406-407, 426, 431-433, 478-483, 508, 510-511, 545-547, 557-559
src/iris_memory_core/providers/embedding.py                       295     26     78     16    88%   92, 94, 99, 101, 103, 105, 158, 231->exit, 355, 390-391, 438-439, 446, 450, 523, 527-529, 531, 535, 581, 602, 607-608, 612-613
src/iris_memory_core/recall_runtime.py                             42      1     10      2    94%   56->60, 58
src/iris_memory_core/runtime.py                                   186     18     80     17    85%   100->111, 112, 114, 116, 124, 127, 134, 140, 155, 178-181, 194, 198, 206->208, 215, 296-297, 304->310, 308, 311->315
src/iris_memory_core/storage/admin_archives.py                    104     15     30      9    79%   58, 66, 75->98, 87, 96->98, 108, 120-121, 127-130, 139, 152-155
src/iris_memory_core/storage/backup.py                           1005    134    464     85    84%   72, 79, 105, 108, 114, 140-142, 153, 158, 177-179, 190, 194, 196, 201, 213, 225, 227, 310, 313-314, 348, 383, 400, 420, 440-441, 443, 445-447, 457->474, 462-464, 471, 473, 588, 597, 622, 626, 633, 800, 807-808, 810-811, 814-816, 873, 884, 915, 937->944, 943, 949-950, 952, 998-1001, 1040-1043, 1072->1089, 1089->1106, 1107-1110, 1121-1122, 1124, 1148, 1156, 1160, 1166, 1171, 1198, 1207, 1211-1212, 1217, 1228, 1243-1244, 1246-1250, 1270, 1294, 1310-1313, 1318-1322, 1331-1334, 1352, 1362, 1423, 1430, 1437, 1462, 1475, 1482, 1505, 1519, 1533, 1598-1600, 1718, 1725, 1731, 1752, 1770, 1771->1778, 1784, 1797, 1803, 1810, 1817, 1830, 1837, 1844, 1934, 1940, 1986-1987, 1998->1994, 2018, 2043, 2075
src/iris_memory_core/storage/cognitive.py                         261      9     38      8    94%   346-347, 400, 418, 457, 706->709, 784, 816, 867-868, 947->950, 994->998
src/iris_memory_core/storage/console.py                           104      6     10      3    92%   76, 106, 157-158, 268-271
src/iris_memory_core/storage/console_operation_restore.py          76      3     28      4    93%   25, 38, 69, 182->184
src/iris_memory_core/storage/console_operations.py                 93     10     36      9    85%   50, 73-75, 106, 126, 127->138, 179-180, 182-183, 212
src/iris_memory_core/storage/console_reads.py                     335     28    172     24    89%   355-356, 361, 376, 377->363, 413, 448, 450, 452, 483-484, 492-493, 495-496, 520, 523-524, 544-545, 576->600, 596->577, 685-686, 707-711, 733-735, 738->742, 756->758, 760, 807->813, 846, 869->872, 877->896
src/iris_memory_core/storage/fts.py                               195     22     40      8    86%   39-40, 46, 117, 127, 139, 153-157, 215, 219-223, 309, 652, 678-681, 704, 767
src/iris_memory_core/storage/idempotency.py                       148     16     38      5    88%   127-136, 179, 255, 280, 346, 366->363, 437, 448-461, 478-479, 483
src/iris_memory_core/storage/memory.py                            734     91    140     33    86%   93, 100, 107, 261-262, 319-320, 351-352, 416-419, 431-432, 438-442, 644-645, 708-709, 760-761, 763-764, 772-773, 775-776, 846-847, 928-929, 945-950, 978-986, 1031-1033, 1068-1071, 1074-1079, 1148-1149, 1151-1152, 1176-1178, 1191, 1375-1376, 1429-1430, 1501->1504, 1539-1544, 1640-1641, 1650, 1787, 1875-1876, 1903, 1919, 1926, 1936, 1942, 1946-1949, 1959, 1961, 2032-2037, 2040-2045, 2180-2184, 2225-2226, 2247, 2310->2313, 2313->2316, 2316->2319, 2343-2344, 2384->2387, 2387->2390, 2390->2393, 2429-2435, 2438-2445, 2448-2453
src/iris_memory_core/storage/migrations.py                        246     14     70      8    92%   217, 236, 253, 261->282, 266-271, 282->335, 341, 346-349, 585->587, 635-636
src/iris_memory_core/storage/persona.py                           152     18     44     15    83%   39, 183-184, 190, 198, 209-211, 217-219, 259, 274, 327, 374, 407, 444, 479, 485, 540->538
src/iris_memory_core/storage/plans.py                             533     47     90     17    89%   84->87, 133, 140, 227, 277-278, 378-379, 409->413, 413->422, 423-424, 476-483, 712-715, 742-745, 789, 814, 862-863, 980->984, 1055, 1085-1086, 1204-1208, 1269-1270, 1352-1359, 1386, 1429-1430, 1504->1507, 1549->1552, 1609-1613, 1659-1665, 1774, 1829-1830, 1934-1935, 1989
src/iris_memory_core/storage/projection.py                        315     52     78     16    81%   48-49, 52, 58-59, 61, 64->63, 101, 114-118, 165, 169-173, 194-219, 298, 303, 423, 428->437, 432, 464-468, 498, 510-514, 642-647, 671, 680-685, 693-698, 718, 870->879, 874, 908
src/iris_memory_core/storage/reflection.py                        192     17     22      7    89%   40, 99-104, 123-141, 217, 232, 381, 502-509, 552, 584, 594-599, 701-702, 797
src/iris_memory_core/storage/repositories.py                      428     29     62     10    91%   122, 441, 490, 531, 534, 600, 803, 893, 960, 1064, 1111-1112, 1124-1127, 1156-1159, 1211, 1307-1309, 1578-1587
src/iris_memory_core/storage/spine.py                             393     23     66     12    92%   163->166, 166->169, 172->179, 238-242, 307-315, 390, 437, 473-474, 547, 577->569, 739->742, 916-917, 964-965, 1026-1027, 1040-1046, 1127, 1143, 1188-1189, 1230->1222, 1312-1317
src/iris_memory_core/storage/uow.py                               298     22     38      7    89%   91, 596, 624->626, 631->633, 636->exit, 667->670, 711-713, 743-751, 757->exit, 761-770
src/iris_memory_core/storage/vector.py                            167      6     38      7    94%   116, 146, 331, 549, 554->563, 558, 603
-----------------------------------------------------------------------------------------------------------
TOTAL                                                           30551   3317   9998   2170    86%

47 files skipped due to complete coverage.
Required test coverage of 80% reached. Total coverage: 85.58%
================ 14795 passed, 2 warnings in 1183.63s (0:19:43) ================
npm test --prefix sdk/typescript

> @iris-memory/sdk@0.11.2 test
> npm run build && node --test dist/test/*.test.js


> @iris-memory/sdk@0.11.2 build
> tsc --project tsconfig.json

✔ parseEventStream retains cursor and forward fields (0.423292ms)
✔ adapter-facing reads propagate AbortSignal and authentication (16.759125ms)
✔ events sends Last-Event-ID and parses a finite SSE poll (0.58475ms)
✔ events rejects invalid saved checkpoints before transport (0.297458ms)
✔ events rejects an HTTP error instead of treating it as an empty poll (0.216167ms)
✔ TypeScript SDK matches the shared fixture manifest (9.804334ms)
✔ Phase 10 management requests carry Bearer and idempotency headers (17.562291ms)
✔ noteAction carries the lease proof on the wire (2.412459ms)
✔ task and step transitions carry the lease proof on the wire (0.558ms)
✔ ackCognitiveEvent carries the lease proof on the wire (0.307ms)
✔ rememberClaim carries the lease proof on the wire (0.339792ms)
✔ correctClaim carries the lease proof on the wire (0.242125ms)
✔ forgetMemory carries the lease proof on the wire (0.282166ms)
✔ createArtifact carries the lease proof on the wire (0.298542ms)
✔ transitionEpisode carries target and the lease proof on the wire (0.298875ms)
✔ recall posts the full request scope on the wire (0.375917ms)
✔ reportRecallUsage posts stage ids and idempotency key (0.638667ms)
✔ search posts query and scope on the wire (0.217667ms)
✔ persona mutations carry idempotency keys and exact resource paths (0.701125ms)
ℹ tests 19
ℹ suites 0
ℹ pass 19
ℹ fail 0
ℹ cancelled 0
ℹ skipped 0
ℹ todo 0
ℹ duration_ms 63.088833
npm run check --prefix web/console

> @iris-memory/console@0.1.0 check
> npm run types:check && npm run lint && npm run typecheck && npm test && npm run build


> @iris-memory/console@0.1.0 types:check
> node scripts/check-types.mjs && node scripts/generate-protocol.mjs --check

Published Console type generation is deterministic.

> @iris-memory/console@0.1.0 lint
> eslint . --max-warnings 0


> @iris-memory/console@0.1.0 typecheck
> tsc --noEmit


> @iris-memory/console@0.1.0 test
> vitest run


 RUN  v3.2.4 /Users/cassia/Local/Code/iris_memory_core/web/console

 ✓ tests/client.test.ts (16 tests) 15ms
 ✓ tests/workflows.test.tsx (13 tests) 200ms

 Test Files  2 passed (2)
      Tests  29 passed (29)
   Start at  03:19:06
   Duration  769ms (transform 110ms, setup 0ms, collect 238ms, tests 215ms, environment 462ms, prepare 67ms)


> @iris-memory/console@0.1.0 build
> tsc --noEmit && vite build && node scripts/check-build.mjs

vite v7.1.4 building for production...
transforming...
node_modules/react-router/dist/development/index.mjs (11:0): Module level directives cause errors when bundled, "use client" in "node_modules/react-router/dist/development/index.mjs" was ignored.
node_modules/react-router/dist/development/dom-export.mjs (1:0): Module level directives cause errors when bundled, "use client" in "node_modules/react-router/dist/development/dom-export.mjs" was ignored.
✓ 56 modules transformed.
rendering chunks...
computing gzip size...
dist/index.html                   0.44 kB │ gzip:  0.32 kB
dist/assets/index-DsQ9LCF9.css    6.82 kB │ gzip:  2.27 kB
dist/assets/index-seQyvNg8.js   309.72 kB │ gzip: 97.74 kB
✓ built in 409ms
Production assets: same-origin, no mock, no inline entry, no eval, allowed suffixes.
npm run test:browser --prefix web/console

> @iris-memory/console@0.1.0 test:browser
> playwright test

(node:53973) [DEP0205] DeprecationWarning: `module.register()` is deprecated. Use `module.registerHooks()` instead.
(Use `node --trace-deprecation ...` to show where the warning was created)
[WebServer] INFO:     Started server process [53977]
[WebServer] INFO:     Waiting for application startup.
[WebServer] INFO:     Application startup complete.
[WebServer] INFO:     Uvicorn running on http://127.0.0.1:8766 (Press CTRL+C to quit)
[WebServer] {"duration_ms": 51.27662499944563, "event": "console.request", "id_hash": "h_95e94d5e35fd", "status": "200"}

Running 21 tests using 1 worker

(node:53989) Warning: The 'NO_COLOR' env is ignored due to the 'FORCE_COLOR' env being set.
(Use `node --trace-warnings ...` to show where the warning was created)
(node:53989) [DEP0205] DeprecationWarning: `module.register()` is deprecated. Use `module.registerHooks()` instead.
(node:53989) Warning: The 'NO_COLOR' env is ignored due to the 'FORCE_COLOR' env being set.
(Use `node --trace-warnings ...` to show where the warning was created)
[WebServer] {"duration_ms": 1.7489170022599865, "event": "console.request", "id_hash": "h_41b29a96ca41", "status": "200"}
[WebServer] {"duration_ms": 1.4900829992257059, "event": "console.request", "id_hash": "h_277ac91d4729", "status": "200"}
[WebServer] {"duration_ms": 1.203915999212768, "event": "console.request", "id_hash": "h_a038f0ba7ce8", "status": "200"}
[WebServer] {"duration_ms": 8.144082999933744, "event": "console.request", "id_hash": "h_7959ce39adc7", "status": "401"}
[WebServer] {"duration_ms": 102.55762499946286, "event": "console.request", "id_hash": "h_b8b2c20ee813", "status": "200"}
[WebServer] {"duration_ms": 5.572416997893015, "event": "console.request", "id_hash": "h_0d775ff1c6c4", "status": "200"}
[WebServer] {"duration_ms": 5.069333001301857, "event": "console.request", "id_hash": "h_d45227b3ca53", "status": "200"}
[WebServer] {"duration_ms": 8.200332998967497, "event": "console.request", "id_hash": "h_2ce6a02e8da0", "status": "403"}
[WebServer] {"duration_ms": 7.821041999704903, "event": "console.request", "id_hash": "h_6a2959777434", "status": "200"}
[WebServer] {"duration_ms": 15.554249999695458, "event": "console.request", "id_hash": "h_ab8d8c0f797b", "status": "202"}
[WebServer] {"duration_ms": 4.55100000181119, "event": "console.request", "id_hash": "h_d76077804d7c", "status": "200"}
[WebServer] {"duration_ms": 13.624500003061257, "event": "console.request", "id_hash": "h_ac6bb013d0b0", "status": "200"}
[WebServer] {"duration_ms": 1.8878749979194254, "event": "console.request", "id_hash": "h_c0ca7f4f76b6", "status": "200"}
[WebServer] {"duration_ms": 1.4605420001316816, "event": "console.request", "id_hash": "h_4ac536a13a5c", "status": "200"}
[WebServer] {"duration_ms": 3.1773749979038257, "event": "console.request", "id_hash": "h_fc48ef3b4979", "status": "200"}
[WebServer] {"duration_ms": 3.8908329988771584, "event": "console.request", "id_hash": "h_dee5e4d00f65", "status": "200"}
[WebServer] {"duration_ms": 6.820582999353064, "event": "console.request", "id_hash": "h_be840a5b3a2e", "status": "200"}
[WebServer] {"duration_ms": 5.245166998065542, "event": "console.request", "id_hash": "h_a060a5375e8d", "status": "200"}
  ✓   1 tests/browser/backup.spec.ts:5:1 › real backup acceptance, reauthentication and independent fenced worker (2.0s)
[WebServer] {"duration_ms": 0.9979999995266553, "event": "console.request", "id_hash": "h_b874ef22fdb8", "status": "200"}
[WebServer] {"duration_ms": 1.7264999987673946, "event": "console.request", "id_hash": "h_ecf27c38e503", "status": "200"}
[WebServer] {"duration_ms": 1.6233329988608602, "event": "console.request", "id_hash": "h_8f9664eafad8", "status": "200"}
[WebServer] {"duration_ms": 4.4649159972323105, "event": "console.request", "id_hash": "h_fa3a1f8b16e3", "status": "401"}
[WebServer] {"duration_ms": 100.61195899834274, "event": "console.request", "id_hash": "h_362189668650", "status": "200"}
[WebServer] {"duration_ms": 6.603083998925285, "event": "console.request", "id_hash": "h_4b0cb15f4697", "status": "200"}
[WebServer] {"duration_ms": 37.406499999633525, "event": "console.request", "id_hash": "h_ecf3bdad5168", "status": "200"}
[WebServer] {"duration_ms": 9.354624999104999, "event": "console.request", "id_hash": "h_d7552a126b26", "status": "200"}
[WebServer] {"duration_ms": 7.551292001153342, "event": "console.request", "id_hash": "h_286d445662ce", "status": "200"}
[WebServer] {"duration_ms": 14.043416998902103, "event": "console.request", "id_hash": "h_64f6233bafaa", "status": "200"}
[WebServer] {"duration_ms": 2.249166998808505, "event": "console.request", "id_hash": "h_fd9716cf216e", "status": "200"}
[WebServer] {"duration_ms": 11.999499998637475, "event": "console.request", "id_hash": "h_513387539ac8", "status": "200"}
[WebServer] {"duration_ms": 1.4357920008478686, "event": "console.request", "id_hash": "h_ee822af2a047", "status": "200"}
[WebServer] {"duration_ms": 2.626000001328066, "event": "console.request", "id_hash": "h_a8f18b1dce2a", "status": "200"}
[WebServer] {"duration_ms": 3.6873329991067294, "event": "console.request", "id_hash": "h_956ff61d4975", "status": "200"}
[WebServer] {"duration_ms": 6.854999999632128, "event": "console.request", "id_hash": "h_5c90c6b84ba6", "status": "200"}
[WebServer] {"duration_ms": 53.81745799968485, "event": "console.request", "id_hash": "h_6d27d5bc2e30", "status": "200"}
[WebServer] {"duration_ms": 8.08366700221086, "event": "console.request", "id_hash": "h_917393f1ed17", "status": "200"}
[WebServer] {"duration_ms": 12.883332998171682, "event": "console.request", "id_hash": "h_c8078278ead5", "status": "200"}
  ✓   2 tests/browser/console.spec.ts:6:1 › real memory registry, canonical list, detail and history (1.1s)
[WebServer] {"duration_ms": 0.8816250010568183, "event": "console.request", "id_hash": "h_597fde7e956b", "status": "200"}
[WebServer] {"duration_ms": 0.7391250001091976, "event": "console.request", "id_hash": "h_087150070caf", "status": "200"}
[WebServer] {"duration_ms": 1.761750001605833, "event": "console.request", "id_hash": "h_3dd343e3262f", "status": "200"}
[WebServer] {"duration_ms": 5.135792001965456, "event": "console.request", "id_hash": "h_215b05e37a6e", "status": "401"}
[WebServer] {"duration_ms": 102.54862500005402, "event": "console.request", "id_hash": "h_7a7f739ebe2a", "status": "200"}
[WebServer] {"duration_ms": 6.503000000520842, "event": "console.request", "id_hash": "h_6e9df4efb2cb", "status": "200"}
[WebServer] {"duration_ms": 36.028082999109756, "event": "console.request", "id_hash": "h_5fa836089599", "status": "200"}
[WebServer] {"duration_ms": 6.308209001872456, "event": "console.request", "id_hash": "h_bb1e9afbae1b", "status": "200"}
[WebServer] {"duration_ms": 19.022584001504583, "event": "console.request", "id_hash": "h_7292a71ffca2", "status": "200"}
[WebServer] {"duration_ms": 28.86320800098474, "event": "console.request", "id_hash": "h_ae9fa4f608ca", "status": "200"}
[WebServer] {"duration_ms": 30.425666001974605, "event": "console.request", "id_hash": "h_e2592f39a064", "status": "200"}
[WebServer] {"duration_ms": 31.699166000180412, "event": "console.request", "id_hash": "h_5fee831319d7", "status": "200"}
[WebServer] {"duration_ms": 25.80445800049347, "event": "console.request", "id_hash": "h_4e88969d2f0b", "status": "201"}
[WebServer] {"duration_ms": 4.918375001579989, "event": "console.request", "id_hash": "h_09c8ab53d01a", "status": "200"}
[WebServer] {"duration_ms": 9.419209000043338, "event": "console.request", "id_hash": "h_41294d99155c", "status": "200"}
[WebServer] {"duration_ms": 1.2072079989593476, "event": "console.request", "id_hash": "h_a7bdb30bf8ff", "status": "200"}
[WebServer] {"duration_ms": 2.285624999785796, "event": "console.request", "id_hash": "h_8b41db80415a", "status": "200"}
[WebServer] {"duration_ms": 2.9344170034164563, "event": "console.request", "id_hash": "h_0da6c28f6616", "status": "200"}
[WebServer] {"duration_ms": 3.4828329989977647, "event": "console.request", "id_hash": "h_8e4fa8fed8ff", "status": "200"}
[WebServer] {"duration_ms": 6.163541998830624, "event": "console.request", "id_hash": "h_6676fd00e3e1", "status": "200"}
[WebServer] {"duration_ms": 31.578916001308244, "event": "console.request", "id_hash": "h_54685a8ad9ba", "status": "200"}
[WebServer] {"duration_ms": 8.264250001957407, "event": "console.request", "id_hash": "h_3ae136537b94", "status": "200"}
[WebServer] {"duration_ms": 13.977874998090556, "event": "console.request", "id_hash": "h_f82791e4032d", "status": "200"}
[WebServer] {"duration_ms": 20.237500000803266, "event": "console.request", "id_hash": "h_f8897ad63240", "status": "200"}
[WebServer] {"duration_ms": 8.297458000015467, "event": "console.request", "id_hash": "h_4d6c7052e74b", "status": "200"}
[WebServer] {"duration_ms": 13.370917000429472, "event": "console.request", "id_hash": "h_4a29c316e059", "status": "200"}
[WebServer] {"duration_ms": 24.148874999809777, "event": "console.request", "id_hash": "h_84c33491748e", "status": "200"}
[WebServer] {"duration_ms": 8.240957999078091, "event": "console.request", "id_hash": "h_049cae5ff785", "status": "200"}
[WebServer] {"duration_ms": 12.498500000219792, "event": "console.request", "id_hash": "h_0542191fc832", "status": "200"}
[WebServer] {"duration_ms": 1.0958749990095384, "event": "console.request", "id_hash": "h_a133738e804d", "status": "200"}
[WebServer] {"duration_ms": 0.8955830016930122, "event": "console.request", "id_hash": "h_8d93afdcafb8", "status": "200"}
[WebServer] {"duration_ms": 1.9659999998111743, "event": "console.request", "id_hash": "h_ed5380b49383", "status": "200"}
[WebServer] {"duration_ms": 2.8737090033246204, "event": "console.request", "id_hash": "h_bdc404a21dd2", "status": "200"}
[WebServer] {"duration_ms": 4.831875001400476, "event": "console.request", "id_hash": "h_57dedb731c60", "status": "200"}
[WebServer] {"duration_ms": 30.17162499963888, "event": "console.request", "id_hash": "h_9bb77451c227", "status": "200"}
[WebServer] {"duration_ms": 11.33299999855808, "event": "console.request", "id_hash": "h_cf72aef13da1", "status": "200"}
[WebServer] {"duration_ms": 13.957874998595798, "event": "console.request", "id_hash": "h_69070bb82ede", "status": "200"}
[WebServer] {"duration_ms": 5.529207999643404, "event": "console.request", "id_hash": "h_b798f3ab8d17", "status": "200"}
[WebServer] {"duration_ms": 26.41849999781698, "event": "console.request", "id_hash": "h_56ff04e82fa8", "status": "200"}
[WebServer] {"duration_ms": 26.99366600063513, "event": "console.request", "id_hash": "h_ec7014936fa4", "status": "200"}
[WebServer] {"duration_ms": 27.277541001240024, "event": "console.request", "id_hash": "h_be9db3030472", "status": "200"}
[WebServer] {"duration_ms": 28.364458001306048, "event": "console.request", "id_hash": "h_4e3c38e07aa0", "status": "200"}
[WebServer] {"duration_ms": 23.854833001678344, "event": "console.request", "id_hash": "h_4c337acfb284", "status": "201"}
[WebServer] {"duration_ms": 6.383959000231698, "event": "console.request", "id_hash": "h_ef886f9d6642", "status": "200"}
[WebServer] {"duration_ms": 9.004708997963462, "event": "console.request", "id_hash": "h_0dbcacba313d", "status": "200"}
[WebServer] {"duration_ms": 23.567167001601774, "event": "console.request", "id_hash": "h_5772676f0cf9", "status": "200"}
[WebServer] {"duration_ms": 1.073917002941016, "event": "console.request", "id_hash": "h_a4254dc50ce1", "status": "200"}
[WebServer] {"duration_ms": 2.8369999999995343, "event": "console.request", "id_hash": "h_02e52cdbba2b", "status": "200"}
[WebServer] {"duration_ms": 2.423999998427462, "event": "console.request", "id_hash": "h_dc1e15e7e0d2", "status": "200"}
[WebServer] {"duration_ms": 16.57179099856876, "event": "console.request", "id_hash": "h_06bc14bb55ca", "status": "200"}
[WebServer] {"duration_ms": 19.929250000132015, "event": "console.request", "id_hash": "h_b20f1ead37f2", "status": "200"}
[WebServer] {"duration_ms": 3.1737499994051177, "event": "console.request", "id_hash": "h_d26e7daae9c7", "status": "200"}
[WebServer] {"duration_ms": 5.767040998762241, "event": "console.request", "id_hash": "h_c5e482c69587", "status": "200"}
[WebServer] {"duration_ms": 31.205916999169858, "event": "console.request", "id_hash": "h_9990a78fd6bd", "status": "200"}
[WebServer] {"duration_ms": 13.315625001268927, "event": "console.request", "id_hash": "h_580133173b5b", "status": "200"}
[WebServer] {"duration_ms": 13.830375002726214, "event": "console.request", "id_hash": "h_367928651511", "status": "200"}
[WebServer] {"duration_ms": 0.8374159988306928, "event": "console.request", "id_hash": "h_19feb9263a4b", "status": "200"}
[WebServer] {"duration_ms": 1.4336249987536576, "event": "console.request", "id_hash": "h_9977c826a4fc", "status": "200"}
[WebServer] {"duration_ms": 1.1377080008969642, "event": "console.request", "id_hash": "h_1fe6bba37481", "status": "200"}
[WebServer] {"duration_ms": 2.436792001390131, "event": "console.request", "id_hash": "h_0343d58f8636", "status": "200"}
[WebServer] {"duration_ms": 5.170665997866308, "event": "console.request", "id_hash": "h_8ff155811ca3", "status": "200"}
[WebServer] {"duration_ms": 29.69337499962421, "event": "console.request", "id_hash": "h_52f6503e02b2", "status": "200"}
[WebServer] {"duration_ms": 13.712707997910911, "event": "console.request", "id_hash": "h_70364a2b6549", "status": "200"}
[WebServer] {"duration_ms": 13.754707997577498, "event": "console.request", "id_hash": "h_324b381b4c6b", "status": "200"}
[WebServer] {"duration_ms": 1.0532079977565445, "event": "console.request", "id_hash": "h_d55f0fa2079d", "status": "200"}
[WebServer] {"duration_ms": 1.6693329998815898, "event": "console.request", "id_hash": "h_8ff3dc8d2ab9", "status": "200"}
[WebServer] {"duration_ms": 1.1530829979164992, "event": "console.request", "id_hash": "h_d2c6703fe22f", "status": "200"}
[WebServer] {"duration_ms": 2.802500002871966, "event": "console.request", "id_hash": "h_495bb05eb6ed", "status": "200"}
[WebServer] {"duration_ms": 5.0502079975558445, "event": "console.request", "id_hash": "h_12f9be5dd8ad", "status": "200"}
[WebServer] {"duration_ms": 29.54137499909848, "event": "console.request", "id_hash": "h_bfcf5e78c6d7", "status": "200"}
[WebServer] {"duration_ms": 8.17066700255964, "event": "console.request", "id_hash": "h_3617a078198f", "status": "200"}
[WebServer] {"duration_ms": 13.059292003163137, "event": "console.request", "id_hash": "h_931208b0eb9e", "status": "200"}
[WebServer] {"duration_ms": 0.982375000603497, "event": "console.request", "id_hash": "h_4addb292af27", "status": "200"}
[WebServer] {"duration_ms": 1.828749998821877, "event": "console.request", "id_hash": "h_6460c4bcb232", "status": "200"}
[WebServer] {"duration_ms": 1.5575420002278406, "event": "console.request", "id_hash": "h_a8f366e47564", "status": "200"}
[WebServer] {"duration_ms": 2.8257500016479753, "event": "console.request", "id_hash": "h_3236a2049cc1", "status": "200"}
[WebServer] {"duration_ms": 4.71895900045638, "event": "console.request", "id_hash": "h_42939d22d531", "status": "200"}
[WebServer] {"duration_ms": 29.769707998639205, "event": "console.request", "id_hash": "h_fe6c26a5d30e", "status": "200"}
[WebServer] {"duration_ms": 4.6894170009181835, "event": "console.request", "id_hash": "h_13302c20dd2b", "status": "200"}
[WebServer] {"duration_ms": 45.66049999993993, "event": "console.request", "id_hash": "h_891c96b1c2dc", "status": "200"}
[WebServer] {"duration_ms": 45.444750001479406, "event": "console.request", "id_hash": "h_eea00ab291ee", "status": "200"}
[WebServer] {"duration_ms": 46.38566700305091, "event": "console.request", "id_hash": "h_49db8ec7d0c2", "status": "200"}
[WebServer] {"duration_ms": 46.377333001146326, "event": "console.request", "id_hash": "h_a9c7a5656451", "status": "200"}
[WebServer] {"duration_ms": 48.18254099882324, "event": "console.request", "id_hash": "h_38a3b6581fd0", "status": "200"}
[WebServer] {"duration_ms": 22.974415998760378, "event": "console.request", "id_hash": "h_a98ebe140554", "status": "201"}
[WebServer] {"duration_ms": 0.8633329998701811, "event": "console.request", "id_hash": "h_d0b57c7bbed0", "status": "200"}
[WebServer] {"duration_ms": 7.5840839999727905, "event": "console.request", "id_hash": "h_fddc87ccf65c", "status": "200"}
[WebServer] {"duration_ms": 0.9447080010431819, "event": "console.request", "id_hash": "h_3afc31d236ad", "status": "200"}
[WebServer] {"duration_ms": 1.580291998834582, "event": "console.request", "id_hash": "h_bf6625aa5453", "status": "200"}
[WebServer] {"duration_ms": 3.08420799774467, "event": "console.request", "id_hash": "h_e9c04209293c", "status": "200"}
[WebServer] {"duration_ms": 5.056541998783359, "event": "console.request", "id_hash": "h_bfdfcec50daa", "status": "200"}
[WebServer] {"duration_ms": 30.367999999725726, "event": "console.request", "id_hash": "h_656ea6d128c2", "status": "200"}
[WebServer] {"duration_ms": 12.685541998507688, "event": "console.request", "id_hash": "h_4345cbe5a662", "status": "200"}
[WebServer] {"duration_ms": 15.399459000036586, "event": "console.request", "id_hash": "h_333ab89f13f7", "status": "200"}
[WebServer] {"duration_ms": 21.73258299808367, "event": "console.request", "id_hash": "h_fa7a566fcb8f", "status": "200"}
[WebServer] {"duration_ms": 0.8941670021158643, "event": "console.request", "id_hash": "h_555cb617224a", "status": "200"}
[WebServer] {"duration_ms": 1.8278330026078038, "event": "console.request", "id_hash": "h_48070529840e", "status": "200"}
[WebServer] {"duration_ms": 2.8909579996252432, "event": "console.request", "id_hash": "h_cca262fa28a2", "status": "200"}
[WebServer] {"duration_ms": 16.914290998101933, "event": "console.request", "id_hash": "h_bf9f4bca06ba", "status": "200"}
[WebServer] {"duration_ms": 5.820291000418365, "event": "console.request", "id_hash": "h_c992fdbbfd6e", "status": "200"}
[WebServer] {"duration_ms": 26.752082998427795, "event": "console.request", "id_hash": "h_0b4e5343b4f1", "status": "200"}
[WebServer] {"duration_ms": 6.460417000198504, "event": "console.request", "id_hash": "h_4d50cf14b4ab", "status": "200"}
[WebServer] {"duration_ms": 44.44166699977359, "event": "console.request", "id_hash": "h_2d87c7286aa7", "status": "200"}
[WebServer] {"duration_ms": 12.610292000317713, "event": "console.request", "id_hash": "h_571a1259abc7", "status": "200"}
[WebServer] {"duration_ms": 14.935625000362052, "event": "console.request", "id_hash": "h_5f844e22c8db", "status": "200"}
[WebServer] {"duration_ms": 22.653624997474253, "event": "console.request", "id_hash": "h_c94917c3d507", "status": "200"}
[WebServer] {"duration_ms": 1.6887089986994397, "event": "console.request", "id_hash": "h_ae1fcf34d4da", "status": "200"}
[WebServer] {"duration_ms": 2.864583999325987, "event": "console.request", "id_hash": "h_3497b250020f", "status": "200"}
[WebServer] {"duration_ms": 2.32733300072141, "event": "console.request", "id_hash": "h_ba9bbffc0d7a", "status": "200"}
[WebServer] {"duration_ms": 16.820374999952037, "event": "console.request", "id_hash": "h_e9ac761ca9ad", "status": "200"}
[WebServer] {"duration_ms": 5.917290996876545, "event": "console.request", "id_hash": "h_9b692cbc3f8d", "status": "200"}
[WebServer] {"duration_ms": 24.018667001655558, "event": "console.request", "id_hash": "h_63e1a3649168", "status": "200"}
[WebServer] {"duration_ms": 4.395415999169927, "event": "console.request", "id_hash": "h_f6bf8841ea4e", "status": "200"}
[WebServer] {"duration_ms": 30.38366600230802, "event": "console.request", "id_hash": "h_90a7f2a6151f", "status": "200"}
[WebServer] {"duration_ms": 7.944832999783102, "event": "console.request", "id_hash": "h_dcdcdaeb1c35", "status": "200"}
[WebServer] {"duration_ms": 13.709957998798927, "event": "console.request", "id_hash": "h_df2ce766ed26", "status": "200"}
[WebServer] {"duration_ms": 23.071957999491133, "event": "console.request", "id_hash": "h_fcfb6c566a4c", "status": "200"}
[WebServer] {"duration_ms": 1.4597080007661134, "event": "console.request", "id_hash": "h_3da6f09369b0", "status": "200"}
[WebServer] {"duration_ms": 1.3101250006002374, "event": "console.request", "id_hash": "h_8d4840e6f371", "status": "200"}
[WebServer] {"duration_ms": 2.410417000646703, "event": "console.request", "id_hash": "h_655ed7266ea1", "status": "200"}
[WebServer] {"duration_ms": 12.506540999311255, "event": "console.request", "id_hash": "h_8c5077d43185", "status": "200"}
[WebServer] {"duration_ms": 17.395291997672757, "event": "console.request", "id_hash": "h_c2746d97a8c8", "status": "200"}
[WebServer] {"duration_ms": 3.075707998505095, "event": "console.request", "id_hash": "h_c2a14f5a4468", "status": "200"}
[WebServer] {"duration_ms": 4.703541999333538, "event": "console.request", "id_hash": "h_9547b9134931", "status": "200"}
[WebServer] {"duration_ms": 29.569458001788007, "event": "console.request", "id_hash": "h_108a2cd5f4b9", "status": "200"}
[WebServer] {"duration_ms": 11.64874999813037, "event": "console.request", "id_hash": "h_a3e3490a358d", "status": "200"}
[WebServer] {"duration_ms": 16.403208999690833, "event": "console.request", "id_hash": "h_96ad2fb031ab", "status": "200"}
[WebServer] {"duration_ms": 7.161917001212714, "event": "console.request", "id_hash": "h_638d109c461e", "status": "200"}
[WebServer] {"duration_ms": 1.3299999991431832, "event": "console.request", "id_hash": "h_0c5a70820a30", "status": "200"}
[WebServer] {"duration_ms": 1.2313750012253877, "event": "console.request", "id_hash": "h_d379f72a310d", "status": "200"}
[WebServer] {"duration_ms": 2.302708999195602, "event": "console.request", "id_hash": "h_0d936d3bf7fc", "status": "200"}
[WebServer] {"duration_ms": 3.409417000511894, "event": "console.request", "id_hash": "h_da161be0473a", "status": "200"}
[WebServer] {"duration_ms": 6.126833999587689, "event": "console.request", "id_hash": "h_108998308c5d", "status": "200"}
[WebServer] {"duration_ms": 31.155874999967637, "event": "console.request", "id_hash": "h_b8ee29d6e562", "status": "200"}
[WebServer] {"duration_ms": 4.906250000203727, "event": "console.request", "id_hash": "h_6eac1718cc14", "status": "200"}
[WebServer] {"duration_ms": 25.790166997467168, "event": "console.request", "id_hash": "h_b065f0d74c57", "status": "200"}
[WebServer] {"duration_ms": 27.037457999540493, "event": "console.request", "id_hash": "h_1f03af9de5fa", "status": "200"}
[WebServer] {"duration_ms": 28.55183300198405, "event": "console.request", "id_hash": "h_93e9a2beddb8", "status": "200"}
[WebServer] {"duration_ms": 28.889709003124153, "event": "console.request", "id_hash": "h_d479460180db", "status": "200"}
[WebServer] {"duration_ms": 20.37491600276553, "event": "console.request", "id_hash": "h_61fd0882589f", "status": "201"}
[WebServer] {"duration_ms": 0.8233330008806661, "event": "console.request", "id_hash": "h_8db75bad7a7d", "status": "200"}
[WebServer] {"duration_ms": 6.585084000107599, "event": "console.request", "id_hash": "h_568cd8990e56", "status": "200"}
[WebServer] {"duration_ms": 1.462165997509146, "event": "console.request", "id_hash": "h_8c792e4222cd", "status": "200"}
[WebServer] {"duration_ms": 0.9201249995385297, "event": "console.request", "id_hash": "h_d090e25eccf9", "status": "200"}
[WebServer] {"duration_ms": 2.6919999982055742, "event": "console.request", "id_hash": "h_dd9cd1a7506f", "status": "200"}
[WebServer] {"duration_ms": 4.922291998809669, "event": "console.request", "id_hash": "h_646c3b4cc825", "status": "200"}
[WebServer] {"duration_ms": 30.143459000100847, "event": "console.request", "id_hash": "h_1281ab4120a9", "status": "200"}
[WebServer] {"duration_ms": 12.593958999786992, "event": "console.request", "id_hash": "h_0569d16fc6ec", "status": "200"}
[WebServer] {"duration_ms": 15.00037499863538, "event": "console.request", "id_hash": "h_98e00613adaa", "status": "200"}
[WebServer] {"duration_ms": 21.809833000588696, "event": "console.request", "id_hash": "h_aada6fcf8859", "status": "200"}
[WebServer] {"duration_ms": 1.006208000035258, "event": "console.request", "id_hash": "h_f5a01b888742", "status": "200"}
[WebServer] {"duration_ms": 1.6969579992291983, "event": "console.request", "id_hash": "h_3226381facaf", "status": "200"}
[WebServer] {"duration_ms": 1.9623340012913104, "event": "console.request", "id_hash": "h_61f40bdc1f67", "status": "200"}
[WebServer] {"duration_ms": 13.823332999891136, "event": "console.request", "id_hash": "h_6657f54244bd", "status": "200"}
[WebServer] {"duration_ms": 16.91758300148649, "event": "console.request", "id_hash": "h_aec7402ae2b7", "status": "200"}
[WebServer] {"duration_ms": 2.683082999283215, "event": "console.request", "id_hash": "h_73ca7500d31d", "status": "200"}
[WebServer] {"duration_ms": 5.0649999975576065, "event": "console.request", "id_hash": "h_cdecfbbc35fa", "status": "200"}
[WebServer] {"duration_ms": 29.795917002047645, "event": "console.request", "id_hash": "h_c5f76d3fe092", "status": "200"}
[WebServer] {"duration_ms": 11.824832999991486, "event": "console.request", "id_hash": "h_72fde2e2daa5", "status": "200"}
[WebServer] {"duration_ms": 18.926791002741084, "event": "console.request", "id_hash": "h_37ab058a04ef", "status": "200"}
[WebServer] {"duration_ms": 22.66162500018254, "event": "console.request", "id_hash": "h_ede50e655c99", "status": "200"}
[WebServer] {"duration_ms": 1.031416999467183, "event": "console.request", "id_hash": "h_4671c8c5f541", "status": "200"}
[WebServer] {"duration_ms": 1.4008329999342095, "event": "console.request", "id_hash": "h_f7de86803a5e", "status": "200"}
[WebServer] {"duration_ms": 1.2782909980160184, "event": "console.request", "id_hash": "h_f1b56005e3ff", "status": "200"}
[WebServer] {"duration_ms": 11.72887500069919, "event": "console.request", "id_hash": "h_7c633dd03ca4", "status": "200"}
[WebServer] {"duration_ms": 17.026958001224557, "event": "console.request", "id_hash": "h_c80a09694036", "status": "200"}
[WebServer] {"duration_ms": 4.148832998907892, "event": "console.request", "id_hash": "h_e9c103176c93", "status": "200"}
[WebServer] {"duration_ms": 4.7150419995887205, "event": "console.request", "id_hash": "h_8bc8655efffe", "status": "200"}
[WebServer] {"duration_ms": 29.66358300182037, "event": "console.request", "id_hash": "h_662c2b59ce9e", "status": "200"}
[WebServer] {"duration_ms": 12.312375001783948, "event": "console.request", "id_hash": "h_9b88eda3bc54", "status": "200"}
[WebServer] {"duration_ms": 14.403375000256347, "event": "console.request", "id_hash": "h_a26b4330d429", "status": "200"}
[WebServer] {"duration_ms": 21.27841699984856, "event": "console.request", "id_hash": "h_cc788979b53e", "status": "200"}
[WebServer] {"duration_ms": 0.988708998193033, "event": "console.request", "id_hash": "h_a50ae27b98d7", "status": "200"}
[WebServer] {"duration_ms": 2.2323330013023224, "event": "console.request", "id_hash": "h_becbcf585805", "status": "200"}
[WebServer] {"duration_ms": 1.488207999500446, "event": "console.request", "id_hash": "h_8e923ae69dda", "status": "200"}
[WebServer] {"duration_ms": 17.563416997290915, "event": "console.request", "id_hash": "h_8c2d1519a789", "status": "200"}
[WebServer] {"duration_ms": 4.964666000887519, "event": "console.request", "id_hash": "h_ef74efaefcdd", "status": "200"}
[WebServer] {"duration_ms": 26.4035000000149, "event": "console.request", "id_hash": "h_fefb2ad265bd", "status": "200"}
[WebServer] {"duration_ms": 5.647207999572856, "event": "console.request", "id_hash": "h_47787dc9e8e7", "status": "200"}
[WebServer] {"duration_ms": 29.376000002230285, "event": "console.request", "id_hash": "h_52b764468340", "status": "200"}
[WebServer] {"duration_ms": 12.550833002023865, "event": "console.request", "id_hash": "h_8697a1765394", "status": "200"}
[WebServer] {"duration_ms": 14.573500000551576, "event": "console.request", "id_hash": "h_df2062a16944", "status": "200"}
[WebServer] {"duration_ms": 6.141666999610607, "event": "console.request", "id_hash": "h_21ffdfcd71e2", "status": "200"}
[WebServer] {"duration_ms": 1.05841599724954, "event": "console.request", "id_hash": "h_5390a46a72c2", "status": "200"}
[WebServer] {"duration_ms": 1.627499997994164, "event": "console.request", "id_hash": "h_d09223727e3e", "status": "200"}
[WebServer] {"duration_ms": 1.171500000054948, "event": "console.request", "id_hash": "h_2e6e408ba698", "status": "200"}
[WebServer] {"duration_ms": 3.2687089988030493, "event": "console.request", "id_hash": "h_55216c5dcd37", "status": "200"}
[WebServer] {"duration_ms": 5.131874997459818, "event": "console.request", "id_hash": "h_e40f7de5bfbf", "status": "200"}
[WebServer] {"duration_ms": 42.98954200203298, "event": "console.request", "id_hash": "h_8b7f1826c637", "status": "200"}
[WebServer] {"duration_ms": 4.656583998439601, "event": "console.request", "id_hash": "h_c7e40bc949a3", "status": "200"}
[WebServer] {"duration_ms": 53.43933300173376, "event": "console.request", "id_hash": "h_d1c38046df52", "status": "200"}
[WebServer] {"duration_ms": 53.04770800285041, "event": "console.request", "id_hash": "h_80487f15f415", "status": "200"}
[WebServer] {"duration_ms": 55.02829100078088, "event": "console.request", "id_hash": "h_d6058624463b", "status": "200"}
[WebServer] {"duration_ms": 54.19508299746667, "event": "console.request", "id_hash": "h_8b5830724890", "status": "200"}
[WebServer] {"duration_ms": 54.95491699912236, "event": "console.request", "id_hash": "h_0ac486bbeba4", "status": "200"}
[WebServer] {"duration_ms": 55.414165999536635, "event": "console.request", "id_hash": "h_b33332329760", "status": "200"}
[WebServer] {"duration_ms": 22.039249997760635, "event": "console.request", "id_hash": "h_c47e7e794b3a", "status": "201"}
[WebServer] {"duration_ms": 1.3030829977651592, "event": "console.request", "id_hash": "h_5dcb003474c5", "status": "200"}
[WebServer] {"duration_ms": 7.336832997680176, "event": "console.request", "id_hash": "h_87c9bf7897ed", "status": "200"}
[WebServer] {"duration_ms": 1.4430000010179356, "event": "console.request", "id_hash": "h_4e8e351a3b87", "status": "200"}
[WebServer] {"duration_ms": 1.8044999997073319, "event": "console.request", "id_hash": "h_b49a4fffb931", "status": "200"}
[WebServer] {"duration_ms": 2.9955409991089255, "event": "console.request", "id_hash": "h_4e584e82448c", "status": "200"}
[WebServer] {"duration_ms": 6.5369580006517936, "event": "console.request", "id_hash": "h_3eeee46a0332", "status": "200"}
[WebServer] {"duration_ms": 30.992583000625018, "event": "console.request", "id_hash": "h_c639a667c87a", "status": "200"}
[WebServer] {"duration_ms": 8.129124998959014, "event": "console.request", "id_hash": "h_7120f199fe14", "status": "200"}
[WebServer] {"duration_ms": 16.218790999118937, "event": "console.request", "id_hash": "h_4e95e0b47903", "status": "200"}
[WebServer] {"duration_ms": 7.996374999493128, "event": "console.request", "id_hash": "h_be2f0f36eafa", "status": "200"}
[WebServer] {"duration_ms": 10.39291699999012, "event": "console.request", "id_hash": "h_247a793a7079", "status": "200"}
[WebServer] {"duration_ms": 21.597625000140397, "event": "console.request", "id_hash": "h_7f47b289a482", "status": "200"}
[WebServer] {"duration_ms": 0.8327089999511372, "event": "console.request", "id_hash": "h_56304a94e681", "status": "200"}
[WebServer] {"duration_ms": 1.4619579997088294, "event": "console.request", "id_hash": "h_41e0a8d039ae", "status": "200"}
[WebServer] {"duration_ms": 2.7475409988255706, "event": "console.request", "id_hash": "h_b7d69c09eff6", "status": "200"}
[WebServer] {"duration_ms": 16.515666000486817, "event": "console.request", "id_hash": "h_582e6a6e141d", "status": "200"}
[WebServer] {"duration_ms": 5.717207997804508, "event": "console.request", "id_hash": "h_218ce395107c", "status": "200"}
[WebServer] {"duration_ms": 24.172124998585787, "event": "console.request", "id_hash": "h_b442570c8196", "status": "200"}
[WebServer] {"duration_ms": 4.464707999431994, "event": "console.request", "id_hash": "h_1b19125ee76c", "status": "200"}
[WebServer] {"duration_ms": 29.93525000056252, "event": "console.request", "id_hash": "h_3cdb26749ea8", "status": "200"}
[WebServer] {"duration_ms": 11.842208998132264, "event": "console.request", "id_hash": "h_2a820ffd1372", "status": "200"}
[WebServer] {"duration_ms": 15.078374999575317, "event": "console.request", "id_hash": "h_f0b6d8114f84", "status": "200"}
[WebServer] {"duration_ms": 23.853833001339808, "event": "console.request", "id_hash": "h_2dac51f73e59", "status": "200"}
[WebServer] {"duration_ms": 1.0036250023404136, "event": "console.request", "id_hash": "h_1e292241db0b", "status": "200"}
[WebServer] {"duration_ms": 2.4626250014989637, "event": "console.request", "id_hash": "h_f4c4d259310b", "status": "200"}
[WebServer] {"duration_ms": 1.6125410002132412, "event": "console.request", "id_hash": "h_c55c9844d9f9", "status": "200"}
[WebServer] {"duration_ms": 13.296708999405382, "event": "console.request", "id_hash": "h_85d260c687df", "status": "200"}
[WebServer] {"duration_ms": 18.089667002641363, "event": "console.request", "id_hash": "h_89bee9aa0e46", "status": "200"}
[WebServer] {"duration_ms": 3.171250002196757, "event": "console.request", "id_hash": "h_7abb1761ea1c", "status": "200"}
[WebServer] {"duration_ms": 4.804333999345545, "event": "console.request", "id_hash": "h_05ad64c7603b", "status": "200"}
[WebServer] {"duration_ms": 29.903042002842994, "event": "console.request", "id_hash": "h_94853fdd2453", "status": "200"}
[WebServer] {"duration_ms": 8.259541002189508, "event": "console.request", "id_hash": "h_524ab9adc601", "status": "200"}
[WebServer] {"duration_ms": 14.042707996850368, "event": "console.request", "id_hash": "h_e98ea505c5cf", "status": "200"}
[WebServer] {"duration_ms": 6.659583999862662, "event": "console.request", "id_hash": "h_be0bfa508402", "status": "200"}
[WebServer] {"duration_ms": 1.4202079983078875, "event": "console.request", "id_hash": "h_6b6298c131c2", "status": "200"}
[WebServer] {"duration_ms": 2.471499999955995, "event": "console.request", "id_hash": "h_6026a2f4b0b1", "status": "200"}
[WebServer] {"duration_ms": 1.4187920023687184, "event": "console.request", "id_hash": "h_af68eed08140", "status": "200"}
[WebServer] {"duration_ms": 3.8014579986338504, "event": "console.request", "id_hash": "h_769a70021491", "status": "200"}
[WebServer] {"duration_ms": 6.015291000949219, "event": "console.request", "id_hash": "h_cf681453ec2a", "status": "200"}
[WebServer] {"duration_ms": 31.632124999305233, "event": "console.request", "id_hash": "h_919c9cd96c8a", "status": "200"}
[WebServer] {"duration_ms": 5.5384589977620635, "event": "console.request", "id_hash": "h_fa309ac0d4d4", "status": "200"}
[WebServer] {"duration_ms": 24.270542002341244, "event": "console.request", "id_hash": "h_f88749e27faa", "status": "200"}
[WebServer] {"duration_ms": 25.66804200250772, "event": "console.request", "id_hash": "h_66fb645eb9b4", "status": "200"}
[WebServer] {"duration_ms": 26.798083003086504, "event": "console.request", "id_hash": "h_0b7f5046ff61", "status": "200"}
[WebServer] {"duration_ms": 27.459042001282796, "event": "console.request", "id_hash": "h_d331b15f2ef5", "status": "200"}
[WebServer] {"duration_ms": 23.125458999857074, "event": "console.request", "id_hash": "h_f81a99761406", "status": "201"}
[WebServer] {"duration_ms": 1.3223749992903322, "event": "console.request", "id_hash": "h_9bdc2a8e7caf", "status": "200"}
[WebServer] {"duration_ms": 6.998458000452956, "event": "console.request", "id_hash": "h_529ce1557a6c", "status": "200"}
[WebServer] {"duration_ms": 1.4772499998798594, "event": "console.request", "id_hash": "h_2e74fc0a55f8", "status": "200"}
[WebServer] {"duration_ms": 1.2632090001716278, "event": "console.request", "id_hash": "h_db33940cc4db", "status": "200"}
[WebServer] {"duration_ms": 0.9772500015969854, "event": "console.request", "id_hash": "h_52b3aa9a23e7", "status": "200"}
[WebServer] {"duration_ms": 3.5206249995098915, "event": "console.request", "id_hash": "h_f98f629d87ea", "status": "200"}
[WebServer] {"duration_ms": 1.5153749991441146, "event": "console.request", "id_hash": "h_aa480c9b6e82", "status": "200"}
[WebServer] {"duration_ms": 1.7609999995329417, "event": "console.request", "id_hash": "h_a7a9bb88195f", "status": "200"}
[WebServer] {"duration_ms": 7.1524579980177805, "event": "console.request", "id_hash": "h_5dfa2e70f2eb", "status": "200"}
[WebServer] {"duration_ms": 2.622459000122035, "event": "console.request", "id_hash": "h_401a5452cf47", "status": "200"}
[WebServer] {"duration_ms": 5.129875000420725, "event": "console.request", "id_hash": "h_26b54775db49", "status": "200"}
[WebServer] {"duration_ms": 31.448624999029562, "event": "console.request", "id_hash": "h_ccf7c9d70bae", "status": "200"}
[WebServer] {"duration_ms": 13.386499998887302, "event": "console.request", "id_hash": "h_08fd6a0ec207", "status": "200"}
[WebServer] {"duration_ms": 16.511791000084486, "event": "console.request", "id_hash": "h_c5ac80e9094f", "status": "200"}
[WebServer] {"duration_ms": 26.947624999593245, "event": "console.request", "id_hash": "h_6b2497b460f9", "status": "200"}
[WebServer] {"duration_ms": 29.33537499848171, "event": "console.request", "id_hash": "h_b86e324eb6f4", "status": "200"}
[WebServer] {"duration_ms": 30.330624998896383, "event": "console.request", "id_hash": "h_158a02575127", "status": "200"}
[WebServer] {"duration_ms": 30.69458299796679, "event": "console.request", "id_hash": "h_eedd49ad3482", "status": "200"}
[WebServer] {"duration_ms": 29.48150000156602, "event": "console.request", "id_hash": "h_9806de8e814f", "status": "201"}
[WebServer] {"duration_ms": 20.212125000398373, "event": "console.request", "id_hash": "h_07fba89ca254", "status": "200"}
[WebServer] {"duration_ms": 21.227290999377146, "event": "console.request", "id_hash": "h_5a8a02d2bd2a", "status": "200"}
[WebServer] {"duration_ms": 26.19891600261326, "event": "console.request", "id_hash": "h_df8e7429f504", "status": "201"}
[WebServer] {"duration_ms": 0.9709170008136425, "event": "console.request", "id_hash": "h_dd64de17e9a0", "status": "200"}
[WebServer] {"duration_ms": 1.5289580005628522, "event": "console.request", "id_hash": "h_5b6f6ba7f9c3", "status": "200"}
[WebServer] {"duration_ms": 1.0108339993166737, "event": "console.request", "id_hash": "h_c3319c22e0ce", "status": "200"}
[WebServer] {"duration_ms": 0.9417920009582303, "event": "console.request", "id_hash": "h_136bfa2a74d2", "status": "200"}
[WebServer] {"duration_ms": 3.175875001034001, "event": "console.request", "id_hash": "h_8284f07f36f1", "status": "200"}
[WebServer] {"duration_ms": 1.302708998991875, "event": "console.request", "id_hash": "h_21803bbc429e", "status": "200"}
[WebServer] {"duration_ms": 0.8668340014992282, "event": "console.request", "id_hash": "h_ae26fe965d6f", "status": "200"}
[WebServer] {"duration_ms": 2.550207998865517, "event": "console.request", "id_hash": "h_9bc87e95d372", "status": "200"}
[WebServer] {"duration_ms": 4.7285829969041515, "event": "console.request", "id_hash": "h_4b8116963811", "status": "200"}
[WebServer] {"duration_ms": 31.518125000729924, "event": "console.request", "id_hash": "h_6042b4ee8066", "status": "200"}
[WebServer] {"duration_ms": 7.905958998890128, "event": "console.request", "id_hash": "h_f079b25e0fb0", "status": "200"}
[WebServer] {"duration_ms": 10.950749998301035, "event": "console.request", "id_hash": "h_2c3cfd674d15", "status": "200"}
[WebServer] {"duration_ms": 0.8828750032989774, "event": "console.request", "id_hash": "h_82f38c142145", "status": "200"}
[WebServer] {"duration_ms": 0.9022920021379832, "event": "console.request", "id_hash": "h_08061caf3cb1", "status": "200"}
[WebServer] {"duration_ms": 1.5169169964792673, "event": "console.request", "id_hash": "h_528a09f4c522", "status": "200"}
[WebServer] {"duration_ms": 2.699625001696404, "event": "console.request", "id_hash": "h_a4f5277c3221", "status": "200"}
[WebServer] {"duration_ms": 5.1826669987349305, "event": "console.request", "id_hash": "h_d4ebe5f04fc6", "status": "200"}
[WebServer] {"duration_ms": 29.90137500091805, "event": "console.request", "id_hash": "h_63ce5e88e90f", "status": "200"}
[WebServer] {"duration_ms": 4.809832997125341, "event": "console.request", "id_hash": "h_814125282557", "status": "200"}
[WebServer] {"duration_ms": 18.498000001272885, "event": "console.request", "id_hash": "h_df579adb5217", "status": "201"}
[WebServer] {"duration_ms": 0.7922919976408593, "event": "console.request", "id_hash": "h_2d8d4d642403", "status": "200"}
[WebServer] {"duration_ms": 6.539041998621542, "event": "console.request", "id_hash": "h_97f8b5e28457", "status": "200"}
[WebServer] {"duration_ms": 1.3482919966918416, "event": "console.request", "id_hash": "h_59d0decbcaf0", "status": "200"}
[WebServer] {"duration_ms": 0.9390000013809185, "event": "console.request", "id_hash": "h_62038f48cd9e", "status": "200"}
[WebServer] {"duration_ms": 2.6392079998913687, "event": "console.request", "id_hash": "h_4a72158cd6ec", "status": "200"}
[WebServer] {"duration_ms": 4.851249999774154, "event": "console.request", "id_hash": "h_d212fceecf95", "status": "200"}
[WebServer] {"duration_ms": 43.36974999750964, "event": "console.request", "id_hash": "h_45243ce5ba49", "status": "200"}
[WebServer] {"duration_ms": 4.852625002968125, "event": "console.request", "id_hash": "h_382abb37723d", "status": "200"}
[WebServer] {"duration_ms": 5.669082998792874, "event": "console.request", "id_hash": "h_5d7e18f359ac", "status": "200"}
[WebServer] {"duration_ms": 19.512457998644095, "event": "console.request", "id_hash": "h_d9de955f97c5", "status": "201"}
[WebServer] {"duration_ms": 1.0105830006068572, "event": "console.request", "id_hash": "h_b194368b76d1", "status": "200"}
[WebServer] {"duration_ms": 6.017208997946, "event": "console.request", "id_hash": "h_406393478102", "status": "200"}
[WebServer] {"duration_ms": 0.9663750024628825, "event": "console.request", "id_hash": "h_59ddf8aca881", "status": "200"}
[WebServer] {"duration_ms": 1.878208997368347, "event": "console.request", "id_hash": "h_619346e45455", "status": "200"}
[WebServer] {"duration_ms": 2.8413340005499776, "event": "console.request", "id_hash": "h_367ebdf484ea", "status": "200"}
[WebServer] {"duration_ms": 4.8641659996064845, "event": "console.request", "id_hash": "h_75ac8363b9c4", "status": "200"}
[WebServer] {"duration_ms": 29.75170799982152, "event": "console.request", "id_hash": "h_ee526f654426", "status": "200"}
[WebServer] {"duration_ms": 4.6535000001313165, "event": "console.request", "id_hash": "h_f42e9dc44f86", "status": "200"}
[WebServer] {"duration_ms": 8.213917000830406, "event": "console.request", "id_hash": "h_21925b348fd8", "status": "200"}
[WebServer] {"duration_ms": 9.460583001782652, "event": "console.request", "id_hash": "h_ffc9bc4761bf", "status": "200"}
[WebServer] {"duration_ms": 19.915708999178605, "event": "console.request", "id_hash": "h_69ae75ce0886", "status": "201"}
[WebServer] {"duration_ms": 1.1087920029240195, "event": "console.request", "id_hash": "h_57bdf2901a9f", "status": "200"}
[WebServer] {"duration_ms": 6.353582997689955, "event": "console.request", "id_hash": "h_3bc62ca8d007", "status": "200"}
[WebServer] {"duration_ms": 1.4788330008741468, "event": "console.request", "id_hash": "h_f0ccdcc395a6", "status": "200"}
[WebServer] {"duration_ms": 0.9571250011504162, "event": "console.request", "id_hash": "h_6552bc7ec195", "status": "200"}
[WebServer] {"duration_ms": 2.842082998540718, "event": "console.request", "id_hash": "h_f095e9e38b01", "status": "200"}
[WebServer] {"duration_ms": 4.683457998908125, "event": "console.request", "id_hash": "h_a3fa87c93a21", "status": "200"}
[WebServer] {"duration_ms": 29.813707998982864, "event": "console.request", "id_hash": "h_3ae786dfdc94", "status": "200"}
[WebServer] {"duration_ms": 12.308582998230122, "event": "console.request", "id_hash": "h_6d5c7e037787", "status": "200"}
[WebServer] {"duration_ms": 12.50695799899404, "event": "console.request", "id_hash": "h_8c47738f3cd3", "status": "200"}
[WebServer] {"duration_ms": 21.68149999852176, "event": "console.request", "id_hash": "h_e5ced569bf00", "status": "200"}
[WebServer] {"duration_ms": 0.9595829978934489, "event": "console.request", "id_hash": "h_f632a507072e", "status": "200"}
[WebServer] {"duration_ms": 2.252874997793697, "event": "console.request", "id_hash": "h_79a08d1904c0", "status": "200"}
[WebServer] {"duration_ms": 1.5237500010698568, "event": "console.request", "id_hash": "h_f53663a56421", "status": "200"}
[WebServer] {"duration_ms": 12.336540999967838, "event": "console.request", "id_hash": "h_b7e41997d277", "status": "200"}
[WebServer] {"duration_ms": 14.470834001258481, "event": "console.request", "id_hash": "h_d611374f5d05", "status": "200"}
[WebServer] {"duration_ms": 2.434750000247732, "event": "console.request", "id_hash": "h_ab5be2780e39", "status": "200"}
[WebServer] {"duration_ms": 4.819750000024214, "event": "console.request", "id_hash": "h_67643dd87905", "status": "200"}
[WebServer] {"duration_ms": 29.544249999162275, "event": "console.request", "id_hash": "h_b0030abd3800", "status": "200"}
[WebServer] {"duration_ms": 12.10733400148456, "event": "console.request", "id_hash": "h_2427f7956507", "status": "200"}
[WebServer] {"duration_ms": 12.590166003064951, "event": "console.request", "id_hash": "h_90caef0b0ea3", "status": "200"}
[WebServer] {"duration_ms": 22.78041599856806, "event": "console.request", "id_hash": "h_e9d142cf7761", "status": "200"}
[WebServer] {"duration_ms": 1.3863329986634199, "event": "console.request", "id_hash": "h_2797b7cbc428", "status": "200"}
[WebServer] {"duration_ms": 2.242792001197813, "event": "console.request", "id_hash": "h_9cf400d98836", "status": "200"}
[WebServer] {"duration_ms": 1.4387499977601692, "event": "console.request", "id_hash": "h_cadefb32d2e1", "status": "200"}
[WebServer] {"duration_ms": 12.626499999896623, "event": "console.request", "id_hash": "h_44f1efcfdc4d", "status": "200"}
[WebServer] {"duration_ms": 14.996875001088483, "event": "console.request", "id_hash": "h_afc82ddeba66", "status": "200"}
[WebServer] {"duration_ms": 2.322833002835978, "event": "console.request", "id_hash": "h_09ef24f0e138", "status": "200"}
[WebServer] {"duration_ms": 4.698707998613827, "event": "console.request", "id_hash": "h_17eb3d9e8831", "status": "200"}
[WebServer] {"duration_ms": 29.688832997635473, "event": "console.request", "id_hash": "h_59429a123e31", "status": "200"}
[WebServer] {"duration_ms": 13.168415996915428, "event": "console.request", "id_hash": "h_fd56453d8b0f", "status": "200"}
[WebServer] {"duration_ms": 13.219042000855552, "event": "console.request", "id_hash": "h_7ff94c3b8afa", "status": "200"}
[WebServer] {"duration_ms": 6.2702079994778614, "event": "console.request", "id_hash": "h_4962ebfe2ab9", "status": "200"}
[WebServer] {"duration_ms": 1.888834001874784, "event": "console.request", "id_hash": "h_1163e96e6f4e", "status": "200"}
[WebServer] {"duration_ms": 1.2922080022690352, "event": "console.request", "id_hash": "h_02d2f85966a6", "status": "200"}
[WebServer] {"duration_ms": 2.4223750006058253, "event": "console.request", "id_hash": "h_f547956900bb", "status": "200"}
[WebServer] {"duration_ms": 3.957582997827558, "event": "console.request", "id_hash": "h_bc30a9c71edd", "status": "200"}
[WebServer] {"duration_ms": 6.000083001708845, "event": "console.request", "id_hash": "h_0fc230cea1d2", "status": "200"}
[WebServer] {"duration_ms": 31.57400000054622, "event": "console.request", "id_hash": "h_6835dd9f1454", "status": "200"}
[WebServer] {"duration_ms": 5.084959000669187, "event": "console.request", "id_hash": "h_f3f5b12988d1", "status": "200"}
[WebServer] {"duration_ms": 18.767457997455494, "event": "console.request", "id_hash": "h_0b1b40bb1265", "status": "201"}
[WebServer] {"duration_ms": 0.6856660002085846, "event": "console.request", "id_hash": "h_792e7470c8a8", "status": "200"}
[WebServer] {"duration_ms": 6.231749997823499, "event": "console.request", "id_hash": "h_d20fdf2cf691", "status": "200"}
[WebServer] {"duration_ms": 1.4997920006862842, "event": "console.request", "id_hash": "h_dbcbc8160506", "status": "200"}
[WebServer] {"duration_ms": 0.8532499996363185, "event": "console.request", "id_hash": "h_4a2184936f09", "status": "200"}
[WebServer] {"duration_ms": 2.601832999062026, "event": "console.request", "id_hash": "h_c4cd9ceacadd", "status": "200"}
[WebServer] {"duration_ms": 4.725958999188151, "event": "console.request", "id_hash": "h_27ef4efc89ba", "status": "200"}
[WebServer] {"duration_ms": 30.247750000853557, "event": "console.request", "id_hash": "h_10f7be0e5414", "status": "200"}
[WebServer] {"duration_ms": 7.986042000993621, "event": "console.request", "id_hash": "h_fe487e54e6d2", "status": "200"}
[WebServer] {"duration_ms": 12.856125002144836, "event": "console.request", "id_hash": "h_19e5c65a0369", "status": "200"}
[WebServer] {"duration_ms": 6.9844159988861065, "event": "console.request", "id_hash": "h_a36e460f6596", "status": "200"}
[WebServer] {"duration_ms": 5.484792000061134, "event": "console.request", "id_hash": "h_bf6191499162", "status": "200"}
[WebServer] {"duration_ms": 21.309667001332855, "event": "console.request", "id_hash": "h_dc1c813a301e", "status": "200"}
[WebServer] {"duration_ms": 0.840000000607688, "event": "console.request", "id_hash": "h_71ee8549efd5", "status": "200"}
[WebServer] {"duration_ms": 2.7134170013596304, "event": "console.request", "id_hash": "h_9ace0cae73ae", "status": "200"}
[WebServer] {"duration_ms": 1.9229169993195683, "event": "console.request", "id_hash": "h_66fbaaf18a84", "status": "200"}
[WebServer] {"duration_ms": 17.53816600103164, "event": "console.request", "id_hash": "h_e4b1cc46530f", "status": "200"}
[WebServer] {"duration_ms": 22.00816699769348, "event": "console.request", "id_hash": "h_f37213cef268", "status": "200"}
[WebServer] {"duration_ms": 5.733166999561945, "event": "console.request", "id_hash": "h_b0780cfbfad4", "status": "200"}
[WebServer] {"duration_ms": 4.546959000435891, "event": "console.request", "id_hash": "h_318746b60408", "status": "200"}
[WebServer] {"duration_ms": 29.541333999077324, "event": "console.request", "id_hash": "h_42243a6e3dfe", "status": "200"}
[WebServer] {"duration_ms": 12.465333998989081, "event": "console.request", "id_hash": "h_68ff810a5d2b", "status": "200"}
[WebServer] {"duration_ms": 16.9391249983164, "event": "console.request", "id_hash": "h_f5abdd365066", "status": "200"}
[WebServer] {"duration_ms": 6.144832997961203, "event": "console.request", "id_hash": "h_1bda588a20ed", "status": "200"}
[WebServer] {"duration_ms": 5.272124999464722, "event": "console.request", "id_hash": "h_7af1c95fed86", "status": "200"}
[WebServer] {"duration_ms": 1.5658749980502762, "event": "console.request", "id_hash": "h_558ad9b2efb9", "status": "200"}
[WebServer] {"duration_ms": 1.735249999910593, "event": "console.request", "id_hash": "h_ef9a10100275", "status": "200"}
[WebServer] {"duration_ms": 1.3477920001605526, "event": "console.request", "id_hash": "h_6bc04c566428", "status": "200"}
[WebServer] {"duration_ms": 3.3067080003092997, "event": "console.request", "id_hash": "h_8817c2b6f251", "status": "200"}
[WebServer] {"duration_ms": 5.990417001157766, "event": "console.request", "id_hash": "h_a6055ef0565d", "status": "200"}
[WebServer] {"duration_ms": 31.301957998948637, "event": "console.request", "id_hash": "h_58be6e22a704", "status": "200"}
[WebServer] {"duration_ms": 8.432083999650786, "event": "console.request", "id_hash": "h_52ad22aafb38", "status": "200"}
[WebServer] {"duration_ms": 12.827582999307197, "event": "console.request", "id_hash": "h_fc290c70f6fd", "status": "200"}
[WebServer] {"duration_ms": 6.223665997822536, "event": "console.request", "id_hash": "h_5e642ea32bca", "status": "200"}
[WebServer] {"duration_ms": 6.621666998398723, "event": "console.request", "id_hash": "h_e1f613e4f77f", "status": "200"}
[WebServer] {"duration_ms": 18.472416999429697, "event": "console.request", "id_hash": "h_4e561a977dd0", "status": "200"}
[WebServer] {"duration_ms": 25.266708002163796, "event": "console.request", "id_hash": "h_33dad5ffbd27", "status": "200"}
[WebServer] {"duration_ms": 27.754999999160646, "event": "console.request", "id_hash": "h_d1ef8a2fa3b2", "status": "200"}
[WebServer] {"duration_ms": 5.9018329993705265, "event": "console.request", "id_hash": "h_ee802cbe55f7", "status": "200"}
[WebServer] {"duration_ms": 7.41037499756203, "event": "console.request", "id_hash": "h_cc51caf65bad", "status": "200"}
[WebServer] {"duration_ms": 20.38025000001653, "event": "console.request", "id_hash": "h_301cd713ce82", "status": "200"}
[WebServer] {"duration_ms": 9.255584001948591, "event": "console.request", "id_hash": "h_821937bddae0", "status": "200"}
[WebServer] {"duration_ms": 13.303208997967886, "event": "console.request", "id_hash": "h_ba0adb658eec", "status": "200"}
[WebServer] {"duration_ms": 5.995416999212466, "event": "console.request", "id_hash": "h_ba4c04637be5", "status": "200"}
[WebServer] {"duration_ms": 6.547707998834085, "event": "console.request", "id_hash": "h_adfb2c9955e5", "status": "200"}
[WebServer] {"duration_ms": 19.249166998633882, "event": "console.request", "id_hash": "h_c48a185adc8b", "status": "200"}
[WebServer] {"duration_ms": 1.0680830018827692, "event": "console.request", "id_hash": "h_0b1013e82932", "status": "200"}
[WebServer] {"duration_ms": 2.3037079990899656, "event": "console.request", "id_hash": "h_c5fc3ce0182b", "status": "200"}
[WebServer] {"duration_ms": 1.5989169987733476, "event": "console.request", "id_hash": "h_b725588049eb", "status": "200"}
[WebServer] {"duration_ms": 14.737292000063462, "event": "console.request", "id_hash": "h_83f066ddcbb6", "status": "200"}
[WebServer] {"duration_ms": 15.946125000482425, "event": "console.request", "id_hash": "h_fadfa200ec88", "status": "200"}
[WebServer] {"duration_ms": 2.8363340024952777, "event": "console.request", "id_hash": "h_130d82891d32", "status": "200"}
[WebServer] {"duration_ms": 4.8574169995845295, "event": "console.request", "id_hash": "h_a9bc1e2d7477", "status": "200"}
[WebServer] {"duration_ms": 29.815124999004183, "event": "console.request", "id_hash": "h_da214f138981", "status": "200"}
[WebServer] {"duration_ms": 11.301250000542495, "event": "console.request", "id_hash": "h_700d715b8430", "status": "200"}
[WebServer] {"duration_ms": 16.823000001750188, "event": "console.request", "id_hash": "h_c7055b750ca5", "status": "200"}
[WebServer] {"duration_ms": 6.130750000011176, "event": "console.request", "id_hash": "h_418ac7810f85", "status": "200"}
[WebServer] {"duration_ms": 31.783500002347864, "event": "console.request", "id_hash": "h_be9ddf416729", "status": "200"}
[WebServer] {"duration_ms": 25.286416999733774, "event": "console.request", "id_hash": "h_dc1e2107b600", "status": "200"}
[WebServer] {"duration_ms": 21.9928330006951, "event": "console.request", "id_hash": "h_caeac8d05fc2", "status": "200"}
[WebServer] {"duration_ms": 20.73050000035437, "event": "console.request", "id_hash": "h_a3e637007d39", "status": "200"}
[WebServer] {"duration_ms": 20.454457997402642, "event": "console.request", "id_hash": "h_cdbcccdf1b4e", "status": "404"}
[WebServer] {"duration_ms": 22.100375001173234, "event": "console.request", "id_hash": "h_69e35bc891bb", "status": "404"}
[WebServer] {"duration_ms": 4.405249997944338, "event": "console.request", "id_hash": "h_0d567a7d67f5", "status": "404"}
[WebServer] {"duration_ms": 4.069208000146318, "event": "console.request", "id_hash": "h_1bb8e142a7f0", "status": "404"}
[WebServer] {"duration_ms": 1.359791996947024, "event": "console.request", "id_hash": "h_65e43b668425", "status": "200"}
[WebServer] {"duration_ms": 0.9023749989864882, "event": "console.request", "id_hash": "h_b4c2b8736499", "status": "200"}
[WebServer] {"duration_ms": 1.622957999643404, "event": "console.request", "id_hash": "h_76a1d2e0a9e8", "status": "200"}
[WebServer] {"duration_ms": 2.6613340014591813, "event": "console.request", "id_hash": "h_a23c0a814722", "status": "200"}
[WebServer] {"duration_ms": 6.036040998878889, "event": "console.request", "id_hash": "h_12e8d45f6bc5", "status": "200"}
[WebServer] {"duration_ms": 1.0872080019908026, "event": "console.request", "id_hash": "h_9bb0d8bbb2b2", "status": "200"}
[WebServer] {"duration_ms": 1.326499997958308, "event": "console.request", "id_hash": "h_4e65b1a92024", "status": "200"}
[WebServer] {"duration_ms": 0.9729589983180631, "event": "console.request", "id_hash": "h_83ddfb396d9a", "status": "200"}
[WebServer] {"duration_ms": 3.0620420002378523, "event": "console.request", "id_hash": "h_a6e4ffb3e96c", "status": "200"}
[WebServer] {"duration_ms": 4.624000001058448, "event": "console.request", "id_hash": "h_4607d98564fa", "status": "200"}
[WebServer] {"duration_ms": 29.99683300004108, "event": "console.request", "id_hash": "h_713d388ec62c", "status": "200"}
[WebServer] {"duration_ms": 14.033666000614176, "event": "console.request", "id_hash": "h_9af96af14ac7", "status": "200"}
[WebServer] {"duration_ms": 14.442874999076594, "event": "console.request", "id_hash": "h_ebf31d9a6f8a", "status": "200"}
[WebServer] {"duration_ms": 30.213166999601526, "event": "console.request", "id_hash": "h_67edfc9c8fc2", "status": "200"}
[WebServer] {"duration_ms": 22.349458002281608, "event": "console.request", "id_hash": "h_2e376bf59c16", "status": "200"}
[WebServer] {"duration_ms": 21.55562500047381, "event": "console.request", "id_hash": "h_5dfeac4cac54", "status": "200"}
[WebServer] {"duration_ms": 13.698041999305133, "event": "console.request", "id_hash": "h_7b5360de4d4a", "status": "404"}
[WebServer] {"duration_ms": 16.581708001467632, "event": "console.request", "id_hash": "h_71126e5576a1", "status": "200"}
[WebServer] {"duration_ms": 13.390416999754962, "event": "console.request", "id_hash": "h_404c7d8fe9da", "status": "404"}
[WebServer] {"duration_ms": 4.331624997576, "event": "console.request", "id_hash": "h_dfb12689125d", "status": "404"}
[WebServer] {"duration_ms": 0.8685829998285044, "event": "console.request", "id_hash": "h_ef65f1f39182", "status": "200"}
[WebServer] {"duration_ms": 1.4488329979940318, "event": "console.request", "id_hash": "h_5ae9ef825c21", "status": "200"}
[WebServer] {"duration_ms": 1.9019999999727588, "event": "console.request", "id_hash": "h_981319e3c276", "status": "200"}
[WebServer] {"duration_ms": 3.0812499971943907, "event": "console.request", "id_hash": "h_58a1c80b8284", "status": "200"}
[WebServer] {"duration_ms": 5.806665998534299, "event": "console.request", "id_hash": "h_8792133fc40d", "status": "200"}
  ✓   3 tests/browser/console.spec.ts:58:1 › real operator manages notes and current observations in Required mode (10.2s)
[WebServer] {"duration_ms": 0.7934999994176906, "event": "console.request", "id_hash": "h_bb4219533a18", "status": "200"}
[WebServer] {"duration_ms": 0.48370900185545906, "event": "console.request", "id_hash": "h_4f956775f8ce", "status": "404"}
[WebServer] {"duration_ms": 0.8337910003319848, "event": "console.request", "id_hash": "h_38cf1cd11b99", "status": "200"}
[WebServer] {"duration_ms": 1.1420830014685635, "event": "console.request", "id_hash": "h_3c42f26f8f92", "status": "200"}
[WebServer] {"duration_ms": 2.0403750022524036, "event": "console.request", "id_hash": "h_5d508a930590", "status": "200"}
[WebServer] {"duration_ms": 2.4913750021369196, "event": "console.request", "id_hash": "h_2a94a67bec22", "status": "401"}
[WebServer] {"duration_ms": 102.37770799722057, "event": "console.request", "id_hash": "h_2de32b3c12c1", "status": "200"}
[WebServer] {"duration_ms": 6.8999579998489935, "event": "console.request", "id_hash": "h_f9250a50943b", "status": "200"}
[WebServer] {"duration_ms": 13.394540997978766, "event": "console.request", "id_hash": "h_ed39c96befde", "status": "200"}
[WebServer] {"duration_ms": 17.022500000166474, "event": "console.request", "id_hash": "h_eb3f35b49de3", "status": "200"}
[WebServer] {"duration_ms": 1.4141669998934958, "event": "console.request", "id_hash": "h_1ecf1c7c11e4", "status": "200"}
[WebServer] {"duration_ms": 2.758500002528308, "event": "console.request", "id_hash": "h_c86f6fa6dfa2", "status": "200"}
[WebServer] {"duration_ms": 2.4384589996770956, "event": "console.request", "id_hash": "h_c33785baeb3e", "status": "200"}
[WebServer] {"duration_ms": 3.990291999798501, "event": "console.request", "id_hash": "h_274cabb0fb56", "status": "200"}
[WebServer] {"duration_ms": 6.6016250020766165, "event": "console.request", "id_hash": "h_12b39f13966c", "status": "200"}
[WebServer] {"duration_ms": 8.12620799842989, "event": "console.request", "id_hash": "h_2ee1385001f6", "status": "200"}
[WebServer] {"duration_ms": 9.640000000217697, "event": "console.request", "id_hash": "h_d60d6555bec5", "status": "200"}
[WebServer] {"duration_ms": 10.72966600258951, "event": "console.request", "id_hash": "h_e70abc81bac5", "status": "204"}
  ✓   4 tests/browser/console.spec.ts:891:1 › real authentication, cookie recovery, key list, CSP, deep-route reload, API 404 (980ms)
[WebServer] {"duration_ms": 1.053832998877624, "event": "console.request", "id_hash": "h_8d334db0fc3a", "status": "200"}
[WebServer] {"duration_ms": 1.2257499984116293, "event": "console.request", "id_hash": "h_7960be0a176a", "status": "200"}
[WebServer] {"duration_ms": 0.8935000005294569, "event": "console.request", "id_hash": "h_9a3e0b6c7f2a", "status": "200"}
  ✓   5 tests/browser/console.spec.ts:932:1 › production CSP with explicit test fixtures: memory plain text, stats nulls and narrow layout (640ms)
[WebServer] {"duration_ms": 1.0762910023913719, "event": "console.request", "id_hash": "h_bf452ab3b63a", "status": "200"}
[WebServer] {"duration_ms": 1.4408749993890524, "event": "console.request", "id_hash": "h_611d2e12c71e", "status": "200"}
[WebServer] {"duration_ms": 0.8447079999314155, "event": "console.request", "id_hash": "h_e9f8600bb175", "status": "200"}
  ✓   6 tests/browser/console.spec.ts:1019:1 › import wizard invalidates mapping report and distinguishes cancelled_partial (925ms)
[WebServer] {"duration_ms": 1.122542002121918, "event": "console.request", "id_hash": "h_8dd17422857e", "status": "200"}
[WebServer] {"duration_ms": 4.649583999707829, "event": "console.request", "id_hash": "h_c43ed12d5051", "status": "200"}
[WebServer] {"duration_ms": 3.505666998535162, "event": "console.request", "id_hash": "h_298110980289", "status": "200"}
  ✓   7 tests/browser/console.spec.ts:1087:1 › provider rebuild acknowledgement and settings pending restart (1.0s)
[WebServer] {"duration_ms": 1.6082080001069698, "event": "console.request", "id_hash": "h_a4ddb4fb81fb", "status": "200"}
[WebServer] {"duration_ms": 1.6342919989256188, "event": "console.request", "id_hash": "h_03a9957d128f", "status": "200"}
[WebServer] {"duration_ms": 1.2245830002939329, "event": "console.request", "id_hash": "h_c6c4dd6500e3", "status": "200"}
[WebServer] {"duration_ms": 2.7755419978348073, "event": "console.request", "id_hash": "h_5ce375c10033", "status": "401"}
[WebServer] {"duration_ms": 102.46987500067917, "event": "console.request", "id_hash": "h_fe94d12f7d8f", "status": "200"}
[WebServer] {"duration_ms": 6.0877920004713815, "event": "console.request", "id_hash": "h_624b3708a95e", "status": "200"}
[WebServer] {"duration_ms": 3.4949170003528707, "event": "console.request", "id_hash": "h_c06f00a2d15a", "status": "200"}
[WebServer] {"duration_ms": 13.260374998935731, "event": "console.request", "id_hash": "h_2d13f0c42a26", "status": "200"}
[WebServer] {"duration_ms": 14.000541999848792, "event": "console.request", "id_hash": "h_6d9cc5d6dd01", "status": "200"}
[WebServer] {"duration_ms": 7.874750001064967, "event": "console.request", "id_hash": "h_ecaff703518b", "status": "403"}
[WebServer] {"duration_ms": 8.666875000926666, "event": "console.request", "id_hash": "h_b5cb99b929af", "status": "200"}
[WebServer] {"duration_ms": 17.129458999988856, "event": "console.request", "id_hash": "h_3b26243d1d80", "status": "201"}
[WebServer] {"duration_ms": 4.566207997413585, "event": "console.request", "id_hash": "h_d07bc34dfa2d", "status": "200"}
[WebServer] {"duration_ms": 22.348124999552965, "event": "console.request", "id_hash": "h_dd130a706eba", "status": "200"}
[WebServer] {"duration_ms": 4.788833000930026, "event": "console.request", "id_hash": "h_5774bd604b54", "status": "200"}
  ✓   8 tests/browser/console.spec.ts:1160:1 › real operator issuance prompts reauth, shows secret once, and revokes disposable test key (976ms)
[WebServer] {"duration_ms": 1.3699580013053492, "event": "console.request", "id_hash": "h_55a8ba0d5f6c", "status": "200"}
[WebServer] {"duration_ms": 2.2045000005164184, "event": "console.request", "id_hash": "h_39beb4b775f4", "status": "200"}
[WebServer] {"duration_ms": 1.7312500021944288, "event": "console.request", "id_hash": "h_31d3bc8f5f1c", "status": "200"}
[WebServer] {"duration_ms": 3.7822079975740053, "event": "console.request", "id_hash": "h_02b76f484765", "status": "401"}
[WebServer] {"duration_ms": 100.96195799997076, "event": "console.request", "id_hash": "h_ec699df4fdab", "status": "200"}
[WebServer] {"duration_ms": 6.392124996636994, "event": "console.request", "id_hash": "h_9e44f25f2dc9", "status": "200"}
[WebServer] {"duration_ms": 35.043417003180366, "event": "console.request", "id_hash": "h_a522f14739a6", "status": "200"}
[WebServer] {"duration_ms": 5.83758399807266, "event": "console.request", "id_hash": "h_5a0bbe0e50a9", "status": "200"}
[WebServer] {"duration_ms": 27.341624998371117, "event": "console.request", "id_hash": "h_55827f6a7ab2", "status": "200"}
[WebServer] {"duration_ms": 28.8902499996766, "event": "console.request", "id_hash": "h_95d422d64c9b", "status": "200"}
[WebServer] {"duration_ms": 29.11916699667927, "event": "console.request", "id_hash": "h_b827e97d9911", "status": "200"}
[WebServer] {"duration_ms": 31.11079199879896, "event": "console.request", "id_hash": "h_15996d7f89b7", "status": "200"}
[WebServer] {"duration_ms": 22.37083399813855, "event": "console.request", "id_hash": "h_7aea08fc3340", "status": "201"}
[WebServer] {"duration_ms": 5.547625001781853, "event": "console.request", "id_hash": "h_a536435bb853", "status": "200"}
[WebServer] {"duration_ms": 7.824124997569015, "event": "console.request", "id_hash": "h_6217c81b9d9a", "status": "200"}
[WebServer] {"duration_ms": 20.971875001123408, "event": "console.request", "id_hash": "h_4205f1b52fe6", "status": "200"}
[WebServer] {"duration_ms": 7.799083999998402, "event": "console.request", "id_hash": "h_016b2e217250", "status": "200"}
[WebServer] {"duration_ms": 12.729250000120373, "event": "console.request", "id_hash": "h_a9d41d919486", "status": "200"}
[WebServer] {"duration_ms": 20.196000001305947, "event": "console.request", "id_hash": "h_305a64899ba2", "status": "200"}
[WebServer] {"duration_ms": 8.047375002206536, "event": "console.request", "id_hash": "h_5e24f7836656", "status": "200"}
[WebServer] {"duration_ms": 14.491957997961435, "event": "console.request", "id_hash": "h_4e41cce5f4e6", "status": "200"}
[WebServer] {"duration_ms": 28.02125000016531, "event": "console.request", "id_hash": "h_e6e6167fb0df", "status": "200"}
[WebServer] {"duration_ms": 0.8964999979070853, "event": "console.request", "id_hash": "h_208124944dae", "status": "200"}
[WebServer] {"duration_ms": 1.452332999178907, "event": "console.request", "id_hash": "h_5c4e4fafbba1", "status": "200"}
[WebServer] {"duration_ms": 1.6284999983326998, "event": "console.request", "id_hash": "h_7fc103fcc4fd", "status": "200"}
[WebServer] {"duration_ms": 14.706999998452375, "event": "console.request", "id_hash": "h_586896976639", "status": "200"}
[WebServer] {"duration_ms": 18.878292001318187, "event": "console.request", "id_hash": "h_17b652950b94", "status": "200"}
[WebServer] {"duration_ms": 3.132707999611739, "event": "console.request", "id_hash": "h_c710f1313994", "status": "200"}
[WebServer] {"duration_ms": 4.560875000606757, "event": "console.request", "id_hash": "h_c2d74e5314b8", "status": "200"}
[WebServer] {"duration_ms": 30.076375001954148, "event": "console.request", "id_hash": "h_15851d8968e6", "status": "200"}
[WebServer] {"duration_ms": 11.489209002320422, "event": "console.request", "id_hash": "h_55a25d87e21e", "status": "200"}
[WebServer] {"duration_ms": 14.196915999491466, "event": "console.request", "id_hash": "h_b95c037b1ada", "status": "200"}
[WebServer] {"duration_ms": 23.31633300127578, "event": "console.request", "id_hash": "h_6ca37afcb8e3", "status": "200"}
[WebServer] {"duration_ms": 13.295415999891702, "event": "console.request", "id_hash": "h_92548226b8ae", "status": "200"}
[WebServer] {"duration_ms": 15.217833999486174, "event": "console.request", "id_hash": "h_9a9686c743c8", "status": "200"}
[WebServer] {"duration_ms": 5.3447919999598525, "event": "console.request", "id_hash": "h_fb7200a5710e", "status": "200"}
[WebServer] {"duration_ms": 11.160042002302362, "event": "console.request", "id_hash": "h_b429a37bd3fe", "status": "200"}
[WebServer] {"duration_ms": 36.72529100003885, "event": "console.request", "id_hash": "h_7dcdfc7139bd", "status": "200"}
[WebServer] {"duration_ms": 42.72362499978044, "event": "console.request", "id_hash": "h_215ef6952e59", "status": "200"}
[WebServer] {"duration_ms": 44.8732500008191, "event": "console.request", "id_hash": "h_a09f176886e4", "status": "200"}
[WebServer] {"duration_ms": 0.9723340008349624, "event": "console.request", "id_hash": "h_02d23956ba63", "status": "200"}
[WebServer] {"duration_ms": 1.4901669965183828, "event": "console.request", "id_hash": "h_8a87ba26c5f5", "status": "200"}
[WebServer] {"duration_ms": 1.1145829994347878, "event": "console.request", "id_hash": "h_f75e67340205", "status": "200"}
[WebServer] {"duration_ms": 3.025833000720013, "event": "console.request", "id_hash": "h_1a9ce1a40a13", "status": "200"}
[WebServer] {"duration_ms": 5.116917000123067, "event": "console.request", "id_hash": "h_7eb6faa91bca", "status": "200"}
[WebServer] {"duration_ms": 44.6010000014212, "event": "console.request", "id_hash": "h_5c6ccda7cfdd", "status": "200"}
[WebServer] {"duration_ms": 11.714500000380212, "event": "console.request", "id_hash": "h_ed3ecb734d0e", "status": "200"}
[WebServer] {"duration_ms": 16.49804199769278, "event": "console.request", "id_hash": "h_0bc7ccb8e7a0", "status": "200"}
[WebServer] {"duration_ms": 27.95062500081258, "event": "console.request", "id_hash": "h_db159cd8add7", "status": "200"}
[WebServer] {"duration_ms": 1.3647500018123537, "event": "console.request", "id_hash": "h_2af89cf58c34", "status": "200"}
[WebServer] {"duration_ms": 42.198874998575775, "event": "console.request", "id_hash": "h_e399cb11ea7c", "status": "200"}
[WebServer] {"duration_ms": 42.20725000050152, "event": "console.request", "id_hash": "h_75d28291ede5", "status": "200"}
[WebServer] {"duration_ms": 1.5723329997854307, "event": "console.request", "id_hash": "h_d9ee8a0e3a5e", "status": "200"}
[WebServer] {"duration_ms": 1.4485829997283872, "event": "console.request", "id_hash": "h_21c6c651f52e", "status": "200"}
[WebServer] {"duration_ms": 2.8863749976153485, "event": "console.request", "id_hash": "h_f8d792a4aab3", "status": "200"}
[WebServer] {"duration_ms": 4.4284999967203476, "event": "console.request", "id_hash": "h_e0d8a50aeb15", "status": "200"}
[WebServer] {"duration_ms": 29.77645800274331, "event": "console.request", "id_hash": "h_40fe56f3b27f", "status": "200"}
[WebServer] {"duration_ms": 10.753667000244604, "event": "console.request", "id_hash": "h_bc6536e0fcc7", "status": "200"}
[WebServer] {"duration_ms": 15.42245900054695, "event": "console.request", "id_hash": "h_b7eda2d65804", "status": "200"}
[WebServer] {"duration_ms": 30.99087499867892, "event": "console.request", "id_hash": "h_f16c126f7ef4", "status": "200"}
[WebServer] {"duration_ms": 19.828166001389036, "event": "console.request", "id_hash": "h_cd24c9d62f17", "status": "200"}
[WebServer] {"duration_ms": 21.291125001880573, "event": "console.request", "id_hash": "h_0459ed472f09", "status": "200"}
[WebServer] {"duration_ms": 20.81091700165416, "event": "console.request", "id_hash": "h_80e581733573", "status": "404"}
[WebServer] {"duration_ms": 21.617165999487042, "event": "console.request", "id_hash": "h_080c463e5f64", "status": "404"}
[WebServer] {"duration_ms": 22.683250001136912, "event": "console.request", "id_hash": "h_991d0dec8681", "status": "200"}
[WebServer] {"duration_ms": 4.518959001870826, "event": "console.request", "id_hash": "h_b069ece8bba5", "status": "404"}
[WebServer] {"duration_ms": 7.082459000230301, "event": "console.request", "id_hash": "h_6b75a2ca7564", "status": "200"}
[WebServer] {"duration_ms": 0.8848750003380701, "event": "console.request", "id_hash": "h_bf6ad2bbd216", "status": "200"}
[WebServer] {"duration_ms": 1.4102499990258366, "event": "console.request", "id_hash": "h_edcff3a049f5", "status": "200"}
[WebServer] {"duration_ms": 2.093291997880442, "event": "console.request", "id_hash": "h_5e2ff0b9ac2a", "status": "200"}
[WebServer] {"duration_ms": 2.787249999528285, "event": "console.request", "id_hash": "h_133059cc4ba6", "status": "200"}
[WebServer] {"duration_ms": 7.427542001096299, "event": "console.request", "id_hash": "h_0adf181c6871", "status": "200"}
  ✓   9 tests/browser/console.spec.ts:1240:1 › real Focus create edit dormant and activation preserve revisions in Required mode (2.3s)
[WebServer] {"duration_ms": 0.9463329988648184, "event": "console.request", "id_hash": "h_5ccd92acd9db", "status": "200"}
[WebServer] {"duration_ms": 1.5419579976878595, "event": "console.request", "id_hash": "h_8c6794abb659", "status": "200"}
[WebServer] {"duration_ms": 1.040333001583349, "event": "console.request", "id_hash": "h_1defc046558c", "status": "200"}
[WebServer] {"duration_ms": 4.179750001640059, "event": "console.request", "id_hash": "h_e9cbceb01264", "status": "401"}
[WebServer] {"duration_ms": 101.53050000008079, "event": "console.request", "id_hash": "h_997006f49d61", "status": "200"}
[WebServer] {"duration_ms": 6.539750000229105, "event": "console.request", "id_hash": "h_c203ffcad36f", "status": "200"}
[WebServer] {"duration_ms": 37.05312500096625, "event": "console.request", "id_hash": "h_9aa96f1842ed", "status": "200"}
[WebServer] {"duration_ms": 5.526375000044936, "event": "console.request", "id_hash": "h_9e5aad857c02", "status": "200"}
[WebServer] {"duration_ms": 25.647624999692198, "event": "console.request", "id_hash": "h_8f7dc012ef6c", "status": "200"}
[WebServer] {"duration_ms": 28.74845800033654, "event": "console.request", "id_hash": "h_79a4bd63274d", "status": "200"}
[WebServer] {"duration_ms": 29.143833999114577, "event": "console.request", "id_hash": "h_228e3f1734ed", "status": "200"}
[WebServer] {"duration_ms": 28.404249998857267, "event": "console.request", "id_hash": "h_215a1bf894a3", "status": "200"}
[WebServer] {"duration_ms": 18.9124169992283, "event": "console.request", "id_hash": "h_95e6b64962ee", "status": "201"}
[WebServer] {"duration_ms": 5.346291000023484, "event": "console.request", "id_hash": "h_bcf811dab28c", "status": "200"}
[WebServer] {"duration_ms": 9.26508300108253, "event": "console.request", "id_hash": "h_61c7a0d88586", "status": "200"}
[WebServer] {"duration_ms": 21.518749999813735, "event": "console.request", "id_hash": "h_30784bdaf524", "status": "200"}
[WebServer] {"duration_ms": 9.486957998888101, "event": "console.request", "id_hash": "h_f5a6863d77ec", "status": "200"}
[WebServer] {"duration_ms": 13.935916998889297, "event": "console.request", "id_hash": "h_a1abf9725ba9", "status": "200"}
[WebServer] {"duration_ms": 20.904875000269385, "event": "console.request", "id_hash": "h_4dfcccee078a", "status": "200"}
[WebServer] {"duration_ms": 1.0689999980968423, "event": "console.request", "id_hash": "h_9d0f1f0729ad", "status": "200"}
[WebServer] {"duration_ms": 1.7305830006080214, "event": "console.request", "id_hash": "h_48abe671ce39", "status": "200"}
[WebServer] {"duration_ms": 2.608124999824213, "event": "console.request", "id_hash": "h_4095403e5291", "status": "200"}
[WebServer] {"duration_ms": 11.572375002288027, "event": "console.request", "id_hash": "h_10d75137345a", "status": "200"}
[WebServer] {"duration_ms": 17.87766699999338, "event": "console.request", "id_hash": "h_50e60ac9fc37", "status": "200"}
[WebServer] {"duration_ms": 2.8261249972274527, "event": "console.request", "id_hash": "h_6895fb404ef0", "status": "200"}
[WebServer] {"duration_ms": 5.003207999834558, "event": "console.request", "id_hash": "h_b469f1ec2b25", "status": "200"}
[WebServer] {"duration_ms": 30.05154100173968, "event": "console.request", "id_hash": "h_deee57a807c5", "status": "200"}
[WebServer] {"duration_ms": 7.944958000734914, "event": "console.request", "id_hash": "h_6bccef1a5601", "status": "200"}
[WebServer] {"duration_ms": 13.649333999637747, "event": "console.request", "id_hash": "h_a3d9239cd7f9", "status": "200"}
[WebServer] {"duration_ms": 32.66441600135295, "event": "console.request", "id_hash": "h_8444f58b1131", "status": "200"}
[WebServer] {"duration_ms": 22.84716699796263, "event": "console.request", "id_hash": "h_340708e88781", "status": "200"}
[WebServer] {"duration_ms": 21.691999998438405, "event": "console.request", "id_hash": "h_58eb61a7e261", "status": "200"}
[WebServer] {"duration_ms": 23.06545800092863, "event": "console.request", "id_hash": "h_bdad54939d7a", "status": "404"}
[WebServer] {"duration_ms": 22.792625000874978, "event": "console.request", "id_hash": "h_e870fbf8d6e0", "status": "404"}
[WebServer] {"duration_ms": 24.713625000003958, "event": "console.request", "id_hash": "h_77b2587b0f2e", "status": "200"}
[WebServer] {"duration_ms": 4.612208002072293, "event": "console.request", "id_hash": "h_b2cb878491cd", "status": "404"}
[WebServer] {"duration_ms": 0.9484160000283737, "event": "console.request", "id_hash": "h_282ff5d710b5", "status": "200"}
[WebServer] {"duration_ms": 1.1349160013196524, "event": "console.request", "id_hash": "h_a7addc518f82", "status": "200"}
[WebServer] {"duration_ms": 1.9705420017999131, "event": "console.request", "id_hash": "h_bcb410834c94", "status": "200"}
[WebServer] {"duration_ms": 2.8280839978833683, "event": "console.request", "id_hash": "h_7b78f21e0e9a", "status": "200"}
[WebServer] {"duration_ms": 4.981875001249136, "event": "console.request", "id_hash": "h_4356c93796ba", "status": "200"}
[WebServer] {"duration_ms": 30.603541003074497, "event": "console.request", "id_hash": "h_9264028dbdc5", "status": "200"}
[WebServer] {"duration_ms": 4.884166999545414, "event": "console.request", "id_hash": "h_0470ba195689", "status": "200"}
[WebServer] {"duration_ms": 23.919667000882328, "event": "console.request", "id_hash": "h_ed28f4960733", "status": "200"}
[WebServer] {"duration_ms": 25.44612500059884, "event": "console.request", "id_hash": "h_cbbee4590179", "status": "200"}
[WebServer] {"duration_ms": 25.44845800002804, "event": "console.request", "id_hash": "h_48f5bc444755", "status": "200"}
[WebServer] {"duration_ms": 26.96654099781881, "event": "console.request", "id_hash": "h_3d50684a2af2", "status": "200"}
[WebServer] {"duration_ms": 19.149957999616163, "event": "console.request", "id_hash": "h_4968658ea2d0", "status": "201"}
[WebServer] {"duration_ms": 0.8960420018411241, "event": "console.request", "id_hash": "h_f6618334877d", "status": "200"}
[WebServer] {"duration_ms": 6.743416000972502, "event": "console.request", "id_hash": "h_ca0a177b8df7", "status": "200"}
[WebServer] {"duration_ms": 1.9110840003122576, "event": "console.request", "id_hash": "h_3c51de236a7a", "status": "200"}
[WebServer] {"duration_ms": 1.4915419997123536, "event": "console.request", "id_hash": "h_92e1a03d44d3", "status": "200"}
[WebServer] {"duration_ms": 3.0041249992791563, "event": "console.request", "id_hash": "h_c57fd99a42dc", "status": "200"}
[WebServer] {"duration_ms": 5.137750002177199, "event": "console.request", "id_hash": "h_e983d0802068", "status": "200"}
[WebServer] {"duration_ms": 30.22291599700111, "event": "console.request", "id_hash": "h_fe28b6dc4c0a", "status": "200"}
[WebServer] {"duration_ms": 4.7680000025138725, "event": "console.request", "id_hash": "h_3105b6de1b49", "status": "200"}
[WebServer] {"duration_ms": 8.338499999808846, "event": "console.request", "id_hash": "h_ffe0005e21e0", "status": "200"}
[WebServer] {"duration_ms": 5.960291000519646, "event": "console.request", "id_hash": "h_008bbcc5420d", "status": "404"}
  ✓  10 tests/browser/console.spec.ts:1429:1 › real State correction expiry deletion and recreation preserve identities (2.1s)
[WebServer] {"duration_ms": 1.7131669992522802, "event": "console.request", "id_hash": "h_dbcba9f14243", "status": "200"}
[WebServer] {"duration_ms": 1.169208000646904, "event": "console.request", "id_hash": "h_8402a89a055e", "status": "200"}
[WebServer] {"duration_ms": 1.945375002833316, "event": "console.request", "id_hash": "h_ab3d070b502d", "status": "200"}
[WebServer] {"duration_ms": 2.7728329987439793, "event": "console.request", "id_hash": "h_39532ba3f436", "status": "401"}
[WebServer] {"duration_ms": 102.39141599959112, "event": "console.request", "id_hash": "h_2d2d645b4cfd", "status": "200"}
[WebServer] {"duration_ms": 6.645166999078356, "event": "console.request", "id_hash": "h_c876fbd065e0", "status": "200"}
[WebServer] {"duration_ms": 50.58183299843222, "event": "console.request", "id_hash": "h_7cb9a1792dea", "status": "200"}
[WebServer] {"duration_ms": 5.283500002406072, "event": "console.request", "id_hash": "h_ef1f7990fc2c", "status": "200"}
[WebServer] {"duration_ms": 40.34854199926485, "event": "console.request", "id_hash": "h_4de957edf7f9", "status": "200"}
[WebServer] {"duration_ms": 42.37308299707365, "event": "console.request", "id_hash": "h_d3158820ac0b", "status": "200"}
[WebServer] {"duration_ms": 42.1924170004786, "event": "console.request", "id_hash": "h_beeddd2585ef", "status": "200"}
[WebServer] {"duration_ms": 41.91254200122785, "event": "console.request", "id_hash": "h_89376f43dbf0", "status": "200"}
[WebServer] {"duration_ms": 42.066624999279156, "event": "console.request", "id_hash": "h_41730ff853ef", "status": "200"}
[WebServer] {"duration_ms": 21.57058300144854, "event": "console.request", "id_hash": "h_688eecbbb12e", "status": "201"}
[WebServer] {"duration_ms": 5.250791997241322, "event": "console.request", "id_hash": "h_e9dba14cc5dd", "status": "200"}
[WebServer] {"duration_ms": 9.102874999371124, "event": "console.request", "id_hash": "h_6adfab40d879", "status": "200"}
[WebServer] {"duration_ms": 27.58216599977459, "event": "console.request", "id_hash": "h_22cddae991c8", "status": "200"}
[WebServer] {"duration_ms": 31.99749999839696, "event": "console.request", "id_hash": "h_58b75f5fe856", "status": "200"}
[WebServer] {"duration_ms": 36.47120800087578, "event": "console.request", "id_hash": "h_62cf9567c688", "status": "200"}
[WebServer] {"duration_ms": 21.248209002806107, "event": "console.request", "id_hash": "h_cf3ba38cec57", "status": "200"}
[WebServer] {"duration_ms": 11.694040997099364, "event": "console.request", "id_hash": "h_1863c3fd38ec", "status": "200"}
[WebServer] {"duration_ms": 15.276291000191122, "event": "console.request", "id_hash": "h_2548779feca9", "status": "200"}
[WebServer] {"duration_ms": 40.210499999375315, "event": "console.request", "id_hash": "h_7d00b9e2dd20", "status": "200"}
[WebServer] {"duration_ms": 40.67416600082652, "event": "console.request", "id_hash": "h_9f07981f1549", "status": "200"}
[WebServer] {"duration_ms": 44.302624999545515, "event": "console.request", "id_hash": "h_d54befd88095", "status": "200"}
[WebServer] {"duration_ms": 20.35299999988638, "event": "console.request", "id_hash": "h_8cae11138b8a", "status": "200"}
[WebServer] {"duration_ms": 8.255417000327725, "event": "console.request", "id_hash": "h_9eced8905674", "status": "200"}
[WebServer] {"duration_ms": 12.785792001523077, "event": "console.request", "id_hash": "h_bcb7c0a0d262", "status": "200"}
[WebServer] {"duration_ms": 29.202333000284852, "event": "console.request", "id_hash": "h_b04401301a9c", "status": "200"}
[WebServer] {"duration_ms": 37.43895799925667, "event": "console.request", "id_hash": "h_1e5b3183bf8f", "status": "200"}
[WebServer] {"duration_ms": 37.03391599992756, "event": "console.request", "id_hash": "h_0423434e9a13", "status": "200"}
[WebServer] {"duration_ms": 20.036375000927364, "event": "console.request", "id_hash": "h_c7c1150ad17f", "status": "200"}
[WebServer] {"duration_ms": 0.9822079991863575, "event": "console.request", "id_hash": "h_b99f9e64c53e", "status": "200"}
[WebServer] {"duration_ms": 2.460167001117952, "event": "console.request", "id_hash": "h_6b8bd38c2ed8", "status": "200"}
[WebServer] {"duration_ms": 1.8576249967736658, "event": "console.request", "id_hash": "h_22a5d61bfacc", "status": "200"}
[WebServer] {"duration_ms": 14.405750000150874, "event": "console.request", "id_hash": "h_dd7d663ff91a", "status": "200"}
[WebServer] {"duration_ms": 17.53508299952955, "event": "console.request", "id_hash": "h_59eb3084a106", "status": "200"}
[WebServer] {"duration_ms": 2.705083999899216, "event": "console.request", "id_hash": "h_8f52be3a4d18", "status": "200"}
[WebServer] {"duration_ms": 5.268583001452498, "event": "console.request", "id_hash": "h_ccf4c6dc28ca", "status": "200"}
[WebServer] {"duration_ms": 29.695375000301283, "event": "console.request", "id_hash": "h_f361491b1b9c", "status": "200"}
[WebServer] {"duration_ms": 12.63512500008801, "event": "console.request", "id_hash": "h_50d09868e77a", "status": "200"}
[WebServer] {"duration_ms": 14.358458000060637, "event": "console.request", "id_hash": "h_0c3fce508149", "status": "200"}
[WebServer] {"duration_ms": 39.653542000451125, "event": "console.request", "id_hash": "h_332e95ab2cec", "status": "200"}
[WebServer] {"duration_ms": 40.00224999981583, "event": "console.request", "id_hash": "h_f66248c846d9", "status": "200"}
[WebServer] {"duration_ms": 43.712750000850065, "event": "console.request", "id_hash": "h_26eba8e8f0c3", "status": "200"}
  ✓  11 tests/browser/console.spec.ts:1596:1 › real Task create edit and transitions preserve revisions in Required mode (1.3s)
[WebServer] {"duration_ms": 1.6015000001061708, "event": "console.request", "id_hash": "h_641656669232", "status": "200"}
[WebServer] {"duration_ms": 0.752334002754651, "event": "console.request", "id_hash": "h_b0a42237986b", "status": "200"}
[WebServer] {"duration_ms": 1.672375001362525, "event": "console.request", "id_hash": "h_ba9d6a0f7a68", "status": "200"}
[WebServer] {"duration_ms": 3.526249998685671, "event": "console.request", "id_hash": "h_6f72fa3fece2", "status": "401"}
[WebServer] {"duration_ms": 102.44845800116309, "event": "console.request", "id_hash": "h_b79a0dcda595", "status": "200"}
[WebServer] {"duration_ms": 6.926458001544233, "event": "console.request", "id_hash": "h_9400d1d5082d", "status": "200"}
[WebServer] {"duration_ms": 35.19179100112524, "event": "console.request", "id_hash": "h_9b7aae527ff4", "status": "200"}
[WebServer] {"duration_ms": 6.058415998268174, "event": "console.request", "id_hash": "h_1815bae9a353", "status": "200"}
[WebServer] {"duration_ms": 38.899792001757305, "event": "console.request", "id_hash": "h_2f1885831283", "status": "200"}
[WebServer] {"duration_ms": 40.97974999967846, "event": "console.request", "id_hash": "h_ebe0d48914bb", "status": "200"}
[WebServer] {"duration_ms": 41.68116700020619, "event": "console.request", "id_hash": "h_bb9ede2bd0ee", "status": "200"}
[WebServer] {"duration_ms": 43.869334000191884, "event": "console.request", "id_hash": "h_cdb05c693153", "status": "200"}
[WebServer] {"duration_ms": 42.82262500055367, "event": "console.request", "id_hash": "h_ac10a11dc99e", "status": "200"}
[WebServer] {"duration_ms": 21.824832998390775, "event": "console.request", "id_hash": "h_274f105328e6", "status": "201"}
[WebServer] {"duration_ms": 5.381041999498848, "event": "console.request", "id_hash": "h_994609916763", "status": "200"}
[WebServer] {"duration_ms": 9.508749997621635, "event": "console.request", "id_hash": "h_90315e0f62fe", "status": "200"}
[WebServer] {"duration_ms": 28.453124999941792, "event": "console.request", "id_hash": "h_56a529cdf627", "status": "200"}
[WebServer] {"duration_ms": 33.872124997287756, "event": "console.request", "id_hash": "h_5ffc9e2296fe", "status": "200"}
[WebServer] {"duration_ms": 38.02616599932662, "event": "console.request", "id_hash": "h_7a46481f31a3", "status": "200"}
[WebServer] {"duration_ms": 21.722583998780465, "event": "console.request", "id_hash": "h_4771934dd705", "status": "201"}
[WebServer] {"duration_ms": 22.145041002659127, "event": "console.request", "id_hash": "h_6ea96708b349", "status": "200"}
[WebServer] {"duration_ms": 29.431833001581253, "event": "console.request", "id_hash": "h_a1009b7a11a2", "status": "200"}
[WebServer] {"duration_ms": 30.47008299836307, "event": "console.request", "id_hash": "h_4a7c27902569", "status": "200"}
[WebServer] {"duration_ms": 43.148791999556124, "event": "console.request", "id_hash": "h_6ef61539a33f", "status": "200"}
[WebServer] {"duration_ms": 43.83433399925707, "event": "console.request", "id_hash": "h_dc6fa562d203", "status": "200"}
[WebServer] {"duration_ms": 43.87249999854248, "event": "console.request", "id_hash": "h_7ec65426b5c8", "status": "200"}
[WebServer] {"duration_ms": 22.414250001020264, "event": "console.request", "id_hash": "h_57fbe5fbe5bb", "status": "200"}
[WebServer] {"duration_ms": 22.929917002329603, "event": "console.request", "id_hash": "h_b199da14d9ca", "status": "200"}
[WebServer] {"duration_ms": 28.184208000311628, "event": "console.request", "id_hash": "h_bb1bdec279a1", "status": "200"}
[WebServer] {"duration_ms": 30.251584001234733, "event": "console.request", "id_hash": "h_07c2b2383d36", "status": "200"}
[WebServer] {"duration_ms": 26.582416998280678, "event": "console.request", "id_hash": "h_05e4bc6e50c7", "status": "200"}
[WebServer] {"duration_ms": 31.60412499710219, "event": "console.request", "id_hash": "h_c2b96a5e3ac8", "status": "200"}
[WebServer] {"duration_ms": 36.63816699918243, "event": "console.request", "id_hash": "h_3534266f6ef5", "status": "200"}
[WebServer] {"duration_ms": 20.20795800126507, "event": "console.request", "id_hash": "h_80f2943f7960", "status": "200"}
[WebServer] {"duration_ms": 0.9327910011052154, "event": "console.request", "id_hash": "h_8f15a07a4d0d", "status": "200"}
[WebServer] {"duration_ms": 2.027291000558762, "event": "console.request", "id_hash": "h_63860f4c5eac", "status": "200"}
[WebServer] {"duration_ms": 1.19750000158092, "event": "console.request", "id_hash": "h_b97a99d4c652", "status": "200"}
[WebServer] {"duration_ms": 20.56595799876959, "event": "console.request", "id_hash": "h_cf663bc2588e", "status": "200"}
[WebServer] {"duration_ms": 13.984750003146473, "event": "console.request", "id_hash": "h_766350ed0617", "status": "200"}
[WebServer] {"duration_ms": 36.62716699909652, "event": "console.request", "id_hash": "h_8d6109d21ded", "status": "200"}
[WebServer] {"duration_ms": 7.414167001115857, "event": "console.request", "id_hash": "h_64de2f30618d", "status": "200"}
[WebServer] {"duration_ms": 39.845792001869995, "event": "console.request", "id_hash": "h_187e975e1d91", "status": "200"}
[WebServer] {"duration_ms": 28.857375000370666, "event": "console.request", "id_hash": "h_3764a4d20be2", "status": "200"}
[WebServer] {"duration_ms": 11.200000000826549, "event": "console.request", "id_hash": "h_0c2ae457bf2b", "status": "200"}
[WebServer] {"duration_ms": 14.678249997814419, "event": "console.request", "id_hash": "h_6b4c38872c50", "status": "200"}
[WebServer] {"duration_ms": 35.18383299888228, "event": "console.request", "id_hash": "h_9f18a8c59695", "status": "200"}
[WebServer] {"duration_ms": 42.563749997498235, "event": "console.request", "id_hash": "h_477cd909d1e0", "status": "200"}
[WebServer] {"duration_ms": 43.2205420001992, "event": "console.request", "id_hash": "h_f2c255dbb6d9", "status": "200"}
  ✓  12 tests/browser/console.spec.ts:1702:1 › real Task steps atomically advance child and parent revisions (1.8s)
[WebServer] {"duration_ms": 1.225416999659501, "event": "console.request", "id_hash": "h_90acc1e04b5c", "status": "200"}
[WebServer] {"duration_ms": 1.5820000007806811, "event": "console.request", "id_hash": "h_ca6ef473a6df", "status": "200"}
[WebServer] {"duration_ms": 1.257374999113381, "event": "console.request", "id_hash": "h_fe13d08cc0a4", "status": "200"}
[WebServer] {"duration_ms": 2.7970829978585243, "event": "console.request", "id_hash": "h_64d76e650a8c", "status": "401"}
[WebServer] {"duration_ms": 102.46012500283541, "event": "console.request", "id_hash": "h_594ade316816", "status": "200"}
[WebServer] {"duration_ms": 6.242249997740146, "event": "console.request", "id_hash": "h_c84271f1bf43", "status": "200"}
[WebServer] {"duration_ms": 50.99266600154806, "event": "console.request", "id_hash": "h_6af4d49fa7fd", "status": "200"}
[WebServer] {"duration_ms": 5.892875000427011, "event": "console.request", "id_hash": "h_6abb8a615cd0", "status": "200"}
[WebServer] {"duration_ms": 40.39987500073039, "event": "console.request", "id_hash": "h_f30df988852e", "status": "200"}
[WebServer] {"duration_ms": 42.78054099995643, "event": "console.request", "id_hash": "h_07c0deb91966", "status": "200"}
[WebServer] {"duration_ms": 44.683083000563784, "event": "console.request", "id_hash": "h_4e0145026353", "status": "200"}
[WebServer] {"duration_ms": 44.03212499892106, "event": "console.request", "id_hash": "h_eeca9c0c54db", "status": "200"}
[WebServer] {"duration_ms": 44.29641699971398, "event": "console.request", "id_hash": "h_0eabf60167ce", "status": "200"}
[WebServer] {"duration_ms": 20.21516700187931, "event": "console.request", "id_hash": "h_16b3a8b3c208", "status": "201"}
[WebServer] {"duration_ms": 5.014999998820713, "event": "console.request", "id_hash": "h_b0b23af82054", "status": "200"}
[WebServer] {"duration_ms": 8.81041700267815, "event": "console.request", "id_hash": "h_17bbaaf452c1", "status": "200"}
[WebServer] {"duration_ms": 25.546958000632003, "event": "console.request", "id_hash": "h_5809c68f4576", "status": "200"}
[WebServer] {"duration_ms": 33.4238750001532, "event": "console.request", "id_hash": "h_cd8f4a03ec8d", "status": "200"}
[WebServer] {"duration_ms": 38.37783400012995, "event": "console.request", "id_hash": "h_2d8913966461", "status": "200"}
[WebServer] {"duration_ms": 20.49312500093947, "event": "console.request", "id_hash": "h_1940dac09b5d", "status": "201"}
[WebServer] {"duration_ms": 23.48366699879989, "event": "console.request", "id_hash": "h_350a8a705e06", "status": "200"}
[WebServer] {"duration_ms": 31.70029100147076, "event": "console.request", "id_hash": "h_60358659eba7", "status": "200"}
[WebServer] {"duration_ms": 31.37570900071296, "event": "console.request", "id_hash": "h_d14cb502d9bc", "status": "200"}
[WebServer] {"duration_ms": 33.368333999533206, "event": "console.request", "id_hash": "h_ac27479d681a", "status": "200"}
[WebServer] {"duration_ms": 40.8194999981788, "event": "console.request", "id_hash": "h_6cb699958913", "status": "200"}
[WebServer] {"duration_ms": 41.84595900005661, "event": "console.request", "id_hash": "h_4c02106ff76b", "status": "200"}
[WebServer] {"duration_ms": 21.855999999388587, "event": "console.request", "id_hash": "h_0d94bf33da7a", "status": "201"}
[WebServer] {"duration_ms": 17.467166999267647, "event": "console.request", "id_hash": "h_7be0ba5f3fea", "status": "200"}
[WebServer] {"duration_ms": 27.97320900208433, "event": "console.request", "id_hash": "h_afa4911c6d88", "status": "200"}
[WebServer] {"duration_ms": 29.80737499819952, "event": "console.request", "id_hash": "h_d1bf920698c6", "status": "200"}
[WebServer] {"duration_ms": 26.555458996881498, "event": "console.request", "id_hash": "h_676db4606568", "status": "200"}
[WebServer] {"duration_ms": 35.77491599935456, "event": "console.request", "id_hash": "h_606be5d856c0", "status": "200"}
[WebServer] {"duration_ms": 36.17074999783654, "event": "console.request", "id_hash": "h_09356afc7f69", "status": "200"}
[WebServer] {"duration_ms": 14.390500000445172, "event": "console.request", "id_hash": "h_a4f2d6a24bf6", "status": "200"}
[WebServer] {"duration_ms": 18.08770899879164, "event": "console.request", "id_hash": "h_7e3087d2381b", "status": "200"}
[WebServer] {"duration_ms": 19.9739169984241, "event": "console.request", "id_hash": "h_6a0f80df542e", "status": "201"}
[WebServer] {"duration_ms": 22.689083001750987, "event": "console.request", "id_hash": "h_e551c1d07f41", "status": "200"}
[WebServer] {"duration_ms": 28.398833001119783, "event": "console.request", "id_hash": "h_a564e90a2b2b", "status": "200"}
[WebServer] {"duration_ms": 30.273625001427718, "event": "console.request", "id_hash": "h_c2bf1fa7b999", "status": "200"}
[WebServer] {"duration_ms": 42.63387500031968, "event": "console.request", "id_hash": "h_29fc7b6b02ef", "status": "200"}
[WebServer] {"duration_ms": 44.16895900067175, "event": "console.request", "id_hash": "h_77a31476bd0c", "status": "200"}
[WebServer] {"duration_ms": 44.023207999998704, "event": "console.request", "id_hash": "h_a24312a59380", "status": "200"}
[WebServer] {"duration_ms": 25.615667000238318, "event": "console.request", "id_hash": "h_d86be162e81d", "status": "200"}
[WebServer] {"duration_ms": 25.391832998138852, "event": "console.request", "id_hash": "h_7fb41d1b1e60", "status": "200"}
[WebServer] {"duration_ms": 31.506208000791958, "event": "console.request", "id_hash": "h_aa0eb3759710", "status": "200"}
[WebServer] {"duration_ms": 33.280375002505025, "event": "console.request", "id_hash": "h_dfcf1eeabb30", "status": "200"}
[WebServer] {"duration_ms": 36.13745799884782, "event": "console.request", "id_hash": "h_a882f371713c", "status": "200"}
[WebServer] {"duration_ms": 37.459041999682086, "event": "console.request", "id_hash": "h_977915c11459", "status": "200"}
[WebServer] {"duration_ms": 42.11316700093448, "event": "console.request", "id_hash": "h_7adca913e861", "status": "200"}
[WebServer] {"duration_ms": 14.038832996448036, "event": "console.request", "id_hash": "h_1c5a52e4ce04", "status": "200"}
[WebServer] {"duration_ms": 18.248500000481727, "event": "console.request", "id_hash": "h_8b2f9a726ed2", "status": "200"}
[WebServer] {"duration_ms": 20.130875000177184, "event": "console.request", "id_hash": "h_91aea8446628", "status": "201"}
[WebServer] {"duration_ms": 1.084415998775512, "event": "console.request", "id_hash": "h_b471e06717e7", "status": "200"}
[WebServer] {"duration_ms": 0.9934590016200673, "event": "console.request", "id_hash": "h_56ae2eac6943", "status": "200"}
[WebServer] {"duration_ms": 1.8999169988092035, "event": "console.request", "id_hash": "h_fd3778e26db7", "status": "200"}
[WebServer] {"duration_ms": 26.36204200098291, "event": "console.request", "id_hash": "h_5e1e06eabdfa", "status": "200"}
[WebServer] {"duration_ms": 13.534792000427842, "event": "console.request", "id_hash": "h_a0f1be11bd00", "status": "200"}
[WebServer] {"duration_ms": 44.51745899859816, "event": "console.request", "id_hash": "h_55320d6f04ae", "status": "200"}
[WebServer] {"duration_ms": 15.123624998523155, "event": "console.request", "id_hash": "h_b0a90249c50b", "status": "200"}
[WebServer] {"duration_ms": 46.279459002107615, "event": "console.request", "id_hash": "h_8f54c78d6623", "status": "200"}
[WebServer] {"duration_ms": 29.809583000314888, "event": "console.request", "id_hash": "h_8168135798f0", "status": "200"}
[WebServer] {"duration_ms": 11.780999997426989, "event": "console.request", "id_hash": "h_3f107a576c9c", "status": "200"}
[WebServer] {"duration_ms": 14.867416997731198, "event": "console.request", "id_hash": "h_ce65c383dc1b", "status": "200"}
[WebServer] {"duration_ms": 36.657250002463115, "event": "console.request", "id_hash": "h_4693fec4dcb3", "status": "200"}
[WebServer] {"duration_ms": 44.95600000154809, "event": "console.request", "id_hash": "h_0a09b021d735", "status": "200"}
[WebServer] {"duration_ms": 44.784707999497186, "event": "console.request", "id_hash": "h_5667b9a2255f", "status": "200"}
  ✓  13 tests/browser/console.spec.ts:1803:1 › real dependency creation removal and reactivation preserve its ID (2.3s)
[WebServer] {"duration_ms": 0.9146669981419109, "event": "console.request", "id_hash": "h_125b953a639d", "status": "200"}
[WebServer] {"duration_ms": 1.5890829999989364, "event": "console.request", "id_hash": "h_1cfc41838ba0", "status": "200"}
[WebServer] {"duration_ms": 2.5422079997952096, "event": "console.request", "id_hash": "h_484856e589a2", "status": "200"}
[WebServer] {"duration_ms": 3.6334169999463484, "event": "console.request", "id_hash": "h_475f974a99da", "status": "401"}
[WebServer] {"duration_ms": 100.83758299879264, "event": "console.request", "id_hash": "h_691a3c03c48d", "status": "429"}
  ✘  14 tests/browser/console.spec.ts:1925:1 › real trigger lifecycle and Task forget preserve revisions and delete the plan (30.0s)
(node:54350) Warning: The 'NO_COLOR' env is ignored due to the 'FORCE_COLOR' env being set.
(Use `node --trace-warnings ...` to show where the warning was created)
(node:54350) [DEP0205] DeprecationWarning: `module.register()` is deprecated. Use `module.registerHooks()` instead.
(node:54350) Warning: The 'NO_COLOR' env is ignored due to the 'FORCE_COLOR' env being set.
(Use `node --trace-warnings ...` to show where the warning was created)
[WebServer] {"duration_ms": 0.8740420016692951, "event": "console.request", "id_hash": "h_b7877e3084e5", "status": "200"}
[WebServer] {"duration_ms": 1.559167001687456, "event": "console.request", "id_hash": "h_ca93cef8a716", "status": "200"}
[WebServer] {"duration_ms": 0.9677499983808957, "event": "console.request", "id_hash": "h_29dc5e6ef2b0", "status": "200"}
[WebServer] {"duration_ms": 3.019583000423154, "event": "console.request", "id_hash": "h_4299917b44ca", "status": "401"}
[WebServer] {"duration_ms": 101.071334000153, "event": "console.request", "id_hash": "h_46604de31b9f", "status": "429"}
[WebServer] {"duration_ms": 101.59687499981374, "event": "console.request", "id_hash": "h_373fcbd323a9", "status": "200"}
[WebServer] {"duration_ms": 11.618916996667394, "event": "console.request", "id_hash": "h_d0bef8c793ca", "status": "200"}
[WebServer] {"duration_ms": 35.737624999455875, "event": "console.request", "id_hash": "h_6640eda9378a", "status": "200"}
[WebServer] {"duration_ms": 11.017790999176214, "event": "console.request", "id_hash": "h_c9069a7c2fec", "status": "200"}
[WebServer] {"duration_ms": 8.308374999614898, "event": "console.request", "id_hash": "h_df7a4a1393a4", "status": "200"}
[WebServer] {"duration_ms": 33.6706249981944, "event": "console.request", "id_hash": "h_f2ed57d2c33a", "status": "200"}
[WebServer] {"duration_ms": 47.060625001904555, "event": "console.request", "id_hash": "h_be14e8ec17f7", "status": "200"}
[WebServer] {"duration_ms": 36.27204199801781, "event": "console.request", "id_hash": "h_afabd603e655", "status": "202"}
[WebServer] {"duration_ms": 7.382957999652717, "event": "console.request", "id_hash": "h_9beda3b94bbe", "status": "200"}
[WebServer] {"duration_ms": 4.228666999551933, "event": "console.request", "id_hash": "h_4e50ce7b7380", "status": "200"}
[WebServer] {"duration_ms": 16.30687499709893, "event": "console.request", "id_hash": "h_b01b18ac1dc0", "status": "200"}
[WebServer] {"duration_ms": 42.68570800195448, "event": "console.request", "id_hash": "h_6653f6664ce0", "status": "200"}
[WebServer] {"duration_ms": 6.002457997965394, "event": "console.request", "id_hash": "h_b42018002a47", "status": "200"}
[WebServer] {"duration_ms": 6.992333001107909, "event": "console.request", "id_hash": "h_1483b10fb3a1", "status": "200"}
  ✓  15 tests/browser/console.spec.ts:2108:1 › real fixed-filter operation accepts 51 targets and cancellation preserves the first committed batch (5.3s)
[WebServer] {"duration_ms": 1.2598749999597203, "event": "console.request", "id_hash": "h_3b72ec44fc09", "status": "200"}
[WebServer] {"duration_ms": 0.8979590020317119, "event": "console.request", "id_hash": "h_fc1fa4bd0e48", "status": "200"}
[WebServer] {"duration_ms": 1.8126670001947787, "event": "console.request", "id_hash": "h_532d03d6a407", "status": "200"}
[WebServer] {"duration_ms": 2.914792003139155, "event": "console.request", "id_hash": "h_c59f0693df29", "status": "401"}
[WebServer] {"duration_ms": 101.2764579973009, "event": "console.request", "id_hash": "h_d6304fe5b4d4", "status": "200"}
[WebServer] {"duration_ms": 1.1294579999230336, "event": "console.request", "id_hash": "h_fd06b2f78330", "status": "200"}
[WebServer] {"duration_ms": 10.858833000384038, "event": "console.request", "id_hash": "h_66321dedf472", "status": "200"}
[WebServer] {"duration_ms": 1.8384579998382833, "event": "console.request", "id_hash": "h_bd31a1ca9092", "status": "200"}
[WebServer] {"duration_ms": 1.459124996472383, "event": "console.request", "id_hash": "h_8da3c45cc695", "status": "200"}
[WebServer] {"duration_ms": 3.0104159995971713, "event": "console.request", "id_hash": "h_050ecd2da07c", "status": "200"}
[WebServer] {"duration_ms": 5.321791999449488, "event": "console.request", "id_hash": "h_0601eaaefc1c", "status": "200"}
[WebServer] {"duration_ms": 30.607249998865882, "event": "console.request", "id_hash": "h_e3cbc42f3bcd", "status": "200"}
[WebServer] {"duration_ms": 13.11725000050501, "event": "console.request", "id_hash": "h_82e133b78f18", "status": "200"}
[WebServer] {"duration_ms": 12.402500000462169, "event": "console.request", "id_hash": "h_72d479b7fefc", "status": "200"}
[WebServer] {"duration_ms": 18.30770800006576, "event": "console.request", "id_hash": "h_ec7fea6acc2d", "status": "200"}
[WebServer] {"duration_ms": 8.192000001145061, "event": "console.request", "id_hash": "h_bc916f929272", "status": "200"}
[WebServer] {"duration_ms": 11.82354200136615, "event": "console.request", "id_hash": "h_25f0f3a86d14", "status": "200"}
[WebServer] {"duration_ms": 1.1305420011922251, "event": "console.request", "id_hash": "h_30c37ee175a9", "status": "200"}
[WebServer] {"duration_ms": 1.233958999364404, "event": "console.request", "id_hash": "h_edbe39ea6530", "status": "200"}
[WebServer] {"duration_ms": 2.1833329992659856, "event": "console.request", "id_hash": "h_9c7d6fdf8210", "status": "200"}
[WebServer] {"duration_ms": 2.6752079975267407, "event": "console.request", "id_hash": "h_5660e06810fe", "status": "200"}
[WebServer] {"duration_ms": 4.684791998442961, "event": "console.request", "id_hash": "h_1b0c06236c08", "status": "200"}
[WebServer] {"duration_ms": 30.241500000556698, "event": "console.request", "id_hash": "h_3e363259af9a", "status": "200"}
[WebServer] {"duration_ms": 8.025916999031324, "event": "console.request", "id_hash": "h_b90a6b3f5ae2", "status": "200"}
[WebServer] {"duration_ms": 12.89037500100676, "event": "console.request", "id_hash": "h_a2c65666d098", "status": "200"}
[WebServer] {"duration_ms": 0.8005000017874409, "event": "console.request", "id_hash": "h_3c450e938262", "status": "200"}
[WebServer] {"duration_ms": 1.5264170033333357, "event": "console.request", "id_hash": "h_f5bb3c515bcf", "status": "200"}
[WebServer] {"duration_ms": 0.8680419996380806, "event": "console.request", "id_hash": "h_ebb62a07fe55", "status": "200"}
[WebServer] {"duration_ms": 2.6230000003124587, "event": "console.request", "id_hash": "h_5ffb51ef39b4", "status": "200"}
[WebServer] {"duration_ms": 4.729166001197882, "event": "console.request", "id_hash": "h_37c02d82831c", "status": "200"}
[WebServer] {"duration_ms": 29.885542000556597, "event": "console.request", "id_hash": "h_970863153064", "status": "200"}
[WebServer] {"duration_ms": 11.226833001273917, "event": "console.request", "id_hash": "h_5caeac04a1a2", "status": "200"}
[WebServer] {"duration_ms": 11.549124999874039, "event": "console.request", "id_hash": "h_f008f1b868ed", "status": "200"}
[WebServer] {"duration_ms": 19.775666001805803, "event": "console.request", "id_hash": "h_426484b3728c", "status": "200"}
[WebServer] {"duration_ms": 11.387833001208492, "event": "console.request", "id_hash": "h_a11904fe9b01", "status": "200"}
[WebServer] {"duration_ms": 11.94579200091539, "event": "console.request", "id_hash": "h_df11b5d6bff8", "status": "200"}
[WebServer] {"duration_ms": 1.038082999002654, "event": "console.request", "id_hash": "h_4c152fa5d64a", "status": "200"}
[WebServer] {"duration_ms": 1.4587499972549267, "event": "console.request", "id_hash": "h_e423c1f98d40", "status": "200"}
[WebServer] {"duration_ms": 3.004583002621075, "event": "console.request", "id_hash": "h_caf53d89b7d0", "status": "200"}
[WebServer] {"duration_ms": 3.8879999992786907, "event": "console.request", "id_hash": "h_93e3640e49b1", "status": "200"}
[WebServer] {"duration_ms": 6.840458998340182, "event": "console.request", "id_hash": "h_f0b4a755bcc0", "status": "200"}
[WebServer] {"duration_ms": 47.42216600061511, "event": "console.request", "id_hash": "h_518fc4abb39a", "status": "200"}
[WebServer] {"duration_ms": 14.064625000173692, "event": "console.request", "id_hash": "h_b8bd92e4675c", "status": "200"}
[WebServer] {"duration_ms": 14.78408299954026, "event": "console.request", "id_hash": "h_b15d0faa1377", "status": "200"}
[WebServer] {"duration_ms": 0.8470840002701152, "event": "console.request", "id_hash": "h_6d0814f96fee", "status": "200"}
[WebServer] {"duration_ms": 1.9642080005723983, "event": "console.request", "id_hash": "h_caca7a3aa5a3", "status": "200"}
[WebServer] {"duration_ms": 1.153083998360671, "event": "console.request", "id_hash": "h_ee786d73e94c", "status": "200"}
[WebServer] {"duration_ms": 2.9129579997970723, "event": "console.request", "id_hash": "h_58b5a3e9e9b0", "status": "200"}
[WebServer] {"duration_ms": 6.779832998290658, "event": "console.request", "id_hash": "h_1cefa814b55f", "status": "200"}
[WebServer] {"duration_ms": 34.203750001324806, "event": "console.request", "id_hash": "h_0085218bb2b9", "status": "200"}
[WebServer] {"duration_ms": 15.010958002676489, "event": "console.request", "id_hash": "h_50ebd176b4db", "status": "200"}
[WebServer] {"duration_ms": 20.840500001213513, "event": "console.request", "id_hash": "h_06c70d4af4d1", "status": "200"}
  ✓  16 tests/browser/console.spec.ts:2227:1 › real event dismissal preserves delivery history and its Task in Required mode (1.2s)
[WebServer] {"duration_ms": 78.57499999954598, "event": "console.request", "id_hash": "h_9f6e52fe1a48", "status": "200"}
[WebServer] {"duration_ms": 111.2417500007723, "event": "console.request", "id_hash": "h_ac77d813157b", "status": "200"}
[WebServer] {"duration_ms": 111.07087500204216, "event": "console.request", "id_hash": "h_af1174ae912b", "status": "200"}
[WebServer] {"duration_ms": 0.8190410007955506, "event": "console.request", "id_hash": "h_0481e4b02ddb", "status": "200"}
[WebServer] {"duration_ms": 1.9008329982170835, "event": "console.request", "id_hash": "h_c12319525abd", "status": "200"}
[WebServer] {"duration_ms": 1.4342079994094092, "event": "console.request", "id_hash": "h_ba058daa70a1", "status": "200"}
[WebServer] {"duration_ms": 2.817791999405017, "event": "console.request", "id_hash": "h_540ec51908be", "status": "401"}
[WebServer] {"duration_ms": 102.4687500030268, "event": "console.request", "id_hash": "h_ee380fcf93de", "status": "200"}
[WebServer] {"duration_ms": 6.722124999214429, "event": "console.request", "id_hash": "h_bee57add365c", "status": "200"}
[WebServer] {"duration_ms": 5.545457999687642, "event": "console.request", "id_hash": "h_35aebba9f601", "status": "200"}
[WebServer] {"duration_ms": 48.03354099931312, "event": "console.request", "id_hash": "h_e87aa3284d70", "status": "200"}
[WebServer] {"duration_ms": 49.49466700054472, "event": "console.request", "id_hash": "h_bf0e194a451c", "status": "200"}
[WebServer] {"duration_ms": 54.65737499980605, "event": "console.request", "id_hash": "h_1d97ebd0d373", "status": "200"}
[WebServer] {"duration_ms": 54.948125001828885, "event": "console.request", "id_hash": "h_6c6fec50069c", "status": "200"}
[WebServer] {"duration_ms": 57.783915999607416, "event": "console.request", "id_hash": "h_3534ab80a82d", "status": "200"}
[WebServer] {"duration_ms": 58.13937499988242, "event": "console.request", "id_hash": "h_5ccff256a0ce", "status": "200"}
[WebServer] {"duration_ms": 16.30312500128639, "event": "console.request", "id_hash": "h_edd91488c97c", "status": "200"}
[WebServer] {"duration_ms": 0.9859170022537, "event": "console.request", "id_hash": "h_7aaa0919a8e9", "status": "200"}
[WebServer] {"duration_ms": 1.1587089975364506, "event": "console.request", "id_hash": "h_e9ec34d97134", "status": "200"}
[WebServer] {"duration_ms": 1.8729580006038304, "event": "console.request", "id_hash": "h_6220171c9fd7", "status": "200"}
[WebServer] {"duration_ms": 2.678624998225132, "event": "console.request", "id_hash": "h_8d6fb1283784", "status": "200"}
[WebServer] {"duration_ms": 6.014583002979634, "event": "console.request", "id_hash": "h_3dbaea245e18", "status": "200"}
[WebServer] {"duration_ms": 54.15454100148054, "event": "console.request", "id_hash": "h_daefdaaf9603", "status": "200"}
[WebServer] {"duration_ms": 56.32283299928531, "event": "console.request", "id_hash": "h_876fd99e5ddb", "status": "200"}
[WebServer] {"duration_ms": 56.83291699824622, "event": "console.request", "id_hash": "h_a0420bb94be2", "status": "200"}
[WebServer] {"duration_ms": 58.278417000110494, "event": "console.request", "id_hash": "h_53946ed3db52", "status": "200"}
[WebServer] {"duration_ms": 57.64729200018337, "event": "console.request", "id_hash": "h_7706ffdfba0a", "status": "200"}
[WebServer] {"duration_ms": 58.95187500209431, "event": "console.request", "id_hash": "h_223c18c25019", "status": "200"}
[WebServer] {"duration_ms": 9.276916996896034, "event": "console.request", "id_hash": "h_088f54a374d1", "status": "200"}
[WebServer] {"duration_ms": 1.114458002120955, "event": "console.request", "id_hash": "h_51409b3a7c8e", "status": "200"}
[WebServer] {"duration_ms": 0.9755829996720422, "event": "console.request", "id_hash": "h_87f0b3fb48bd", "status": "200"}
[WebServer] {"duration_ms": 2.08783299967763, "event": "console.request", "id_hash": "h_0eb18b4447c6", "status": "200"}
[WebServer] {"duration_ms": 4.881916000158526, "event": "console.request", "id_hash": "h_4fdef63710ad", "status": "200"}
[WebServer] {"duration_ms": 5.455583002913045, "event": "console.request", "id_hash": "h_1ca1d8daa859", "status": "200"}
[WebServer] {"duration_ms": 56.74787499810918, "event": "console.request", "id_hash": "h_5fe554200e90", "status": "200"}
[WebServer] {"duration_ms": 59.85079200036125, "event": "console.request", "id_hash": "h_b8ff4a56b6a9", "status": "200"}
[WebServer] {"duration_ms": 60.36291700002039, "event": "console.request", "id_hash": "h_36d949a6aa1c", "status": "200"}
[WebServer] {"duration_ms": 60.85175000043819, "event": "console.request", "id_hash": "h_d578bd47cdd5", "status": "200"}
[WebServer] {"duration_ms": 60.69862499862211, "event": "console.request", "id_hash": "h_718587ff7c83", "status": "200"}
[WebServer] {"duration_ms": 61.76420799965854, "event": "console.request", "id_hash": "h_448173bf9c12", "status": "200"}
[WebServer] {"duration_ms": 12.513458998000715, "event": "console.request", "id_hash": "h_6028d70df5d8", "status": "200"}
[WebServer] {"duration_ms": 7.782000000588596, "event": "console.request", "id_hash": "h_d2ada6b08970", "status": "403"}
[WebServer] {"duration_ms": 9.467541000049096, "event": "console.request", "id_hash": "h_62026a236e0d", "status": "200"}
[WebServer] {"duration_ms": 17.480291997344466, "event": "console.request", "id_hash": "h_c432d779e90f", "status": "200"}
[WebServer] {"duration_ms": 56.794457999785664, "event": "console.request", "id_hash": "h_5a3d87a1b795", "status": "200"}
[WebServer] {"duration_ms": 60.11004199899617, "event": "console.request", "id_hash": "h_cacb16adea3b", "status": "200"}
[WebServer] {"duration_ms": 59.46241700075916, "event": "console.request", "id_hash": "h_07b00dbfafc3", "status": "200"}
[WebServer] {"duration_ms": 59.32704199949512, "event": "console.request", "id_hash": "h_7d3950f6373a", "status": "200"}
[WebServer] {"duration_ms": 60.71999999767286, "event": "console.request", "id_hash": "h_6b4cac1fffa0", "status": "200"}
[WebServer] {"duration_ms": 61.07608399906894, "event": "console.request", "id_hash": "h_c7f84aa9af06", "status": "200"}
[WebServer] {"duration_ms": 15.659332999348408, "event": "console.request", "id_hash": "h_7415f676efa8", "status": "409"}
[WebServer] {"duration_ms": 4.779625000082888, "event": "console.request", "id_hash": "h_20caef2e729c", "status": "200"}
[WebServer] {"duration_ms": 15.753124996990664, "event": "console.request", "id_hash": "h_f44707109591", "status": "409"}
[WebServer] {"duration_ms": 4.5716670028923545, "event": "console.request", "id_hash": "h_b6542dfd48d6", "status": "200"}
[WebServer] {"duration_ms": 57.50566699862247, "event": "console.request", "id_hash": "h_3f205f6675e3", "status": "200"}
[WebServer] {"duration_ms": 58.46158399799606, "event": "console.request", "id_hash": "h_97ed61ae5e9d", "status": "200"}
[WebServer] {"duration_ms": 57.861582998157246, "event": "console.request", "id_hash": "h_06ffbf3ce32d", "status": "200"}
[WebServer] {"duration_ms": 58.063042000867426, "event": "console.request", "id_hash": "h_0e002f9266f1", "status": "200"}
[WebServer] {"duration_ms": 60.62966700119432, "event": "console.request", "id_hash": "h_bc2349bfe202", "status": "200"}
[WebServer] {"duration_ms": 61.07733300086693, "event": "console.request", "id_hash": "h_5ddd8aa059bf", "status": "200"}
[WebServer] {"duration_ms": 0.9518329970887862, "event": "console.request", "id_hash": "h_fcd478cc7b81", "status": "200"}
[WebServer] {"duration_ms": 1.6092500009108335, "event": "console.request", "id_hash": "h_237b525b51ac", "status": "200"}
[WebServer] {"duration_ms": 1.7912500006787013, "event": "console.request", "id_hash": "h_e7d0b7462045", "status": "200"}
[WebServer] {"duration_ms": 2.8769589989678934, "event": "console.request", "id_hash": "h_4e08d835890b", "status": "200"}
[WebServer] {"duration_ms": 5.414874998677988, "event": "console.request", "id_hash": "h_fc0b8a1968a7", "status": "200"}
[WebServer] {"duration_ms": 53.64870899938978, "event": "console.request", "id_hash": "h_03a421384536", "status": "200"}
[WebServer] {"duration_ms": 55.29295800079126, "event": "console.request", "id_hash": "h_430a2a57e33b", "status": "200"}
[WebServer] {"duration_ms": 55.226624997885665, "event": "console.request", "id_hash": "h_fb6f42e01625", "status": "200"}
[WebServer] {"duration_ms": 56.211582999821985, "event": "console.request", "id_hash": "h_3df989ad48c1", "status": "200"}
[WebServer] {"duration_ms": 56.64508300105808, "event": "console.request", "id_hash": "h_97076be6cc22", "status": "200"}
[WebServer] {"duration_ms": 56.853249996493105, "event": "console.request", "id_hash": "h_98f8c21be3c9", "status": "200"}
[WebServer] {"duration_ms": 9.298834000219358, "event": "console.request", "id_hash": "h_47842aa48f1b", "status": "200"}
[WebServer] {"duration_ms": 4.775290999532444, "event": "console.request", "id_hash": "h_7ef2d7f92a98", "status": "200"}
[WebServer] {"duration_ms": 4.188709001027746, "event": "console.request", "id_hash": "h_116d874bbdd5", "status": "200"}
  ✓  17 tests/browser/persona-policy.spec.ts:3:1 › real Policy edits require reauth, preserve precision and show concurrent edit differences (1.8s)
[WebServer] {"duration_ms": 1.1034999988623895, "event": "console.request", "id_hash": "h_916c556f2c95", "status": "200"}
[WebServer] {"duration_ms": 1.509749999968335, "event": "console.request", "id_hash": "h_979cfb99a1fc", "status": "200"}
[WebServer] {"duration_ms": 1.0042079993581865, "event": "console.request", "id_hash": "h_d10bcc4c59ce", "status": "200"}
[WebServer] {"duration_ms": 4.22012499984703, "event": "console.request", "id_hash": "h_ab5f2804c3c6", "status": "401"}
[WebServer] {"duration_ms": 101.74895800082595, "event": "console.request", "id_hash": "h_1dc1e5745bed", "status": "200"}
[WebServer] {"duration_ms": 6.028958003298612, "event": "console.request", "id_hash": "h_912706658dc5", "status": "200"}
[WebServer] {"duration_ms": 6.994750001467764, "event": "console.request", "id_hash": "h_d49dd8b59c24", "status": "200"}
[WebServer] {"duration_ms": 55.482042000221554, "event": "console.request", "id_hash": "h_19b654b297b6", "status": "200"}
[WebServer] {"duration_ms": 54.28125000253203, "event": "console.request", "id_hash": "h_066d3dbdff01", "status": "200"}
[WebServer] {"duration_ms": 54.9775409999711, "event": "console.request", "id_hash": "h_4d5d3af59492", "status": "200"}
[WebServer] {"duration_ms": 55.20687500029453, "event": "console.request", "id_hash": "h_b29dd57233d6", "status": "200"}
[WebServer] {"duration_ms": 60.4002500003844, "event": "console.request", "id_hash": "h_48cf1c5b0400", "status": "200"}
[WebServer] {"duration_ms": 58.09741700068116, "event": "console.request", "id_hash": "h_5a83cfa1f3f4", "status": "200"}
[WebServer] {"duration_ms": 18.136250000679865, "event": "console.request", "id_hash": "h_cb77f94c9d92", "status": "201"}
[WebServer] {"duration_ms": 57.55008300184272, "event": "console.request", "id_hash": "h_7852dca45c76", "status": "200"}
[WebServer] {"duration_ms": 60.594041999138426, "event": "console.request", "id_hash": "h_f1ac66691e25", "status": "200"}
[WebServer] {"duration_ms": 61.473624999052845, "event": "console.request", "id_hash": "h_432586ff6e09", "status": "200"}
[WebServer] {"duration_ms": 61.06454199834843, "event": "console.request", "id_hash": "h_0cb1576bf43d", "status": "200"}
[WebServer] {"duration_ms": 61.235541998030385, "event": "console.request", "id_hash": "h_31f478f90779", "status": "200"}
[WebServer] {"duration_ms": 61.56745799671626, "event": "console.request", "id_hash": "h_4ca9847da988", "status": "200"}
[WebServer] {"duration_ms": 18.109291999280686, "event": "console.request", "id_hash": "h_0955e93b14b0", "status": "201"}
[WebServer] {"duration_ms": 49.9074590006785, "event": "console.request", "id_hash": "h_7241dad94ff9", "status": "200"}
[WebServer] {"duration_ms": 52.07933299971046, "event": "console.request", "id_hash": "h_07219da6db9e", "status": "200"}
[WebServer] {"duration_ms": 53.83962500127382, "event": "console.request", "id_hash": "h_a2392d093d15", "status": "200"}
[WebServer] {"duration_ms": 54.33558299773722, "event": "console.request", "id_hash": "h_adbbd54f85a2", "status": "200"}
[WebServer] {"duration_ms": 57.238790999690536, "event": "console.request", "id_hash": "h_70a30e83a8cf", "status": "200"}
[WebServer] {"duration_ms": 59.244500000204425, "event": "console.request", "id_hash": "h_0b6073b6d51a", "status": "200"}
[WebServer] {"duration_ms": 5.825583000842016, "event": "console.request", "id_hash": "h_11c60cb488cc", "status": "200"}
[WebServer] {"duration_ms": 1.849833999585826, "event": "console.request", "id_hash": "h_1cedb7e2703f", "status": "200"}
[WebServer] {"duration_ms": 1.70208299823571, "event": "console.request", "id_hash": "h_c5d330bfce42", "status": "200"}
[WebServer] {"duration_ms": 1.1752499995054677, "event": "console.request", "id_hash": "h_438a4c69bb0b", "status": "200"}
[WebServer] {"duration_ms": 3.386500000488013, "event": "console.request", "id_hash": "h_71b770c1d914", "status": "401"}
[WebServer] {"duration_ms": 102.42095799912931, "event": "console.request", "id_hash": "h_d0dda0936114", "status": "200"}
[WebServer] {"duration_ms": 5.2487089997157454, "event": "console.request", "id_hash": "h_b5256317dd4f", "status": "200"}
[WebServer] {"duration_ms": 6.126667001808528, "event": "console.request", "id_hash": "h_7387b625da22", "status": "200"}
[WebServer] {"duration_ms": 47.0694169998751, "event": "console.request", "id_hash": "h_abf72775a371", "status": "200"}
[WebServer] {"duration_ms": 0.9420419992238749, "event": "console.request", "id_hash": "h_557f87b54847", "status": "200"}
[WebServer] {"duration_ms": 1.1696250003296882, "event": "console.request", "id_hash": "h_9f990f58ef30", "status": "200"}
[WebServer] {"duration_ms": 1.090625002689194, "event": "console.request", "id_hash": "h_ec7ceecf81a7", "status": "200"}
[WebServer] {"duration_ms": 68.04091699814308, "event": "console.request", "id_hash": "h_42bc68d50c57", "status": "200"}
[WebServer] {"duration_ms": 73.88620799974888, "event": "console.request", "id_hash": "h_e1a57148f86e", "status": "200"}
[WebServer] {"duration_ms": 75.75566599916783, "event": "console.request", "id_hash": "h_7986ad0fa763", "status": "200"}
[WebServer] {"duration_ms": 76.86654099961743, "event": "console.request", "id_hash": "h_54fd1a0e1199", "status": "200"}
[WebServer] {"duration_ms": 76.75000000017462, "event": "console.request", "id_hash": "h_6372d43592bd", "status": "200"}
[WebServer] {"duration_ms": 10.61304100221605, "event": "console.request", "id_hash": "h_67488dffec4f", "status": "200"}
[WebServer] {"duration_ms": 5.606292001175461, "event": "console.request", "id_hash": "h_7c920c131c64", "status": "200"}
[WebServer] {"duration_ms": 54.854124999110354, "event": "console.request", "id_hash": "h_cfcca653284f", "status": "200"}
[WebServer] {"duration_ms": 55.03595799746108, "event": "console.request", "id_hash": "h_7e97fe5118af", "status": "200"}
[WebServer] {"duration_ms": 56.90720799975679, "event": "console.request", "id_hash": "h_7aa92ff618e5", "status": "200"}
[WebServer] {"duration_ms": 57.714250000572065, "event": "console.request", "id_hash": "h_da1ad0f3c582", "status": "200"}
[WebServer] {"duration_ms": 60.20741600150359, "event": "console.request", "id_hash": "h_f98ee15a8b3d", "status": "200"}
[WebServer] {"duration_ms": 60.368417001882335, "event": "console.request", "id_hash": "h_0bbad608f7f0", "status": "200"}
[WebServer] {"duration_ms": 11.06166700265021, "event": "console.request", "id_hash": "h_209cce0300d3", "status": "200"}
[WebServer] {"duration_ms": 6.868542001029709, "event": "console.request", "id_hash": "h_0c7fd96389ca", "status": "200"}
[WebServer] {"duration_ms": 7.042124998406507, "event": "console.request", "id_hash": "h_2de9124fb91c", "status": "200"}
[WebServer] {"duration_ms": 12.621791000128724, "event": "console.request", "id_hash": "h_a7899403999b", "status": "403"}
[WebServer] {"duration_ms": 12.640791999729117, "event": "console.request", "id_hash": "h_18c765cd7d37", "status": "200"}
[WebServer] {"duration_ms": 22.089082998718368, "event": "console.request", "id_hash": "h_504755941ca5", "status": "200"}
[WebServer] {"duration_ms": 53.882832999079255, "event": "console.request", "id_hash": "h_cc61213c12ba", "status": "200"}
[WebServer] {"duration_ms": 56.39908399825799, "event": "console.request", "id_hash": "h_1f43014aa15b", "status": "200"}
[WebServer] {"duration_ms": 55.79516599755152, "event": "console.request", "id_hash": "h_5ba960441d47", "status": "200"}
[WebServer] {"duration_ms": 58.57008299790323, "event": "console.request", "id_hash": "h_eab25f8e0612", "status": "200"}
[WebServer] {"duration_ms": 59.32604199915659, "event": "console.request", "id_hash": "h_d440c5408c6c", "status": "200"}
[WebServer] {"duration_ms": 60.02112500209478, "event": "console.request", "id_hash": "h_aaf8fcfafb48", "status": "200"}
[WebServer] {"duration_ms": 30.68866700050421, "event": "console.request", "id_hash": "h_45053f78ac8e", "status": "409"}
[WebServer] {"duration_ms": 6.007250001857756, "event": "console.request", "id_hash": "h_8031325a847e", "status": "200"}
[WebServer] {"duration_ms": 19.832917001622263, "event": "console.request", "id_hash": "h_eb994bceff8d", "status": "409"}
[WebServer] {"duration_ms": 5.290583001624327, "event": "console.request", "id_hash": "h_6634d771df9c", "status": "200"}
[WebServer] {"duration_ms": 63.40020900097443, "event": "console.request", "id_hash": "h_6a5c63d0d0b2", "status": "200"}
[WebServer] {"duration_ms": 71.32499999715947, "event": "console.request", "id_hash": "h_a94fd7c05a5a", "status": "200"}
[WebServer] {"duration_ms": 69.5055419964774, "event": "console.request", "id_hash": "h_5bdddcf66b62", "status": "200"}
[WebServer] {"duration_ms": 71.83324999641627, "event": "console.request", "id_hash": "h_1e22ef4a0982", "status": "200"}
[WebServer] {"duration_ms": 72.63529100237065, "event": "console.request", "id_hash": "h_b3f711bc48b1", "status": "200"}
[WebServer] {"duration_ms": 73.16616699972656, "event": "console.request", "id_hash": "h_82a2fcd2bbfb", "status": "200"}
[WebServer] {"duration_ms": 0.8542909999960102, "event": "console.request", "id_hash": "h_c48f8836b374", "status": "200"}
[WebServer] {"duration_ms": 1.6206659965973813, "event": "console.request", "id_hash": "h_2a3d784fefb7", "status": "200"}
[WebServer] {"duration_ms": 2.047083999059396, "event": "console.request", "id_hash": "h_61f0c0495b2d", "status": "200"}
[WebServer] {"duration_ms": 2.973291997477645, "event": "console.request", "id_hash": "h_28fa6d015e02", "status": "200"}
[WebServer] {"duration_ms": 5.388999998103827, "event": "console.request", "id_hash": "h_d841598b9fdc", "status": "200"}
[WebServer] {"duration_ms": 51.703458000702085, "event": "console.request", "id_hash": "h_afa555ec9dd8", "status": "200"}
[WebServer] {"duration_ms": 52.46854199867812, "event": "console.request", "id_hash": "h_dc6d8a3a312e", "status": "200"}
[WebServer] {"duration_ms": 56.20804100180976, "event": "console.request", "id_hash": "h_e737bdb64d87", "status": "200"}
[WebServer] {"duration_ms": 58.81308300013188, "event": "console.request", "id_hash": "h_7258692b7661", "status": "200"}
[WebServer] {"duration_ms": 59.07491700054379, "event": "console.request", "id_hash": "h_ed7eced51c2a", "status": "200"}
[WebServer] {"duration_ms": 59.404166000604164, "event": "console.request", "id_hash": "h_692a4af0a938", "status": "200"}
[WebServer] {"duration_ms": 12.138624999352032, "event": "console.request", "id_hash": "h_6aca55a68869", "status": "200"}
[WebServer] {"duration_ms": 5.150500001036562, "event": "console.request", "id_hash": "h_258cb194242b", "status": "200"}
[WebServer] {"duration_ms": 22.68708399788011, "event": "console.request", "id_hash": "h_0e6f2df5aa26", "status": "200"}
[WebServer] {"duration_ms": 51.48037500111968, "event": "console.request", "id_hash": "h_fbb90df9b964", "status": "200"}
[WebServer] {"duration_ms": 54.454458000691375, "event": "console.request", "id_hash": "h_2854f6e91068", "status": "200"}
[WebServer] {"duration_ms": 59.70533399886335, "event": "console.request", "id_hash": "h_e6b6ca57f758", "status": "200"}
[WebServer] {"duration_ms": 60.0120839990268, "event": "console.request", "id_hash": "h_7593eb862340", "status": "200"}
[WebServer] {"duration_ms": 61.22999999934109, "event": "console.request", "id_hash": "h_0dcd21b789d5", "status": "200"}
[WebServer] {"duration_ms": 59.51075000120909, "event": "console.request", "id_hash": "h_d402b6828709", "status": "200"}
[WebServer] {"duration_ms": 0.9182909998344257, "event": "console.request", "id_hash": "h_c066d0abf28a", "status": "200"}
[WebServer] {"duration_ms": 1.9053750002058223, "event": "console.request", "id_hash": "h_5d511b783de6", "status": "200"}
[WebServer] {"duration_ms": 1.4279579991125502, "event": "console.request", "id_hash": "h_d4cb4d7df9dc", "status": "200"}
[WebServer] {"duration_ms": 5.944167001871392, "event": "console.request", "id_hash": "h_28356f87cfcf", "status": "200"}
[WebServer] {"duration_ms": 12.026458000036655, "event": "console.request", "id_hash": "h_407fa032d317", "status": "200"}
[WebServer] {"duration_ms": 20.408707998285536, "event": "console.request", "id_hash": "h_9e91447fa956", "status": "200"}
[WebServer] {"duration_ms": 20.55850000033388, "event": "console.request", "id_hash": "h_a4c175075b51", "status": "200"}
  ✓  18 tests/browser/persona-proposals.spec.ts:3:1 › real proposal writer cannot auto-publish; reviewer reauth publishes and rejects stale proposal (3.3s)
[WebServer] {"duration_ms": 65.30825000299956, "event": "console.request", "id_hash": "h_cb285fd72ae1", "status": "200"}
[WebServer] {"duration_ms": 65.82662499931757, "event": "console.request", "id_hash": "h_fb4513eba3ca", "status": "200"}
[WebServer] {"duration_ms": 68.25516699973377, "event": "console.request", "id_hash": "h_54eaff80407d", "status": "200"}
[WebServer] {"duration_ms": 67.61179100067238, "event": "console.request", "id_hash": "h_ec645f5538cb", "status": "200"}
[WebServer] {"duration_ms": 67.77045799753978, "event": "console.request", "id_hash": "h_36a1b1faab8a", "status": "200"}
[WebServer] {"duration_ms": 68.44929100043373, "event": "console.request", "id_hash": "h_b80a5d3ef9f5", "status": "200"}
[WebServer] {"duration_ms": 0.817083000583807, "event": "console.request", "id_hash": "h_ee3039980707", "status": "200"}
[WebServer] {"duration_ms": 0.7100419970811345, "event": "console.request", "id_hash": "h_80aabb42fa49", "status": "200"}
[WebServer] {"duration_ms": 1.8127500006812625, "event": "console.request", "id_hash": "h_64c9285735bf", "status": "200"}
[WebServer] {"duration_ms": 2.8599159995792434, "event": "console.request", "id_hash": "h_c3ed4589b66b", "status": "401"}
[WebServer] {"duration_ms": 101.90391699870816, "event": "console.request", "id_hash": "h_d27c1afb8e65", "status": "200"}
[WebServer] {"duration_ms": 6.527207999170059, "event": "console.request", "id_hash": "h_d25e28d9c2a4", "status": "200"}
[WebServer] {"duration_ms": 6.911208001838531, "event": "console.request", "id_hash": "h_6888262cd146", "status": "200"}
[WebServer] {"duration_ms": 48.73425000187126, "event": "console.request", "id_hash": "h_60633cbe1398", "status": "200"}
[WebServer] {"duration_ms": 51.74187499869731, "event": "console.request", "id_hash": "h_858f0c660bd0", "status": "200"}
[WebServer] {"duration_ms": 52.79412500021863, "event": "console.request", "id_hash": "h_0d9318bf45f9", "status": "200"}
[WebServer] {"duration_ms": 54.87066600107937, "event": "console.request", "id_hash": "h_6ea8df40c276", "status": "200"}
[WebServer] {"duration_ms": 58.180915999400895, "event": "console.request", "id_hash": "h_19895779645a", "status": "200"}
[WebServer] {"duration_ms": 57.108624998363666, "event": "console.request", "id_hash": "h_eeabde3517cb", "status": "200"}
[WebServer] {"duration_ms": 4.920667000988033, "event": "console.request", "id_hash": "h_d1a47f83463c", "status": "200"}
[WebServer] {"duration_ms": 0.8931670017773286, "event": "console.request", "id_hash": "h_78aca6243b64", "status": "200"}
[WebServer] {"duration_ms": 1.4830410000286065, "event": "console.request", "id_hash": "h_d89330bea2b6", "status": "200"}
[WebServer] {"duration_ms": 1.821958001528401, "event": "console.request", "id_hash": "h_2b44ad8fff02", "status": "200"}
[WebServer] {"duration_ms": 3.135292001388734, "event": "console.request", "id_hash": "h_b27549c30826", "status": "200"}
[WebServer] {"duration_ms": 5.097875000501517, "event": "console.request", "id_hash": "h_69512db2f924", "status": "200"}
[WebServer] {"duration_ms": 50.84366699884413, "event": "console.request", "id_hash": "h_3b91b0bc9a4f", "status": "200"}
[WebServer] {"duration_ms": 52.780292000534246, "event": "console.request", "id_hash": "h_8acbbb184384", "status": "200"}
[WebServer] {"duration_ms": 55.8847499996773, "event": "console.request", "id_hash": "h_ad7e16340e74", "status": "200"}
[WebServer] {"duration_ms": 57.560999997804174, "event": "console.request", "id_hash": "h_92c6e8032bc2", "status": "200"}
[WebServer] {"duration_ms": 57.49195800308371, "event": "console.request", "id_hash": "h_5bc38aee3f70", "status": "200"}
[WebServer] {"duration_ms": 57.95216700062156, "event": "console.request", "id_hash": "h_42f7cbd9ab95", "status": "200"}
[WebServer] {"duration_ms": 13.258458999189315, "event": "console.request", "id_hash": "h_f9b3a477fb01", "status": "200"}
[WebServer] {"duration_ms": 17.89887499762699, "event": "console.request", "id_hash": "h_9f144bd519bf", "status": "200"}
[WebServer] {"duration_ms": 4.821374997845851, "event": "console.request", "id_hash": "h_e7101636b86f", "status": "200"}
[WebServer] {"duration_ms": 20.21666599830496, "event": "console.request", "id_hash": "h_753bc5b8efc2", "status": "409"}
[WebServer] {"duration_ms": 5.06291700003203, "event": "console.request", "id_hash": "h_bb1b5f712d1b", "status": "200"}
[WebServer] {"duration_ms": 6.956790999538498, "event": "console.request", "id_hash": "h_894b819e6ffd", "status": "200"}
[WebServer] {"duration_ms": 1.1206249982933514, "event": "console.request", "id_hash": "h_f76b47e0cf90", "status": "200"}
[WebServer] {"duration_ms": 1.317082998866681, "event": "console.request", "id_hash": "h_0a83490bd57d", "status": "200"}
[WebServer] {"duration_ms": 2.6770840013341513, "event": "console.request", "id_hash": "h_b08bf222cc0a", "status": "200"}
[WebServer] {"duration_ms": 3.49212499713758, "event": "console.request", "id_hash": "h_9899b3a55f79", "status": "200"}
[WebServer] {"duration_ms": 5.950416001724079, "event": "console.request", "id_hash": "h_7fdc202fc528", "status": "200"}
[WebServer] {"duration_ms": 51.40670799664804, "event": "console.request", "id_hash": "h_60b671eac17d", "status": "200"}
[WebServer] {"duration_ms": 56.62879200099269, "event": "console.request", "id_hash": "h_3e158eb078ec", "status": "200"}
[WebServer] {"duration_ms": 58.70466699707322, "event": "console.request", "id_hash": "h_f3c544a523d6", "status": "200"}
[WebServer] {"duration_ms": 59.133209000719944, "event": "console.request", "id_hash": "h_c3179150ad1c", "status": "200"}
[WebServer] {"duration_ms": 59.15387500135694, "event": "console.request", "id_hash": "h_9ae8cc482b09", "status": "200"}
[WebServer] {"duration_ms": 60.58737499915878, "event": "console.request", "id_hash": "h_c2d9bac8927f", "status": "200"}
[WebServer] {"duration_ms": 12.996458000998246, "event": "console.request", "id_hash": "h_29474e0da8fe", "status": "200"}
[WebServer] {"duration_ms": 4.654832999221981, "event": "console.request", "id_hash": "h_389f0a7d2ab3", "status": "200"}
[WebServer] {"duration_ms": 7.147791999159381, "event": "console.request", "id_hash": "h_b900c545967b", "status": "200"}
[WebServer] {"duration_ms": 14.315707998321159, "event": "console.request", "id_hash": "h_b5fb607527c0", "status": "200"}
[WebServer] {"duration_ms": 14.548708000802435, "event": "console.request", "id_hash": "h_b372b4899643", "status": "200"}
[WebServer] {"duration_ms": 9.723666997160763, "event": "console.request", "id_hash": "h_ad2e44fb82d6", "status": "200"}
[WebServer] {"duration_ms": 24.396000000706408, "event": "console.request", "id_hash": "h_3a361b9cb3be", "status": "200"}
[WebServer] {"duration_ms": 5.525625001610024, "event": "console.request", "id_hash": "h_10947a580d09", "status": "200"}
[WebServer] {"duration_ms": 1.3477499996952247, "event": "console.request", "id_hash": "h_30855809eb55", "status": "200"}
[WebServer] {"duration_ms": 2.4484159985149745, "event": "console.request", "id_hash": "h_80bf522e37fc", "status": "200"}
[WebServer] {"duration_ms": 2.5589169999875594, "event": "console.request", "id_hash": "h_c7a703ecef33", "status": "200"}
[WebServer] {"duration_ms": 6.109166999522131, "event": "console.request", "id_hash": "h_cfcc38fd44b5", "status": "200"}
[WebServer] {"duration_ms": 9.939415998815093, "event": "console.request", "id_hash": "h_778a94f82f73", "status": "200"}
[WebServer] {"duration_ms": 7.015166000201134, "event": "console.request", "id_hash": "h_1ac97f41c87e", "status": "200"}
[WebServer] {"duration_ms": 6.533542000397574, "event": "console.request", "id_hash": "h_87199ac58544", "status": "200"}
  ✓  19 tests/browser/persona-state.spec.ts:3:1 › real State writer updates and clears expired State without changing Persona Core (2.6s)
[WebServer] {"duration_ms": 78.28533399879234, "event": "console.request", "id_hash": "h_ae31e0a31f55", "status": "200"}
[WebServer] {"duration_ms": 79.75045800048974, "event": "console.request", "id_hash": "h_0ce2316d74d6", "status": "200"}
[WebServer] {"duration_ms": 77.88125000297441, "event": "console.request", "id_hash": "h_8d536abe1893", "status": "200"}
[WebServer] {"duration_ms": 78.23541600009776, "event": "console.request", "id_hash": "h_2be12b94aca9", "status": "200"}
[WebServer] {"duration_ms": 79.13587499933783, "event": "console.request", "id_hash": "h_62d8b9030756", "status": "200"}
[WebServer] {"duration_ms": 80.28641700002481, "event": "console.request", "id_hash": "h_935eb4376d32", "status": "200"}
[WebServer] {"duration_ms": 1.781083999958355, "event": "console.request", "id_hash": "h_af3db3d1110e", "status": "200"}
[WebServer] {"duration_ms": 2.261666999402223, "event": "console.request", "id_hash": "h_a0251430517b", "status": "200"}
[WebServer] {"duration_ms": 1.3942080004198942, "event": "console.request", "id_hash": "h_b71895a46bef", "status": "200"}
[WebServer] {"duration_ms": 4.387834000226576, "event": "console.request", "id_hash": "h_2c25ce5a2220", "status": "401"}
[WebServer] {"duration_ms": 100.94237500015879, "event": "console.request", "id_hash": "h_cd57b7855cf0", "status": "200"}
[WebServer] {"duration_ms": 6.796417001169175, "event": "console.request", "id_hash": "h_305d2ee615bf", "status": "200"}
[WebServer] {"duration_ms": 6.902791999891633, "event": "console.request", "id_hash": "h_16f54c6b5eb2", "status": "200"}
[WebServer] {"duration_ms": 50.383041001623496, "event": "console.request", "id_hash": "h_e75ec410cd69", "status": "200"}
[WebServer] {"duration_ms": 60.25337499886518, "event": "console.request", "id_hash": "h_a803e2e33109", "status": "200"}
[WebServer] {"duration_ms": 62.329042000783375, "event": "console.request", "id_hash": "h_d50723ebc321", "status": "200"}
[WebServer] {"duration_ms": 60.915875001228414, "event": "console.request", "id_hash": "h_69008de3dd49", "status": "200"}
[WebServer] {"duration_ms": 60.89508299919544, "event": "console.request", "id_hash": "h_da105f34d4ca", "status": "200"}
[WebServer] {"duration_ms": 61.36191599944141, "event": "console.request", "id_hash": "h_65858ec6715a", "status": "200"}
[WebServer] {"duration_ms": 7.057082999381237, "event": "console.request", "id_hash": "h_277cc09f197c", "status": "200"}
[WebServer] {"duration_ms": 5.790916999103501, "event": "console.request", "id_hash": "h_710491094b5c", "status": "200"}
  ✓  20 tests/browser/persona.spec.ts:3:1 › real Persona reader has current and history without publication controls (613ms)
[WebServer] {"duration_ms": 0.9204999987559859, "event": "console.request", "id_hash": "h_a4e402a543bc", "status": "200"}
[WebServer] {"duration_ms": 2.4622919991088565, "event": "console.request", "id_hash": "h_97f9f0574617", "status": "200"}
[WebServer] {"duration_ms": 1.9775000000663567, "event": "console.request", "id_hash": "h_5b7d59f4f05b", "status": "200"}
[WebServer] {"duration_ms": 4.358209000201896, "event": "console.request", "id_hash": "h_2b19ba2c9130", "status": "401"}
[WebServer] {"duration_ms": 101.30874999958905, "event": "console.request", "id_hash": "h_8bb908e837de", "status": "200"}
[WebServer] {"duration_ms": 6.871749999845633, "event": "console.request", "id_hash": "h_0a8c1e3bbc3a", "status": "200"}
[WebServer] {"duration_ms": 6.995542000368005, "event": "console.request", "id_hash": "h_dbf29ea809e2", "status": "200"}
[WebServer] {"duration_ms": 58.88454199885018, "event": "console.request", "id_hash": "h_4a7026976528", "status": "200"}
[WebServer] {"duration_ms": 58.59687500196742, "event": "console.request", "id_hash": "h_71ca9e29d56d", "status": "200"}
[WebServer] {"duration_ms": 65.55462499818532, "event": "console.request", "id_hash": "h_b3487f1ddaaf", "status": "200"}
[WebServer] {"duration_ms": 66.06974999886006, "event": "console.request", "id_hash": "h_e1cafde3f75c", "status": "200"}
[WebServer] {"duration_ms": 66.49212499905843, "event": "console.request", "id_hash": "h_feef8762b44e", "status": "200"}
[WebServer] {"duration_ms": 69.69050000043353, "event": "console.request", "id_hash": "h_9496ecdbd242", "status": "200"}
[WebServer] {"duration_ms": 4.83137499759323, "event": "console.request", "id_hash": "h_2f1c97ec1a09", "status": "200"}
[WebServer] {"duration_ms": 0.9858339981292374, "event": "console.request", "id_hash": "h_889115ef7f8a", "status": "200"}
[WebServer] {"duration_ms": 1.0789169973577373, "event": "console.request", "id_hash": "h_71961b0ae184", "status": "200"}
[WebServer] {"duration_ms": 2.4069589999271557, "event": "console.request", "id_hash": "h_490b40f70733", "status": "200"}
[WebServer] {"duration_ms": 2.798582998366328, "event": "console.request", "id_hash": "h_24347c486926", "status": "200"}
[WebServer] {"duration_ms": 5.2621659997384995, "event": "console.request", "id_hash": "h_6bc9ea809670", "status": "200"}
[WebServer] {"duration_ms": 56.409583001368446, "event": "console.request", "id_hash": "h_c85f6ac5a36a", "status": "200"}
[WebServer] {"duration_ms": 57.77716700322344, "event": "console.request", "id_hash": "h_cb88b8c3f172", "status": "200"}
[WebServer] {"duration_ms": 60.00220799978706, "event": "console.request", "id_hash": "h_9a3fcd0747bc", "status": "200"}
[WebServer] {"duration_ms": 59.84920799892279, "event": "console.request", "id_hash": "h_529c936f3a15", "status": "200"}
[WebServer] {"duration_ms": 59.82850000145845, "event": "console.request", "id_hash": "h_d4e43231ad56", "status": "200"}
[WebServer] {"duration_ms": 60.283541002718266, "event": "console.request", "id_hash": "h_b4c9328ee54e", "status": "200"}
[WebServer] {"duration_ms": 9.437625001737615, "event": "console.request", "id_hash": "h_bdba550524cf", "status": "200"}
[WebServer] {"duration_ms": 8.314541999425273, "event": "console.request", "id_hash": "h_395ae691be24", "status": "403"}
[WebServer] {"duration_ms": 9.451249999983702, "event": "console.request", "id_hash": "h_3c317816091c", "status": "200"}
[WebServer] {"duration_ms": 19.45312500174623, "event": "console.request", "id_hash": "h_42a22860cfb1", "status": "201"}
[WebServer] {"duration_ms": 54.786124997917796, "event": "console.request", "id_hash": "h_4d04083ef629", "status": "200"}
[WebServer] {"duration_ms": 54.90716600252199, "event": "console.request", "id_hash": "h_ae4b5b65fd01", "status": "200"}
[WebServer] {"duration_ms": 55.762833002518164, "event": "console.request", "id_hash": "h_1df6e563f38d", "status": "200"}
[WebServer] {"duration_ms": 55.9041669985163, "event": "console.request", "id_hash": "h_1976695d6557", "status": "200"}
[WebServer] {"duration_ms": 58.782957999937935, "event": "console.request", "id_hash": "h_49c85f250708", "status": "200"}
[WebServer] {"duration_ms": 58.44920800154796, "event": "console.request", "id_hash": "h_80de9f58c530", "status": "200"}
[WebServer] {"duration_ms": 16.612875002465444, "event": "console.request", "id_hash": "h_1a2d5d9cb7f8", "status": "409"}
[WebServer] {"duration_ms": 4.605292000633199, "event": "console.request", "id_hash": "h_5d87658a1f79", "status": "200"}
[WebServer] {"duration_ms": 54.39958399801981, "event": "console.request", "id_hash": "h_41dc40d35188", "status": "200"}
[WebServer] {"duration_ms": 57.363541000086116, "event": "console.request", "id_hash": "h_971e646caba6", "status": "200"}
[WebServer] {"duration_ms": 56.98095800107694, "event": "console.request", "id_hash": "h_f7ccaf26c382", "status": "200"}
[WebServer] {"duration_ms": 58.142750000115484, "event": "console.request", "id_hash": "h_5544c62dd0e5", "status": "200"}
[WebServer] {"duration_ms": 61.67920799998683, "event": "console.request", "id_hash": "h_3eff6aec8545", "status": "200"}
[WebServer] {"duration_ms": 61.116540997318225, "event": "console.request", "id_hash": "h_43c801f86862", "status": "200"}
[WebServer] {"duration_ms": 0.8851669990690425, "event": "console.request", "id_hash": "h_52a32d35bed2", "status": "200"}
[WebServer] {"duration_ms": 1.8474999997124542, "event": "console.request", "id_hash": "h_61e2fb316816", "status": "200"}
[WebServer] {"duration_ms": 1.4591250001103617, "event": "console.request", "id_hash": "h_9b180f01a8fd", "status": "200"}
[WebServer] {"duration_ms": 2.8202499997860286, "event": "console.request", "id_hash": "h_2a3672be76de", "status": "200"}
[WebServer] {"duration_ms": 4.877957999269711, "event": "console.request", "id_hash": "h_5b0113c75193", "status": "200"}
[WebServer] {"duration_ms": 56.32800000239513, "event": "console.request", "id_hash": "h_174622f12a5a", "status": "200"}
[WebServer] {"duration_ms": 55.82862499795738, "event": "console.request", "id_hash": "h_652d21f3d9de", "status": "200"}
[WebServer] {"duration_ms": 57.094290998065844, "event": "console.request", "id_hash": "h_3962d9c6878c", "status": "200"}
[WebServer] {"duration_ms": 58.64991699854727, "event": "console.request", "id_hash": "h_1187e379de14", "status": "200"}
[WebServer] {"duration_ms": 58.07833399740048, "event": "console.request", "id_hash": "h_2ba6afd2b2b0", "status": "200"}
[WebServer] {"duration_ms": 59.101083999848925, "event": "console.request", "id_hash": "h_fb4a2430191b", "status": "200"}
[WebServer] {"duration_ms": 8.997958000691142, "event": "console.request", "id_hash": "h_2f0e1ea18b1e", "status": "200"}
[WebServer] {"duration_ms": 18.0599590021302, "event": "console.request", "id_hash": "h_901bb1d95fd4", "status": "201"}
[WebServer] {"duration_ms": 51.42599999817321, "event": "console.request", "id_hash": "h_528435dc51ca", "status": "200"}
[WebServer] {"duration_ms": 58.893207999062724, "event": "console.request", "id_hash": "h_e1e11b1fd7ea", "status": "200"}
[WebServer] {"duration_ms": 59.14404099894455, "event": "console.request", "id_hash": "h_54d181a7583e", "status": "200"}
[WebServer] {"duration_ms": 59.596125000098255, "event": "console.request", "id_hash": "h_f981e7a1ecad", "status": "200"}
[WebServer] {"duration_ms": 58.97908399856533, "event": "console.request", "id_hash": "h_8ddbac6ac865", "status": "200"}
[WebServer] {"duration_ms": 59.95683299988741, "event": "console.request", "id_hash": "h_246947e411f5", "status": "200"}
[WebServer] {"duration_ms": 1.0593750012048986, "event": "console.request", "id_hash": "h_af97cf4e01cb", "status": "200"}
[WebServer] {"duration_ms": 1.7643339997448493, "event": "console.request", "id_hash": "h_596ca8e19b16", "status": "200"}
[WebServer] {"duration_ms": 1.5177909990597982, "event": "console.request", "id_hash": "h_ace64231aff2", "status": "200"}
[WebServer] {"duration_ms": 2.8507090028142557, "event": "console.request", "id_hash": "h_27f6fb325f88", "status": "200"}
[WebServer] {"duration_ms": 4.707167001470225, "event": "console.request", "id_hash": "h_fe52c4213ed8", "status": "200"}
[WebServer] {"duration_ms": 53.01070799760055, "event": "console.request", "id_hash": "h_1e5d75bb5f27", "status": "200"}
[WebServer] {"duration_ms": 54.491250000864966, "event": "console.request", "id_hash": "h_ab641f8eef60", "status": "200"}
[WebServer] {"duration_ms": 55.270291999477195, "event": "console.request", "id_hash": "h_89c1ef29575d", "status": "200"}
[WebServer] {"duration_ms": 54.657792003126815, "event": "console.request", "id_hash": "h_720b82beb4e5", "status": "200"}
[WebServer] {"duration_ms": 55.140542001026915, "event": "console.request", "id_hash": "h_cce3e2eddbdf", "status": "200"}
[WebServer] {"duration_ms": 55.62137499873643, "event": "console.request", "id_hash": "h_ce2309a0f40b", "status": "200"}
[WebServer] {"duration_ms": 8.302750000439119, "event": "console.request", "id_hash": "h_b118187d80b5", "status": "200"}
[WebServer] {"duration_ms": 4.660916998545872, "event": "console.request", "id_hash": "h_87f92c26b22a", "status": "200"}
  ✓  21 tests/browser/persona.spec.ts:67:1 › real Persona publish, reauth, refresh and rollback preserve immutable history in Required mode (1.9s)


  1) tests/browser/console.spec.ts:1925:1 › real trigger lifecycle and Task forget preserve revisions and delete the plan 

    [31mTest timeout of 30000ms exceeded.[39m

    Error: locator.click: Test timeout of 30000ms exceeded.
    Call log:
    [2m  - waiting for getByRole('link', { name: '记忆管理', exact: true })[22m


      930 |   await page.getByLabel("运营密钥", { exact: true }).fill(readFileSync("/tmp/imc-console-test-state-credential", "utf8"));
      931 |   await page.getByRole("button", { name: "登录控制台" }).click();
    > 932 |   await page.getByRole("link", { name: "记忆管理", exact: true }).click();
          |                                                               ^
      933 |   await page.getByRole("link", { name: "任务", exact: true }).click();
      934 |   await page.getByRole("button", { name: "新增任务", exact: true }).click();
      935 |   const dialog = page.getByRole("dialog");
        at /Users/cassia/Local/Code/iris_memory_core/web/console/tests/browser/console.spec.ts:932:63

    Error Context: test-results/console-real-trigger-lifec-e6ac2-visions-and-delete-the-plan/error-context.md

  1 failed
    tests/browser/console.spec.ts:1925:1 › real trigger lifecycle and Task forget preserve revisions and delete the plan 
  20 passed (1.3m)
make: *** [console-browser] Error 1
