npm run check --prefix web/console

> @iris-memory/console@0.1.0 check
> npm run types:check && npm run lint && npm run typecheck && npm test && npm run build


> @iris-memory/console@0.1.0 types:check
> node scripts/check-types.mjs && node scripts/generate-protocol.mjs --check

Published Console type generation is deterministic.

> @iris-memory/console@0.1.0 lint
> eslint . --max-warnings 0


> @iris-memory/console@0.1.0 typecheck
> tsc --noEmit


> @iris-memory/console@0.1.0 test
> vitest run


 RUN  v3.2.4 /Users/cassia/Local/Code/iris_memory_core/web/console

 ✓ tests/client.test.ts (16 tests) 13ms
 ✓ tests/workflows.test.tsx (13 tests) 202ms

 Test Files  2 passed (2)
      Tests  29 passed (29)
   Start at  03:22:30
   Duration  768ms (transform 111ms, setup 0ms, collect 234ms, tests 215ms, environment 452ms, prepare 77ms)


> @iris-memory/console@0.1.0 build
> tsc --noEmit && vite build && node scripts/check-build.mjs

vite v7.1.4 building for production...
transforming...
node_modules/react-router/dist/development/index.mjs (11:0): Module level directives cause errors when bundled, "use client" in "node_modules/react-router/dist/development/index.mjs" was ignored.
node_modules/react-router/dist/development/dom-export.mjs (1:0): Module level directives cause errors when bundled, "use client" in "node_modules/react-router/dist/development/dom-export.mjs" was ignored.
✓ 56 modules transformed.
rendering chunks...
computing gzip size...
dist/index.html                   0.44 kB │ gzip:  0.32 kB
dist/assets/index-DsQ9LCF9.css    6.82 kB │ gzip:  2.27 kB
dist/assets/index-seQyvNg8.js   309.72 kB │ gzip: 97.74 kB
✓ built in 420ms
Production assets: same-origin, no mock, no inline entry, no eval, allowed suffixes.
npm run test:browser --prefix web/console

> @iris-memory/console@0.1.0 test:browser
> playwright test

(node:55383) [DEP0205] DeprecationWarning: `module.register()` is deprecated. Use `module.registerHooks()` instead.
(Use `node --trace-deprecation ...` to show where the warning was created)
[WebServer] INFO:     Started server process [55387]
[WebServer] INFO:     Waiting for application startup.
[WebServer] INFO:     Application startup complete.
[WebServer] INFO:     Uvicorn running on http://127.0.0.1:8766 (Press CTRL+C to quit)
[WebServer] {"duration_ms": 50.75087499790243, "event": "console.request", "id_hash": "h_e4f09a91c45a", "status": "200"}

Running 21 tests using 1 worker

(node:55404) Warning: The 'NO_COLOR' env is ignored due to the 'FORCE_COLOR' env being set.
(Use `node --trace-warnings ...` to show where the warning was created)
(node:55404) [DEP0205] DeprecationWarning: `module.register()` is deprecated. Use `module.registerHooks()` instead.
(node:55404) Warning: The 'NO_COLOR' env is ignored due to the 'FORCE_COLOR' env being set.
(Use `node --trace-warnings ...` to show where the warning was created)
[WebServer] {"duration_ms": 1.1404159995436203, "event": "console.request", "id_hash": "h_fd1511e56e1b", "status": "200"}
[WebServer] {"duration_ms": 2.802541999699315, "event": "console.request", "id_hash": "h_fa65e952aa96", "status": "200"}
[WebServer] {"duration_ms": 2.3450000007869676, "event": "console.request", "id_hash": "h_cee1207c5351", "status": "200"}
[WebServer] {"duration_ms": 5.559875000471948, "event": "console.request", "id_hash": "h_f8a518c9bb63", "status": "401"}
[WebServer] {"duration_ms": 101.63962499791523, "event": "console.request", "id_hash": "h_ee9b137b88d4", "status": "200"}
[WebServer] {"duration_ms": 7.740916000329889, "event": "console.request", "id_hash": "h_ec9e840b2d5f", "status": "200"}
[WebServer] {"duration_ms": 6.546666998474393, "event": "console.request", "id_hash": "h_3f11f413d9ad", "status": "200"}
[WebServer] {"duration_ms": 9.433291997993365, "event": "console.request", "id_hash": "h_46898575ed6c", "status": "403"}
[WebServer] {"duration_ms": 8.158832999470178, "event": "console.request", "id_hash": "h_c38a3c8ae73c", "status": "200"}
[WebServer] {"duration_ms": 15.911833001155173, "event": "console.request", "id_hash": "h_01384c595a56", "status": "202"}
[WebServer] {"duration_ms": 5.5537500011269, "event": "console.request", "id_hash": "h_f11d3cf2b7f2", "status": "200"}
[WebServer] {"duration_ms": 12.692750002315734, "event": "console.request", "id_hash": "h_0f9eeb5a642b", "status": "200"}
[WebServer] {"duration_ms": 1.9175409979652613, "event": "console.request", "id_hash": "h_ea4d61813fcc", "status": "200"}
[WebServer] {"duration_ms": 1.517415999842342, "event": "console.request", "id_hash": "h_4fb8e914b908", "status": "200"}
[WebServer] {"duration_ms": 3.5534580019884743, "event": "console.request", "id_hash": "h_b302e8822ba0", "status": "200"}
[WebServer] {"duration_ms": 3.927750000002561, "event": "console.request", "id_hash": "h_718b8ffcaa2a", "status": "200"}
[WebServer] {"duration_ms": 6.701000002067303, "event": "console.request", "id_hash": "h_2767a438018f", "status": "200"}
[WebServer] {"duration_ms": 5.563499998970656, "event": "console.request", "id_hash": "h_78a17c14b8d2", "status": "200"}
  ✓   1 tests/browser/backup.spec.ts:6:1 › real backup acceptance, reauthentication and independent fenced worker (1.9s)
[WebServer] {"duration_ms": 1.016459002130432, "event": "console.request", "id_hash": "h_f3dc0dca5269", "status": "200"}
[WebServer] {"duration_ms": 2.043958000285784, "event": "console.request", "id_hash": "h_67ebc103f7d9", "status": "200"}
[WebServer] {"duration_ms": 1.3921669997216668, "event": "console.request", "id_hash": "h_4bfa9e6c84f0", "status": "200"}
[WebServer] {"duration_ms": 3.3155840028484818, "event": "console.request", "id_hash": "h_712623bf8d15", "status": "401"}
[WebServer] {"duration_ms": 102.41841699826182, "event": "console.request", "id_hash": "h_80bf41b18a35", "status": "200"}
[WebServer] {"duration_ms": 6.939540999155724, "event": "console.request", "id_hash": "h_42d83733b1be", "status": "200"}
[WebServer] {"duration_ms": 31.82833300161292, "event": "console.request", "id_hash": "h_5a3751aecd8e", "status": "200"}
[WebServer] {"duration_ms": 5.012417001125868, "event": "console.request", "id_hash": "h_fd8f90798a6e", "status": "200"}
[WebServer] {"duration_ms": 5.929500002821442, "event": "console.request", "id_hash": "h_04cc5095fdbf", "status": "200"}
[WebServer] {"duration_ms": 11.16520799769205, "event": "console.request", "id_hash": "h_52964bcde2e1", "status": "200"}
[WebServer] {"duration_ms": 1.9384580009500496, "event": "console.request", "id_hash": "h_f8acb694f9ca", "status": "200"}
[WebServer] {"duration_ms": 10.921375000179978, "event": "console.request", "id_hash": "h_15e1aba54260", "status": "200"}
[WebServer] {"duration_ms": 1.4609170029871166, "event": "console.request", "id_hash": "h_c39a57704fcc", "status": "200"}
[WebServer] {"duration_ms": 2.5920420011971146, "event": "console.request", "id_hash": "h_05b0e903e0a7", "status": "200"}
[WebServer] {"duration_ms": 3.7178329985181335, "event": "console.request", "id_hash": "h_5910c9fa5ea7", "status": "200"}
[WebServer] {"duration_ms": 5.662249997840263, "event": "console.request", "id_hash": "h_dbcddd35f10e", "status": "200"}
[WebServer] {"duration_ms": 49.90949999773875, "event": "console.request", "id_hash": "h_28cacf66e850", "status": "200"}
[WebServer] {"duration_ms": 10.52045799951884, "event": "console.request", "id_hash": "h_0eb7d0858e24", "status": "200"}
[WebServer] {"duration_ms": 13.539291998313274, "event": "console.request", "id_hash": "h_c69ec7bed6c8", "status": "200"}
  ✓   2 tests/browser/console.spec.ts:7:1 › real memory registry, canonical list, detail and history (1.1s)
[WebServer] {"duration_ms": 1.0852499981410801, "event": "console.request", "id_hash": "h_10a1b54af964", "status": "200"}
[WebServer] {"duration_ms": 2.2484590008389205, "event": "console.request", "id_hash": "h_133dc4a452c7", "status": "200"}
[WebServer] {"duration_ms": 1.6505830026289914, "event": "console.request", "id_hash": "h_3894621ea6d0", "status": "200"}
[WebServer] {"duration_ms": 3.6377500000526197, "event": "console.request", "id_hash": "h_23b6273dd816", "status": "401"}
[WebServer] {"duration_ms": 101.17562500090571, "event": "console.request", "id_hash": "h_4b96af415189", "status": "200"}
[WebServer] {"duration_ms": 6.729249998898013, "event": "console.request", "id_hash": "h_80e258d623ce", "status": "200"}
[WebServer] {"duration_ms": 35.92008400300983, "event": "console.request", "id_hash": "h_6f455dfd2947", "status": "200"}
[WebServer] {"duration_ms": 5.9359999977459665, "event": "console.request", "id_hash": "h_d92e0f3436c9", "status": "200"}
[WebServer] {"duration_ms": 28.27070800049114, "event": "console.request", "id_hash": "h_05249760e01f", "status": "200"}
[WebServer] {"duration_ms": 30.919832999643404, "event": "console.request", "id_hash": "h_e56fb1d16374", "status": "200"}
[WebServer] {"duration_ms": 32.695208999939496, "event": "console.request", "id_hash": "h_63f89b0dcba9", "status": "200"}
[WebServer] {"duration_ms": 31.779458000528393, "event": "console.request", "id_hash": "h_eb0d2665ccf8", "status": "200"}
[WebServer] {"duration_ms": 25.95758399911574, "event": "console.request", "id_hash": "h_4aa9714e0ef9", "status": "201"}
[WebServer] {"duration_ms": 6.305250000878004, "event": "console.request", "id_hash": "h_49113cf8ed50", "status": "200"}
[WebServer] {"duration_ms": 9.152041999186622, "event": "console.request", "id_hash": "h_f4a78868df48", "status": "200"}
[WebServer] {"duration_ms": 1.3904170009482186, "event": "console.request", "id_hash": "h_04a18272d931", "status": "200"}
[WebServer] {"duration_ms": 2.191291998315137, "event": "console.request", "id_hash": "h_92414512c534", "status": "200"}
[WebServer] {"duration_ms": 1.6868749989953358, "event": "console.request", "id_hash": "h_0dd9551269e8", "status": "200"}
[WebServer] {"duration_ms": 3.8670419999107253, "event": "console.request", "id_hash": "h_dd2ab499c290", "status": "200"}
[WebServer] {"duration_ms": 5.934000000706874, "event": "console.request", "id_hash": "h_64d5479585c3", "status": "200"}
[WebServer] {"duration_ms": 31.746124997880543, "event": "console.request", "id_hash": "h_8a63d9db85ab", "status": "200"}
[WebServer] {"duration_ms": 11.582875002204673, "event": "console.request", "id_hash": "h_41d11c243209", "status": "200"}
[WebServer] {"duration_ms": 13.843415999872377, "event": "console.request", "id_hash": "h_a9bc6e708f22", "status": "200"}
[WebServer] {"duration_ms": 21.735042002546834, "event": "console.request", "id_hash": "h_2c71c3f587b8", "status": "200"}
[WebServer] {"duration_ms": 13.123791999532841, "event": "console.request", "id_hash": "h_8dd73c57265c", "status": "200"}
[WebServer] {"duration_ms": 13.686875001440058, "event": "console.request", "id_hash": "h_8af410e71f09", "status": "200"}
[WebServer] {"duration_ms": 25.31033299965202, "event": "console.request", "id_hash": "h_61ca6b102ce6", "status": "200"}
[WebServer] {"duration_ms": 9.94649999847752, "event": "console.request", "id_hash": "h_e451dda58700", "status": "200"}
[WebServer] {"duration_ms": 14.196125001035398, "event": "console.request", "id_hash": "h_bb5714fcc1fc", "status": "200"}
[WebServer] {"duration_ms": 1.5939580007398035, "event": "console.request", "id_hash": "h_2eba024b0cc8", "status": "200"}
[WebServer] {"duration_ms": 1.965291998203611, "event": "console.request", "id_hash": "h_9c0aaf5fc8b7", "status": "200"}
[WebServer] {"duration_ms": 1.686374998826068, "event": "console.request", "id_hash": "h_ff96151d63d4", "status": "200"}
[WebServer] {"duration_ms": 3.4501660011301283, "event": "console.request", "id_hash": "h_39e7c7e73c83", "status": "200"}
[WebServer] {"duration_ms": 5.730500000936445, "event": "console.request", "id_hash": "h_f3451ba0503f", "status": "200"}
[WebServer] {"duration_ms": 30.644792001112364, "event": "console.request", "id_hash": "h_edbf5e43a813", "status": "200"}
[WebServer] {"duration_ms": 7.589666001877049, "event": "console.request", "id_hash": "h_b61423896a95", "status": "200"}
[WebServer] {"duration_ms": 12.222166002175072, "event": "console.request", "id_hash": "h_cb3d7c0efd17", "status": "200"}
[WebServer] {"duration_ms": 6.034665999322897, "event": "console.request", "id_hash": "h_ad3497b1da72", "status": "200"}
[WebServer] {"duration_ms": 30.247165999753634, "event": "console.request", "id_hash": "h_3c0ad022c0be", "status": "200"}
[WebServer] {"duration_ms": 31.299040998419514, "event": "console.request", "id_hash": "h_a54e7b46391c", "status": "200"}
[WebServer] {"duration_ms": 31.476625001232605, "event": "console.request", "id_hash": "h_554da668d4ec", "status": "200"}
[WebServer] {"duration_ms": 32.59441699992749, "event": "console.request", "id_hash": "h_8a54102e57e5", "status": "200"}
[WebServer] {"duration_ms": 25.176625000312924, "event": "console.request", "id_hash": "h_52669d3e6b88", "status": "201"}
[WebServer] {"duration_ms": 7.317083000089042, "event": "console.request", "id_hash": "h_58dce765feb1", "status": "200"}
[WebServer] {"duration_ms": 10.625042003084673, "event": "console.request", "id_hash": "h_5d7393a29c0c", "status": "200"}
[WebServer] {"duration_ms": 23.683458999585127, "event": "console.request", "id_hash": "h_6bcb3dc12a4f", "status": "200"}
[WebServer] {"duration_ms": 1.154041998233879, "event": "console.request", "id_hash": "h_4e6f261bdcab", "status": "200"}
[WebServer] {"duration_ms": 3.144333000818733, "event": "console.request", "id_hash": "h_c84b1a1cb43b", "status": "200"}
[WebServer] {"duration_ms": 2.9387909999059048, "event": "console.request", "id_hash": "h_f28b1f17af37", "status": "200"}
[WebServer] {"duration_ms": 15.673334000894101, "event": "console.request", "id_hash": "h_ab56bbd05bac", "status": "200"}
[WebServer] {"duration_ms": 18.608290996780852, "event": "console.request", "id_hash": "h_3b5f3eb23050", "status": "200"}
[WebServer] {"duration_ms": 4.061708001245279, "event": "console.request", "id_hash": "h_bbd99e29eb21", "status": "200"}
[WebServer] {"duration_ms": 4.847041000175523, "event": "console.request", "id_hash": "h_dcd7809187ff", "status": "200"}
[WebServer] {"duration_ms": 30.615334002504824, "event": "console.request", "id_hash": "h_3596013593ad", "status": "200"}
[WebServer] {"duration_ms": 12.02045800164342, "event": "console.request", "id_hash": "h_2a17482ca723", "status": "200"}
[WebServer] {"duration_ms": 13.843207998434082, "event": "console.request", "id_hash": "h_f71a3b8fa238", "status": "200"}
[WebServer] {"duration_ms": 0.8490410000376869, "event": "console.request", "id_hash": "h_043df39aab5d", "status": "200"}
[WebServer] {"duration_ms": 1.4161250001052395, "event": "console.request", "id_hash": "h_fc731b25deb1", "status": "200"}
[WebServer] {"duration_ms": 1.1142909970658366, "event": "console.request", "id_hash": "h_b37f4a2ab468", "status": "200"}
[WebServer] {"duration_ms": 3.1092089993762784, "event": "console.request", "id_hash": "h_14373f5c66f4", "status": "200"}
[WebServer] {"duration_ms": 5.131583002366824, "event": "console.request", "id_hash": "h_91cd7e4f3f19", "status": "200"}
[WebServer] {"duration_ms": 30.151167000440182, "event": "console.request", "id_hash": "h_586fa3cbaeee", "status": "200"}
[WebServer] {"duration_ms": 8.122499999444699, "event": "console.request", "id_hash": "h_c05df8b2f0cf", "status": "200"}
[WebServer] {"duration_ms": 13.138209000317147, "event": "console.request", "id_hash": "h_824682af6157", "status": "200"}
[WebServer] {"duration_ms": 0.9480000007897615, "event": "console.request", "id_hash": "h_46c96b941f36", "status": "200"}
[WebServer] {"duration_ms": 0.9555409997119568, "event": "console.request", "id_hash": "h_eaccb485ae9d", "status": "200"}
[WebServer] {"duration_ms": 1.6864579993125517, "event": "console.request", "id_hash": "h_6cc94763cc99", "status": "200"}
[WebServer] {"duration_ms": 2.880708998418413, "event": "console.request", "id_hash": "h_086fa2404f95", "status": "200"}
[WebServer] {"duration_ms": 4.608915998687735, "event": "console.request", "id_hash": "h_bf1b1a838a36", "status": "200"}
[WebServer] {"duration_ms": 29.75279200109071, "event": "console.request", "id_hash": "h_cefb79c003e3", "status": "200"}
[WebServer] {"duration_ms": 13.31962500262307, "event": "console.request", "id_hash": "h_64a1278db94f", "status": "200"}
[WebServer] {"duration_ms": 14.323457999125822, "event": "console.request", "id_hash": "h_4466c4c22837", "status": "200"}
[WebServer] {"duration_ms": 0.9192500001518056, "event": "console.request", "id_hash": "h_ab6ce47a6b4a", "status": "200"}
[WebServer] {"duration_ms": 2.139458003512118, "event": "console.request", "id_hash": "h_0b985ae12378", "status": "200"}
[WebServer] {"duration_ms": 1.9143339995935094, "event": "console.request", "id_hash": "h_846002b7eff5", "status": "200"}
[WebServer] {"duration_ms": 2.7004170005966444, "event": "console.request", "id_hash": "h_1b52a7b8e394", "status": "200"}
[WebServer] {"duration_ms": 4.648334001103649, "event": "console.request", "id_hash": "h_e0fd3ec99199", "status": "200"}
[WebServer] {"duration_ms": 31.315207997977268, "event": "console.request", "id_hash": "h_b7d39f6f8714", "status": "200"}
[WebServer] {"duration_ms": 4.675665997638134, "event": "console.request", "id_hash": "h_750b43360289", "status": "200"}
[WebServer] {"duration_ms": 42.472791003092425, "event": "console.request", "id_hash": "h_c6faad7b9adf", "status": "200"}
[WebServer] {"duration_ms": 44.558790999872144, "event": "console.request", "id_hash": "h_f0d847714143", "status": "200"}
[WebServer] {"duration_ms": 44.24591600036365, "event": "console.request", "id_hash": "h_45c000f8e151", "status": "200"}
[WebServer] {"duration_ms": 46.0149589998764, "event": "console.request", "id_hash": "h_4b4104a60018", "status": "200"}
[WebServer] {"duration_ms": 45.13270800089231, "event": "console.request", "id_hash": "h_bc74956d2340", "status": "200"}
[WebServer] {"duration_ms": 23.80000000266591, "event": "console.request", "id_hash": "h_5e433a12f3e3", "status": "201"}
[WebServer] {"duration_ms": 1.2480840014177375, "event": "console.request", "id_hash": "h_cac76085552f", "status": "200"}
[WebServer] {"duration_ms": 7.67137500224635, "event": "console.request", "id_hash": "h_7875ef031dba", "status": "200"}
[WebServer] {"duration_ms": 1.237959000718547, "event": "console.request", "id_hash": "h_a742dcc163c4", "status": "200"}
[WebServer] {"duration_ms": 1.593334000062896, "event": "console.request", "id_hash": "h_cdd64d0c7dbb", "status": "200"}
[WebServer] {"duration_ms": 2.809375000651926, "event": "console.request", "id_hash": "h_e738c63366e4", "status": "200"}
[WebServer] {"duration_ms": 4.715250001027016, "event": "console.request", "id_hash": "h_830d5b90f519", "status": "200"}
[WebServer] {"duration_ms": 29.545375000452623, "event": "console.request", "id_hash": "h_41a7da008a6a", "status": "200"}
[WebServer] {"duration_ms": 9.021457997732796, "event": "console.request", "id_hash": "h_6e424d823145", "status": "200"}
[WebServer] {"duration_ms": 13.938916999904905, "event": "console.request", "id_hash": "h_fd0a9e5fe6e1", "status": "200"}
[WebServer] {"duration_ms": 22.225207998417318, "event": "console.request", "id_hash": "h_550fed27d97b", "status": "200"}
[WebServer] {"duration_ms": 1.3126250014465768, "event": "console.request", "id_hash": "h_92a84cd7037d", "status": "200"}
[WebServer] {"duration_ms": 1.3484159971994814, "event": "console.request", "id_hash": "h_ee53deadc0ac", "status": "200"}
[WebServer] {"duration_ms": 2.28320799942594, "event": "console.request", "id_hash": "h_ac875ef74c6d", "status": "200"}
[WebServer] {"duration_ms": 13.175000000046566, "event": "console.request", "id_hash": "h_22b2790e312e", "status": "200"}
[WebServer] {"duration_ms": 17.76662499833037, "event": "console.request", "id_hash": "h_bc09181d84b9", "status": "200"}
[WebServer] {"duration_ms": 3.6033750002388842, "event": "console.request", "id_hash": "h_683f9772df3f", "status": "200"}
[WebServer] {"duration_ms": 4.987165997590637, "event": "console.request", "id_hash": "h_e6dd014c6a56", "status": "200"}
[WebServer] {"duration_ms": 43.86983299991698, "event": "console.request", "id_hash": "h_ba5b2b3fec2b", "status": "200"}
[WebServer] {"duration_ms": 11.661667002044851, "event": "console.request", "id_hash": "h_a62825fb27a6", "status": "200"}
[WebServer] {"duration_ms": 14.792082998610567, "event": "console.request", "id_hash": "h_2dda24d4d5ff", "status": "200"}
[WebServer] {"duration_ms": 21.70612500049174, "event": "console.request", "id_hash": "h_9b3c97453812", "status": "200"}
[WebServer] {"duration_ms": 1.0016250016633421, "event": "console.request", "id_hash": "h_db595e05d1da", "status": "200"}
[WebServer] {"duration_ms": 2.477415997418575, "event": "console.request", "id_hash": "h_10881c7d2080", "status": "200"}
[WebServer] {"duration_ms": 1.7485409989603795, "event": "console.request", "id_hash": "h_bc9d427ab198", "status": "200"}
[WebServer] {"duration_ms": 13.271792002342409, "event": "console.request", "id_hash": "h_813d7c342b72", "status": "200"}
[WebServer] {"duration_ms": 17.955084000277566, "event": "console.request", "id_hash": "h_bbf3d6f57880", "status": "200"}
[WebServer] {"duration_ms": 3.437625000515254, "event": "console.request", "id_hash": "h_cccc17f02aa9", "status": "200"}
[WebServer] {"duration_ms": 4.866249997576233, "event": "console.request", "id_hash": "h_475a120067ef", "status": "200"}
[WebServer] {"duration_ms": 29.93337500083726, "event": "console.request", "id_hash": "h_ee55630a5944", "status": "200"}
[WebServer] {"duration_ms": 11.58450000002631, "event": "console.request", "id_hash": "h_c3e59262a299", "status": "200"}
[WebServer] {"duration_ms": 15.373416998045286, "event": "console.request", "id_hash": "h_be8d13451496", "status": "200"}
[WebServer] {"duration_ms": 23.589459000504576, "event": "console.request", "id_hash": "h_7678fc87dc3b", "status": "200"}
[WebServer] {"duration_ms": 1.2855000022682361, "event": "console.request", "id_hash": "h_8af4325805b9", "status": "200"}
[WebServer] {"duration_ms": 1.8999159983650316, "event": "console.request", "id_hash": "h_c5a99caa7655", "status": "200"}
[WebServer] {"duration_ms": 1.2022499977319967, "event": "console.request", "id_hash": "h_db53f4f22ba7", "status": "200"}
[WebServer] {"duration_ms": 16.092083002149593, "event": "console.request", "id_hash": "h_4f3d1584f88b", "status": "200"}
[WebServer] {"duration_ms": 21.182417000090936, "event": "console.request", "id_hash": "h_1e6d8534778a", "status": "200"}
[WebServer] {"duration_ms": 4.083292002178496, "event": "console.request", "id_hash": "h_21d94f91903b", "status": "200"}
[WebServer] {"duration_ms": 4.4917919985891785, "event": "console.request", "id_hash": "h_3d581a32d717", "status": "200"}
[WebServer] {"duration_ms": 30.985834000603063, "event": "console.request", "id_hash": "h_9d25a5f6a69e", "status": "200"}
[WebServer] {"duration_ms": 9.290666999731911, "event": "console.request", "id_hash": "h_799c477a989f", "status": "200"}
[WebServer] {"duration_ms": 14.918000000761822, "event": "console.request", "id_hash": "h_452f7f624a33", "status": "200"}
[WebServer] {"duration_ms": 5.902125001739478, "event": "console.request", "id_hash": "h_50f54930ab82", "status": "200"}
[WebServer] {"duration_ms": 1.2174170005891938, "event": "console.request", "id_hash": "h_e53601333c65", "status": "200"}
[WebServer] {"duration_ms": 1.2819170005968772, "event": "console.request", "id_hash": "h_bb38546efb1f", "status": "200"}
[WebServer] {"duration_ms": 2.6086249999934807, "event": "console.request", "id_hash": "h_132ffa20df21", "status": "200"}
[WebServer] {"duration_ms": 4.0937500016298145, "event": "console.request", "id_hash": "h_45b791bc86eb", "status": "200"}
[WebServer] {"duration_ms": 6.354040997393895, "event": "console.request", "id_hash": "h_f54bbdaf0ab8", "status": "200"}
[WebServer] {"duration_ms": 32.08791699944413, "event": "console.request", "id_hash": "h_f03e45d7d374", "status": "200"}
[WebServer] {"duration_ms": 4.952125000272645, "event": "console.request", "id_hash": "h_9340b0d8baf4", "status": "200"}
[WebServer] {"duration_ms": 25.28475000144681, "event": "console.request", "id_hash": "h_a23654b09df6", "status": "200"}
[WebServer] {"duration_ms": 26.428375000250526, "event": "console.request", "id_hash": "h_f119d22a8ed9", "status": "200"}
[WebServer] {"duration_ms": 26.50858299966785, "event": "console.request", "id_hash": "h_e13a2fdca15b", "status": "200"}
[WebServer] {"duration_ms": 28.239000002940884, "event": "console.request", "id_hash": "h_d6a7edc87303", "status": "200"}
[WebServer] {"duration_ms": 22.735916998499306, "event": "console.request", "id_hash": "h_74747f29e6d0", "status": "201"}
[WebServer] {"duration_ms": 1.1209580006834585, "event": "console.request", "id_hash": "h_05c4915c7415", "status": "200"}
[WebServer] {"duration_ms": 6.6879170008178335, "event": "console.request", "id_hash": "h_b9392bf823e7", "status": "200"}
[WebServer] {"duration_ms": 1.0823329976119567, "event": "console.request", "id_hash": "h_11546c6c9ef7", "status": "200"}
[WebServer] {"duration_ms": 2.008833002037136, "event": "console.request", "id_hash": "h_3f30daa3efbe", "status": "200"}
[WebServer] {"duration_ms": 2.974959003040567, "event": "console.request", "id_hash": "h_43f48e03f3a3", "status": "200"}
[WebServer] {"duration_ms": 4.799415997695178, "event": "console.request", "id_hash": "h_5e89a27e450a", "status": "200"}
[WebServer] {"duration_ms": 30.454416999418754, "event": "console.request", "id_hash": "h_0802419b6eb0", "status": "200"}
[WebServer] {"duration_ms": 8.424833002209198, "event": "console.request", "id_hash": "h_4badba6487a2", "status": "200"}
[WebServer] {"duration_ms": 13.82466700306395, "event": "console.request", "id_hash": "h_c56071c44b74", "status": "200"}
[WebServer] {"duration_ms": 20.862957997451304, "event": "console.request", "id_hash": "h_69760048a42b", "status": "200"}
[WebServer] {"duration_ms": 1.0194169990427326, "event": "console.request", "id_hash": "h_c0440e783d07", "status": "200"}
[WebServer] {"duration_ms": 1.8584999997983687, "event": "console.request", "id_hash": "h_748aa39786c8", "status": "200"}
[WebServer] {"duration_ms": 2.052874999208143, "event": "console.request", "id_hash": "h_68a7676b9b2d", "status": "200"}
[WebServer] {"duration_ms": 11.8328750031651, "event": "console.request", "id_hash": "h_894a630d4877", "status": "200"}
[WebServer] {"duration_ms": 15.589458998874761, "event": "console.request", "id_hash": "h_631bec3919f0", "status": "200"}
[WebServer] {"duration_ms": 2.379875000769971, "event": "console.request", "id_hash": "h_e0c494d287f0", "status": "200"}
[WebServer] {"duration_ms": 4.913291999400826, "event": "console.request", "id_hash": "h_95aa630810bf", "status": "200"}
[WebServer] {"duration_ms": 30.355208000401035, "event": "console.request", "id_hash": "h_5db6e9225c50", "status": "200"}
[WebServer] {"duration_ms": 13.937833002273692, "event": "console.request", "id_hash": "h_493d2b6805d1", "status": "200"}
[WebServer] {"duration_ms": 16.85212499796762, "event": "console.request", "id_hash": "h_3038b713f5ca", "status": "200"}
[WebServer] {"duration_ms": 23.093250001693377, "event": "console.request", "id_hash": "h_8379a085e690", "status": "200"}
[WebServer] {"duration_ms": 1.170584000647068, "event": "console.request", "id_hash": "h_a08dd8a26f25", "status": "200"}
[WebServer] {"duration_ms": 2.1919589999015443, "event": "console.request", "id_hash": "h_26fac4ef8da2", "status": "200"}
[WebServer] {"duration_ms": 1.6523750018677674, "event": "console.request", "id_hash": "h_8316715b15a7", "status": "200"}
[WebServer] {"duration_ms": 12.43412500116392, "event": "console.request", "id_hash": "h_e81c9da2669f", "status": "200"}
[WebServer] {"duration_ms": 17.009082999720704, "event": "console.request", "id_hash": "h_da405e552440", "status": "200"}
[WebServer] {"duration_ms": 2.803416002279846, "event": "console.request", "id_hash": "h_7bb000cd8001", "status": "200"}
[WebServer] {"duration_ms": 4.984457998943981, "event": "console.request", "id_hash": "h_695881eea77c", "status": "200"}
[WebServer] {"duration_ms": 30.76024999973015, "event": "console.request", "id_hash": "h_1c738328fd61", "status": "200"}
[WebServer] {"duration_ms": 8.319749998918269, "event": "console.request", "id_hash": "h_f42d156314ad", "status": "200"}
[WebServer] {"duration_ms": 14.594125001167413, "event": "console.request", "id_hash": "h_b21eda7325ba", "status": "200"}
[WebServer] {"duration_ms": 21.970458001305815, "event": "console.request", "id_hash": "h_976e9e01be1d", "status": "200"}
[WebServer] {"duration_ms": 1.0948750023089815, "event": "console.request", "id_hash": "h_b0098a7dd247", "status": "200"}
[WebServer] {"duration_ms": 2.1348750015022233, "event": "console.request", "id_hash": "h_c53322e756a4", "status": "200"}
[WebServer] {"duration_ms": 1.604582997970283, "event": "console.request", "id_hash": "h_a123194eb2a0", "status": "200"}
[WebServer] {"duration_ms": 12.84624999971129, "event": "console.request", "id_hash": "h_799a9e369e95", "status": "200"}
[WebServer] {"duration_ms": 18.571332999272272, "event": "console.request", "id_hash": "h_c10c46347b1d", "status": "200"}
[WebServer] {"duration_ms": 4.3497920014488045, "event": "console.request", "id_hash": "h_abb81b3174ac", "status": "200"}
[WebServer] {"duration_ms": 4.917499998555286, "event": "console.request", "id_hash": "h_3bc3c372002c", "status": "200"}
[WebServer] {"duration_ms": 30.44683299958706, "event": "console.request", "id_hash": "h_95e2649929b2", "status": "200"}
[WebServer] {"duration_ms": 13.405958001385443, "event": "console.request", "id_hash": "h_b7108e0feb95", "status": "200"}
[WebServer] {"duration_ms": 14.118666000285884, "event": "console.request", "id_hash": "h_94bf75d620e3", "status": "200"}
[WebServer] {"duration_ms": 6.539416001032805, "event": "console.request", "id_hash": "h_608aa0ba7fb5", "status": "200"}
[WebServer] {"duration_ms": 1.762208001309773, "event": "console.request", "id_hash": "h_016a6ab8ba20", "status": "200"}
[WebServer] {"duration_ms": 1.991749999433523, "event": "console.request", "id_hash": "h_8d1d43b8e665", "status": "200"}
[WebServer] {"duration_ms": 1.564958001836203, "event": "console.request", "id_hash": "h_b47a6d99af80", "status": "200"}
[WebServer] {"duration_ms": 3.9225420005095657, "event": "console.request", "id_hash": "h_545334b98565", "status": "200"}
[WebServer] {"duration_ms": 5.873291000170866, "event": "console.request", "id_hash": "h_450957e83197", "status": "200"}
[WebServer] {"duration_ms": 49.57270899831201, "event": "console.request", "id_hash": "h_9e74cfe7c97b", "status": "200"}
[WebServer] {"duration_ms": 5.065749999630498, "event": "console.request", "id_hash": "h_80c6f308c0f4", "status": "200"}
[WebServer] {"duration_ms": 54.10716700134799, "event": "console.request", "id_hash": "h_0112c18736b2", "status": "200"}
[WebServer] {"duration_ms": 59.36295799983782, "event": "console.request", "id_hash": "h_4ddfc5a84df3", "status": "200"}
[WebServer] {"duration_ms": 60.78875000093831, "event": "console.request", "id_hash": "h_29a5d7d1b870", "status": "200"}
[WebServer] {"duration_ms": 61.48291700083064, "event": "console.request", "id_hash": "h_6bec2450b8fc", "status": "200"}
[WebServer] {"duration_ms": 60.21304199748556, "event": "console.request", "id_hash": "h_027c3fd007dd", "status": "200"}
[WebServer] {"duration_ms": 60.26454200036824, "event": "console.request", "id_hash": "h_31bdb79c5882", "status": "200"}
[WebServer] {"duration_ms": 20.621542000299087, "event": "console.request", "id_hash": "h_897ccc08f9f5", "status": "201"}
[WebServer] {"duration_ms": 0.8922079978219699, "event": "console.request", "id_hash": "h_dd88670fcb6e", "status": "200"}
[WebServer] {"duration_ms": 6.8136670015519485, "event": "console.request", "id_hash": "h_9e63c9188865", "status": "200"}
[WebServer] {"duration_ms": 1.427541999873938, "event": "console.request", "id_hash": "h_cc25153baed5", "status": "200"}
[WebServer] {"duration_ms": 0.9441250003874302, "event": "console.request", "id_hash": "h_d81b070a35a6", "status": "200"}
[WebServer] {"duration_ms": 2.61566699919058, "event": "console.request", "id_hash": "h_a2919e27a9d6", "status": "200"}
[WebServer] {"duration_ms": 4.72687500223401, "event": "console.request", "id_hash": "h_bc089c969aec", "status": "200"}
[WebServer] {"duration_ms": 31.210125001962297, "event": "console.request", "id_hash": "h_c1bedc34554d", "status": "200"}
[WebServer] {"duration_ms": 13.142583000444574, "event": "console.request", "id_hash": "h_575d653639b5", "status": "200"}
[WebServer] {"duration_ms": 15.373582999018254, "event": "console.request", "id_hash": "h_212c48844d6f", "status": "200"}
[WebServer] {"duration_ms": 7.924582998384722, "event": "console.request", "id_hash": "h_f8a24f4bee34", "status": "200"}
[WebServer] {"duration_ms": 8.684374999575084, "event": "console.request", "id_hash": "h_a62d705bc356", "status": "200"}
[WebServer] {"duration_ms": 22.267290998570388, "event": "console.request", "id_hash": "h_e900026a30eb", "status": "200"}
[WebServer] {"duration_ms": 1.404167000146117, "event": "console.request", "id_hash": "h_6aa4eeecb801", "status": "200"}
[WebServer] {"duration_ms": 1.7135409980255645, "event": "console.request", "id_hash": "h_b5661d345a42", "status": "200"}
[WebServer] {"duration_ms": 1.33595800070907, "event": "console.request", "id_hash": "h_be3748d14bc9", "status": "200"}
[WebServer] {"duration_ms": 15.967541999998502, "event": "console.request", "id_hash": "h_579ebeb47685", "status": "200"}
[WebServer] {"duration_ms": 5.2896249981131405, "event": "console.request", "id_hash": "h_453dd9833d1f", "status": "200"}
[WebServer] {"duration_ms": 23.80687500044587, "event": "console.request", "id_hash": "h_3858ec9599ac", "status": "200"}
[WebServer] {"duration_ms": 4.569000000628876, "event": "console.request", "id_hash": "h_f1f2e944be8c", "status": "200"}
[WebServer] {"duration_ms": 30.47316599986516, "event": "console.request", "id_hash": "h_d6e86c806dff", "status": "200"}
[WebServer] {"duration_ms": 12.995583001611521, "event": "console.request", "id_hash": "h_e55fb2fc0929", "status": "200"}
[WebServer] {"duration_ms": 15.63449999957811, "event": "console.request", "id_hash": "h_254c0f4d28b5", "status": "200"}
[WebServer] {"duration_ms": 24.608250001620036, "event": "console.request", "id_hash": "h_ceb6cc4e7d0a", "status": "200"}
[WebServer] {"duration_ms": 1.714124999125488, "event": "console.request", "id_hash": "h_0ef7d6edeeac", "status": "200"}
[WebServer] {"duration_ms": 1.7827080009737983, "event": "console.request", "id_hash": "h_0473346fb3f6", "status": "200"}
[WebServer] {"duration_ms": 1.3024590007262304, "event": "console.request", "id_hash": "h_16157154af52", "status": "200"}
[WebServer] {"duration_ms": 13.656208000611514, "event": "console.request", "id_hash": "h_dc92cc3985f3", "status": "200"}
[WebServer] {"duration_ms": 17.39083299980848, "event": "console.request", "id_hash": "h_08cfff99e87d", "status": "200"}
[WebServer] {"duration_ms": 3.122750000329688, "event": "console.request", "id_hash": "h_7194ccdb478b", "status": "200"}
[WebServer] {"duration_ms": 4.80779099962092, "event": "console.request", "id_hash": "h_eccd6e210dca", "status": "200"}
[WebServer] {"duration_ms": 29.872166996938176, "event": "console.request", "id_hash": "h_e57a433b70f5", "status": "200"}
[WebServer] {"duration_ms": 12.172624999948312, "event": "console.request", "id_hash": "h_72083a57bc6b", "status": "200"}
[WebServer] {"duration_ms": 14.924166000128025, "event": "console.request", "id_hash": "h_799e0a3a57c2", "status": "200"}
[WebServer] {"duration_ms": 6.366666002577404, "event": "console.request", "id_hash": "h_951b5d0eb442", "status": "200"}
[WebServer] {"duration_ms": 1.5241670007526409, "event": "console.request", "id_hash": "h_9ba72ef8c92f", "status": "200"}
[WebServer] {"duration_ms": 1.8890410028689075, "event": "console.request", "id_hash": "h_64b2354106d0", "status": "200"}
[WebServer] {"duration_ms": 1.6422080007032491, "event": "console.request", "id_hash": "h_d381e4eb7edb", "status": "200"}
[WebServer] {"duration_ms": 3.911584000888979, "event": "console.request", "id_hash": "h_5148f4617f84", "status": "200"}
[WebServer] {"duration_ms": 6.3358329971379135, "event": "console.request", "id_hash": "h_4e92df879a65", "status": "200"}
[WebServer] {"duration_ms": 31.981957999960287, "event": "console.request", "id_hash": "h_ee92cef838d9", "status": "200"}
[WebServer] {"duration_ms": 4.830666999623645, "event": "console.request", "id_hash": "h_be2d7c4fd879", "status": "200"}
[WebServer] {"duration_ms": 24.819292000756832, "event": "console.request", "id_hash": "h_684c8e207573", "status": "200"}
[WebServer] {"duration_ms": 26.343083001847845, "event": "console.request", "id_hash": "h_29254d22e9a4", "status": "200"}
[WebServer] {"duration_ms": 25.26570799818728, "event": "console.request", "id_hash": "h_ed034190ed82", "status": "200"}
[WebServer] {"duration_ms": 25.622750003094552, "event": "console.request", "id_hash": "h_8d15a7b84e27", "status": "200"}
[WebServer] {"duration_ms": 20.52512500085868, "event": "console.request", "id_hash": "h_897a03131cd8", "status": "201"}
[WebServer] {"duration_ms": 1.2142919986217748, "event": "console.request", "id_hash": "h_ae4f44376041", "status": "200"}
[WebServer] {"duration_ms": 6.383749998349231, "event": "console.request", "id_hash": "h_3e21bdf711d3", "status": "200"}
[WebServer] {"duration_ms": 1.4844159995845985, "event": "console.request", "id_hash": "h_c4839806eb79", "status": "200"}
[WebServer] {"duration_ms": 0.9614579976187088, "event": "console.request", "id_hash": "h_52f2a812d198", "status": "200"}
[WebServer] {"duration_ms": 3.660999998828629, "event": "console.request", "id_hash": "h_f614e0768a76", "status": "200"}
[WebServer] {"duration_ms": 1.1075420006818604, "event": "console.request", "id_hash": "h_328efa206de8", "status": "200"}
[WebServer] {"duration_ms": 1.608500002475921, "event": "console.request", "id_hash": "h_6479da7c8b45", "status": "200"}
[WebServer] {"duration_ms": 1.8367089978710283, "event": "console.request", "id_hash": "h_c78a15871a01", "status": "200"}
[WebServer] {"duration_ms": 6.789208000554936, "event": "console.request", "id_hash": "h_f0fd18c59516", "status": "200"}
[WebServer] {"duration_ms": 2.8932079985679593, "event": "console.request", "id_hash": "h_8a8c8ebfb8c9", "status": "200"}
[WebServer] {"duration_ms": 4.814959000214003, "event": "console.request", "id_hash": "h_71b781da63b8", "status": "200"}
[WebServer] {"duration_ms": 29.726374999881955, "event": "console.request", "id_hash": "h_d949d3d9df71", "status": "200"}
[WebServer] {"duration_ms": 11.990457998763304, "event": "console.request", "id_hash": "h_9f7b41ff549a", "status": "200"}
[WebServer] {"duration_ms": 12.809583997295704, "event": "console.request", "id_hash": "h_26b21a7818ca", "status": "200"}
[WebServer] {"duration_ms": 27.02175000013085, "event": "console.request", "id_hash": "h_c8e7f08e4173", "status": "200"}
[WebServer] {"duration_ms": 28.8498330010043, "event": "console.request", "id_hash": "h_bb392549028d", "status": "200"}
[WebServer] {"duration_ms": 29.05437500157859, "event": "console.request", "id_hash": "h_fa47c42eaa99", "status": "200"}
[WebServer] {"duration_ms": 29.89674999844283, "event": "console.request", "id_hash": "h_25059aced281", "status": "200"}
[WebServer] {"duration_ms": 27.644499998132233, "event": "console.request", "id_hash": "h_b1f6707514c1", "status": "201"}
[WebServer] {"duration_ms": 19.9492920000921, "event": "console.request", "id_hash": "h_b19df085dc09", "status": "200"}
[WebServer] {"duration_ms": 20.919875001709443, "event": "console.request", "id_hash": "h_29f58e24f4da", "status": "200"}
[WebServer] {"duration_ms": 26.744582999526756, "event": "console.request", "id_hash": "h_0b3f40caa45c", "status": "201"}
[WebServer] {"duration_ms": 0.999040999886347, "event": "console.request", "id_hash": "h_daa019e9ad6b", "status": "200"}
[WebServer] {"duration_ms": 1.7503330018371344, "event": "console.request", "id_hash": "h_23761f9ae5b6", "status": "200"}
[WebServer] {"duration_ms": 1.2947499999427237, "event": "console.request", "id_hash": "h_f350923521be", "status": "200"}
[WebServer] {"duration_ms": 0.9239169994543772, "event": "console.request", "id_hash": "h_7a26f8ebeb33", "status": "200"}
[WebServer] {"duration_ms": 3.4124170015275013, "event": "console.request", "id_hash": "h_345287df1fd1", "status": "200"}
[WebServer] {"duration_ms": 1.1756659987440798, "event": "console.request", "id_hash": "h_164520b9436a", "status": "200"}
[WebServer] {"duration_ms": 1.518667002528673, "event": "console.request", "id_hash": "h_8838fd3e4e0d", "status": "200"}
[WebServer] {"duration_ms": 2.9289999984030146, "event": "console.request", "id_hash": "h_c9fe2aff27bf", "status": "200"}
[WebServer] {"duration_ms": 4.604624999046791, "event": "console.request", "id_hash": "h_d0efdb5526a4", "status": "200"}
[WebServer] {"duration_ms": 29.89983299994492, "event": "console.request", "id_hash": "h_f549c8e43f3f", "status": "200"}
[WebServer] {"duration_ms": 7.926708000013605, "event": "console.request", "id_hash": "h_f54928647715", "status": "200"}
[WebServer] {"duration_ms": 10.693707998143509, "event": "console.request", "id_hash": "h_1a1f81c03789", "status": "200"}
[WebServer] {"duration_ms": 1.2373749996186234, "event": "console.request", "id_hash": "h_be87c3e75919", "status": "200"}
[WebServer] {"duration_ms": 1.3536250007746276, "event": "console.request", "id_hash": "h_059150c694bd", "status": "200"}
[WebServer] {"duration_ms": 1.4938749991415534, "event": "console.request", "id_hash": "h_edf16edcdc84", "status": "200"}
[WebServer] {"duration_ms": 2.597292001155438, "event": "console.request", "id_hash": "h_dc288197e8e2", "status": "200"}
[WebServer] {"duration_ms": 4.5883749990025535, "event": "console.request", "id_hash": "h_d4249b9528b0", "status": "200"}
[WebServer] {"duration_ms": 30.33766700173146, "event": "console.request", "id_hash": "h_2646e286f3a1", "status": "200"}
[WebServer] {"duration_ms": 5.002541001886129, "event": "console.request", "id_hash": "h_a1ad4a8a6369", "status": "200"}
[WebServer] {"duration_ms": 19.523416998708853, "event": "console.request", "id_hash": "h_bf8b934bc68f", "status": "201"}
[WebServer] {"duration_ms": 0.8913329984352458, "event": "console.request", "id_hash": "h_7c7159d89f5f", "status": "200"}
[WebServer] {"duration_ms": 7.031375000224216, "event": "console.request", "id_hash": "h_92c756b09970", "status": "200"}
[WebServer] {"duration_ms": 1.171957999758888, "event": "console.request", "id_hash": "h_0ef610da3987", "status": "200"}
[WebServer] {"duration_ms": 1.456750000215834, "event": "console.request", "id_hash": "h_c8b6c04ce8b6", "status": "200"}
[WebServer] {"duration_ms": 2.550542001699796, "event": "console.request", "id_hash": "h_90e53467b9c8", "status": "200"}
[WebServer] {"duration_ms": 4.728667001472786, "event": "console.request", "id_hash": "h_f73c0f67a698", "status": "200"}
[WebServer] {"duration_ms": 43.738000000303145, "event": "console.request", "id_hash": "h_369934560ff8", "status": "200"}
[WebServer] {"duration_ms": 5.13745900025242, "event": "console.request", "id_hash": "h_0f2831e781a9", "status": "200"}
[WebServer] {"duration_ms": 6.256500000745291, "event": "console.request", "id_hash": "h_064a1ba57ca6", "status": "200"}
[WebServer] {"duration_ms": 20.239124998624902, "event": "console.request", "id_hash": "h_d20f3c32ae9b", "status": "201"}
[WebServer] {"duration_ms": 0.8791250002104789, "event": "console.request", "id_hash": "h_c944b75451f3", "status": "200"}
[WebServer] {"duration_ms": 6.6142499999841675, "event": "console.request", "id_hash": "h_039958224152", "status": "200"}
[WebServer] {"duration_ms": 1.3571250019595027, "event": "console.request", "id_hash": "h_a21415ab68fc", "status": "200"}
[WebServer] {"duration_ms": 1.3402920012595132, "event": "console.request", "id_hash": "h_dd03a593c695", "status": "200"}
[WebServer] {"duration_ms": 2.4870000015653204, "event": "console.request", "id_hash": "h_21e9109d3097", "status": "200"}
[WebServer] {"duration_ms": 4.733791000035126, "event": "console.request", "id_hash": "h_fa7f109aa6f6", "status": "200"}
[WebServer] {"duration_ms": 30.25875000093947, "event": "console.request", "id_hash": "h_e3c6a402c406", "status": "200"}
[WebServer] {"duration_ms": 4.959083002177067, "event": "console.request", "id_hash": "h_d256d7d77ac8", "status": "200"}
[WebServer] {"duration_ms": 11.475874998723157, "event": "console.request", "id_hash": "h_8a69b51a3bd7", "status": "200"}
[WebServer] {"duration_ms": 11.349459000484785, "event": "console.request", "id_hash": "h_9eb3bf1edad0", "status": "200"}
[WebServer] {"duration_ms": 20.14604200303438, "event": "console.request", "id_hash": "h_2a45d99faf80", "status": "201"}
[WebServer] {"duration_ms": 1.424916998075787, "event": "console.request", "id_hash": "h_bd0ed632b635", "status": "200"}
[WebServer] {"duration_ms": 7.339874999161111, "event": "console.request", "id_hash": "h_0cc66446dd9c", "status": "200"}
[WebServer] {"duration_ms": 0.7814999989932403, "event": "console.request", "id_hash": "h_f59fe81f8936", "status": "200"}
[WebServer] {"duration_ms": 1.6552499982935842, "event": "console.request", "id_hash": "h_647a3a4a7d72", "status": "200"}
[WebServer] {"duration_ms": 2.637333000166109, "event": "console.request", "id_hash": "h_c9619cd000ca", "status": "200"}
[WebServer] {"duration_ms": 5.110540998430224, "event": "console.request", "id_hash": "h_727af75ebdc3", "status": "200"}
[WebServer] {"duration_ms": 30.9543749972363, "event": "console.request", "id_hash": "h_5ae0f7f6406b", "status": "200"}
[WebServer] {"duration_ms": 11.884709001606097, "event": "console.request", "id_hash": "h_8056e5a04946", "status": "200"}
[WebServer] {"duration_ms": 14.105416998063447, "event": "console.request", "id_hash": "h_6d0bbb1fb617", "status": "200"}
[WebServer] {"duration_ms": 22.24887500051409, "event": "console.request", "id_hash": "h_0da1edd69081", "status": "200"}
[WebServer] {"duration_ms": 1.0514999994484242, "event": "console.request", "id_hash": "h_7a3d4c8f0216", "status": "200"}
[WebServer] {"duration_ms": 1.1865000014950056, "event": "console.request", "id_hash": "h_38327a756e53", "status": "200"}
[WebServer] {"duration_ms": 2.184875000239117, "event": "console.request", "id_hash": "h_9c16510901bc", "status": "200"}
[WebServer] {"duration_ms": 17.07508300023619, "event": "console.request", "id_hash": "h_732a5b60e7ef", "status": "200"}
[WebServer] {"duration_ms": 18.802958002197556, "event": "console.request", "id_hash": "h_7e446b86746f", "status": "200"}
[WebServer] {"duration_ms": 4.177582999545848, "event": "console.request", "id_hash": "h_26732698be17", "status": "200"}
[WebServer] {"duration_ms": 4.77725000018836, "event": "console.request", "id_hash": "h_9f01182dbc9a", "status": "200"}
[WebServer] {"duration_ms": 30.213624999305466, "event": "console.request", "id_hash": "h_01fb739229fb", "status": "200"}
[WebServer] {"duration_ms": 7.8585829978692345, "event": "console.request", "id_hash": "h_b3bc39601a99", "status": "200"}
[WebServer] {"duration_ms": 13.071666999167064, "event": "console.request", "id_hash": "h_2f1489e78691", "status": "200"}
[WebServer] {"duration_ms": 23.117125001590466, "event": "console.request", "id_hash": "h_53de48b4af2e", "status": "200"}
[WebServer] {"duration_ms": 1.4697080005134922, "event": "console.request", "id_hash": "h_d3a379cfd323", "status": "200"}
[WebServer] {"duration_ms": 2.400166998995701, "event": "console.request", "id_hash": "h_5ca332f2e3a6", "status": "200"}
[WebServer] {"duration_ms": 1.5196249987639021, "event": "console.request", "id_hash": "h_c650728d435d", "status": "200"}
[WebServer] {"duration_ms": 13.872542000171961, "event": "console.request", "id_hash": "h_4dbf096b1b67", "status": "200"}
[WebServer] {"duration_ms": 14.51870900200447, "event": "console.request", "id_hash": "h_38f29554bb1d", "status": "200"}
[WebServer] {"duration_ms": 2.867374998459127, "event": "console.request", "id_hash": "h_0c9a0b31a022", "status": "200"}
[WebServer] {"duration_ms": 5.228709000220988, "event": "console.request", "id_hash": "h_cb92022c159c", "status": "200"}
[WebServer] {"duration_ms": 29.89762500146753, "event": "console.request", "id_hash": "h_2a17fa68dad2", "status": "200"}
[WebServer] {"duration_ms": 7.738915999652818, "event": "console.request", "id_hash": "h_ef5fb3fe2c41", "status": "200"}
[WebServer] {"duration_ms": 12.192333000712097, "event": "console.request", "id_hash": "h_b5a8bd09ee70", "status": "200"}
[WebServer] {"duration_ms": 6.727500000124564, "event": "console.request", "id_hash": "h_e59126ef51ca", "status": "200"}
[WebServer] {"duration_ms": 2.368249999562977, "event": "console.request", "id_hash": "h_2525ae0b8396", "status": "200"}
[WebServer] {"duration_ms": 1.8027909973170608, "event": "console.request", "id_hash": "h_a8a867747fd7", "status": "200"}
[WebServer] {"duration_ms": 3.5525409984984435, "event": "console.request", "id_hash": "h_f3c4bca85ec9", "status": "200"}
[WebServer] {"duration_ms": 3.626292000262765, "event": "console.request", "id_hash": "h_26fecfb71442", "status": "200"}
[WebServer] {"duration_ms": 5.656207998981699, "event": "console.request", "id_hash": "h_ae414d110203", "status": "200"}
[WebServer] {"duration_ms": 31.67708399996627, "event": "console.request", "id_hash": "h_23a0c660524f", "status": "200"}
[WebServer] {"duration_ms": 4.671874998166459, "event": "console.request", "id_hash": "h_1fb2ba84d974", "status": "200"}
[WebServer] {"duration_ms": 19.17166700150119, "event": "console.request", "id_hash": "h_4a14872968e1", "status": "201"}
[WebServer] {"duration_ms": 0.9974160020647105, "event": "console.request", "id_hash": "h_65f63b47aad0", "status": "200"}
[WebServer] {"duration_ms": 6.606040999031393, "event": "console.request", "id_hash": "h_4e13d07abd05", "status": "200"}
[WebServer] {"duration_ms": 1.3973749992146622, "event": "console.request", "id_hash": "h_05958c9813e7", "status": "200"}
[WebServer] {"duration_ms": 0.9350410000479314, "event": "console.request", "id_hash": "h_24fd08fd808b", "status": "200"}
[WebServer] {"duration_ms": 2.5252080013160594, "event": "console.request", "id_hash": "h_b584142133a4", "status": "200"}
[WebServer] {"duration_ms": 4.73670799692627, "event": "console.request", "id_hash": "h_bfc2b6de2516", "status": "200"}
[WebServer] {"duration_ms": 29.751334001048235, "event": "console.request", "id_hash": "h_2c250fa88fb8", "status": "200"}
[WebServer] {"duration_ms": 8.632249999209307, "event": "console.request", "id_hash": "h_ab7b8f4b5afb", "status": "200"}
[WebServer] {"duration_ms": 12.90737499948591, "event": "console.request", "id_hash": "h_e1f4802c7afb", "status": "200"}
[WebServer] {"duration_ms": 6.485707999672741, "event": "console.request", "id_hash": "h_32861849b9cc", "status": "200"}
[WebServer] {"duration_ms": 5.0452920004318, "event": "console.request", "id_hash": "h_806bf0bd527d", "status": "200"}
[WebServer] {"duration_ms": 20.35408400115557, "event": "console.request", "id_hash": "h_ae11c1258820", "status": "200"}
[WebServer] {"duration_ms": 1.20158400022774, "event": "console.request", "id_hash": "h_f368986724d9", "status": "200"}
[WebServer] {"duration_ms": 2.6167920004809275, "event": "console.request", "id_hash": "h_cc2cf7aa4460", "status": "200"}
[WebServer] {"duration_ms": 1.6621249997115228, "event": "console.request", "id_hash": "h_8e4e3a2cf470", "status": "200"}
[WebServer] {"duration_ms": 17.72379199974239, "event": "console.request", "id_hash": "h_32f3c49aedba", "status": "200"}
[WebServer] {"duration_ms": 4.756000002089422, "event": "console.request", "id_hash": "h_bac8ddf5ec09", "status": "200"}
[WebServer] {"duration_ms": 22.881416000018362, "event": "console.request", "id_hash": "h_02b6310268bc", "status": "200"}
[WebServer] {"duration_ms": 4.952875002345536, "event": "console.request", "id_hash": "h_9df357343b25", "status": "200"}
[WebServer] {"duration_ms": 29.992582996783312, "event": "console.request", "id_hash": "h_d422af19f07d", "status": "200"}
[WebServer] {"duration_ms": 13.16137500180048, "event": "console.request", "id_hash": "h_c66082bb4e52", "status": "200"}
[WebServer] {"duration_ms": 13.225583999883384, "event": "console.request", "id_hash": "h_8bd03f234a13", "status": "200"}
[WebServer] {"duration_ms": 6.019083000865066, "event": "console.request", "id_hash": "h_35eef91a81ec", "status": "200"}
[WebServer] {"duration_ms": 6.447499999922002, "event": "console.request", "id_hash": "h_ba004b5dbc83", "status": "200"}
[WebServer] {"duration_ms": 1.7232919999514706, "event": "console.request", "id_hash": "h_a91447a2e855", "status": "200"}
[WebServer] {"duration_ms": 2.2265000006882474, "event": "console.request", "id_hash": "h_10fadb29733a", "status": "200"}
[WebServer] {"duration_ms": 1.5856249992793892, "event": "console.request", "id_hash": "h_1b2fd0910542", "status": "200"}
[WebServer] {"duration_ms": 3.6652919989137445, "event": "console.request", "id_hash": "h_344dd099192d", "status": "200"}
[WebServer] {"duration_ms": 5.889207997824997, "event": "console.request", "id_hash": "h_f03ded276393", "status": "200"}
[WebServer] {"duration_ms": 32.06049999789684, "event": "console.request", "id_hash": "h_f2a6c2daf6fe", "status": "200"}
[WebServer] {"duration_ms": 8.096833000308834, "event": "console.request", "id_hash": "h_661fed03f53b", "status": "200"}
[WebServer] {"duration_ms": 13.71254100013175, "event": "console.request", "id_hash": "h_07d75103370c", "status": "200"}
[WebServer] {"duration_ms": 6.045833997632144, "event": "console.request", "id_hash": "h_8ae3f1453d4c", "status": "200"}
[WebServer] {"duration_ms": 6.548790999659104, "event": "console.request", "id_hash": "h_6c594b93c5be", "status": "200"}
[WebServer] {"duration_ms": 19.14341600058833, "event": "console.request", "id_hash": "h_baf5bff9978f", "status": "200"}
[WebServer] {"duration_ms": 8.248041998740518, "event": "console.request", "id_hash": "h_b20b349d3e3b", "status": "200"}
[WebServer] {"duration_ms": 12.745916999847395, "event": "console.request", "id_hash": "h_dbdec4da002a", "status": "200"}
[WebServer] {"duration_ms": 5.9112909984833095, "event": "console.request", "id_hash": "h_a6471634ce88", "status": "200"}
[WebServer] {"duration_ms": 6.092416999308625, "event": "console.request", "id_hash": "h_87b3bb20f145", "status": "200"}
[WebServer] {"duration_ms": 18.799833000230137, "event": "console.request", "id_hash": "h_3605685aa4f8", "status": "200"}
[WebServer] {"duration_ms": 7.764874997519655, "event": "console.request", "id_hash": "h_e163dd1342ac", "status": "200"}
[WebServer] {"duration_ms": 12.642208999750437, "event": "console.request", "id_hash": "h_d7597dea7d6a", "status": "200"}
[WebServer] {"duration_ms": 5.625333000352839, "event": "console.request", "id_hash": "h_e5298568580a", "status": "200"}
[WebServer] {"duration_ms": 6.4152909981203265, "event": "console.request", "id_hash": "h_13bec0e61c94", "status": "200"}
[WebServer] {"duration_ms": 18.767041998216882, "event": "console.request", "id_hash": "h_a27fbd30b0f0", "status": "200"}
[WebServer] {"duration_ms": 13.818667001032736, "event": "console.request", "id_hash": "h_9f83d6d0f34a", "status": "200"}
[WebServer] {"duration_ms": 2.471042000252055, "event": "console.request", "id_hash": "h_a57d088b6e3b", "status": "200"}
[WebServer] {"duration_ms": 1.9145410005876329, "event": "console.request", "id_hash": "h_082c2152b12d", "status": "200"}
[WebServer] {"duration_ms": 28.79387500070152, "event": "console.request", "id_hash": "h_36b5710db1f4", "status": "200"}
[WebServer] {"duration_ms": 32.06974999920931, "event": "console.request", "id_hash": "h_39c737ddbc5c", "status": "200"}
[WebServer] {"duration_ms": 2.6693750005506445, "event": "console.request", "id_hash": "h_d3ac6511760f", "status": "200"}
[WebServer] {"duration_ms": 4.424333001225023, "event": "console.request", "id_hash": "h_835811f99ecf", "status": "200"}
[WebServer] {"duration_ms": 30.272708001575666, "event": "console.request", "id_hash": "h_9c352b16f80c", "status": "200"}
[WebServer] {"duration_ms": 11.34562500010361, "event": "console.request", "id_hash": "h_983e8d3efa2a", "status": "200"}
[WebServer] {"duration_ms": 14.015749999089167, "event": "console.request", "id_hash": "h_a336e7d31ce4", "status": "200"}
[WebServer] {"duration_ms": 8.360208001249703, "event": "console.request", "id_hash": "h_002431a72b29", "status": "200"}
[WebServer] {"duration_ms": 30.402708001929568, "event": "console.request", "id_hash": "h_5a1b744bb9f5", "status": "200"}
[WebServer] {"duration_ms": 24.538875000871485, "event": "console.request", "id_hash": "h_3d5fa73f143a", "status": "200"}
[WebServer] {"duration_ms": 20.70458299931488, "event": "console.request", "id_hash": "h_b73431a784a0", "status": "200"}
[WebServer] {"duration_ms": 21.984374998282874, "event": "console.request", "id_hash": "h_666da14a9771", "status": "404"}
[WebServer] {"duration_ms": 21.410207998997066, "event": "console.request", "id_hash": "h_d780797d28ec", "status": "404"}
[WebServer] {"duration_ms": 26.683959000365576, "event": "console.request", "id_hash": "h_c34260234158", "status": "200"}
[WebServer] {"duration_ms": 10.906916999374516, "event": "console.request", "id_hash": "h_48a14e7f105c", "status": "404"}
[WebServer] {"duration_ms": 4.364417000033427, "event": "console.request", "id_hash": "h_2133084bb2a3", "status": "404"}
[WebServer] {"duration_ms": 0.8035830032895319, "event": "console.request", "id_hash": "h_3ae9cce03299", "status": "200"}
[WebServer] {"duration_ms": 2.219582998804981, "event": "console.request", "id_hash": "h_d8ac53188d61", "status": "200"}
[WebServer] {"duration_ms": 1.4841670017631259, "event": "console.request", "id_hash": "h_c6ad1c22a0d4", "status": "200"}
[WebServer] {"duration_ms": 2.602708998892922, "event": "console.request", "id_hash": "h_746bc1889104", "status": "200"}
[WebServer] {"duration_ms": 0.8739160002733115, "event": "console.request", "id_hash": "h_080d8894478d", "status": "200"}
[WebServer] {"duration_ms": 7.66516699877684, "event": "console.request", "id_hash": "h_c90959b930b9", "status": "200"}
[WebServer] {"duration_ms": 1.732500000798609, "event": "console.request", "id_hash": "h_ef51d2ebf4e9", "status": "200"}
[WebServer] {"duration_ms": 1.1056250004912727, "event": "console.request", "id_hash": "h_b9fc0665f9c8", "status": "200"}
[WebServer] {"duration_ms": 2.546833002270432, "event": "console.request", "id_hash": "h_bd7289632bb0", "status": "200"}
[WebServer] {"duration_ms": 4.570291999698384, "event": "console.request", "id_hash": "h_b08e62d61dc7", "status": "200"}
[WebServer] {"duration_ms": 30.422541000007186, "event": "console.request", "id_hash": "h_90034664aef1", "status": "200"}
[WebServer] {"duration_ms": 11.144832998979837, "event": "console.request", "id_hash": "h_6c26564cc4a1", "status": "200"}
[WebServer] {"duration_ms": 13.907874999858905, "event": "console.request", "id_hash": "h_b130d86ed3e4", "status": "200"}
[WebServer] {"duration_ms": 30.944000001909444, "event": "console.request", "id_hash": "h_b8750965bc16", "status": "200"}
[WebServer] {"duration_ms": 23.00420900064637, "event": "console.request", "id_hash": "h_5a0b77689036", "status": "200"}
[WebServer] {"duration_ms": 21.618458999000723, "event": "console.request", "id_hash": "h_0ad58f4f2f7a", "status": "200"}
[WebServer] {"duration_ms": 13.56599999780883, "event": "console.request", "id_hash": "h_fd2c854163d4", "status": "404"}
[WebServer] {"duration_ms": 17.048833000444574, "event": "console.request", "id_hash": "h_840f9e0538a6", "status": "200"}
[WebServer] {"duration_ms": 13.773833998129703, "event": "console.request", "id_hash": "h_a6079e5ab7b3", "status": "404"}
[WebServer] {"duration_ms": 4.5442920018103905, "event": "console.request", "id_hash": "h_5ab4b0b49c5c", "status": "404"}
[WebServer] {"duration_ms": 0.9087920007004868, "event": "console.request", "id_hash": "h_057ae236860b", "status": "200"}
[WebServer] {"duration_ms": 1.8702090019360185, "event": "console.request", "id_hash": "h_708bff88a0ec", "status": "200"}
[WebServer] {"duration_ms": 1.9790000005741604, "event": "console.request", "id_hash": "h_8487e49c43b7", "status": "200"}
[WebServer] {"duration_ms": 2.8733340004691854, "event": "console.request", "id_hash": "h_6eeb41d0ae76", "status": "200"}
[WebServer] {"duration_ms": 5.8393750005052425, "event": "console.request", "id_hash": "h_3c347c54986f", "status": "200"}
  ✓   3 tests/browser/console.spec.ts:59:1 › real operator manages notes and current observations in Required mode (10.1s)
[WebServer] {"duration_ms": 0.8927499984565657, "event": "console.request", "id_hash": "h_33f6138aa110", "status": "200"}
[WebServer] {"duration_ms": 0.4807499972230289, "event": "console.request", "id_hash": "h_63212ede100f", "status": "404"}
[WebServer] {"duration_ms": 0.9062919998541474, "event": "console.request", "id_hash": "h_7f4eda3560e3", "status": "200"}
[WebServer] {"duration_ms": 1.9458749993646052, "event": "console.request", "id_hash": "h_d3dbcb7426af", "status": "200"}
[WebServer] {"duration_ms": 1.3895420015614945, "event": "console.request", "id_hash": "h_b2565e350e7a", "status": "200"}
[WebServer] {"duration_ms": 2.9097080005158205, "event": "console.request", "id_hash": "h_6f8fac8fdce3", "status": "401"}
[WebServer] {"duration_ms": 101.57791700112284, "event": "console.request", "id_hash": "h_78b0dc3cec90", "status": "200"}
[WebServer] {"duration_ms": 6.830249996710336, "event": "console.request", "id_hash": "h_b2e88890dfcd", "status": "200"}
[WebServer] {"duration_ms": 13.435083001240855, "event": "console.request", "id_hash": "h_17bbee415068", "status": "200"}
[WebServer] {"duration_ms": 15.304832999390783, "event": "console.request", "id_hash": "h_8a00858878d3", "status": "200"}
[WebServer] {"duration_ms": 1.1491670011309907, "event": "console.request", "id_hash": "h_dbdf043f8a34", "status": "200"}
[WebServer] {"duration_ms": 2.035874997091014, "event": "console.request", "id_hash": "h_3402675ae059", "status": "200"}
[WebServer] {"duration_ms": 1.4655000013590325, "event": "console.request", "id_hash": "h_93c3fe00914f", "status": "200"}
[WebServer] {"duration_ms": 3.2838750012160745, "event": "console.request", "id_hash": "h_0fbc2e50f1c6", "status": "200"}
[WebServer] {"duration_ms": 5.823750001582084, "event": "console.request", "id_hash": "h_bf30354f41c3", "status": "200"}
[WebServer] {"duration_ms": 7.808207999914885, "event": "console.request", "id_hash": "h_178ce223fe4a", "status": "200"}
[WebServer] {"duration_ms": 9.523291999357753, "event": "console.request", "id_hash": "h_254339b4daef", "status": "200"}
[WebServer] {"duration_ms": 9.866458000033163, "event": "console.request", "id_hash": "h_7fe0eb314ad5", "status": "204"}
  ✓   4 tests/browser/console.spec.ts:892:1 › real authentication, cookie recovery, key list, CSP, deep-route reload, API 404 (985ms)
[WebServer] {"duration_ms": 1.1432080027589109, "event": "console.request", "id_hash": "h_b6a3bd865a5d", "status": "200"}
[WebServer] {"duration_ms": 2.2041659976821393, "event": "console.request", "id_hash": "h_f91ea1bb62d2", "status": "200"}
[WebServer] {"duration_ms": 1.1994170017715078, "event": "console.request", "id_hash": "h_e1cd3019c24c", "status": "200"}
  ✓   5 tests/browser/console.spec.ts:933:1 › production CSP with explicit test fixtures: memory plain text, stats nulls and narrow layout (653ms)
[WebServer] {"duration_ms": 1.0944589994323906, "event": "console.request", "id_hash": "h_4dd4b1164672", "status": "200"}
[WebServer] {"duration_ms": 1.918124999065185, "event": "console.request", "id_hash": "h_07ee35d2b26e", "status": "200"}
[WebServer] {"duration_ms": 1.4758329998585396, "event": "console.request", "id_hash": "h_0e22d040a690", "status": "200"}
  ✓   6 tests/browser/console.spec.ts:1020:1 › import wizard invalidates mapping report and distinguishes cancelled_partial (915ms)
[WebServer] {"duration_ms": 0.8309999975608662, "event": "console.request", "id_hash": "h_acf5308119a5", "status": "200"}
[WebServer] {"duration_ms": 1.821000001655193, "event": "console.request", "id_hash": "h_8b927cd8068a", "status": "200"}
[WebServer] {"duration_ms": 1.1861670027428772, "event": "console.request", "id_hash": "h_44af7c7fc577", "status": "200"}
  ✓   7 tests/browser/console.spec.ts:1088:1 › provider rebuild acknowledgement and settings pending restart (1.1s)
[WebServer] {"duration_ms": 1.0510829997656401, "event": "console.request", "id_hash": "h_254a90a29d69", "status": "200"}
[WebServer] {"duration_ms": 1.2975829995411914, "event": "console.request", "id_hash": "h_3367aef2d23d", "status": "200"}
[WebServer] {"duration_ms": 2.426999999443069, "event": "console.request", "id_hash": "h_b7c89683db53", "status": "200"}
[WebServer] {"duration_ms": 3.778667000005953, "event": "console.request", "id_hash": "h_77cf53d2dba2", "status": "401"}
[WebServer] {"duration_ms": 102.45141599807539, "event": "console.request", "id_hash": "h_156c4d72af2b", "status": "200"}
[WebServer] {"duration_ms": 6.71370900090551, "event": "console.request", "id_hash": "h_d8a518486854", "status": "200"}
[WebServer] {"duration_ms": 17.76629099913407, "event": "console.request", "id_hash": "h_ff4548e74af5", "status": "200"}
[WebServer] {"duration_ms": 23.144417002185946, "event": "console.request", "id_hash": "h_85668b6da30b", "status": "200"}
[WebServer] {"duration_ms": 23.62274999904912, "event": "console.request", "id_hash": "h_6c9f1a37d408", "status": "200"}
[WebServer] {"duration_ms": 8.319958000356564, "event": "console.request", "id_hash": "h_b3744dcad282", "status": "403"}
[WebServer] {"duration_ms": 8.211125001253095, "event": "console.request", "id_hash": "h_a7c43edf10c3", "status": "200"}
[WebServer] {"duration_ms": 17.690041997411754, "event": "console.request", "id_hash": "h_5951825bfd68", "status": "201"}
[WebServer] {"duration_ms": 4.206207999231992, "event": "console.request", "id_hash": "h_ac4cf36befb5", "status": "200"}
[WebServer] {"duration_ms": 22.34583300014492, "event": "console.request", "id_hash": "h_3a928fd2b74f", "status": "200"}
[WebServer] {"duration_ms": 4.987000000255648, "event": "console.request", "id_hash": "h_ce240e63620f", "status": "200"}
  ✓   8 tests/browser/console.spec.ts:1161:1 › real operator issuance prompts reauth, shows secret once, and revokes disposable test key (988ms)
[WebServer] {"duration_ms": 0.8589169992774259, "event": "console.request", "id_hash": "h_1bfc58f5da2b", "status": "200"}
[WebServer] {"duration_ms": 1.8515409974497743, "event": "console.request", "id_hash": "h_09fbe95fabd2", "status": "200"}
[WebServer] {"duration_ms": 1.133374997152714, "event": "console.request", "id_hash": "h_095c6984d553", "status": "200"}
[WebServer] {"duration_ms": 4.364541000541067, "event": "console.request", "id_hash": "h_2772d1dd3d2c", "status": "401"}
[WebServer] {"duration_ms": 102.39145800005645, "event": "console.request", "id_hash": "h_5a7750cf1f39", "status": "200"}
[WebServer] {"duration_ms": 6.591458000912098, "event": "console.request", "id_hash": "h_861419cf1429", "status": "200"}
[WebServer] {"duration_ms": 37.389332999737235, "event": "console.request", "id_hash": "h_57983e4392cd", "status": "200"}
[WebServer] {"duration_ms": 6.025291000696598, "event": "console.request", "id_hash": "h_6031b13a7ab9", "status": "200"}
[WebServer] {"duration_ms": 27.641457996651297, "event": "console.request", "id_hash": "h_ed49eda2cabe", "status": "200"}
[WebServer] {"duration_ms": 28.42975000021397, "event": "console.request", "id_hash": "h_1ed44792eea2", "status": "200"}
[WebServer] {"duration_ms": 29.41524999914691, "event": "console.request", "id_hash": "h_a74bfb4f312e", "status": "200"}
[WebServer] {"duration_ms": 30.34733300228254, "event": "console.request", "id_hash": "h_3bae644b67a5", "status": "200"}
[WebServer] {"duration_ms": 23.163625002780464, "event": "console.request", "id_hash": "h_53b4cd8d4ea4", "status": "201"}
[WebServer] {"duration_ms": 5.385583001043415, "event": "console.request", "id_hash": "h_352c8a911b19", "status": "200"}
[WebServer] {"duration_ms": 9.287708999181632, "event": "console.request", "id_hash": "h_1da939d62d8d", "status": "200"}
[WebServer] {"duration_ms": 24.12637499946868, "event": "console.request", "id_hash": "h_6d7fb6929fb3", "status": "200"}
[WebServer] {"duration_ms": 7.914834000985138, "event": "console.request", "id_hash": "h_7932c6b575b0", "status": "200"}
[WebServer] {"duration_ms": 12.891166999907, "event": "console.request", "id_hash": "h_a4e756ca8083", "status": "200"}
[WebServer] {"duration_ms": 19.870500000251923, "event": "console.request", "id_hash": "h_f0fc0387fadc", "status": "200"}
[WebServer] {"duration_ms": 11.469208002381492, "event": "console.request", "id_hash": "h_952a38838e23", "status": "200"}
[WebServer] {"duration_ms": 14.69162500143284, "event": "console.request", "id_hash": "h_691e8d0575ab", "status": "200"}
[WebServer] {"duration_ms": 20.37279099749867, "event": "console.request", "id_hash": "h_6f823215a294", "status": "200"}
[WebServer] {"duration_ms": 0.9620829987397883, "event": "console.request", "id_hash": "h_9c8d0f58ae2e", "status": "200"}
[WebServer] {"duration_ms": 2.091041998937726, "event": "console.request", "id_hash": "h_45b281c2f27f", "status": "200"}
[WebServer] {"duration_ms": 1.8188750000263099, "event": "console.request", "id_hash": "h_ac3ab0a7601a", "status": "200"}
[WebServer] {"duration_ms": 12.300791997404303, "event": "console.request", "id_hash": "h_f5060b8662ec", "status": "200"}
[WebServer] {"duration_ms": 16.991500000585802, "event": "console.request", "id_hash": "h_6a4108a05f5a", "status": "200"}
[WebServer] {"duration_ms": 2.5678749989310745, "event": "console.request", "id_hash": "h_ddb7cbbb6a8b", "status": "200"}
[WebServer] {"duration_ms": 4.696083000453655, "event": "console.request", "id_hash": "h_a4e789598138", "status": "200"}
[WebServer] {"duration_ms": 30.2590829996916, "event": "console.request", "id_hash": "h_4c68f1ce3733", "status": "200"}
[WebServer] {"duration_ms": 7.393750001938315, "event": "console.request", "id_hash": "h_327e2a9a9d10", "status": "200"}
[WebServer] {"duration_ms": 12.321124999289168, "event": "console.request", "id_hash": "h_6eabde9532cb", "status": "200"}
[WebServer] {"duration_ms": 22.512167000968475, "event": "console.request", "id_hash": "h_9a92139bfda5", "status": "200"}
[WebServer] {"duration_ms": 12.876958997367183, "event": "console.request", "id_hash": "h_7ef2a16ac963", "status": "200"}
[WebServer] {"duration_ms": 13.602167000499321, "event": "console.request", "id_hash": "h_aa5b9f9387a9", "status": "200"}
[WebServer] {"duration_ms": 5.783624998002779, "event": "console.request", "id_hash": "h_f7b79e37b4e8", "status": "200"}
[WebServer] {"duration_ms": 12.022666000120807, "event": "console.request", "id_hash": "h_150336250f84", "status": "200"}
[WebServer] {"duration_ms": 44.415500000468455, "event": "console.request", "id_hash": "h_7c5dcfdafddd", "status": "200"}
[WebServer] {"duration_ms": 46.69879200082505, "event": "console.request", "id_hash": "h_81bf232535bc", "status": "200"}
[WebServer] {"duration_ms": 45.68812499928754, "event": "console.request", "id_hash": "h_148ca473d5a6", "status": "200"}
[WebServer] {"duration_ms": 0.9183340007439256, "event": "console.request", "id_hash": "h_c3d311b49733", "status": "200"}
[WebServer] {"duration_ms": 1.6654999999445863, "event": "console.request", "id_hash": "h_05e7b5ae52ed", "status": "200"}
[WebServer] {"duration_ms": 1.6050830017775297, "event": "console.request", "id_hash": "h_8ff2b3920738", "status": "200"}
[WebServer] {"duration_ms": 2.8444999989005737, "event": "console.request", "id_hash": "h_1d4059971ffc", "status": "200"}
[WebServer] {"duration_ms": 4.663208001147723, "event": "console.request", "id_hash": "h_8fe527f76a02", "status": "200"}
[WebServer] {"duration_ms": 44.25279200222576, "event": "console.request", "id_hash": "h_920c0fb0b385", "status": "200"}
[WebServer] {"duration_ms": 12.853625001298496, "event": "console.request", "id_hash": "h_df1012b25e9f", "status": "200"}
[WebServer] {"duration_ms": 14.838958002656, "event": "console.request", "id_hash": "h_1474b8aac11a", "status": "200"}
[WebServer] {"duration_ms": 44.57774999900721, "event": "console.request", "id_hash": "h_414c38796491", "status": "200"}
[WebServer] {"duration_ms": 44.10391700002947, "event": "console.request", "id_hash": "h_9dc1e4f64681", "status": "200"}
[WebServer] {"duration_ms": 44.20558300262201, "event": "console.request", "id_hash": "h_9f1b84ff33f0", "status": "200"}
[WebServer] {"duration_ms": 12.158124998677522, "event": "console.request", "id_hash": "h_ee7b5a5ad61d", "status": "200"}
[WebServer] {"duration_ms": 1.5081660021678545, "event": "console.request", "id_hash": "h_d7b14118a3f7", "status": "200"}
[WebServer] {"duration_ms": 1.5548330011370126, "event": "console.request", "id_hash": "h_cbe40c634040", "status": "200"}
[WebServer] {"duration_ms": 2.7835420005430933, "event": "console.request", "id_hash": "h_b19abc88e7c9", "status": "200"}
[WebServer] {"duration_ms": 4.349875001935288, "event": "console.request", "id_hash": "h_d7a7b08bfd99", "status": "200"}
[WebServer] {"duration_ms": 30.587749999540392, "event": "console.request", "id_hash": "h_e360b7013aea", "status": "200"}
[WebServer] {"duration_ms": 7.772666998789646, "event": "console.request", "id_hash": "h_de370aed29b4", "status": "200"}
[WebServer] {"duration_ms": 12.284249998629093, "event": "console.request", "id_hash": "h_9e521ddfdbb4", "status": "200"}
[WebServer] {"duration_ms": 31.79774999807705, "event": "console.request", "id_hash": "h_512aa065c8b8", "status": "200"}
[WebServer] {"duration_ms": 19.208541998523287, "event": "console.request", "id_hash": "h_053165b2308b", "status": "200"}
[WebServer] {"duration_ms": 17.702042001474183, "event": "console.request", "id_hash": "h_b6903f1ed7eb", "status": "200"}
[WebServer] {"duration_ms": 20.678209002653603, "event": "console.request", "id_hash": "h_1ea75017da91", "status": "404"}
[WebServer] {"duration_ms": 20.415167000464862, "event": "console.request", "id_hash": "h_234c59198822", "status": "404"}
[WebServer] {"duration_ms": 22.53387500240933, "event": "console.request", "id_hash": "h_c2904ff52075", "status": "200"}
[WebServer] {"duration_ms": 4.553459002636373, "event": "console.request", "id_hash": "h_3ef2245e71f6", "status": "404"}
[WebServer] {"duration_ms": 7.735541999863926, "event": "console.request", "id_hash": "h_ea0ce94b7d99", "status": "200"}
[WebServer] {"duration_ms": 0.8120419988699723, "event": "console.request", "id_hash": "h_61bd06c7bc13", "status": "200"}
[WebServer] {"duration_ms": 2.253250000649132, "event": "console.request", "id_hash": "h_647b808e5f4d", "status": "200"}
[WebServer] {"duration_ms": 2.4325410013261717, "event": "console.request", "id_hash": "h_12db4c2a830a", "status": "200"}
[WebServer] {"duration_ms": 2.5957079997169785, "event": "console.request", "id_hash": "h_8baff4e48012", "status": "200"}
[WebServer] {"duration_ms": 7.1609999977226835, "event": "console.request", "id_hash": "h_062e42ffa498", "status": "200"}
  ✓   9 tests/browser/console.spec.ts:1241:1 › real Focus create edit dormant and activation preserve revisions in Required mode (2.3s)
[WebServer] {"duration_ms": 0.8200000011129305, "event": "console.request", "id_hash": "h_90cf5e5303a0", "status": "200"}
[WebServer] {"duration_ms": 1.166041001852136, "event": "console.request", "id_hash": "h_b060fd2b7fae", "status": "200"}
[WebServer] {"duration_ms": 1.8416669990983792, "event": "console.request", "id_hash": "h_4aedadfaa899", "status": "200"}
[WebServer] {"duration_ms": 5.001749999792082, "event": "console.request", "id_hash": "h_744a76780d59", "status": "401"}
[WebServer] {"duration_ms": 102.68445900146617, "event": "console.request", "id_hash": "h_af93b33bce63", "status": "200"}
[WebServer] {"duration_ms": 6.462917001044843, "event": "console.request", "id_hash": "h_287315c8cbe2", "status": "200"}
[WebServer] {"duration_ms": 36.94008299862617, "event": "console.request", "id_hash": "h_7a6ae69fa865", "status": "200"}
[WebServer] {"duration_ms": 5.652542000461835, "event": "console.request", "id_hash": "h_b39b4e9a0e81", "status": "200"}
[WebServer] {"duration_ms": 28.0667920014821, "event": "console.request", "id_hash": "h_2b9b1e87ef74", "status": "200"}
[WebServer] {"duration_ms": 29.32629100178019, "event": "console.request", "id_hash": "h_02278ea7c6a6", "status": "200"}
[WebServer] {"duration_ms": 29.448084002069663, "event": "console.request", "id_hash": "h_3e40a4b575f4", "status": "200"}
[WebServer] {"duration_ms": 31.297500001528533, "event": "console.request", "id_hash": "h_6de1483b9c3f", "status": "200"}
[WebServer] {"duration_ms": 20.060499999090098, "event": "console.request", "id_hash": "h_a8fd9f2e998e", "status": "201"}
[WebServer] {"duration_ms": 4.9845829998957925, "event": "console.request", "id_hash": "h_5ac36b2f8ef7", "status": "200"}
[WebServer] {"duration_ms": 8.906999999453546, "event": "console.request", "id_hash": "h_768282a77820", "status": "200"}
[WebServer] {"duration_ms": 23.344958000961924, "event": "console.request", "id_hash": "h_749d4bfcecab", "status": "200"}
[WebServer] {"duration_ms": 12.06349999847589, "event": "console.request", "id_hash": "h_647aea0335fc", "status": "200"}
[WebServer] {"duration_ms": 14.87654100128566, "event": "console.request", "id_hash": "h_3fbd44f8fc48", "status": "200"}
[WebServer] {"duration_ms": 19.95054200233426, "event": "console.request", "id_hash": "h_e8064bf67562", "status": "200"}
[WebServer] {"duration_ms": 0.9705840020615142, "event": "console.request", "id_hash": "h_1b119d4cc800", "status": "200"}
[WebServer] {"duration_ms": 1.6702920001989696, "event": "console.request", "id_hash": "h_d1b4be452289", "status": "200"}
[WebServer] {"duration_ms": 2.752291999058798, "event": "console.request", "id_hash": "h_ac8fb88cee97", "status": "200"}
[WebServer] {"duration_ms": 12.181124999187887, "event": "console.request", "id_hash": "h_007021f704ae", "status": "200"}
[WebServer] {"duration_ms": 17.54833299855818, "event": "console.request", "id_hash": "h_91788abbcb18", "status": "200"}
[WebServer] {"duration_ms": 2.619667000544723, "event": "console.request", "id_hash": "h_afb19c1704f9", "status": "200"}
[WebServer] {"duration_ms": 5.366040997614618, "event": "console.request", "id_hash": "h_b6c3d973d3ae", "status": "200"}
[WebServer] {"duration_ms": 30.70008400027291, "event": "console.request", "id_hash": "h_21f7cc756fb6", "status": "200"}
[WebServer] {"duration_ms": 7.81470899892156, "event": "console.request", "id_hash": "h_d68386efac1e", "status": "200"}
[WebServer] {"duration_ms": 12.409999999363208, "event": "console.request", "id_hash": "h_589570127ab8", "status": "200"}
[WebServer] {"duration_ms": 32.314875003066845, "event": "console.request", "id_hash": "h_c1e018c3c804", "status": "200"}
[WebServer] {"duration_ms": 18.989625001267996, "event": "console.request", "id_hash": "h_381bed7af95b", "status": "200"}
[WebServer] {"duration_ms": 20.45404199816403, "event": "console.request", "id_hash": "h_d36f0ee2658e", "status": "200"}
[WebServer] {"duration_ms": 24.448916003166232, "event": "console.request", "id_hash": "h_0c8537c2ddbe", "status": "404"}
[WebServer] {"duration_ms": 25.009666998812463, "event": "console.request", "id_hash": "h_961200a5dec9", "status": "404"}
[WebServer] {"duration_ms": 25.799958002608037, "event": "console.request", "id_hash": "h_19d71ddf2d9f", "status": "200"}
[WebServer] {"duration_ms": 4.922208001516992, "event": "console.request", "id_hash": "h_2d4295641da6", "status": "404"}
[WebServer] {"duration_ms": 0.8219169976655394, "event": "console.request", "id_hash": "h_3f864d0facdc", "status": "200"}
[WebServer] {"duration_ms": 1.0472909998497926, "event": "console.request", "id_hash": "h_85b1cb8e19a3", "status": "200"}
[WebServer] {"duration_ms": 1.8687910014705267, "event": "console.request", "id_hash": "h_66b886c5daaa", "status": "200"}
[WebServer] {"duration_ms": 2.7525420009624213, "event": "console.request", "id_hash": "h_77019f285716", "status": "200"}
[WebServer] {"duration_ms": 4.350417002569884, "event": "console.request", "id_hash": "h_a0eb00caa13b", "status": "200"}
[WebServer] {"duration_ms": 29.945334001240553, "event": "console.request", "id_hash": "h_a04f9fd2d662", "status": "200"}
[WebServer] {"duration_ms": 4.854625000007218, "event": "console.request", "id_hash": "h_d1660ade6773", "status": "200"}
[WebServer] {"duration_ms": 25.821957999141887, "event": "console.request", "id_hash": "h_693f73487703", "status": "200"}
[WebServer] {"duration_ms": 27.18641699902946, "event": "console.request", "id_hash": "h_27d07940261b", "status": "200"}
[WebServer] {"duration_ms": 27.116334000311326, "event": "console.request", "id_hash": "h_e3e77901557e", "status": "200"}
[WebServer] {"duration_ms": 28.6288749994128, "event": "console.request", "id_hash": "h_2ff1de6b89db", "status": "200"}
[WebServer] {"duration_ms": 20.546707997709746, "event": "console.request", "id_hash": "h_1834d59165ae", "status": "201"}
[WebServer] {"duration_ms": 1.1090829975728411, "event": "console.request", "id_hash": "h_9742b4300e21", "status": "200"}
[WebServer] {"duration_ms": 5.845457999384962, "event": "console.request", "id_hash": "h_0a327009e5c4", "status": "200"}
[WebServer] {"duration_ms": 1.3859169994248077, "event": "console.request", "id_hash": "h_3836b7dd4fb4", "status": "200"}
[WebServer] {"duration_ms": 1.8325419987377245, "event": "console.request", "id_hash": "h_12b59d8705a3", "status": "200"}
[WebServer] {"duration_ms": 2.5499160001345444, "event": "console.request", "id_hash": "h_42f9c2bda61a", "status": "200"}
[WebServer] {"duration_ms": 5.195832996832905, "event": "console.request", "id_hash": "h_f851666e346d", "status": "200"}
[WebServer] {"duration_ms": 30.55333299926133, "event": "console.request", "id_hash": "h_f8e826d52e1e", "status": "200"}
[WebServer] {"duration_ms": 4.624249999324093, "event": "console.request", "id_hash": "h_162ea5b789e3", "status": "200"}
[WebServer] {"duration_ms": 8.709875000931788, "event": "console.request", "id_hash": "h_8f9fae6fa5a5", "status": "200"}
[WebServer] {"duration_ms": 5.882624998776009, "event": "console.request", "id_hash": "h_70eb7f347bc6", "status": "404"}
  ✓  10 tests/browser/console.spec.ts:1430:1 › real State correction expiry deletion and recreation preserve identities (2.1s)
[WebServer] {"duration_ms": 1.6227080013777595, "event": "console.request", "id_hash": "h_98a7f89d0559", "status": "200"}
[WebServer] {"duration_ms": 1.5408340004796628, "event": "console.request", "id_hash": "h_3711955007f0", "status": "200"}
[WebServer] {"duration_ms": 1.4615420004702173, "event": "console.request", "id_hash": "h_559422d2ffbc", "status": "200"}
[WebServer] {"duration_ms": 4.319375002523884, "event": "console.request", "id_hash": "h_fd8a19006d3b", "status": "401"}
[WebServer] {"duration_ms": 101.9359580022865, "event": "console.request", "id_hash": "h_913446f442e7", "status": "200"}
[WebServer] {"duration_ms": 6.104667001636699, "event": "console.request", "id_hash": "h_554a3835dbc3", "status": "200"}
[WebServer] {"duration_ms": 50.32879200007301, "event": "console.request", "id_hash": "h_8031b0ae8e64", "status": "200"}
[WebServer] {"duration_ms": 5.460541000502417, "event": "console.request", "id_hash": "h_90a403809079", "status": "200"}
[WebServer] {"duration_ms": 41.10470899831853, "event": "console.request", "id_hash": "h_9ce6f0d8001a", "status": "200"}
[WebServer] {"duration_ms": 44.70995800147648, "event": "console.request", "id_hash": "h_a5897c52fcee", "status": "200"}
[WebServer] {"duration_ms": 45.19900000013877, "event": "console.request", "id_hash": "h_b3f61299b7c4", "status": "200"}
[WebServer] {"duration_ms": 45.55370800153469, "event": "console.request", "id_hash": "h_2472097d99c5", "status": "200"}
[WebServer] {"duration_ms": 46.04420800023945, "event": "console.request", "id_hash": "h_3d5afe153409", "status": "200"}
[WebServer] {"duration_ms": 21.683875002054265, "event": "console.request", "id_hash": "h_afe385edd255", "status": "201"}
[WebServer] {"duration_ms": 4.940250000800006, "event": "console.request", "id_hash": "h_d4e6a177fdf4", "status": "200"}
[WebServer] {"duration_ms": 9.804250003071502, "event": "console.request", "id_hash": "h_d3b0e50fdcca", "status": "200"}
[WebServer] {"duration_ms": 26.656666999770096, "event": "console.request", "id_hash": "h_45d7dd738726", "status": "200"}
[WebServer] {"duration_ms": 38.74912500032224, "event": "console.request", "id_hash": "h_ede3975ec603", "status": "200"}
[WebServer] {"duration_ms": 38.97733299891115, "event": "console.request", "id_hash": "h_12f6f4ceb766", "status": "200"}
[WebServer] {"duration_ms": 20.768917001987575, "event": "console.request", "id_hash": "h_aa8d14d148ad", "status": "200"}
[WebServer] {"duration_ms": 11.126792000140995, "event": "console.request", "id_hash": "h_1e9e7c4046d9", "status": "200"}
[WebServer] {"duration_ms": 13.671459000761388, "event": "console.request", "id_hash": "h_54223d0299ac", "status": "200"}
[WebServer] {"duration_ms": 29.08916700107511, "event": "console.request", "id_hash": "h_3a6435f3bbcb", "status": "200"}
[WebServer] {"duration_ms": 36.62383299888461, "event": "console.request", "id_hash": "h_187d05e761ac", "status": "200"}
[WebServer] {"duration_ms": 36.54754099989077, "event": "console.request", "id_hash": "h_7f15271ebd69", "status": "200"}
[WebServer] {"duration_ms": 20.284334001189563, "event": "console.request", "id_hash": "h_dd25ba702a68", "status": "200"}
[WebServer] {"duration_ms": 8.120624999719439, "event": "console.request", "id_hash": "h_c1516a27afc4", "status": "200"}
[WebServer] {"duration_ms": 12.25075000184006, "event": "console.request", "id_hash": "h_db1a6ce70f05", "status": "200"}
[WebServer] {"duration_ms": 20.017291000840487, "event": "console.request", "id_hash": "h_a15c6de7cd4a", "status": "200"}
[WebServer] {"duration_ms": 32.38112500184798, "event": "console.request", "id_hash": "h_23b9694ee064", "status": "200"}
[WebServer] {"duration_ms": 33.177916000568075, "event": "console.request", "id_hash": "h_371bec741fb6", "status": "200"}
[WebServer] {"duration_ms": 20.53341699865996, "event": "console.request", "id_hash": "h_f14ab1d64706", "status": "200"}
[WebServer] {"duration_ms": 1.0150410016649403, "event": "console.request", "id_hash": "h_564ce092dc33", "status": "200"}
[WebServer] {"duration_ms": 1.6336250009771902, "event": "console.request", "id_hash": "h_fc8bfd958c93", "status": "200"}
[WebServer] {"duration_ms": 2.547750002122484, "event": "console.request", "id_hash": "h_549514fb9d32", "status": "200"}
[WebServer] {"duration_ms": 12.610166999365902, "event": "console.request", "id_hash": "h_3ab6835ab966", "status": "200"}
[WebServer] {"duration_ms": 17.796000000089407, "event": "console.request", "id_hash": "h_083d1f21507f", "status": "200"}
[WebServer] {"duration_ms": 3.3633749990258366, "event": "console.request", "id_hash": "h_b8d55de1d042", "status": "200"}
[WebServer] {"duration_ms": 5.034957997850142, "event": "console.request", "id_hash": "h_9b0817283f97", "status": "200"}
[WebServer] {"duration_ms": 30.34391599794617, "event": "console.request", "id_hash": "h_2a50058bb9a3", "status": "200"}
[WebServer] {"duration_ms": 8.230957999330712, "event": "console.request", "id_hash": "h_6ff291290cbd", "status": "200"}
[WebServer] {"duration_ms": 13.399125000432832, "event": "console.request", "id_hash": "h_4002386afdf4", "status": "200"}
[WebServer] {"duration_ms": 37.799249999807216, "event": "console.request", "id_hash": "h_abb99f0f7c6d", "status": "200"}
[WebServer] {"duration_ms": 38.64237500238232, "event": "console.request", "id_hash": "h_6bbbf2d1d456", "status": "200"}
[WebServer] {"duration_ms": 43.01666699757334, "event": "console.request", "id_hash": "h_97fe458a5a6f", "status": "200"}
  ✓  11 tests/browser/console.spec.ts:1597:1 › real Task create edit and transitions preserve revisions in Required mode (1.3s)
[WebServer] {"duration_ms": 1.1085829974035732, "event": "console.request", "id_hash": "h_13ca95b18cff", "status": "200"}
[WebServer] {"duration_ms": 1.6112080011225771, "event": "console.request", "id_hash": "h_6625e23833fa", "status": "200"}
[WebServer] {"duration_ms": 1.252334001037525, "event": "console.request", "id_hash": "h_e64456467ab6", "status": "200"}
[WebServer] {"duration_ms": 4.170667001744732, "event": "console.request", "id_hash": "h_9f8c1db699ab", "status": "401"}
[WebServer] {"duration_ms": 102.43291600272642, "event": "console.request", "id_hash": "h_e4b371077f41", "status": "200"}
[WebServer] {"duration_ms": 6.474083998909919, "event": "console.request", "id_hash": "h_47289ba22101", "status": "200"}
[WebServer] {"duration_ms": 35.874041001079604, "event": "console.request", "id_hash": "h_a2c905d7c072", "status": "200"}
[WebServer] {"duration_ms": 6.214875000296161, "event": "console.request", "id_hash": "h_6054d7dbe787", "status": "200"}
[WebServer] {"duration_ms": 45.39516699878732, "event": "console.request", "id_hash": "h_7276d4197f79", "status": "200"}
[WebServer] {"duration_ms": 45.58983400056604, "event": "console.request", "id_hash": "h_3d1726ace211", "status": "200"}
[WebServer] {"duration_ms": 46.10362499806797, "event": "console.request", "id_hash": "h_472703c5c611", "status": "200"}
[WebServer] {"duration_ms": 47.98999999911757, "event": "console.request", "id_hash": "h_7de2788a50b3", "status": "200"}
[WebServer] {"duration_ms": 46.5307499980554, "event": "console.request", "id_hash": "h_e49a99ef42a4", "status": "200"}
[WebServer] {"duration_ms": 22.724374997778796, "event": "console.request", "id_hash": "h_7c7570d72abc", "status": "201"}
[WebServer] {"duration_ms": 5.490874998940853, "event": "console.request", "id_hash": "h_e65875a330d5", "status": "200"}
[WebServer] {"duration_ms": 9.677457997895544, "event": "console.request", "id_hash": "h_e948d1da442c", "status": "200"}
[WebServer] {"duration_ms": 38.88487500080373, "event": "console.request", "id_hash": "h_cc5af91a3232", "status": "200"}
[WebServer] {"duration_ms": 40.07395900043775, "event": "console.request", "id_hash": "h_9c5676d6e23c", "status": "200"}
[WebServer] {"duration_ms": 44.24124999786727, "event": "console.request", "id_hash": "h_d74ba3a4c480", "status": "200"}
[WebServer] {"duration_ms": 20.243916998879286, "event": "console.request", "id_hash": "h_dea20547425f", "status": "201"}
[WebServer] {"duration_ms": 21.159249998163432, "event": "console.request", "id_hash": "h_8ff8e01d600b", "status": "200"}
[WebServer] {"duration_ms": 28.223207998962607, "event": "console.request", "id_hash": "h_c46a88667e52", "status": "200"}
[WebServer] {"duration_ms": 30.091374999756226, "event": "console.request", "id_hash": "h_0ab56a569bef", "status": "200"}
[WebServer] {"duration_ms": 29.03708300073049, "event": "console.request", "id_hash": "h_d8e67818334c", "status": "200"}
[WebServer] {"duration_ms": 37.7171250001993, "event": "console.request", "id_hash": "h_9de99e05de5c", "status": "200"}
[WebServer] {"duration_ms": 38.00987499926123, "event": "console.request", "id_hash": "h_a962e4579251", "status": "200"}
[WebServer] {"duration_ms": 19.758166999963578, "event": "console.request", "id_hash": "h_042259ffb3d4", "status": "200"}
[WebServer] {"duration_ms": 23.873750000348082, "event": "console.request", "id_hash": "h_1cf6cc059e81", "status": "200"}
[WebServer] {"duration_ms": 29.983542000991292, "event": "console.request", "id_hash": "h_90f4d14f059a", "status": "200"}
[WebServer] {"duration_ms": 31.873332998657133, "event": "console.request", "id_hash": "h_2a9b52842e33", "status": "200"}
[WebServer] {"duration_ms": 45.113584001228446, "event": "console.request", "id_hash": "h_f4bf03639aca", "status": "200"}
[WebServer] {"duration_ms": 45.284625000931555, "event": "console.request", "id_hash": "h_158d8a4379b5", "status": "200"}
[WebServer] {"duration_ms": 46.11045799902058, "event": "console.request", "id_hash": "h_4a4a7e5d1213", "status": "200"}
[WebServer] {"duration_ms": 24.899500000174157, "event": "console.request", "id_hash": "h_0a392f4e826a", "status": "200"}
[WebServer] {"duration_ms": 1.013832999888109, "event": "console.request", "id_hash": "h_e6f587a7d1ed", "status": "200"}
[WebServer] {"duration_ms": 2.065041997411754, "event": "console.request", "id_hash": "h_86b859aab4bb", "status": "200"}
[WebServer] {"duration_ms": 1.3195419996918645, "event": "console.request", "id_hash": "h_ffcafcde7532", "status": "200"}
[WebServer] {"duration_ms": 14.026542001374764, "event": "console.request", "id_hash": "h_e80be7f866bb", "status": "200"}
[WebServer] {"duration_ms": 32.26566699959221, "event": "console.request", "id_hash": "h_3ebb3c05358f", "status": "200"}
[WebServer] {"duration_ms": 44.088207996537676, "event": "console.request", "id_hash": "h_09769e604cec", "status": "200"}
[WebServer] {"duration_ms": 12.585707998368889, "event": "console.request", "id_hash": "h_a3f77a975639", "status": "200"}
[WebServer] {"duration_ms": 46.21741600203677, "event": "console.request", "id_hash": "h_67de4f278ee4", "status": "200"}
[WebServer] {"duration_ms": 29.841624997061444, "event": "console.request", "id_hash": "h_9515b106eff2", "status": "200"}
[WebServer] {"duration_ms": 12.861041999713052, "event": "console.request", "id_hash": "h_30c36854f3e1", "status": "200"}
[WebServer] {"duration_ms": 13.558665999880759, "event": "console.request", "id_hash": "h_5e45818159b3", "status": "200"}
[WebServer] {"duration_ms": 35.94145799797843, "event": "console.request", "id_hash": "h_0c82e91cd6df", "status": "200"}
[WebServer] {"duration_ms": 45.02525000134483, "event": "console.request", "id_hash": "h_88bd4e8f239c", "status": "200"}
[WebServer] {"duration_ms": 44.79320800237474, "event": "console.request", "id_hash": "h_c1abb1d1d550", "status": "200"}
  ✓  12 tests/browser/console.spec.ts:1703:1 › real Task steps atomically advance child and parent revisions (1.8s)
[WebServer] {"duration_ms": 1.1870409980474506, "event": "console.request", "id_hash": "h_0c98000f6186", "status": "200"}
[WebServer] {"duration_ms": 1.7133750006905757, "event": "console.request", "id_hash": "h_b5484fecc5f5", "status": "200"}
[WebServer] {"duration_ms": 1.2975829995411914, "event": "console.request", "id_hash": "h_6108345d7893", "status": "200"}
[WebServer] {"duration_ms": 3.548708002199419, "event": "console.request", "id_hash": "h_3f1add62b730", "status": "401"}
[WebServer] {"duration_ms": 102.44900000179769, "event": "console.request", "id_hash": "h_b138b3b1a008", "status": "200"}
[WebServer] {"duration_ms": 6.301416997303022, "event": "console.request", "id_hash": "h_f5f9a5c35f31", "status": "200"}
[WebServer] {"duration_ms": 51.369625001825625, "event": "console.request", "id_hash": "h_375caf3d52aa", "status": "200"}
[WebServer] {"duration_ms": 5.202083000767743, "event": "console.request", "id_hash": "h_6f754c2bed9d", "status": "200"}
[WebServer] {"duration_ms": 39.855167000496294, "event": "console.request", "id_hash": "h_01770fc0cde7", "status": "200"}
[WebServer] {"duration_ms": 42.37095899952692, "event": "console.request", "id_hash": "h_4480d4d44d35", "status": "200"}
[WebServer] {"duration_ms": 41.94245799953933, "event": "console.request", "id_hash": "h_62d75b7a824b", "status": "200"}
[WebServer] {"duration_ms": 42.026416998851346, "event": "console.request", "id_hash": "h_9caf480386fd", "status": "200"}
[WebServer] {"duration_ms": 44.04749999957858, "event": "console.request", "id_hash": "h_c90db4e93d09", "status": "200"}
[WebServer] {"duration_ms": 21.972500002448214, "event": "console.request", "id_hash": "h_521252e37010", "status": "201"}
[WebServer] {"duration_ms": 5.490625000675209, "event": "console.request", "id_hash": "h_871ce5ef0703", "status": "200"}
[WebServer] {"duration_ms": 8.927250000851927, "event": "console.request", "id_hash": "h_e7ba787f84f5", "status": "200"}
[WebServer] {"duration_ms": 30.093582998233614, "event": "console.request", "id_hash": "h_2bc886631eca", "status": "200"}
[WebServer] {"duration_ms": 39.14516700024251, "event": "console.request", "id_hash": "h_15920eb78e61", "status": "200"}
[WebServer] {"duration_ms": 39.52949999802513, "event": "console.request", "id_hash": "h_c56dff124ebc", "status": "200"}
[WebServer] {"duration_ms": 19.81083300051978, "event": "console.request", "id_hash": "h_2b63858d29a4", "status": "201"}
[WebServer] {"duration_ms": 22.335542002110742, "event": "console.request", "id_hash": "h_f0891de8c35b", "status": "200"}
[WebServer] {"duration_ms": 26.267291999829467, "event": "console.request", "id_hash": "h_a1c25af8ac13", "status": "200"}
[WebServer] {"duration_ms": 29.41954100242583, "event": "console.request", "id_hash": "h_f10ec3a3309f", "status": "200"}
[WebServer] {"duration_ms": 27.608625001448672, "event": "console.request", "id_hash": "h_ec8c7caa6596", "status": "200"}
[WebServer] {"duration_ms": 32.106291997479275, "event": "console.request", "id_hash": "h_5ab98d3ff45f", "status": "200"}
[WebServer] {"duration_ms": 36.45054099979461, "event": "console.request", "id_hash": "h_43f494c94feb", "status": "200"}
[WebServer] {"duration_ms": 20.67075000013574, "event": "console.request", "id_hash": "h_f346cc86662e", "status": "201"}
[WebServer] {"duration_ms": 23.752749999403022, "event": "console.request", "id_hash": "h_04d3be865f99", "status": "200"}
[WebServer] {"duration_ms": 29.268875001434935, "event": "console.request", "id_hash": "h_dc7c6784f1b3", "status": "200"}
[WebServer] {"duration_ms": 35.601042000052985, "event": "console.request", "id_hash": "h_effe4f17746c", "status": "200"}
[WebServer] {"duration_ms": 29.641249999258434, "event": "console.request", "id_hash": "h_63c48e166350", "status": "200"}
[WebServer] {"duration_ms": 37.74175000216928, "event": "console.request", "id_hash": "h_30637484660f", "status": "200"}
[WebServer] {"duration_ms": 38.17649999837158, "event": "console.request", "id_hash": "h_8dc64d3392e9", "status": "200"}
[WebServer] {"duration_ms": 14.239083000575192, "event": "console.request", "id_hash": "h_2758919739b4", "status": "200"}
[WebServer] {"duration_ms": 18.989916999998968, "event": "console.request", "id_hash": "h_2c2990eb8c25", "status": "200"}
[WebServer] {"duration_ms": 23.18254100100603, "event": "console.request", "id_hash": "h_efc334212edd", "status": "201"}
[WebServer] {"duration_ms": 25.04337500067777, "event": "console.request", "id_hash": "h_a5127c38fcdb", "status": "200"}
[WebServer] {"duration_ms": 37.19033300149022, "event": "console.request", "id_hash": "h_a2ee120b2127", "status": "200"}
[WebServer] {"duration_ms": 37.485249999008374, "event": "console.request", "id_hash": "h_e628f34db97b", "status": "200"}
[WebServer] {"duration_ms": 44.59766700165346, "event": "console.request", "id_hash": "h_500704a11f6e", "status": "200"}
[WebServer] {"duration_ms": 43.85533300228417, "event": "console.request", "id_hash": "h_e59323ce94d0", "status": "200"}
[WebServer] {"duration_ms": 44.79808299947763, "event": "console.request", "id_hash": "h_5c1b736d7d88", "status": "200"}
[WebServer] {"duration_ms": 24.31116699881386, "event": "console.request", "id_hash": "h_58f93e90fd33", "status": "200"}
[WebServer] {"duration_ms": 22.24954199846252, "event": "console.request", "id_hash": "h_4913aefb18f2", "status": "200"}
[WebServer] {"duration_ms": 33.384250000381144, "event": "console.request", "id_hash": "h_9ddca2b0bc01", "status": "200"}
[WebServer] {"duration_ms": 32.914749997871695, "event": "console.request", "id_hash": "h_9f3c99da6def", "status": "200"}
[WebServer] {"duration_ms": 44.74179199678474, "event": "console.request", "id_hash": "h_83d0ad98df64", "status": "200"}
[WebServer] {"duration_ms": 44.14458300016122, "event": "console.request", "id_hash": "h_858fd03a298f", "status": "200"}
[WebServer] {"duration_ms": 45.375708999927156, "event": "console.request", "id_hash": "h_38d7a62db5bd", "status": "200"}
[WebServer] {"duration_ms": 15.117958002520027, "event": "console.request", "id_hash": "h_951a74743125", "status": "200"}
[WebServer] {"duration_ms": 18.144957997719757, "event": "console.request", "id_hash": "h_c17f6042066c", "status": "200"}
[WebServer] {"duration_ms": 20.761415999004385, "event": "console.request", "id_hash": "h_33b02e15d509", "status": "201"}
[WebServer] {"duration_ms": 1.6369170007237699, "event": "console.request", "id_hash": "h_e375fabf1bad", "status": "200"}
[WebServer] {"duration_ms": 2.536666997912107, "event": "console.request", "id_hash": "h_9fd140764b6b", "status": "200"}
[WebServer] {"duration_ms": 1.4638749998994172, "event": "console.request", "id_hash": "h_1c45bf3f1b08", "status": "200"}
[WebServer] {"duration_ms": 32.17370800120989, "event": "console.request", "id_hash": "h_03cb459bf8fe", "status": "200"}
[WebServer] {"duration_ms": 14.559458999428898, "event": "console.request", "id_hash": "h_a43bbea7ac8f", "status": "200"}
[WebServer] {"duration_ms": 48.79362499923445, "event": "console.request", "id_hash": "h_99b27a2247ac", "status": "200"}
[WebServer] {"duration_ms": 14.747458000783809, "event": "console.request", "id_hash": "h_de8c9e0fba6d", "status": "200"}
[WebServer] {"duration_ms": 48.79879199870629, "event": "console.request", "id_hash": "h_e7e3f9c94889", "status": "200"}
[WebServer] {"duration_ms": 30.70908299923758, "event": "console.request", "id_hash": "h_370891754160", "status": "200"}
[WebServer] {"duration_ms": 11.94062500144355, "event": "console.request", "id_hash": "h_3379be8a1518", "status": "200"}
[WebServer] {"duration_ms": 15.234375001455192, "event": "console.request", "id_hash": "h_e9cd3b818c2b", "status": "200"}
[WebServer] {"duration_ms": 39.50824999992619, "event": "console.request", "id_hash": "h_f9a2eff580d6", "status": "200"}
[WebServer] {"duration_ms": 41.151375000481494, "event": "console.request", "id_hash": "h_ce1452e6788d", "status": "200"}
[WebServer] {"duration_ms": 45.02337500161957, "event": "console.request", "id_hash": "h_0eff83aad2dc", "status": "200"}
  ✓  13 tests/browser/console.spec.ts:1804:1 › real dependency creation removal and reactivation preserve its ID (2.2s)
[WebServer] {"duration_ms": 1.0094579993165098, "event": "console.request", "id_hash": "h_6b16b1cce2f9", "status": "200"}
[WebServer] {"duration_ms": 1.5285420013242401, "event": "console.request", "id_hash": "h_d95fbef4a4dd", "status": "200"}
[WebServer] {"duration_ms": 2.4798339982226025, "event": "console.request", "id_hash": "h_4f173f6defc1", "status": "200"}
[WebServer] {"duration_ms": 2.995167000335641, "event": "console.request", "id_hash": "h_3d41facca4a4", "status": "401"}
[WebServer] {"duration_ms": 101.20191600071848, "event": "console.request", "id_hash": "h_8b6246137b15", "status": "429"}
  ✘  14 tests/browser/console.spec.ts:1926:1 › real trigger lifecycle and Task forget preserve revisions and delete the plan (35.3s)
(node:55868) Warning: The 'NO_COLOR' env is ignored due to the 'FORCE_COLOR' env being set.
(Use `node --trace-warnings ...` to show where the warning was created)
(node:55868) [DEP0205] DeprecationWarning: `module.register()` is deprecated. Use `module.registerHooks()` instead.
(node:55868) Warning: The 'NO_COLOR' env is ignored due to the 'FORCE_COLOR' env being set.
(Use `node --trace-warnings ...` to show where the warning was created)
[WebServer] {"duration_ms": 0.851249998959247, "event": "console.request", "id_hash": "h_58f9fde72562", "status": "200"}
[WebServer] {"duration_ms": 1.6342500020982698, "event": "console.request", "id_hash": "h_f9a19a5e41df", "status": "200"}
[WebServer] {"duration_ms": 0.9568749992467929, "event": "console.request", "id_hash": "h_4266c08c5d5f", "status": "200"}
[WebServer] {"duration_ms": 3.1792910012882203, "event": "console.request", "id_hash": "h_a64073eec45b", "status": "401"}
[WebServer] {"duration_ms": 101.11645800134283, "event": "console.request", "id_hash": "h_9293b051dfa9", "status": "200"}
[WebServer] {"duration_ms": 7.003041999269044, "event": "console.request", "id_hash": "h_9c17a435ce64", "status": "200"}
[WebServer] {"duration_ms": 32.81908300050418, "event": "console.request", "id_hash": "h_6ae4bc38c60f", "status": "200"}
[WebServer] {"duration_ms": 8.064292000199202, "event": "console.request", "id_hash": "h_853fb7e54cfe", "status": "200"}
[WebServer] {"duration_ms": 8.041458000661805, "event": "console.request", "id_hash": "h_a5f9843fc483", "status": "200"}
[WebServer] {"duration_ms": 34.6606659986719, "event": "console.request", "id_hash": "h_7d1bcd3bf83b", "status": "200"}
[WebServer] {"duration_ms": 50.531084001704585, "event": "console.request", "id_hash": "h_b393fa2c4014", "status": "200"}
[WebServer] {"duration_ms": 34.3334169992886, "event": "console.request", "id_hash": "h_4a80ea4ff977", "status": "202"}
[WebServer] {"duration_ms": 7.286666997970315, "event": "console.request", "id_hash": "h_7a8ad6b77e02", "status": "200"}
[WebServer] {"duration_ms": 4.638958998839371, "event": "console.request", "id_hash": "h_c6d71b73c587", "status": "200"}
[WebServer] {"duration_ms": 18.228832999739097, "event": "console.request", "id_hash": "h_d43fef45f27a", "status": "200"}
[WebServer] {"duration_ms": 31.142208001256222, "event": "console.request", "id_hash": "h_b679e9ef0ea5", "status": "200"}
[WebServer] {"duration_ms": 21.238082998024765, "event": "console.request", "id_hash": "h_e76b13df1cac", "status": "200"}
[WebServer] {"duration_ms": 7.397417000902351, "event": "console.request", "id_hash": "h_0a9220cca572", "status": "200"}
  ✓  15 tests/browser/console.spec.ts:2105:1 › real fixed-filter operation accepts 51 targets and cancellation preserves the first committed batch (2.3s)
[WebServer] {"duration_ms": 0.9337909978057723, "event": "console.request", "id_hash": "h_1495d911d3e3", "status": "200"}
[WebServer] {"duration_ms": 2.218124998762505, "event": "console.request", "id_hash": "h_763faf73c6d4", "status": "200"}
[WebServer] {"duration_ms": 1.6595000015513506, "event": "console.request", "id_hash": "h_0cc50c19d5c7", "status": "200"}
[WebServer] {"duration_ms": 4.449374999239808, "event": "console.request", "id_hash": "h_97e690fbd3d5", "status": "401"}
[WebServer] {"duration_ms": 102.40216699821758, "event": "console.request", "id_hash": "h_6372de3bec07", "status": "200"}
[WebServer] {"duration_ms": 1.1219580010219943, "event": "console.request", "id_hash": "h_864d46711f99", "status": "200"}
[WebServer] {"duration_ms": 9.592415997758508, "event": "console.request", "id_hash": "h_47c8d9b87216", "status": "200"}
[WebServer] {"duration_ms": 1.0557499990682118, "event": "console.request", "id_hash": "h_d10527a29530", "status": "200"}
[WebServer] {"duration_ms": 1.717708000796847, "event": "console.request", "id_hash": "h_aed3c5e9ad14", "status": "200"}
[WebServer] {"duration_ms": 2.9307919976417907, "event": "console.request", "id_hash": "h_ce13da9a6b8b", "status": "200"}
[WebServer] {"duration_ms": 5.676665998180397, "event": "console.request", "id_hash": "h_d7ba351c5dea", "status": "200"}
[WebServer] {"duration_ms": 31.14741700119339, "event": "console.request", "id_hash": "h_65b98fd9cbe1", "status": "200"}
[WebServer] {"duration_ms": 12.333375001617242, "event": "console.request", "id_hash": "h_a7fa8a689fe8", "status": "200"}
[WebServer] {"duration_ms": 13.373500001762295, "event": "console.request", "id_hash": "h_fa2ced97fedd", "status": "200"}
[WebServer] {"duration_ms": 19.655457999760984, "event": "console.request", "id_hash": "h_afa7d401d28f", "status": "200"}
[WebServer] {"duration_ms": 11.739166999177542, "event": "console.request", "id_hash": "h_37fae70ffab5", "status": "200"}
[WebServer] {"duration_ms": 12.35070799884852, "event": "console.request", "id_hash": "h_5b6a1ee7c8cc", "status": "200"}
[WebServer] {"duration_ms": 1.0218749994237442, "event": "console.request", "id_hash": "h_ca10c78f4de9", "status": "200"}
[WebServer] {"duration_ms": 1.2248339990037493, "event": "console.request", "id_hash": "h_c7bf5062dd60", "status": "200"}
[WebServer] {"duration_ms": 2.1972079994156957, "event": "console.request", "id_hash": "h_9934023b50cf", "status": "200"}
[WebServer] {"duration_ms": 3.2713750006223563, "event": "console.request", "id_hash": "h_5601db788e4f", "status": "200"}
[WebServer] {"duration_ms": 4.636707999452483, "event": "console.request", "id_hash": "h_2eb3ef79c1d5", "status": "200"}
[WebServer] {"duration_ms": 30.345500003022607, "event": "console.request", "id_hash": "h_ba1d95ceeb4b", "status": "200"}
[WebServer] {"duration_ms": 10.86258400027873, "event": "console.request", "id_hash": "h_f981622b3067", "status": "200"}
[WebServer] {"duration_ms": 12.816958002076717, "event": "console.request", "id_hash": "h_5804e615a878", "status": "200"}
[WebServer] {"duration_ms": 1.0770000008051284, "event": "console.request", "id_hash": "h_869c7dfcf8d8", "status": "200"}
[WebServer] {"duration_ms": 1.46354199750931, "event": "console.request", "id_hash": "h_8b5f475f90fd", "status": "200"}
[WebServer] {"duration_ms": 1.3594170013675466, "event": "console.request", "id_hash": "h_94ba68c9f09d", "status": "200"}
[WebServer] {"duration_ms": 2.4387920020672027, "event": "console.request", "id_hash": "h_3656ec85c7e9", "status": "200"}
[WebServer] {"duration_ms": 5.06008299998939, "event": "console.request", "id_hash": "h_7d19c036c1dd", "status": "200"}
[WebServer] {"duration_ms": 31.285290999221615, "event": "console.request", "id_hash": "h_b8a12e290c30", "status": "200"}
[WebServer] {"duration_ms": 11.609708002652042, "event": "console.request", "id_hash": "h_e4e8e42ee634", "status": "200"}
[WebServer] {"duration_ms": 12.487375002820045, "event": "console.request", "id_hash": "h_bee33f83a576", "status": "200"}
[WebServer] {"duration_ms": 19.52924999932293, "event": "console.request", "id_hash": "h_ebffc54f4da6", "status": "200"}
[WebServer] {"duration_ms": 8.936084002925782, "event": "console.request", "id_hash": "h_ca6fdd136cc8", "status": "200"}
[WebServer] {"duration_ms": 11.38354199792957, "event": "console.request", "id_hash": "h_d0715ec05460", "status": "200"}
[WebServer] {"duration_ms": 1.244708000740502, "event": "console.request", "id_hash": "h_2aef56010468", "status": "200"}
[WebServer] {"duration_ms": 1.5698329989390913, "event": "console.request", "id_hash": "h_3c83e6c0fb0c", "status": "200"}
[WebServer] {"duration_ms": 2.4627080019854475, "event": "console.request", "id_hash": "h_2f8340ede53b", "status": "200"}
[WebServer] {"duration_ms": 4.1248329980589915, "event": "console.request", "id_hash": "h_6c72641fd12d", "status": "200"}
[WebServer] {"duration_ms": 5.0932919984916225, "event": "console.request", "id_hash": "h_d12741a2b1d9", "status": "200"}
[WebServer] {"duration_ms": 30.475125000521075, "event": "console.request", "id_hash": "h_66f1fb3cb0ac", "status": "200"}
[WebServer] {"duration_ms": 11.19766699775937, "event": "console.request", "id_hash": "h_e028969c2e0c", "status": "200"}
[WebServer] {"duration_ms": 12.001500002952525, "event": "console.request", "id_hash": "h_5591b7286f22", "status": "200"}
[WebServer] {"duration_ms": 0.7791669995640405, "event": "console.request", "id_hash": "h_78e6c817d147", "status": "200"}
[WebServer] {"duration_ms": 1.4217919997463468, "event": "console.request", "id_hash": "h_f38f68164ef1", "status": "200"}
[WebServer] {"duration_ms": 1.2049580000166316, "event": "console.request", "id_hash": "h_fae53a8d0dc0", "status": "200"}
[WebServer] {"duration_ms": 2.9532090011343826, "event": "console.request", "id_hash": "h_91da269153a6", "status": "200"}
[WebServer] {"duration_ms": 4.591708002408268, "event": "console.request", "id_hash": "h_ad7b3038050b", "status": "200"}
[WebServer] {"duration_ms": 30.07074999914039, "event": "console.request", "id_hash": "h_30d5b9c6e3dd", "status": "200"}
[WebServer] {"duration_ms": 8.403707997786114, "event": "console.request", "id_hash": "h_b5e6e73e3231", "status": "200"}
[WebServer] {"duration_ms": 12.988124999537831, "event": "console.request", "id_hash": "h_1bd7b2491dd5", "status": "200"}
  ✓  16 tests/browser/console.spec.ts:2224:1 › real event dismissal preserves delivery history and its Task in Required mode (1.1s)
[WebServer] {"duration_ms": 44.753082998795435, "event": "console.request", "id_hash": "h_b72eb409a120", "status": "200"}
[WebServer] {"duration_ms": 43.99924999961513, "event": "console.request", "id_hash": "h_2f14b3622437", "status": "200"}
[WebServer] {"duration_ms": 50.638791002711514, "event": "console.request", "id_hash": "h_a6e8e72ce14e", "status": "200"}
[WebServer] {"duration_ms": 0.8410840018768795, "event": "console.request", "id_hash": "h_791717cac1c6", "status": "200"}
[WebServer] {"duration_ms": 2.1315410012903158, "event": "console.request", "id_hash": "h_e7273715cf91", "status": "200"}
[WebServer] {"duration_ms": 1.5502080022997689, "event": "console.request", "id_hash": "h_423d4a86fea5", "status": "200"}
[WebServer] {"duration_ms": 3.913374999683583, "event": "console.request", "id_hash": "h_b2fa48190154", "status": "401"}
[WebServer] {"duration_ms": 100.77404199910234, "event": "console.request", "id_hash": "h_3168476ba8b5", "status": "200"}
[WebServer] {"duration_ms": 6.44862499757437, "event": "console.request", "id_hash": "h_8189d34ebd71", "status": "200"}
[WebServer] {"duration_ms": 7.02991700018174, "event": "console.request", "id_hash": "h_4e0aee750a5d", "status": "200"}
[WebServer] {"duration_ms": 42.831291000766214, "event": "console.request", "id_hash": "h_8cea5d63c146", "status": "200"}
[WebServer] {"duration_ms": 56.215790998976445, "event": "console.request", "id_hash": "h_eb1f143b0fbd", "status": "200"}
[WebServer] {"duration_ms": 61.46562499998254, "event": "console.request", "id_hash": "h_cdf6365423f6", "status": "200"}
[WebServer] {"duration_ms": 64.28908399902866, "event": "console.request", "id_hash": "h_07dff11bec86", "status": "200"}
[WebServer] {"duration_ms": 64.60354199953144, "event": "console.request", "id_hash": "h_031580594863", "status": "200"}
[WebServer] {"duration_ms": 65.20604100296623, "event": "console.request", "id_hash": "h_86f95f80fd20", "status": "200"}
[WebServer] {"duration_ms": 27.115583998238435, "event": "console.request", "id_hash": "h_d7140b893aa0", "status": "200"}
[WebServer] {"duration_ms": 0.8848750003380701, "event": "console.request", "id_hash": "h_5a83dc261c18", "status": "200"}
[WebServer] {"duration_ms": 1.094208000722574, "event": "console.request", "id_hash": "h_29b38fd8d100", "status": "200"}
[WebServer] {"duration_ms": 2.2852080001030117, "event": "console.request", "id_hash": "h_9ce4ab53958c", "status": "200"}
[WebServer] {"duration_ms": 3.0557499994756654, "event": "console.request", "id_hash": "h_d0f076421cfe", "status": "200"}
[WebServer] {"duration_ms": 7.216165999125224, "event": "console.request", "id_hash": "h_9dd624bcedb7", "status": "200"}
[WebServer] {"duration_ms": 55.03608300205087, "event": "console.request", "id_hash": "h_312ea3d3f1b9", "status": "200"}
[WebServer] {"duration_ms": 57.425000002695015, "event": "console.request", "id_hash": "h_5a775bcb39e7", "status": "200"}
[WebServer] {"duration_ms": 61.94183299885481, "event": "console.request", "id_hash": "h_6dbf542faeb8", "status": "200"}
[WebServer] {"duration_ms": 63.564292002411094, "event": "console.request", "id_hash": "h_2a369e81e26d", "status": "200"}
[WebServer] {"duration_ms": 63.41500000053202, "event": "console.request", "id_hash": "h_70b382efed2e", "status": "200"}
[WebServer] {"duration_ms": 62.86295799873187, "event": "console.request", "id_hash": "h_6bdd80bfde00", "status": "200"}
[WebServer] {"duration_ms": 13.880249996873317, "event": "console.request", "id_hash": "h_277f615220d6", "status": "200"}
[WebServer] {"duration_ms": 0.8712919989193324, "event": "console.request", "id_hash": "h_70b547bb980a", "status": "200"}
[WebServer] {"duration_ms": 1.9542090012691915, "event": "console.request", "id_hash": "h_df769ee14f37", "status": "200"}
[WebServer] {"duration_ms": 1.985457998671336, "event": "console.request", "id_hash": "h_3803342193f6", "status": "200"}
[WebServer] {"duration_ms": 3.538875000231201, "event": "console.request", "id_hash": "h_11e5f5d654b1", "status": "200"}
[WebServer] {"duration_ms": 5.010291999496985, "event": "console.request", "id_hash": "h_e0fc5d99f856", "status": "200"}
[WebServer] {"duration_ms": 54.272999997920124, "event": "console.request", "id_hash": "h_aa66eb105266", "status": "200"}
[WebServer] {"duration_ms": 55.42083399996045, "event": "console.request", "id_hash": "h_f5e75313364c", "status": "200"}
[WebServer] {"duration_ms": 59.20033299844363, "event": "console.request", "id_hash": "h_6b0b797950e5", "status": "200"}
[WebServer] {"duration_ms": 60.93829199744505, "event": "console.request", "id_hash": "h_d368c515f132", "status": "200"}
[WebServer] {"duration_ms": 61.935792000440415, "event": "console.request", "id_hash": "h_c45f4d78a5c9", "status": "200"}
[WebServer] {"duration_ms": 61.89625000115484, "event": "console.request", "id_hash": "h_80370cabdfd3", "status": "200"}
[WebServer] {"duration_ms": 13.97029100189684, "event": "console.request", "id_hash": "h_7e598ca277dd", "status": "200"}
[WebServer] {"duration_ms": 11.206292001588736, "event": "console.request", "id_hash": "h_a471ebec7691", "status": "403"}
[WebServer] {"duration_ms": 9.614708000299288, "event": "console.request", "id_hash": "h_6f5aa6dfc430", "status": "200"}
[WebServer] {"duration_ms": 18.223583996586967, "event": "console.request", "id_hash": "h_cf60ff8bd857", "status": "200"}
[WebServer] {"duration_ms": 50.25591600133339, "event": "console.request", "id_hash": "h_b295b2aa6dbc", "status": "200"}
[WebServer] {"duration_ms": 52.057417000469286, "event": "console.request", "id_hash": "h_8ac7054424f4", "status": "200"}
[WebServer] {"duration_ms": 52.34641700008069, "event": "console.request", "id_hash": "h_ef78d26ab18d", "status": "200"}
[WebServer] {"duration_ms": 56.43733300166787, "event": "console.request", "id_hash": "h_52f322bd99cf", "status": "200"}
[WebServer] {"duration_ms": 54.86495799777913, "event": "console.request", "id_hash": "h_bfe142383e12", "status": "200"}
[WebServer] {"duration_ms": 55.74504199830699, "event": "console.request", "id_hash": "h_218826a99045", "status": "200"}
[WebServer] {"duration_ms": 15.687749997596256, "event": "console.request", "id_hash": "h_a4ae40106dbc", "status": "409"}
[WebServer] {"duration_ms": 4.083667001395952, "event": "console.request", "id_hash": "h_aa2819a7d41a", "status": "200"}
[WebServer] {"duration_ms": 19.083167000644607, "event": "console.request", "id_hash": "h_bc4d581da0d3", "status": "409"}
[WebServer] {"duration_ms": 4.9432909981987905, "event": "console.request", "id_hash": "h_241c2b065c20", "status": "200"}
[WebServer] {"duration_ms": 60.34541699773399, "event": "console.request", "id_hash": "h_5c3ea456d249", "status": "200"}
[WebServer] {"duration_ms": 61.9162500006496, "event": "console.request", "id_hash": "h_4bd731fd961e", "status": "200"}
[WebServer] {"duration_ms": 64.8941660001583, "event": "console.request", "id_hash": "h_319a5523996a", "status": "200"}
[WebServer] {"duration_ms": 64.87179200121318, "event": "console.request", "id_hash": "h_88f1eff47bf7", "status": "200"}
[WebServer] {"duration_ms": 65.43687500015949, "event": "console.request", "id_hash": "h_d7d91d0c5ae5", "status": "200"}
[WebServer] {"duration_ms": 64.07062500147731, "event": "console.request", "id_hash": "h_af7079af1129", "status": "200"}
[WebServer] {"duration_ms": 0.9355830006825272, "event": "console.request", "id_hash": "h_22569801ad3f", "status": "200"}
[WebServer] {"duration_ms": 1.6533339985471684, "event": "console.request", "id_hash": "h_9e4283536375", "status": "200"}
[WebServer] {"duration_ms": 1.3162499999452848, "event": "console.request", "id_hash": "h_1a4aa6c0c579", "status": "200"}
[WebServer] {"duration_ms": 2.840375000232598, "event": "console.request", "id_hash": "h_9b2509ba5a60", "status": "200"}
[WebServer] {"duration_ms": 5.069167000328889, "event": "console.request", "id_hash": "h_53f3a3a9e60e", "status": "200"}
[WebServer] {"duration_ms": 54.50979200031725, "event": "console.request", "id_hash": "h_fb1411291a65", "status": "200"}
[WebServer] {"duration_ms": 58.664624997618375, "event": "console.request", "id_hash": "h_868bea5c7c47", "status": "200"}
[WebServer] {"duration_ms": 59.94674999965355, "event": "console.request", "id_hash": "h_45dede9c8cf4", "status": "200"}
[WebServer] {"duration_ms": 59.72604199996567, "event": "console.request", "id_hash": "h_0dc3f5afa29c", "status": "200"}
[WebServer] {"duration_ms": 59.7857920001843, "event": "console.request", "id_hash": "h_002d527c7886", "status": "200"}
[WebServer] {"duration_ms": 60.33158299760544, "event": "console.request", "id_hash": "h_7f37d12dcc3b", "status": "200"}
[WebServer] {"duration_ms": 10.483124999154825, "event": "console.request", "id_hash": "h_29452ae6cba6", "status": "200"}
[WebServer] {"duration_ms": 5.712583999411436, "event": "console.request", "id_hash": "h_7d2dc4b4a041", "status": "200"}
[WebServer] {"duration_ms": 4.806958000699524, "event": "console.request", "id_hash": "h_40ac0ef065af", "status": "200"}
  ✓  17 tests/browser/persona-policy.spec.ts:3:1 › real Policy edits require reauth, preserve precision and show concurrent edit differences (1.9s)
[WebServer] {"duration_ms": 0.8286670017696451, "event": "console.request", "id_hash": "h_eaaa2da03962", "status": "200"}
[WebServer] {"duration_ms": 0.7647079983144067, "event": "console.request", "id_hash": "h_bef07c28496f", "status": "200"}
[WebServer] {"duration_ms": 1.6253750000032596, "event": "console.request", "id_hash": "h_b07527e02905", "status": "200"}
[WebServer] {"duration_ms": 3.7316659982025158, "event": "console.request", "id_hash": "h_d60135103420", "status": "401"}
[WebServer] {"duration_ms": 101.1089580024418, "event": "console.request", "id_hash": "h_921184aa147b", "status": "200"}
[WebServer] {"duration_ms": 7.000708003033651, "event": "console.request", "id_hash": "h_661e4d4c1e21", "status": "200"}
[WebServer] {"duration_ms": 7.026999999652617, "event": "console.request", "id_hash": "h_20d938dfb51b", "status": "200"}
[WebServer] {"duration_ms": 56.54020799920545, "event": "console.request", "id_hash": "h_ec3ac3cd6b71", "status": "200"}
[WebServer] {"duration_ms": 61.576540996611584, "event": "console.request", "id_hash": "h_acb3fc16ef60", "status": "200"}
[WebServer] {"duration_ms": 61.96658299813862, "event": "console.request", "id_hash": "h_b631f1126cc3", "status": "200"}
[WebServer] {"duration_ms": 63.39079100143863, "event": "console.request", "id_hash": "h_448d8e2381fe", "status": "200"}
[WebServer] {"duration_ms": 62.43079099658644, "event": "console.request", "id_hash": "h_5e53a1a686ec", "status": "200"}
[WebServer] {"duration_ms": 64.80924999777926, "event": "console.request", "id_hash": "h_4ddf042de096", "status": "200"}
[WebServer] {"duration_ms": 19.0511670007254, "event": "console.request", "id_hash": "h_b69efdca8264", "status": "201"}
[WebServer] {"duration_ms": 54.3186249997234, "event": "console.request", "id_hash": "h_852350b97a52", "status": "200"}
[WebServer] {"duration_ms": 54.21987500085379, "event": "console.request", "id_hash": "h_aef36a976ba8", "status": "200"}
[WebServer] {"duration_ms": 59.26750000071479, "event": "console.request", "id_hash": "h_1f2125d57153", "status": "200"}
[WebServer] {"duration_ms": 59.84133299716632, "event": "console.request", "id_hash": "h_72fde2599aa4", "status": "200"}
[WebServer] {"duration_ms": 59.977332999551436, "event": "console.request", "id_hash": "h_ddcd0b2c9045", "status": "200"}
[WebServer] {"duration_ms": 59.988583001540974, "event": "console.request", "id_hash": "h_e954f8093f04", "status": "200"}
[WebServer] {"duration_ms": 17.925874999491498, "event": "console.request", "id_hash": "h_5a994dc59f1d", "status": "201"}
[WebServer] {"duration_ms": 53.49820799892768, "event": "console.request", "id_hash": "h_209917924a10", "status": "200"}
[WebServer] {"duration_ms": 54.041416999098146, "event": "console.request", "id_hash": "h_f4ac2d21170c", "status": "200"}
[WebServer] {"duration_ms": 54.689458000211744, "event": "console.request", "id_hash": "h_8f2183c28f91", "status": "200"}
[WebServer] {"duration_ms": 56.46049999995739, "event": "console.request", "id_hash": "h_21ff03f1a64b", "status": "200"}
[WebServer] {"duration_ms": 58.39720899894019, "event": "console.request", "id_hash": "h_5c5008cfd8cc", "status": "200"}
[WebServer] {"duration_ms": 57.74966600074549, "event": "console.request", "id_hash": "h_be4891bc18f2", "status": "200"}
[WebServer] {"duration_ms": 5.808625002828194, "event": "console.request", "id_hash": "h_5ad5fbee904c", "status": "200"}
[WebServer] {"duration_ms": 1.0968749993480742, "event": "console.request", "id_hash": "h_1f72daf896d3", "status": "200"}
[WebServer] {"duration_ms": 1.6792909991636407, "event": "console.request", "id_hash": "h_82c6882f7421", "status": "200"}
[WebServer] {"duration_ms": 1.0519589995965362, "event": "console.request", "id_hash": "h_c2a7f1ecf33e", "status": "200"}
[WebServer] {"duration_ms": 3.6824589988100342, "event": "console.request", "id_hash": "h_26ed3521cfa3", "status": "401"}
[WebServer] {"duration_ms": 101.82566700314055, "event": "console.request", "id_hash": "h_e56031384aa4", "status": "200"}
[WebServer] {"duration_ms": 21.968291999655776, "event": "console.request", "id_hash": "h_01494b9628e3", "status": "200"}
[WebServer] {"duration_ms": 5.698875000234693, "event": "console.request", "id_hash": "h_daaa25863f86", "status": "200"}
[WebServer] {"duration_ms": 69.63537500269013, "event": "console.request", "id_hash": "h_359c4d7efd82", "status": "200"}
[WebServer] {"duration_ms": 71.04862499909359, "event": "console.request", "id_hash": "h_0f31de38d116", "status": "200"}
[WebServer] {"duration_ms": 70.23545800257125, "event": "console.request", "id_hash": "h_3dae97b90c6d", "status": "200"}
[WebServer] {"duration_ms": 70.48924999980954, "event": "console.request", "id_hash": "h_af74dfb5ae5b", "status": "200"}
[WebServer] {"duration_ms": 73.97066600242397, "event": "console.request", "id_hash": "h_e21ae11547f0", "status": "200"}
[WebServer] {"duration_ms": 1.4132500000414439, "event": "console.request", "id_hash": "h_5b45e779aef8", "status": "200"}
[WebServer] {"duration_ms": 73.04745799774537, "event": "console.request", "id_hash": "h_4fde2c052063", "status": "200"}
[WebServer] {"duration_ms": 1.8410409975331277, "event": "console.request", "id_hash": "h_3c4686405d14", "status": "200"}
[WebServer] {"duration_ms": 1.922125000419328, "event": "console.request", "id_hash": "h_77b8a1506bfe", "status": "200"}
[WebServer] {"duration_ms": 2.80029199711862, "event": "console.request", "id_hash": "h_40515f5bcf25", "status": "200"}
[WebServer] {"duration_ms": 5.554540999582969, "event": "console.request", "id_hash": "h_87a1a7f6fa1a", "status": "200"}
[WebServer] {"duration_ms": 56.79687500014552, "event": "console.request", "id_hash": "h_19fbb5b38197", "status": "200"}
[WebServer] {"duration_ms": 57.51866699938546, "event": "console.request", "id_hash": "h_49ba44a9d805", "status": "200"}
[WebServer] {"duration_ms": 59.21212500106776, "event": "console.request", "id_hash": "h_e91b688722f7", "status": "200"}
[WebServer] {"duration_ms": 59.33754199941177, "event": "console.request", "id_hash": "h_185fd5a7b6e2", "status": "200"}
[WebServer] {"duration_ms": 59.42458400022588, "event": "console.request", "id_hash": "h_63f3f5c74314", "status": "200"}
[WebServer] {"duration_ms": 58.9772079983959, "event": "console.request", "id_hash": "h_52d148b7dcf1", "status": "200"}
[WebServer] {"duration_ms": 8.604874998127343, "event": "console.request", "id_hash": "h_edb240fc6f2a", "status": "200"}
[WebServer] {"duration_ms": 6.422250000468921, "event": "console.request", "id_hash": "h_22fa39ebe09c", "status": "200"}
[WebServer] {"duration_ms": 9.558292000292568, "event": "console.request", "id_hash": "h_b6acbf220e78", "status": "200"}
[WebServer] {"duration_ms": 12.41712500268477, "event": "console.request", "id_hash": "h_4624689cc71a", "status": "403"}
[WebServer] {"duration_ms": 13.496540999767603, "event": "console.request", "id_hash": "h_7c6685506c9f", "status": "200"}
[WebServer] {"duration_ms": 24.86579199830885, "event": "console.request", "id_hash": "h_47bea92a736d", "status": "200"}
[WebServer] {"duration_ms": 56.30283299979055, "event": "console.request", "id_hash": "h_3e0975ac4559", "status": "200"}
[WebServer] {"duration_ms": 59.98458300018683, "event": "console.request", "id_hash": "h_ebb3587dc4f5", "status": "200"}
[WebServer] {"duration_ms": 62.124000000039814, "event": "console.request", "id_hash": "h_7e698ed861b8", "status": "200"}
[WebServer] {"duration_ms": 64.30658300087089, "event": "console.request", "id_hash": "h_66658b86c2b7", "status": "200"}
[WebServer] {"duration_ms": 64.63375000021188, "event": "console.request", "id_hash": "h_68324487c840", "status": "200"}
[WebServer] {"duration_ms": 62.39474999892991, "event": "console.request", "id_hash": "h_3c46eee42142", "status": "200"}
[WebServer] {"duration_ms": 32.59183300178847, "event": "console.request", "id_hash": "h_0d094fe0c59a", "status": "409"}
[WebServer] {"duration_ms": 6.4588749992253724, "event": "console.request", "id_hash": "h_505f0c7a3595", "status": "200"}
[WebServer] {"duration_ms": 22.024750000127824, "event": "console.request", "id_hash": "h_de797594cb13", "status": "409"}
[WebServer] {"duration_ms": 5.496249999850988, "event": "console.request", "id_hash": "h_cfbb0fdb500e", "status": "200"}
[WebServer] {"duration_ms": 60.43470800068462, "event": "console.request", "id_hash": "h_7fe4f7441ea0", "status": "200"}
[WebServer] {"duration_ms": 62.25783300033072, "event": "console.request", "id_hash": "h_970d3b3e3f66", "status": "200"}
[WebServer] {"duration_ms": 65.07733399848803, "event": "console.request", "id_hash": "h_1e7ebf40775c", "status": "200"}
[WebServer] {"duration_ms": 67.4074999988079, "event": "console.request", "id_hash": "h_288dc7ecbc1f", "status": "200"}
[WebServer] {"duration_ms": 67.817750001268, "event": "console.request", "id_hash": "h_4ab89cc411ad", "status": "200"}
[WebServer] {"duration_ms": 66.65566700030467, "event": "console.request", "id_hash": "h_60404f703718", "status": "200"}
[WebServer] {"duration_ms": 0.8622089990240056, "event": "console.request", "id_hash": "h_46c3916f24f0", "status": "200"}
[WebServer] {"duration_ms": 1.7865830013761297, "event": "console.request", "id_hash": "h_2865c1bf8791", "status": "200"}
[WebServer] {"duration_ms": 1.2845409983128775, "event": "console.request", "id_hash": "h_645653fe365a", "status": "200"}
[WebServer] {"duration_ms": 2.833500002452638, "event": "console.request", "id_hash": "h_c1fbc062fec8", "status": "200"}
[WebServer] {"duration_ms": 5.088500001875218, "event": "console.request", "id_hash": "h_ce1e2e70e770", "status": "200"}
[WebServer] {"duration_ms": 58.513208001386374, "event": "console.request", "id_hash": "h_6578daeb597f", "status": "200"}
[WebServer] {"duration_ms": 59.1488339996431, "event": "console.request", "id_hash": "h_a870207017d1", "status": "200"}
[WebServer] {"duration_ms": 61.151458001404535, "event": "console.request", "id_hash": "h_755faee7f38d", "status": "200"}
[WebServer] {"duration_ms": 60.406625001633074, "event": "console.request", "id_hash": "h_022a3e8dd50b", "status": "200"}
[WebServer] {"duration_ms": 61.39045800227905, "event": "console.request", "id_hash": "h_28ec5bf04474", "status": "200"}
[WebServer] {"duration_ms": 61.62358399888035, "event": "console.request", "id_hash": "h_f15e438bf827", "status": "200"}
[WebServer] {"duration_ms": 8.813124997686828, "event": "console.request", "id_hash": "h_0a9f637f1295", "status": "200"}
[WebServer] {"duration_ms": 4.9333749993820675, "event": "console.request", "id_hash": "h_1a20b3d090a1", "status": "200"}
[WebServer] {"duration_ms": 24.06512499874225, "event": "console.request", "id_hash": "h_49c08df85c32", "status": "200"}
[WebServer] {"duration_ms": 52.965040998969926, "event": "console.request", "id_hash": "h_0adf0dece67c", "status": "200"}
[WebServer] {"duration_ms": 53.981875000317814, "event": "console.request", "id_hash": "h_25703a2b3f7c", "status": "200"}
[WebServer] {"duration_ms": 56.40695900001447, "event": "console.request", "id_hash": "h_4bc9c10213e5", "status": "200"}
[WebServer] {"duration_ms": 59.60433400105103, "event": "console.request", "id_hash": "h_7e93a32d6631", "status": "200"}
[WebServer] {"duration_ms": 61.09112499689218, "event": "console.request", "id_hash": "h_dbe2255199aa", "status": "200"}
[WebServer] {"duration_ms": 60.767124999983935, "event": "console.request", "id_hash": "h_f8dac1473cd0", "status": "200"}
[WebServer] {"duration_ms": 0.8989999987534247, "event": "console.request", "id_hash": "h_b2dddf02ca96", "status": "200"}
[WebServer] {"duration_ms": 1.5462919982383028, "event": "console.request", "id_hash": "h_1a039f4f3680", "status": "200"}
[WebServer] {"duration_ms": 1.1906250001629815, "event": "console.request", "id_hash": "h_dae0e86bf41d", "status": "200"}
[WebServer] {"duration_ms": 4.060833001858555, "event": "console.request", "id_hash": "h_9c82ca7a36ee", "status": "200"}
[WebServer] {"duration_ms": 13.91245799823082, "event": "console.request", "id_hash": "h_d288b81e7ec3", "status": "200"}
[WebServer] {"duration_ms": 20.501999999396503, "event": "console.request", "id_hash": "h_bc22134328f2", "status": "200"}
[WebServer] {"duration_ms": 20.48783300051582, "event": "console.request", "id_hash": "h_dee92b916127", "status": "200"}
  ✓  18 tests/browser/persona-proposals.spec.ts:3:1 › real proposal writer cannot auto-publish; reviewer reauth publishes and rejects stale proposal (3.3s)
[WebServer] {"duration_ms": 74.87308300187578, "event": "console.request", "id_hash": "h_23b19231d57f", "status": "200"}
[WebServer] {"duration_ms": 75.17370900313836, "event": "console.request", "id_hash": "h_58193cdb81e7", "status": "200"}
[WebServer] {"duration_ms": 75.65866699951584, "event": "console.request", "id_hash": "h_bb3665e34526", "status": "200"}
[WebServer] {"duration_ms": 76.56233300076565, "event": "console.request", "id_hash": "h_d0d9cb67a4f7", "status": "200"}
[WebServer] {"duration_ms": 75.28437500150176, "event": "console.request", "id_hash": "h_9f58a1aa9f9c", "status": "200"}
[WebServer] {"duration_ms": 75.41850000052364, "event": "console.request", "id_hash": "h_389b9fe655e2", "status": "200"}
[WebServer] {"duration_ms": 0.7904590020189062, "event": "console.request", "id_hash": "h_52a96d6a94f9", "status": "200"}
[WebServer] {"duration_ms": 0.7635830006620381, "event": "console.request", "id_hash": "h_ad526f50f850", "status": "200"}
[WebServer] {"duration_ms": 1.7859580002550501, "event": "console.request", "id_hash": "h_5c87b6eade96", "status": "200"}
[WebServer] {"duration_ms": 4.446082999493228, "event": "console.request", "id_hash": "h_29227f702a3c", "status": "401"}
[WebServer] {"duration_ms": 101.73041700181784, "event": "console.request", "id_hash": "h_237cfb625813", "status": "200"}
[WebServer] {"duration_ms": 6.591000001208158, "event": "console.request", "id_hash": "h_8437f0de4e9d", "status": "200"}
[WebServer] {"duration_ms": 6.589917000383139, "event": "console.request", "id_hash": "h_b4f191f537c4", "status": "200"}
[WebServer] {"duration_ms": 45.51254200123367, "event": "console.request", "id_hash": "h_12f4fc14587f", "status": "200"}
[WebServer] {"duration_ms": 54.159125000296626, "event": "console.request", "id_hash": "h_184cc33b14e2", "status": "200"}
[WebServer] {"duration_ms": 55.08583299888414, "event": "console.request", "id_hash": "h_7dd5b2a366ba", "status": "200"}
[WebServer] {"duration_ms": 59.63387500014505, "event": "console.request", "id_hash": "h_7f23b3ccdf52", "status": "200"}
[WebServer] {"duration_ms": 58.14833399927011, "event": "console.request", "id_hash": "h_b5b5e7f22cbb", "status": "200"}
[WebServer] {"duration_ms": 58.099833000596846, "event": "console.request", "id_hash": "h_b0d26571fd5f", "status": "200"}
[WebServer] {"duration_ms": 4.997499996534316, "event": "console.request", "id_hash": "h_f8a1125263cc", "status": "200"}
[WebServer] {"duration_ms": 0.9087079997698311, "event": "console.request", "id_hash": "h_43c6ac5fa69d", "status": "200"}
[WebServer] {"duration_ms": 1.5642079997633118, "event": "console.request", "id_hash": "h_22975d90c9f4", "status": "200"}
[WebServer] {"duration_ms": 2.14037500336417, "event": "console.request", "id_hash": "h_e989fbba4704", "status": "200"}
[WebServer] {"duration_ms": 3.740000000107102, "event": "console.request", "id_hash": "h_f7e33464295c", "status": "200"}
[WebServer] {"duration_ms": 5.079874998045852, "event": "console.request", "id_hash": "h_6121a87a8888", "status": "200"}
[WebServer] {"duration_ms": 53.42858400035766, "event": "console.request", "id_hash": "h_2e80303ef146", "status": "200"}
[WebServer] {"duration_ms": 56.098875000316184, "event": "console.request", "id_hash": "h_1588bdadfaa8", "status": "200"}
[WebServer] {"duration_ms": 55.68733299878659, "event": "console.request", "id_hash": "h_8e5fce37af37", "status": "200"}
[WebServer] {"duration_ms": 60.35629200050607, "event": "console.request", "id_hash": "h_9b89ca8d7785", "status": "200"}
[WebServer] {"duration_ms": 59.693125000194414, "event": "console.request", "id_hash": "h_7e7c465fb71b", "status": "200"}
[WebServer] {"duration_ms": 60.086999998020474, "event": "console.request", "id_hash": "h_c07e80b89cbf", "status": "200"}
[WebServer] {"duration_ms": 11.338041000271915, "event": "console.request", "id_hash": "h_4aa3d9b986d8", "status": "200"}
[WebServer] {"duration_ms": 17.929166999238078, "event": "console.request", "id_hash": "h_c805d986c346", "status": "200"}
[WebServer] {"duration_ms": 4.670082998927683, "event": "console.request", "id_hash": "h_85f397f9c0c3", "status": "200"}
[WebServer] {"duration_ms": 20.15170899903751, "event": "console.request", "id_hash": "h_4710e7278db1", "status": "409"}
[WebServer] {"duration_ms": 4.794791999302106, "event": "console.request", "id_hash": "h_d5b83179e32e", "status": "200"}
[WebServer] {"duration_ms": 6.733500002155779, "event": "console.request", "id_hash": "h_a059f54fdab9", "status": "200"}
[WebServer] {"duration_ms": 1.1015000018232968, "event": "console.request", "id_hash": "h_007d4e4acfda", "status": "200"}
[WebServer] {"duration_ms": 1.9472499989205971, "event": "console.request", "id_hash": "h_5c150831a718", "status": "200"}
[WebServer] {"duration_ms": 1.348999998299405, "event": "console.request", "id_hash": "h_8f47658043eb", "status": "200"}
[WebServer] {"duration_ms": 3.311582997412188, "event": "console.request", "id_hash": "h_56815be07a6f", "status": "200"}
[WebServer] {"duration_ms": 6.159292002848815, "event": "console.request", "id_hash": "h_0683fe1d9380", "status": "200"}
[WebServer] {"duration_ms": 55.52420900130528, "event": "console.request", "id_hash": "h_10695cf9087a", "status": "200"}
[WebServer] {"duration_ms": 56.18158300057985, "event": "console.request", "id_hash": "h_4688e32dfe0b", "status": "200"}
[WebServer] {"duration_ms": 56.815957999788225, "event": "console.request", "id_hash": "h_305ab04f17f2", "status": "200"}
[WebServer] {"duration_ms": 59.97579100221628, "event": "console.request", "id_hash": "h_f74890463deb", "status": "200"}
[WebServer] {"duration_ms": 60.76845800271258, "event": "console.request", "id_hash": "h_b7cd48c93111", "status": "200"}
[WebServer] {"duration_ms": 61.4373330026865, "event": "console.request", "id_hash": "h_b3a953952f83", "status": "200"}
[WebServer] {"duration_ms": 12.041624999255873, "event": "console.request", "id_hash": "h_19e48fa2a1ea", "status": "200"}
[WebServer] {"duration_ms": 5.100791000586469, "event": "console.request", "id_hash": "h_15bf5be98d9c", "status": "200"}
[WebServer] {"duration_ms": 7.199957999546314, "event": "console.request", "id_hash": "h_117e5bf9c6e2", "status": "200"}
[WebServer] {"duration_ms": 8.34825000129058, "event": "console.request", "id_hash": "h_624ef9a6ae96", "status": "200"}
[WebServer] {"duration_ms": 11.129416001494974, "event": "console.request", "id_hash": "h_b364f13ef4bd", "status": "200"}
[WebServer] {"duration_ms": 7.934792000014568, "event": "console.request", "id_hash": "h_fbdcd2348188", "status": "200"}
[WebServer] {"duration_ms": 25.073834000068018, "event": "console.request", "id_hash": "h_0577db297074", "status": "200"}
[WebServer] {"duration_ms": 6.303166999714449, "event": "console.request", "id_hash": "h_2ad0a737e3f2", "status": "200"}
[WebServer] {"duration_ms": 1.4366659997904208, "event": "console.request", "id_hash": "h_a52844ce3797", "status": "200"}
[WebServer] {"duration_ms": 2.4186660011764616, "event": "console.request", "id_hash": "h_50f062710c8f", "status": "200"}
[WebServer] {"duration_ms": 1.8044999997073319, "event": "console.request", "id_hash": "h_143ab9c21950", "status": "200"}
[WebServer] {"duration_ms": 7.227125002827961, "event": "console.request", "id_hash": "h_d17b5786ad68", "status": "200"}
[WebServer] {"duration_ms": 11.116749999928288, "event": "console.request", "id_hash": "h_2c9c5a8c91a2", "status": "200"}
[WebServer] {"duration_ms": 6.937500002095476, "event": "console.request", "id_hash": "h_3d8d528c31d2", "status": "200"}
[WebServer] {"duration_ms": 10.308666998753324, "event": "console.request", "id_hash": "h_f1d71c9b3cde", "status": "200"}
  ✓  19 tests/browser/persona-state.spec.ts:3:1 › real State writer updates and clears expired State without changing Persona Core (2.5s)
[WebServer] {"duration_ms": 73.00579100046889, "event": "console.request", "id_hash": "h_3e83ab349b6b", "status": "200"}
[WebServer] {"duration_ms": 73.08879099946353, "event": "console.request", "id_hash": "h_7289b55bd18b", "status": "200"}
[WebServer] {"duration_ms": 75.04416699885041, "event": "console.request", "id_hash": "h_c7742c88077d", "status": "200"}
[WebServer] {"duration_ms": 78.32912499725353, "event": "console.request", "id_hash": "h_62f3d6751c99", "status": "200"}
[WebServer] {"duration_ms": 75.7233330004965, "event": "console.request", "id_hash": "h_7fb09ce47f51", "status": "200"}
[WebServer] {"duration_ms": 78.21395800056052, "event": "console.request", "id_hash": "h_2ef5c7c45a1c", "status": "200"}
[WebServer] {"duration_ms": 1.3904170009482186, "event": "console.request", "id_hash": "h_0dbf082b0010", "status": "200"}
[WebServer] {"duration_ms": 1.7995840025832877, "event": "console.request", "id_hash": "h_e6973e507b6c", "status": "200"}
[WebServer] {"duration_ms": 1.1378750023141038, "event": "console.request", "id_hash": "h_4223241e8b65", "status": "200"}
[WebServer] {"duration_ms": 4.321209002227988, "event": "console.request", "id_hash": "h_bead00c000cf", "status": "401"}
[WebServer] {"duration_ms": 102.42749999815715, "event": "console.request", "id_hash": "h_1f73f16d5100", "status": "200"}
[WebServer] {"duration_ms": 7.119874997442821, "event": "console.request", "id_hash": "h_26ef909d283a", "status": "200"}
[WebServer] {"duration_ms": 7.021417000942165, "event": "console.request", "id_hash": "h_391786255f19", "status": "200"}
[WebServer] {"duration_ms": 53.195208001852734, "event": "console.request", "id_hash": "h_859199e00b60", "status": "200"}
[WebServer] {"duration_ms": 56.42358300246997, "event": "console.request", "id_hash": "h_c69cceac630a", "status": "200"}
[WebServer] {"duration_ms": 58.815874999709195, "event": "console.request", "id_hash": "h_11344c253700", "status": "200"}
[WebServer] {"duration_ms": 60.62833399846568, "event": "console.request", "id_hash": "h_b50e8f51985b", "status": "200"}
[WebServer] {"duration_ms": 61.89829099821509, "event": "console.request", "id_hash": "h_3aa21d5a0b58", "status": "200"}
[WebServer] {"duration_ms": 59.871041998121655, "event": "console.request", "id_hash": "h_a9514a66a625", "status": "200"}
[WebServer] {"duration_ms": 7.175708000431769, "event": "console.request", "id_hash": "h_092a4c91a733", "status": "200"}
[WebServer] {"duration_ms": 6.018416999722831, "event": "console.request", "id_hash": "h_13cfe83149c9", "status": "200"}
  ✓  20 tests/browser/persona.spec.ts:3:1 › real Persona reader has current and history without publication controls (594ms)
[WebServer] {"duration_ms": 0.8463749982183799, "event": "console.request", "id_hash": "h_5527c8481c06", "status": "200"}
[WebServer] {"duration_ms": 1.2059999971825164, "event": "console.request", "id_hash": "h_c32b7a36042a", "status": "200"}
[WebServer] {"duration_ms": 1.9793750034295954, "event": "console.request", "id_hash": "h_152ab1614562", "status": "200"}
[WebServer] {"duration_ms": 4.646500001399545, "event": "console.request", "id_hash": "h_d42156213db2", "status": "401"}
[WebServer] {"duration_ms": 101.25566699935007, "event": "console.request", "id_hash": "h_688871e35a59", "status": "200"}
[WebServer] {"duration_ms": 6.759249998140149, "event": "console.request", "id_hash": "h_d6c367f6daad", "status": "200"}
[WebServer] {"duration_ms": 6.982124999922235, "event": "console.request", "id_hash": "h_35e355c1e27f", "status": "200"}
[WebServer] {"duration_ms": 56.23058299897821, "event": "console.request", "id_hash": "h_649d1283f76b", "status": "200"}
[WebServer] {"duration_ms": 59.20487499679439, "event": "console.request", "id_hash": "h_0e08710d8fd5", "status": "200"}
[WebServer] {"duration_ms": 59.57108299844549, "event": "console.request", "id_hash": "h_003f009dc15d", "status": "200"}
[WebServer] {"duration_ms": 60.09879200064461, "event": "console.request", "id_hash": "h_96f683cc8c97", "status": "200"}
[WebServer] {"duration_ms": 60.25887500072713, "event": "console.request", "id_hash": "h_e5e97c1b9c90", "status": "200"}
[WebServer] {"duration_ms": 60.551000002305955, "event": "console.request", "id_hash": "h_8c5a0e665e97", "status": "200"}
[WebServer] {"duration_ms": 4.733583999041002, "event": "console.request", "id_hash": "h_da93566809d4", "status": "200"}
[WebServer] {"duration_ms": 0.9350830005132593, "event": "console.request", "id_hash": "h_f7fad45b1e5e", "status": "200"}
[WebServer] {"duration_ms": 1.6828330008138437, "event": "console.request", "id_hash": "h_fd5b014d0626", "status": "200"}
[WebServer] {"duration_ms": 2.3477909999201074, "event": "console.request", "id_hash": "h_90d819b6f3c6", "status": "200"}
[WebServer] {"duration_ms": 2.8800000000046566, "event": "console.request", "id_hash": "h_91ee3d50d90f", "status": "200"}
[WebServer] {"duration_ms": 5.543791998206871, "event": "console.request", "id_hash": "h_c0d83027c8f3", "status": "200"}
[WebServer] {"duration_ms": 54.647042001306545, "event": "console.request", "id_hash": "h_0dd3f2b94d15", "status": "200"}
[WebServer] {"duration_ms": 56.84250000194879, "event": "console.request", "id_hash": "h_301a68c1fa43", "status": "200"}
[WebServer] {"duration_ms": 56.98612500054878, "event": "console.request", "id_hash": "h_12953a7d6c48", "status": "200"}
[WebServer] {"duration_ms": 56.566790997749195, "event": "console.request", "id_hash": "h_4d2ced45f183", "status": "200"}
[WebServer] {"duration_ms": 57.68187499779742, "event": "console.request", "id_hash": "h_f5cf0c9cc665", "status": "200"}
[WebServer] {"duration_ms": 57.85754199678195, "event": "console.request", "id_hash": "h_848bb7d11c77", "status": "200"}
[WebServer] {"duration_ms": 9.01670799794374, "event": "console.request", "id_hash": "h_cc8dc8e2fafa", "status": "200"}
[WebServer] {"duration_ms": 8.167167001374764, "event": "console.request", "id_hash": "h_2ddad8c6552b", "status": "403"}
[WebServer] {"duration_ms": 7.920915999420686, "event": "console.request", "id_hash": "h_860503d10b72", "status": "200"}
[WebServer] {"duration_ms": 19.038874997931998, "event": "console.request", "id_hash": "h_77c22759cee8", "status": "201"}
[WebServer] {"duration_ms": 54.12441599764861, "event": "console.request", "id_hash": "h_aba2ae41618e", "status": "200"}
[WebServer] {"duration_ms": 54.15050000010524, "event": "console.request", "id_hash": "h_035fa894ed6c", "status": "200"}
[WebServer] {"duration_ms": 55.87504200229887, "event": "console.request", "id_hash": "h_f7546d7f0a78", "status": "200"}
[WebServer] {"duration_ms": 55.348249999951804, "event": "console.request", "id_hash": "h_d272b39b60d8", "status": "200"}
[WebServer] {"duration_ms": 59.49208400124917, "event": "console.request", "id_hash": "h_d1ef7f6cf0fd", "status": "200"}
[WebServer] {"duration_ms": 58.39304199980688, "event": "console.request", "id_hash": "h_6d27f211f769", "status": "200"}
[WebServer] {"duration_ms": 16.309582999383565, "event": "console.request", "id_hash": "h_26dbb8b21d68", "status": "409"}
[WebServer] {"duration_ms": 4.2191249995084945, "event": "console.request", "id_hash": "h_d9c8f710bfdb", "status": "200"}
[WebServer] {"duration_ms": 56.92345899660722, "event": "console.request", "id_hash": "h_400e401d3cdb", "status": "200"}
[WebServer] {"duration_ms": 58.933625001373, "event": "console.request", "id_hash": "h_0aaf8ec35fc2", "status": "200"}
[WebServer] {"duration_ms": 62.52679099998204, "event": "console.request", "id_hash": "h_f9daf8b54cfc", "status": "200"}
[WebServer] {"duration_ms": 62.88525000127265, "event": "console.request", "id_hash": "h_f64dc0ddd06b", "status": "200"}
[WebServer] {"duration_ms": 63.11058299979777, "event": "console.request", "id_hash": "h_255a068eecd9", "status": "200"}
[WebServer] {"duration_ms": 64.31125000017346, "event": "console.request", "id_hash": "h_572ab78c4435", "status": "200"}
[WebServer] {"duration_ms": 0.8773749977990519, "event": "console.request", "id_hash": "h_83b533ad3525", "status": "200"}
[WebServer] {"duration_ms": 0.8061670014285482, "event": "console.request", "id_hash": "h_a8b27ab8fcf3", "status": "200"}
[WebServer] {"duration_ms": 1.3547499984269962, "event": "console.request", "id_hash": "h_9c732cad2187", "status": "200"}
[WebServer] {"duration_ms": 3.3531669978401624, "event": "console.request", "id_hash": "h_62e1e0238671", "status": "200"}
[WebServer] {"duration_ms": 4.726874998596031, "event": "console.request", "id_hash": "h_2756bb062595", "status": "200"}
[WebServer] {"duration_ms": 52.91374999796972, "event": "console.request", "id_hash": "h_3853ac60d7f5", "status": "200"}
[WebServer] {"duration_ms": 54.652499999065185, "event": "console.request", "id_hash": "h_914b34f76ca8", "status": "200"}
[WebServer] {"duration_ms": 57.148874999256805, "event": "console.request", "id_hash": "h_a89ca6940719", "status": "200"}
[WebServer] {"duration_ms": 59.21262500123703, "event": "console.request", "id_hash": "h_a355efc292ee", "status": "200"}
[WebServer] {"duration_ms": 60.09391699990374, "event": "console.request", "id_hash": "h_915c9aaf31da", "status": "200"}
[WebServer] {"duration_ms": 58.82129200108466, "event": "console.request", "id_hash": "h_4a363e6b043b", "status": "200"}
[WebServer] {"duration_ms": 11.497458999656374, "event": "console.request", "id_hash": "h_eb252f9a878a", "status": "200"}
[WebServer] {"duration_ms": 17.886334000650095, "event": "console.request", "id_hash": "h_bffad68a27ed", "status": "201"}
[WebServer] {"duration_ms": 54.919750000408385, "event": "console.request", "id_hash": "h_0193894fcd7f", "status": "200"}
[WebServer] {"duration_ms": 60.95170799744665, "event": "console.request", "id_hash": "h_f09d1e0f4489", "status": "200"}
[WebServer] {"duration_ms": 60.00349999885657, "event": "console.request", "id_hash": "h_a513f599a3c8", "status": "200"}
[WebServer] {"duration_ms": 60.8038749996922, "event": "console.request", "id_hash": "h_50261be99262", "status": "200"}
[WebServer] {"duration_ms": 60.941583000385435, "event": "console.request", "id_hash": "h_113b6988ba47", "status": "200"}
[WebServer] {"duration_ms": 60.67579099908471, "event": "console.request", "id_hash": "h_d115e14b843a", "status": "200"}
[WebServer] {"duration_ms": 0.9640829994168598, "event": "console.request", "id_hash": "h_53a3df463ee7", "status": "200"}
[WebServer] {"duration_ms": 1.3459590009006206, "event": "console.request", "id_hash": "h_7814a23a43d4", "status": "200"}
[WebServer] {"duration_ms": 2.180375002353685, "event": "console.request", "id_hash": "h_f64be5b6f6ae", "status": "200"}
[WebServer] {"duration_ms": 2.6541670013102703, "event": "console.request", "id_hash": "h_32edc0cfb263", "status": "200"}
[WebServer] {"duration_ms": 5.48749999870779, "event": "console.request", "id_hash": "h_08f69ec00e9e", "status": "200"}
[WebServer] {"duration_ms": 56.225166998046916, "event": "console.request", "id_hash": "h_fecf347cd750", "status": "200"}
[WebServer] {"duration_ms": 59.20837500161724, "event": "console.request", "id_hash": "h_721c7db3ded3", "status": "200"}
[WebServer] {"duration_ms": 59.29366599957575, "event": "console.request", "id_hash": "h_7f0c1279075e", "status": "200"}
[WebServer] {"duration_ms": 60.2927500003716, "event": "console.request", "id_hash": "h_2468e62a612e", "status": "200"}
[WebServer] {"duration_ms": 59.79604099775315, "event": "console.request", "id_hash": "h_2c8f538e0785", "status": "200"}
[WebServer] {"duration_ms": 59.47358299818006, "event": "console.request", "id_hash": "h_74d701285d9f", "status": "200"}
[WebServer] {"duration_ms": 9.130333000939572, "event": "console.request", "id_hash": "h_ad66cd67a7bc", "status": "200"}
[WebServer] {"duration_ms": 4.732833996968111, "event": "console.request", "id_hash": "h_4887bf01cb3d", "status": "200"}
  ✓  21 tests/browser/persona.spec.ts:67:1 › real Persona publish, reauth, refresh and rollback preserve immutable history in Required mode (1.9s)


  1) tests/browser/console.spec.ts:1926:1 › real trigger lifecycle and Task forget preserve revisions and delete the plan 

    Error: [2mexpect([22m[31mlocator[39m[2m).[22mtoBeEnabled[2m()[22m failed

    Locator:  getByRole('button', { name: '登录控制台', exact: true })
    Expected: enabled
    Received: disabled
    Timeout:  35000ms

    Call log:
    [2m  - Expect "toBeEnabled" with timeout 35000ms[22m
    [2m  - waiting for getByRole('button', { name: '登录控制台', exact: true })[22m
    [2m    39 × locator resolved to <button disabled class="primary">登录控制台</button>[22m
    [2m       - unexpected value "disabled"[22m


       at login.ts:20

      18 |     expect(seconds).toBeLessThanOrEqual(60);
      19 |     await expect(submit).toBeDisabled();
    > 20 |     await expect(submit).toBeEnabled({ timeout: (seconds + 2) * 1000 });
         |                          ^
      21 |     response = await attempt();
      22 |   }
      23 |   expect(response.status()).toBe(200);
        at loginWithCooldown (/Users/cassia/Local/Code/iris_memory_core/web/console/tests/browser/login.ts:20:26)
        at /Users/cassia/Local/Code/iris_memory_core/web/console/tests/browser/console.spec.ts:932:3

    Error Context: test-results/console-real-trigger-lifec-e6ac2-visions-and-delete-the-plan/error-context.md

  1 failed
    tests/browser/console.spec.ts:1926:1 › real trigger lifecycle and Task forget preserve revisions and delete the plan 
  20 passed (1.3m)
make: *** [console-browser] Error 1
