UV_CACHE_DIR=.uv-cache uv run ruff format --check .
379 files already formatted
UV_CACHE_DIR=.uv-cache uv run ruff check .
All checks passed!
UV_CACHE_DIR=.uv-cache uv run python -m tools.check_import_boundaries
domain import boundary: ok
UV_CACHE_DIR=.uv-cache uv run python -m tools.check_docs
documentation structure and local links: ok
UV_CACHE_DIR=.uv-cache uv run python -m tools.check_contract_counts
current documentation contract counts: ok
UV_CACHE_DIR=.uv-cache uv run mypy
Success: no issues found in 376 source files
npm run typecheck --prefix sdk/typescript

> @iris-memory/sdk@0.11.2 typecheck
> tsc --project tsconfig.json --noEmit

UV_CACHE_DIR=.uv-cache uv run python -m tools.generate_contracts --check
generated contracts: ok
UV_CACHE_DIR=.uv-cache uv run python -m tools.check_compatibility
contract compatibility: ok
UV_CACHE_DIR=.uv-cache uv run python -m tools.check_public_api
public API exports, signatures, DTOs, CLI and HTTP snapshot: passed
UV_CACHE_DIR=.uv-cache uv run pytest tests/performance --no-cov -s
============================= test session starts ==============================
platform darwin -- Python 3.12.13, pytest-8.4.2, pluggy-1.6.0
rootdir: /Users/cassia/Local/Code/iris_memory_core
configfile: pyproject.toml
plugins: cov-7.1.0, anyio-4.15.0
collected 11 items

tests/performance/test_forget_latency.py ..
tests/performance/test_graph_profile_recall_latency.py 
graph+profile hybrid recall: p50=29.5ms p95=39.0ms max=45.1ms samples=40 budget=250ms
.
tests/performance/test_hybrid_recall_latency.py 
hybrid recall: p50=30.4ms p95=31.9ms max=50.7ms samples=40 embed_p50=0.03ms faiss_p50=1.70ms
..
tests/performance/test_observe_latency.py 
single-observation p95=4.00ms median=3.28ms
environment: python=3.12.13; sqlite=3.50.4; platform=arm64/Darwin; concurrency=1; payload=512B content per record
.
batch-100 p95=13.13ms median=12.08ms
environment: sqlite=(3, 50, 4); observations=7000; outbox_jobs=7000 (unsettled and completed)
.
tests/performance/test_persona_latency.py 
persona-current p95=1.89ms median=1.35ms
.
tests/performance/test_recall_latency.py 
structured recall: p50=24.57ms p95=25.76ms max=26.34ms samples=40
.
fts recall: p50=27.06ms p95=28.16ms max=45.78ms samples=40
.
tests/performance/test_state_latency.py 
environment: python=3.12.13 sqlite=3.50.4 machine=arm64 os=Darwin
state coalesced write (sequential stream, coalescing active): samples=120 payload_bytes=121 corpus=2000 rows | p50=8.95ms p95=10.44ms
contention burst (reported, single-writer gate queueing): samples=24 concurrency=8 p95=149.17ms | busy_events=0 | projection_jobs=2009 pending=2009 hot_key_revisions=155 queue_lag_us=18926045
.

============================= 11 passed in 42.49s ==============================
UV_CACHE_DIR=.uv-cache uv run pytest --ignore=tests/performance
============================= test session starts ==============================
platform darwin -- Python 3.12.13, pytest-8.4.2, pluggy-1.6.0
rootdir: /Users/cassia/Local/Code/iris_memory_core
configfile: pyproject.toml
testpaths: tests, sdk/python/tests
plugins: cov-7.1.0, anyio-4.15.0
collected 14768 items

tests/contract/test_asgi_authorization.py .............................. [  0%]
.....................                                                    [  0%]
tests/contract/test_console_contract.py ................................ [  0%]
........................................................................ [  1%]
........................................................................ [  1%]
........................................................................ [  2%]
........................................................................ [  2%]
........................................................................ [  2%]
...........                                                              [  3%]
tests/contract/test_http_operation_matrix.py ..                          [  3%]
tests/contract/test_json_schemas.py .................................... [  3%]
............                                                             [  3%]
tests/contract/test_mock_server.py ..................................... [  3%]
.................                                                        [  3%]
tests/contract/test_public_api.py ......                                 [  3%]
tests/contract/test_recall_batch_revalidation.py ......                  [  3%]
tests/fault/test_kill9.py ...............................                [  4%]
tests/integration/cognition/test_persona.py .................            [  4%]
tests/integration/cognition/test_persona_clock_trajectories.py .         [  4%]
tests/integration/cognition/test_persona_http_concurrency.py .           [  4%]
tests/integration/cognition/test_persona_policy_quantitative.py ........ [  4%]
........................................................................ [  4%]
........................................................................ [  5%]
........................................................................ [  5%]
........................................................................ [  6%]
........................................................................ [  6%]
........................................................................ [  7%]
........................................................................ [  7%]
........................................................................ [  8%]
........................................................................ [  8%]
........................................................................ [  9%]
........................................................................ [  9%]
........................................................................ [ 10%]
........................................................................ [ 10%]
........................................................................ [ 11%]
........................................................................ [ 11%]
........................................................................ [ 12%]
........................................................................ [ 12%]
........................................................................ [ 13%]
........................................................................ [ 13%]
........................................................................ [ 14%]
........................................................................ [ 14%]
........................................................................ [ 14%]
........................................................................ [ 15%]
........................................................................ [ 15%]
........................................................................ [ 16%]
........................................................................ [ 16%]
........................................................................ [ 17%]
........................................................................ [ 17%]
........................................................................ [ 18%]
........................................................................ [ 18%]
........................................................................ [ 19%]
........................................................................ [ 19%]
........................................................................ [ 20%]
........................................................................ [ 20%]
........................................................................ [ 21%]
........................................................................ [ 21%]
........................................................................ [ 22%]
........................................................................ [ 22%]
........................................................                 [ 23%]
tests/integration/cognition/test_reflection_pipeline.py ............     [ 23%]
tests/integration/cognition/test_reflection_runtime.py ...               [ 23%]
tests/integration/console/test_console_artifact_http.py ................ [ 23%]
......                                                                   [ 23%]
tests/integration/console/test_console_artifact_upload.py .............. [ 23%]
......................                                                   [ 23%]
tests/integration/console/test_console_authentication.py ............... [ 23%]
............................................                             [ 24%]
tests/integration/console/test_console_claim_http.py ................... [ 24%]
.                                                                        [ 24%]
tests/integration/console/test_console_commands.py ..................... [ 24%]
..                                                                       [ 24%]
tests/integration/console/test_console_entity_attributes.py ............ [ 24%]
.......                                                                  [ 24%]
tests/integration/console/test_console_entity_redirect.py .............. [ 24%]
..                                                                       [ 24%]
tests/integration/console/test_console_entity_tombstone.py .........     [ 24%]
tests/integration/console/test_console_episode_http.py ................. [ 24%]
...........                                                              [ 24%]
tests/integration/console/test_console_event_dismiss.py ............     [ 24%]
tests/integration/console/test_console_event_http.py ..........          [ 24%]
tests/integration/console/test_console_event_recall.py ..                [ 24%]
tests/integration/console/test_console_focus_commands.py ........        [ 25%]
tests/integration/console/test_console_focus_forget.py .............     [ 25%]
tests/integration/console/test_console_focus_http.py .                   [ 25%]
tests/integration/console/test_console_forget_http.py .................. [ 25%]
..............                                                           [ 25%]
tests/integration/console/test_console_forget_selection.py ....          [ 25%]
tests/integration/console/test_console_identity_http.py ................ [ 25%]
..............                                                           [ 25%]
tests/integration/console/test_console_note_http.py .................... [ 25%]
...                                                                      [ 25%]
tests/integration/console/test_console_observation_http.py ............. [ 25%]
..                                                                       [ 25%]
tests/integration/console/test_console_operation_batches.py ...........  [ 25%]
tests/integration/console/test_console_operation_cancellation.py ...     [ 25%]
tests/integration/console/test_console_operation_http.py ...             [ 25%]
tests/integration/console/test_console_operation_ordering.py ..          [ 25%]
tests/integration/console/test_console_operation_storage.py ..           [ 25%]
tests/integration/console/test_console_persona_commands.py ............. [ 26%]
....                                                                     [ 26%]
tests/integration/console/test_console_persona_http.py ............      [ 26%]
tests/integration/console/test_console_persona_policy.py ...........     [ 26%]
tests/integration/console/test_console_persona_policy_http.py .......... [ 26%]
........                                                                 [ 26%]
tests/integration/console/test_console_persona_policy_recovery.py .      [ 26%]
tests/integration/console/test_console_persona_proposals.py ............ [ 26%]
                                                                         [ 26%]
tests/integration/console/test_console_persona_proposals_http.py ....... [ 26%]
....                                                                     [ 26%]
tests/integration/console/test_console_persona_proposals_recovery.py .   [ 26%]
tests/integration/console/test_console_persona_recovery.py ..            [ 26%]
tests/integration/console/test_console_persona_state.py ................ [ 26%]
..                                                                       [ 26%]
tests/integration/console/test_console_persona_state_http.py ........... [ 26%]
...                                                                      [ 26%]
tests/integration/console/test_console_persona_state_recovery.py .       [ 26%]
tests/integration/console/test_console_plane.py .......................  [ 26%]
tests/integration/console/test_console_reads.py ........................ [ 27%]
...............................                                          [ 27%]
tests/integration/console/test_console_relation_http.py ................ [ 27%]
...............                                                          [ 27%]
tests/integration/console/test_console_state_forget.py .............     [ 27%]
tests/integration/console/test_console_state_http.py .............       [ 27%]
tests/integration/console/test_console_task_dependencies.py ............ [ 27%]
......                                                                   [ 27%]
tests/integration/console/test_console_task_forget.py .................. [ 27%]
.                                                                        [ 27%]
tests/integration/console/test_console_task_http.py ..............       [ 28%]
tests/integration/console/test_console_task_steps.py ............        [ 28%]
tests/integration/console/test_console_task_triggers.py ................ [ 28%]
.......                                                                  [ 28%]
tests/integration/console/test_console_worker_execution.py ......        [ 28%]
tests/integration/memory/test_claim_revision_events.py ......            [ 28%]
tests/integration/memory/test_concurrency.py ..                          [ 28%]
tests/integration/memory/test_consistency.py .............               [ 28%]
tests/integration/memory/test_entity_tombstone_ledger.py ......          [ 28%]
tests/integration/memory/test_events.py ..............................   [ 28%]
tests/integration/memory/test_focus_items.py ........................... [ 28%]
...                                                                      [ 28%]
tests/integration/memory/test_focus_promotion.py ....................... [ 29%]
....                                                                     [ 29%]
tests/integration/memory/test_memory_artifacts.py ..............         [ 29%]
tests/integration/memory/test_memory_cascade_and_privacy.py ...........  [ 29%]
tests/integration/memory/test_memory_claims.py ......................... [ 29%]
........                                                                 [ 29%]
tests/integration/memory/test_memory_concurrency.py ....                 [ 29%]
tests/integration/memory/test_memory_episodes_relations.py ...........   [ 29%]
tests/integration/memory/test_memory_evidence_scope_and_ledger.py ...... [ 29%]
.........                                                                [ 29%]
tests/integration/memory/test_memory_forget.py .....................     [ 29%]
tests/integration/memory/test_notes.py ...............                   [ 29%]
tests/integration/memory/test_recent_context.py .................        [ 30%]
tests/integration/memory/test_relation_endpoint_privacy.py ...           [ 30%]
tests/integration/memory/test_state_records.py ......................... [ 30%]
..                                                                       [ 30%]
tests/integration/memory/test_task_deletion_storage.py ...               [ 30%]
tests/integration/memory/test_task_event_jobs.py ...........             [ 30%]
tests/integration/memory/test_tasks.py ..................                [ 30%]
tests/integration/memory/test_triggers.py .............................. [ 30%]
.....                                                                    [ 30%]
tests/integration/memory/test_working_memory_jobs.py ............        [ 30%]
tests/integration/memory/test_working_memory_security.py .......         [ 30%]
tests/integration/migrations/test_console_migration.py ..                [ 30%]
tests/integration/migrations/test_console_operation_migration.py ..      [ 30%]
tests/integration/migrations/test_console_preview_migration.py .......   [ 30%]
tests/integration/migrations/test_dependency_lifecycle_migration.py .... [ 30%]
                                                                         [ 30%]
tests/integration/migrations/test_fts_recall_migration.py .............  [ 31%]
tests/integration/migrations/test_graph_profile_migration.py .......     [ 31%]
tests/integration/migrations/test_ingestion_migration.py ..............  [ 31%]
tests/integration/migrations/test_memory_migration.py ..........         [ 31%]
tests/integration/migrations/test_migrations.py ......................   [ 31%]
tests/integration/migrations/test_persona_migration.py ...               [ 31%]
tests/integration/migrations/test_reflection_migration.py ....           [ 31%]
tests/integration/migrations/test_state_deletion_migration.py ......     [ 31%]
tests/integration/migrations/test_task_event_migration.py .............. [ 31%]
.....                                                                    [ 31%]
tests/integration/migrations/test_vector_migration.py .........          [ 31%]
tests/integration/migrations/test_working_memory_migration.py .......... [ 31%]
......                                                                   [ 31%]
tests/integration/recall/test_fts_recall_fts.py ...............          [ 31%]
tests/integration/recall/test_fts_recall_recall.py ..................... [ 32%]
........                                                                 [ 32%]
tests/integration/recall/test_fts_recall_usage.py ...........            [ 32%]
tests/integration/recall/test_graph_http_fallbacks.py ...                [ 32%]
tests/integration/recall/test_graph_profile_concurrency.py .......       [ 32%]
tests/integration/recall/test_graph_profile_graph.py ................... [ 32%]
........................................................................ [ 32%]
......................................                                   [ 33%]
tests/integration/recall/test_graph_profile_jobs.py .........            [ 33%]
tests/integration/recall/test_graph_profile_privacy_and_consistency.py . [ 33%]
..........                                                               [ 33%]
tests/integration/recall/test_graph_profile_profile.py ................. [ 33%]
....                                                                     [ 33%]
tests/integration/recall/test_graph_profile_recall.py .................. [ 33%]
............................                                             [ 33%]
tests/integration/recall/test_graph_runtime_budgets.py ........          [ 33%]
tests/integration/recall/test_graph_runtime_races.py ................... [ 33%]
........................................................................ [ 34%]
........................................................................ [ 34%]
........................................................................ [ 35%]
...............                                                          [ 35%]
tests/integration/recall/test_projection_deletion_publication.py ....... [ 35%]
....................                                                     [ 35%]
tests/integration/recall/test_provider_deadline_and_circuit_probe.py ... [ 35%]
.                                                                        [ 35%]
tests/integration/recall/test_recall.py ...........................      [ 35%]
tests/integration/recall/test_recall_backlog_identity_and_replay.py .... [ 35%]
...........                                                              [ 35%]
tests/integration/recall/test_recall_deadline_scope_and_rebuild.py ..... [ 35%]
...............                                                          [ 36%]
tests/integration/recall/test_recall_publication_revalidation.py ....... [ 36%]
......                                                                   [ 36%]
tests/integration/recall/test_vector.py ............................     [ 36%]
tests/integration/recall/test_vector_concurrency.py .......              [ 36%]
tests/integration/recall/test_vector_crash_freshness_and_isolation.py .. [ 36%]
......................                                                   [ 36%]
tests/integration/recall/test_vector_idmap.py ........                   [ 36%]
tests/integration/recall/test_vector_provider.py ....................... [ 36%]
..                                                                       [ 36%]
tests/integration/recall/test_vector_recall.py ...........               [ 36%]
tests/integration/recovery/test_backup.py .......................        [ 36%]
tests/integration/recovery/test_console_operation_restore.py ........    [ 37%]
tests/integration/recovery/test_memory_backup.py .                       [ 37%]
tests/integration/recovery/test_memory_forget_commit_and_restore_atomicity.py . [ 37%]
...........                                                              [ 37%]
tests/integration/recovery/test_memory_legacy_restore_and_ledger_identity.py . [ 37%]
.......                                                                  [ 37%]
tests/integration/recovery/test_memory_resurrection.py .......           [ 37%]
tests/integration/recovery/test_recall_visibility_and_resurrection.py .. [ 37%]
......                                                                   [ 37%]
tests/integration/recovery/test_release_packaging.py .........           [ 37%]
tests/integration/recovery/test_trigger_backup_configuration.py .        [ 37%]
tests/integration/runtime/test_backpressure_health.py .................. [ 37%]
......                                                                   [ 37%]
tests/integration/runtime/test_http_recall_assembly.py ................. [ 37%]
...                                                                      [ 37%]
tests/integration/runtime/test_http_recall_provider_faults.py .........  [ 37%]
tests/integration/runtime/test_identity_registry.py .................... [ 37%]
.                                                                        [ 37%]
tests/integration/runtime/test_observations.py ......................... [ 38%]
.........                                                                [ 38%]
tests/integration/runtime/test_outbox.py ............................... [ 38%]
.........                                                                [ 38%]
tests/integration/runtime/test_provisioning.py ................          [ 38%]
tests/integration/runtime/test_release_surface.py ...................... [ 38%]
..........................                                               [ 38%]
tests/integration/runtime/test_runtime.py ......                         [ 38%]
tests/integration/runtime/test_runtime_authorization_fencing_and_health.py . [ 38%]
..............................................                           [ 39%]
tests/integration/runtime/test_scheduler.py ..........................   [ 39%]
tests/integration/runtime/test_surface.py .............................. [ 39%]
....                                                                     [ 39%]
tests/integration/runtime/test_task_event_surface_gate.py .............. [ 39%]
....................                                                     [ 39%]
tests/unit/test_cli.py .......                                           [ 39%]
tests/unit/test_contract_compatibility.py ...                            [ 39%]
tests/unit/test_contract_counts.py ....                                  [ 39%]
tests/unit/test_contract_generation.py ....                              [ 39%]
tests/unit/test_domain.py ..                                             [ 39%]
tests/unit/test_domain_rules.py ........                                 [ 39%]
tests/unit/test_graph_profile_domain.py ...........................      [ 40%]
tests/unit/test_identity_rules.py ........                               [ 40%]
tests/unit/test_import_boundaries.py ...                                 [ 40%]
tests/unit/test_ingestion_domain.py .................................... [ 40%]
..............                                                           [ 40%]
tests/unit/test_memory_domain.py ....................................... [ 40%]
........................................................................ [ 41%]
........................................................................ [ 41%]
........................................................................ [ 42%]
........................................................................ [ 42%]
........................................................................ [ 43%]
........................................................................ [ 43%]
........................................................................ [ 44%]
........................................................................ [ 44%]
........................................................................ [ 45%]
........................................................................ [ 45%]
........................................................................ [ 46%]
........................................................................ [ 46%]
........................................................................ [ 47%]
........................................................................ [ 47%]
........................................................................ [ 48%]
........................................................................ [ 48%]
........................................................................ [ 49%]
........................................................................ [ 49%]
........................................................................ [ 50%]
........................................................................ [ 50%]
........................................................................ [ 51%]
........................................................................ [ 51%]
........................................................................ [ 52%]
........................................................................ [ 52%]
........................................................................ [ 53%]
........................................................................ [ 53%]
........................................................................ [ 54%]
........................................................................ [ 54%]
........................................................................ [ 54%]
........................................................................ [ 55%]
........................................................................ [ 55%]
........................................................................ [ 56%]
........................................................................ [ 56%]
........................................................................ [ 57%]
........................................................................ [ 57%]
........................................................................ [ 58%]
........................................................................ [ 58%]
........................................................................ [ 59%]
........................................................................ [ 59%]
........................................................................ [ 60%]
........................................................................ [ 60%]
...............                                                          [ 60%]
tests/unit/test_persona_domain.py ....                                   [ 60%]
tests/unit/test_promotion_bounds.py ..                                   [ 60%]
tests/unit/test_reflection.py .......................................... [ 61%]
........................................................................ [ 61%]
........................................................................ [ 62%]
........................................................................ [ 62%]
........................................................................ [ 63%]
........................................................................ [ 63%]
........................................................................ [ 64%]
........................................................................ [ 64%]
........................................................................ [ 65%]
........................................................................ [ 65%]
........................................................................ [ 66%]
........................................................................ [ 66%]
........................................................................ [ 67%]
........................................................................ [ 67%]
........................................................................ [ 68%]
........................................................................ [ 68%]
........................................................................ [ 69%]
........................................................................ [ 69%]
........................................................................ [ 70%]
........................................................................ [ 70%]
........................................................................ [ 71%]
........................................................................ [ 71%]
........................................................................ [ 71%]
........................................................................ [ 72%]
........................................................................ [ 72%]
........................................................................ [ 73%]
........................................................................ [ 73%]
........................................................................ [ 74%]
........................................................................ [ 74%]
...........................................                              [ 75%]
tests/unit/test_task_event_domain.py ................................... [ 75%]
........................................................................ [ 75%]
........................................................................ [ 76%]
........................................................................ [ 76%]
........................................................................ [ 77%]
........................................................................ [ 77%]
........................................................................ [ 78%]
........................................................................ [ 78%]
........................................................................ [ 79%]
........................................................................ [ 79%]
........................................................................ [ 80%]
........................................................................ [ 80%]
........................................................................ [ 81%]
........................................................................ [ 81%]
........................................................................ [ 82%]
........................................................................ [ 82%]
........................................................................ [ 83%]
........................................................................ [ 83%]
........................................................................ [ 84%]
........................................................................ [ 84%]
........................................................................ [ 85%]
........................................................................ [ 85%]
........................................................................ [ 86%]
........................................................................ [ 86%]
........................................................................ [ 87%]
........................................................................ [ 87%]
........................................................................ [ 88%]
........................................................................ [ 88%]
........................................................................ [ 89%]
........................................................................ [ 89%]
........................................................................ [ 90%]
........................................................................ [ 90%]
........................................................................ [ 91%]
........................................................................ [ 91%]
........................................................................ [ 92%]
........................................................................ [ 92%]
........................................................................ [ 92%]
........................................................................ [ 93%]
........................................................................ [ 93%]
........................................................................ [ 94%]
........................................................................ [ 94%]
........................................................................ [ 95%]
........................................................................ [ 95%]
........................................................................ [ 96%]
........................................................................ [ 96%]
........................................................................ [ 97%]
........................................................................ [ 97%]
........................................................................ [ 98%]
........................................................................ [ 98%]
........................................................................ [ 99%]
...................................................                      [ 99%]
tests/unit/test_vector_domain.py ............................            [ 99%]
tests/unit/test_working_memory_domain.py ...................             [ 99%]
sdk/python/tests/test_fixtures.py ..                                     [100%]

=============================== warnings summary ===============================
.venv/lib/python3.12/site-packages/fastapi/testclient.py:1
  /Users/cassia/Local/Code/iris_memory_core/.venv/lib/python3.12/site-packages/fastapi/testclient.py:1: StarletteDeprecationWarning: Using `httpx` with `starlette.testclient` is deprecated; install `httpx2` instead.
    from starlette.testclient import TestClient as TestClient  # noqa

.venv/lib/python3.12/site-packages/starlette/testclient.py:53
  /Users/cassia/Local/Code/iris_memory_core/.venv/lib/python3.12/site-packages/starlette/testclient.py:53: DeprecationWarning: The anyio.abc.BlockingPortal alias is deprecated, use anyio.from_thread.BlockingPortal instead.
    _PortalFactoryType = Callable[[], AbstractContextManager[anyio.abc.BlockingPortal]]

-- Docs: https://docs.pytest.org/en/stable/how-to/capture-warnings.html
================================ tests coverage ================================
______________ coverage: platform darwin, python 3.12.13-final-0 _______________

Name                                                            Stmts   Miss Branch BrPart  Cover   Missing
-----------------------------------------------------------------------------------------------------------
sdk/python/src/iris_memory_sdk/client.py                          452     45    102     17    89%   58, 60, 174, 202, 204, 206, 231, 233, 327, 330->332, 350, 356, 358, 384, 459, 640, 1124, 1261-1269, 1286-1293, 1303-1313, 1316-1317, 1340-1354, 1363-1372, 1389-1396, 1401-1408, 1413-1420, 1429-1438
sdk/python/src/iris_memory_sdk/models.py                         1537    407    980    325    69%   16-17, 31, 60, 77, 83, 85, 89, 97, 102, 104-105, 109, 111, 114, 119-131, 163, 167-168, 170, 173-174, 178, 181, 185, 198, 204, 209, 213, 215, 218, 224, 227, 229, 232, 238, 242, 248, 254, 258, 260, 263, 266, 272, 277, 283, 287, 289, 291, 297, 301, 303, 305, 311, 317, 320, 322, 325, 332, 336, 339, 342, 348, 358, 366, 372, 374, 379, 385, 391-392, 395-396, 399, 401, 403, 409, 416, 423, 427-428, 432, 438, 443, 448, 453, 463, 496, 499, 504, 511, 514, 525, 528->530, 536, 543-545, 548, 551, 559, 569, 572, 575, 577, 583-590, 594-609, 614, 624, 627, 630, 634, 644, 650, 653, 658-671, 676, 678->680, 682, 685, 691-700, 705, 708->710, 712, 715, 718, 721, 723, 724->728, 734, 740, 742, 745, 751, 757, 763, 768-775, 830, 837, 845-846, 849-850, 853, 870-871, 876-877, 879, 881, 883, 885, 890, 895, 897, 902, 909, 911, 915, 926, 930, 933, 934->936, 939, 942, 949, 966, 968->967, 973, 980, 984, 988, 990, 993, 997, 1000, 1006, 1010-1011, 1020, 1022->1024, 1026-1027, 1036-1037, 1041, 1046, 1051, 1060, 1063, 1066, 1071, 1081, 1087, 1090->1095, 1092, 1100, 1104-1105, 1114, 1119, 1122, 1124->1123, 1130, 1134, 1140, 1145, 1147, 1154, 1161, 1164, 1166->1165, 1172, 1176, 1184, 1190, 1198, 1205, 1214, 1217, 1224, 1236, 1239, 1241->1240, 1245, 1253, 1260, 1263, 1266, 1269, 1276, 1283, 1286, 1290, 1297, 1300, 1302, 1305, 1308, 1315, 1322, 1325, 1327, 1329, 1335, 1339-1340, 1349, 1355, 1364, 1370, 1373, 1376, 1382, 1396-1397, 1404, 1407, 1411, 1429, 1432, 1438, 1442, 1445, 1453, 1456, 1458, 1461, 1464, 1478, 1484, 1496, 1499, 1508, 1510, 1513, 1519, 1522, 1527, 1530, 1533, 1539, 1548, 1565, 1569, 1573, 1583, 1589, 1592, 1595, 1598, 1605, 1609, 1612, 1616-1617, 1623, 1628, 1630, 1635, 1642-1643, 1651, 1660, 1666, 1669, 1672, 1674, 1676, 1678, 1684, 1688, 1691, 1694, 1697, 1705, 1710, 1713, 1717, 1719, 1721, 1727, 1736, 1745, 1749, 1752, 1759, 1763, 1765, 1774, 1778, 1784, 1791, 1799, 1804, 1806, 1808, 1814, 1822, 1827, 1834, 1848, 1852-1853, 1861, 1887, 1905, 1909, 1923, 1929, 1933, 1937-1938, 1941, 1944
src/iris_memory_core/__main__.py                                    1      1      0      0     0%   1
src/iris_memory_core/_resources.py                                 24      2      8      3    84%   28, 31, 36->38
src/iris_memory_core/api/app.py                                   908    137    382     50    83%   119, 125, 127, 138, 141, 166, 169, 206, 218, 221, 225, 233, 236, 239-241, 243, 299, 325, 339, 344-356, 383-384, 386, 393-396, 407-451, 457-468, 617, 626, 715, 734, 745, 970, 1019, 1026-1027, 1035-1036, 1237, 1250-1254, 1318-1321, 1394, 1411, 1422, 1451, 1456, 1459, 1541, 1554, 1560, 1564, 1566->1613, 1571, 1609-1611, 1639-1641, 1689->1697, 1727, 1739, 1761-1762, 1803, 1829, 1853, 1895-1896, 1903-1906, 1908-1909, 1958-1965
src/iris_memory_core/api/console/app.py                           123      6     34      3    93%   60, 83, 109, 126-128
src/iris_memory_core/api/console/auth.py                          115      4     42      2    96%   89-91, 110
src/iris_memory_core/api/console/config.py                         52      3     22      1    95%   16-17, 75
src/iris_memory_core/api/console/crypto.py                         62      5     10      3    89%   22-23, 27, 33, 84
src/iris_memory_core/api/console/errors.py                         46      1     14      1    97%   79
src/iris_memory_core/api/console/key_views.py                      57      1     16      1    97%   123
src/iris_memory_core/api/console/listening.py                      41      3      8      0    90%   26, 69-70
src/iris_memory_core/api/console/offline.py                        41      4      8      4    84%   40, 46, 48, 53
src/iris_memory_core/api/console/resource_views.py                110      3     50      3    96%   93, 97, 154
src/iris_memory_core/api/console/routes_artifacts.py               63      2     26      3    94%   37, 51->56, 53
src/iris_memory_core/api/console/routes_auth.py                   112      9     10      1    90%   81-86, 169-178
src/iris_memory_core/api/console/routes_forget.py                  29      2      6      2    89%   25, 43
src/iris_memory_core/api/console/routes_identity.py                56      3      6      3    90%   58, 104, 119
src/iris_memory_core/api/console/routes_memory.py                 378     28    114     25    89%   51, 118, 139, 163, 188, 208, 233, 253, 290, 311-312, 352, 359, 381-382, 422, 424, 446-447, 487, 513, 559, 572, 621, 690, 742, 833, 936
src/iris_memory_core/api/console/routes_operations.py              66      1     10      1    97%   54
src/iris_memory_core/api/console/routes_persona_policy.py          48      1     10      1    97%   138
src/iris_memory_core/api/console/routes_persona_proposals.py       40      1      2      0    98%   154
src/iris_memory_core/api/console/routes_personas.py                36      1      4      1    95%   21
src/iris_memory_core/api/errors.py                                 47      3     14      1    93%   82, 137-138
src/iris_memory_core/api/views.py                                 137      8     12      4    92%   79-80, 115, 123, 125, 127, 846, 895
src/iris_memory_core/application/artifacts.py                     218     25     72     19    84%   110, 143, 213, 215, 234, 275, 279, 281, 284-285, 297, 300, 305, 310, 333, 380, 385, 452, 457, 490, 571-574, 614
src/iris_memory_core/application/backpressure.py                  144      7     36      5    93%   52, 54, 56, 172-173, 176-177
src/iris_memory_core/application/console/artifacts.py              65      1      4      1    97%   164
src/iris_memory_core/application/console/authorization.py         127     22     80     11    81%   38-40, 44, 50, 55, 64-70, 88, 128-131, 148, 153, 161, 179
src/iris_memory_core/application/console/claims.py                 64      1      6      1    97%   158
src/iris_memory_core/application/console/commands.py              105     10     46     10    87%   155, 174, 176, 201, 221, 248, 258, 290, 293, 310
src/iris_memory_core/application/console/credentials.py           121     23     54     13    74%   98->97, 101, 133, 140-143, 146, 155-156, 159, 199, 221, 230, 233, 236, 275-296
src/iris_memory_core/application/console/episodes.py               63      1      8      1    97%   157
src/iris_memory_core/application/console/focus.py                  64      2      8      2    94%   92, 160
src/iris_memory_core/application/console/forget.py                274     26    126     24    88%   69, 96, 172, 177, 204, 212, 227, 230-231, 253, 266, 268, 271, 281, 418, 420, 422, 429, 472, 485, 488, 501, 571, 590, 598, 611
src/iris_memory_core/application/console/forget_selection.py       41     11     20      7    70%   33, 40, 42, 45, 48, 51-53, 62-64
src/iris_memory_core/application/console/identity.py              117      7     30      6    91%   43, 105, 149, 152-153, 210, 266, 294->296
src/iris_memory_core/application/console/notes.py                  65      1      8      1    97%   157
src/iris_memory_core/application/console/observations.py           60      1      6      1    97%   152
src/iris_memory_core/application/console/operations.py            160     14     44     14    86%   89, 92, 180, 188, 192, 196, 199, 223, 233, 317, 319, 406, 409, 419
src/iris_memory_core/application/console/persona_policy.py         44      2      4      2    92%   39, 43
src/iris_memory_core/application/console/persona_proposals.py      75      4     16      6    89%   53, 57, 67, 68->95, 78, 86->93
src/iris_memory_core/application/console/persona_states.py         57      2     10      2    94%   46, 50
src/iris_memory_core/application/console/personas.py               50      3      6      3    89%   41, 45, 49
src/iris_memory_core/application/console/reads.py                 182     20     82      9    88%   45, 48, 109-110, 118, 170-178, 187, 189, 234, 323, 326-327
src/iris_memory_core/application/console/relations.py              64      1      8      1    97%   161
src/iris_memory_core/application/console/security.py              286     23    120     22    89%   60, 101, 158, 163, 165, 175, 178, 288, 300, 402-403, 406, 412, 440, 472->exit, 502, 546, 590-598, 616, 622, 632, 657->661, 675, 689->680
src/iris_memory_core/application/console/tasks.py                 148      5     30      5    94%   98, 159, 219, 271, 421
src/iris_memory_core/application/entity_deletion.py                60      4     20      5    89%   32, 68, 137, 139->163, 146
src/iris_memory_core/application/episodes.py                      506     79    206     59    79%   118, 121, 136, 138, 147, 179, 186, 195, 199, 209, 222, 227, 243, 257, 297, 317, 395, 453, 455, 459, 461, 466, 468, 470, 472, 475, 483, 542, 547, 620, 668, 670, 736, 812-813, 825-842, 919, 979, 990, 998, 1038, 1058, 1062, 1105, 1126, 1134, 1181-1182, 1199, 1225, 1278, 1334, 1336, 1340, 1353, 1358, 1365, 1427, 1432, 1605, 1654-1655, 1670, 1677, 1694, 1701
src/iris_memory_core/application/events.py                        347     51    140     39    81%   89, 186, 305, 315, 349, 399, 401, 511, 569-570, 576, 581, 583, 588, 603, 605, 635, 697, 709, 711, 756, 765, 766->754, 772, 775, 786-788, 797, 798->773, 853, 856-857, 862-868, 879, 881, 907, 917, 939, 989, 999, 1118, 1202, 1208, 1223, 1228-1229, 1286-1287, 1289
src/iris_memory_core/application/focus.py                         485     52    188     43    86%   122, 124, 129, 131, 133, 136, 139, 141, 156, 160, 162, 165, 181-182, 249, 260, 295, 303-304, 306, 316, 344, 362, 382, 389, 398-399, 453, 495, 497, 519, 523, 583, 652, 773, 877, 921, 1028, 1032-1033, 1092, 1146-1147, 1189, 1232->1234, 1253->1255, 1269->1271, 1300-1301, 1316, 1382, 1387, 1398, 1453, 1490
src/iris_memory_core/application/forget.py                        533     52    262     46    86%   197->205, 271->277, 333->332, 345->344, 372->350, 398, 402->404, 448, 473, 548, 550, 632, 637, 657, 663, 665-667, 668->672, 671, 680, 716, 758, 791, 801, 816, 831-832, 976, 1083, 1094, 1109, 1120, 1139, 1150, 1182, 1186, 1190, 1194, 1200-1213, 1222, 1226, 1230, 1251, 1283, 1304, 1316, 1334, 1339->1347
src/iris_memory_core/application/health.py                        140     19     34      4    84%   116-117, 119-125, 134-138, 170, 175-176, 209, 229-230, 243
src/iris_memory_core/application/identity.py                      411     24    110     17    92%   262, 345, 349, 352-353, 357-358, 386, 411, 414, 523, 537, 539, 570, 574, 577-578, 583, 599, 610, 625, 665, 680, 1206
src/iris_memory_core/application/memory.py                        533     83    236     60    80%   106, 115, 119, 126, 129, 212, 231, 236-237, 239, 293, 303, 321, 332, 336, 340, 342-369, 390, 392, 403, 414, 416, 421, 423, 454, 456, 474, 491, 506, 510, 513, 516, 522, 582, 584, 587, 589, 592, 651, 653, 666, 669-670, 672, 678, 796, 801, 969, 1035, 1037, 1041, 1044, 1131, 1134-1141, 1164-1165, 1174, 1176, 1262, 1403-1404, 1443, 1457->1497, 1481, 1494, 1495->1457, 1587-1595, 1611, 1666
src/iris_memory_core/application/notes.py                         407     62    136     39    81%   134, 143, 147, 208, 212, 215-216, 231, 302, 410, 491, 497, 506, 521, 576, 580, 591, 593, 617, 651, 653, 712, 742-743, 834, 836, 850-851, 905, 932, 937, 939, 950, 1032, 1071-1072, 1125, 1127, 1137, 1168, 1185, 1190, 1208-1209, 1241-1250, 1293-1294, 1336, 1363-1412, 1446, 1453
src/iris_memory_core/application/observation.py                   362     35    188     37    87%   64, 76, 85, 124, 130, 145, 179, 186, 188, 201, 204-206, 216, 224, 227, 230, 291, 318, 451, 567->569, 573->575, 581, 609, 615, 622, 624, 627, 642, 665, 667, 670, 676, 678, 719->713, 733, 748, 750
src/iris_memory_core/application/outbox.py                        190      6     58      3    96%   366, 371, 376-381, 440
src/iris_memory_core/application/persona.py                       574     63    230     60    85%   85, 103, 135, 160, 173, 177, 198, 252, 314, 366, 385, 441, 494, 552, 583, 587, 602, 604, 666, 771, 782, 789, 802, 806, 816, 833, 848, 917, 919, 984, 994, 996, 1000, 1078-1085, 1115, 1160, 1174, 1182, 1387, 1408, 1419, 1423, 1429, 1435, 1444, 1455, 1459, 1462, 1470, 1481, 1489-1490, 1499, 1514, 1535, 1556, 1559, 1563, 1573, 1592, 1605, 1608
src/iris_memory_core/application/ports/clock.py                    33      4      0      0    88%   21, 42, 45, 48
src/iris_memory_core/application/promotion.py                     123      5     34      5    94%   131, 145, 155, 162, 276
src/iris_memory_core/application/provisioning.py                  210     19     46      5    89%   66, 348->363, 406, 482, 484, 491-492, 501-505, 508-520
src/iris_memory_core/application/recall.py                       1405    201    564    124    82%   238, 274, 376-377, 397, 601, 691, 693->695, 792, 805, 825, 867, 929, 954, 964, 966, 974, 976, 983, 1050, 1088, 1103, 1112, 1155, 1167, 1177-1182, 1190, 1194-1196, 1253, 1292, 1306, 1308, 1315, 1408, 1416, 1483, 1519, 1531, 1534, 1557, 1562, 1596, 1599, 1602, 1604, 1611, 1644, 1648-1649, 1651, 1653, 1662, 1664, 1692, 1768, 1771, 1774, 1776, 1783, 1995, 2078-2087, 2334, 2337, 2339, 2341, 2357, 2359, 2412, 2465-2466, 2468, 2470, 2472, 2474, 2484, 2486, 2498-2499, 2501, 2503, 2505, 2509, 2523-2524, 2526, 2528, 2531, 2542, 2555-2556, 2558, 2560, 2563, 2565, 2574, 2576, 2590-2591, 2595, 2598, 2600, 2608, 2610, 2613, 2615, 2623, 2639-2640, 2643-2661, 2674-2675, 2677, 2679, 2685, 2688, 2697, 2699, 2713-2714, 2718, 2720, 2723, 2726, 2728, 2737, 2739, 2748, 2764, 2766-2767, 2802, 3026, 3125, 3153, 3206, 3279, 3296, 3309->3326, 3328, 3360, 3367-3425, 3430-3489, 3495, 3591, 3599-3600, 3603-3604, 3667, 3699, 3705, 3708, 3717, 3747, 3752
src/iris_memory_core/application/recent.py                        161     18     66     13    85%   69, 89, 93, 97, 145, 206, 217, 223-224, 226, 228, 230, 241, 334-343, 431, 514
src/iris_memory_core/application/reflection.py                    360     66    120     34    79%   91, 93, 99, 105, 112, 115, 120, 123, 194-216, 272, 278, 306, 315-316, 342, 377, 392, 405, 408-413, 432-438, 451, 455, 458, 474, 476, 493-503, 505-514, 518-527, 564, 657, 660, 667, 693-703, 739-745, 776, 816-820, 834, 900, 917, 939-950, 1025, 1043-1064
src/iris_memory_core/application/retention.py                     245     94     98     15    57%   68, 114, 145, 150, 164, 181, 249, 265-266, 290->235, 319, 332, 374->305, 380, 444, 460-491, 496-498, 510-588, 600-649, 654-686, 693-721, 735-759, 802, 806, 812
src/iris_memory_core/application/scheduler.py                     157     12     38      9    89%   68, 118, 120, 122, 190, 216-217, 291-292, 302->308, 351-352, 388
src/iris_memory_core/application/security.py                       46      3     10      3    89%   22, 85, 87
src/iris_memory_core/application/state.py                         222     29     88     24    83%   87, 89, 94, 98, 101, 104, 106, 147, 182, 186, 195, 209, 214, 216, 220, 227, 271, 320, 429, 438-439, 530-535, 585, 663, 677, 702
src/iris_memory_core/application/surface.py                       189      7     56      5    95%   64, 99, 277, 423, 447, 559-560
src/iris_memory_core/application/task_deletion.py                  57      7     34      8    84%   24->36, 27, 30, 33, 56, 62, 66, 77
src/iris_memory_core/application/tasks.py                        1032    139    462    127    82%   149, 156, 173, 175, 179, 190, 230, 240, 246, 249, 256, 258, 307, 336, 344, 349, 360, 363, 365, 404, 406, 410, 412, 414, 416, 431, 499, 506, 528, 572, 623, 625, 685, 706, 723, 725, 807, 809, 826-827, 882, 945->947, 982, 1041, 1067, 1084, 1091, 1101, 1111, 1114, 1135, 1140, 1162, 1245, 1284, 1286, 1290, 1292, 1294, 1296, 1373, 1410, 1481, 1483, 1499-1500, 1504, 1556, 1577, 1586, 1608, 1645, 1653, 1716, 1718, 1725, 1784, 1791, 1796, 1799, 1803, 1815, 1829, 1845->1849, 1848, 1915-1916, 1985, 2000, 2066, 2068, 2126, 2144, 2154, 2254, 2271, 2276, 2278->exit, 2317, 2388, 2407, 2414, 2426, 2429, 2439, 2443, 2445, 2450, 2453-2454, 2456, 2500, 2600, 2651, 2744->2726, 2756-2757, 2758->2760, 2844->2860, 2856-2857, 2884-2885, 2886->2908, 2896-2897, 2898->2908, 2966->2968, 2970, 2972->2978, 3010, 3014, 3016, 3074, 3080, 3093, 3100-3108, 3179, 3283, 3297->3262, 3300, 3311
src/iris_memory_core/application/write_support.py                  98     13     52     11    84%   119, 123, 125, 128, 144-145, 170, 174, 189, 192, 194, 279, 281
src/iris_memory_core/bootstrap.py                                  77      6     18      5    88%   62, 64, 73, 87-88, 108
src/iris_memory_core/cli.py                                       125      9     30      5    90%   18-21, 138, 140, 193-194, 206
src/iris_memory_core/coordinator/__init__.py                        2      2      0      0     0%   12-17
src/iris_memory_core/domain/access.py                              35      2     10      2    91%   52, 65
src/iris_memory_core/domain/console.py                            140      5     14      5    94%   31, 35, 38, 104, 112
src/iris_memory_core/domain/errors.py                             100      2      2      0    98%   131-132
src/iris_memory_core/domain/event.py                               92      4     16      4    93%   73, 75, 167, 169
src/iris_memory_core/domain/focus.py                              128      6     36      5    93%   133, 136, 160, 186, 188, 260
src/iris_memory_core/domain/fts.py                                139      4     16      4    95%   96, 98, 174, 183
src/iris_memory_core/domain/graph.py                              176      6     26      6    94%   155, 157, 159, 161, 165, 167
src/iris_memory_core/domain/jobs.py                               109      7     16      6    90%   74, 434, 463, 465, 467, 469, 503
src/iris_memory_core/domain/memory.py                             431     29    120     31    89%   256, 258, 265, 267, 274, 276, 278, 299, 303, 305, 364->371, 367, 373, 381, 386, 400, 406->420, 409, 412, 419, 478, 486, 743, 745, 759, 777, 779, 811, 815, 817, 820
src/iris_memory_core/domain/model.py                              252      3     32      3    98%   281, 315, 335
src/iris_memory_core/domain/note.py                                98      8     14      6    88%   85, 87, 94, 96, 98, 159, 194-196
src/iris_memory_core/domain/observation.py                        123      5     26      6    93%   81->exit, 124, 126, 140, 146, 148
src/iris_memory_core/domain/persona.py                            220     20     68     18    86%   192, 195, 199, 218, 225, 233, 235, 237-239, 256, 263, 268, 274, 287, 292, 296, 302, 305, 308
src/iris_memory_core/domain/privacy.py                             63      6     34      2    92%   74-76, 82-84
src/iris_memory_core/domain/profile.py                            216      3     38      2    98%   150, 152, 228
src/iris_memory_core/domain/recall.py                             159      4     50      4    96%   101, 104, 155, 210
src/iris_memory_core/domain/recent.py                             159     22     48     16    80%   78, 154, 159-163, 282, 315, 317, 320, 324, 326, 328, 330, 332, 337, 339, 344, 349, 353, 355
src/iris_memory_core/domain/reflection.py                         288     21     68     14    88%   121, 135, 295, 324, 326-329, 335, 355, 360-361, 367, 379, 384, 392, 424, 429, 437, 447-448
src/iris_memory_core/domain/retention.py                          141      7     38      7    92%   174, 178, 180, 182, 203, 207, 312
src/iris_memory_core/domain/schedule.py                           168     12     46      5    91%   86, 91, 96, 114, 117-119, 162, 220-223
src/iris_memory_core/domain/scope.py                               50      6     24      2    86%   40, 44-46, 49, 82
src/iris_memory_core/domain/state.py                              148     21     44     14    81%   67, 69, 71, 73, 75, 130, 197-198, 217, 248, 251-252, 262, 266, 268, 276-278, 281, 291, 293
src/iris_memory_core/domain/surface.py                             59      3     10      3    91%   55, 61, 63
src/iris_memory_core/domain/task.py                               347     26    106     16    89%   217, 219, 294, 296, 385, 479, 487-491, 509, 520, 543, 572-574, 593-595, 640, 642, 644, 646, 662, 680
src/iris_memory_core/domain/vector.py                             211      9     54      7    94%   131, 234, 236, 265, 357, 364, 366, 447, 457
src/iris_memory_core/indexing/faiss.py                             90      9     22      7    86%   30-31, 61, 89, 91, 96, 110, 142, 144
src/iris_memory_core/indexing/fts.py                              234     33     86     17    82%   187->168, 245-246, 270, 343, 346, 367, 370, 382-388, 432, 438-444, 448, 451-455, 487, 493, 500, 527, 540-543, 554
src/iris_memory_core/indexing/graph.py                            355     48    164     31    84%   105-106, 112->116, 146, 177, 206, 209, 284, 288, 332->exit, 334-335, 354, 362, 413, 415, 417-418, 460-461, 495-496, 500, 502, 533-534, 536, 538, 541, 572->574, 581->583, 591-594, 609-610, 641, 657-658, 662, 681, 692-693, 695, 699, 713, 726->732, 753-754, 771-773
src/iris_memory_core/indexing/profile.py                          390     49    178     39    84%   134-135, 138-139, 167, 193, 195->191, 199->197, 240, 244, 287->exit, 289-291, 310, 313, 327->339, 333-334, 347, 353->360, 359, 363-364, 367->373, 375-376, 381->388, 393, 415, 418-419, 423, 425, 431, 433, 443-444, 448, 468-470, 513, 559->570, 589, 598-599, 601, 616, 622, 625, 640, 657, 723, 747, 754, 766, 774, 795->793, 801->793
src/iris_memory_core/indexing/vector.py                           757     97    272     56    84%   205-211, 230->214, 261, 411-415, 471-472, 494, 550-553, 577-578, 580, 583, 588, 602, 609, 616, 618, 623, 626, 654, 658, 660, 663, 667, 680, 690, 693, 696-697, 699, 717, 720, 725-726, 728, 739->737, 769, 773-774, 891, 941->exit, 943-945, 952, 981, 997-999, 1036-1037, 1136->1143, 1139-1142, 1144, 1147-1148, 1296, 1307, 1319-1324, 1378, 1393, 1399-1405, 1409, 1412-1416, 1437, 1443, 1446, 1448, 1452, 1464, 1479-1480, 1505, 1527, 1530, 1583, 1611->1613, 1637-1639
src/iris_memory_core/jobs/handlers.py                             446     90    120     42    75%   63, 196-199, 240, 265, 293, 298, 300, 302, 305, 334, 390, 417, 436, 439, 442, 461, 482, 504, 506, 541, 547-548, 558-565, 567, 585, 587, 590->exit, 621, 623, 672-701, 719, 721, 724->exit, 763, 766, 769, 771, 774, 778, 780, 790->792, 860-874, 883-892, 901-906, 925, 999, 1061, 1111-1116, 1129-1160, 1182, 1184
src/iris_memory_core/jobs/worker.py                                91      3     12      3    94%   50, 262, 267, 299->292
src/iris_memory_core/observability/logging.py                      59      2     22      4    93%   93, 116, 147->150, 148->147
src/iris_memory_core/observability/metrics.py                      87     11     12      1    88%   82, 127, 130, 133, 136, 139, 150, 155, 191-193
src/iris_memory_core/providers/cognitive.py                       305     57     86     24    77%   32-33, 48, 50, 52, 54, 56, 58, 93, 101, 113-117, 141->146, 143->146, 185-186, 195-196, 252, 263, 267-271, 284, 309->exit, 311->exit, 318, 339-350, 371, 404->391, 406-407, 426, 431-433, 478-483, 508, 510-511, 545-547, 557-559
src/iris_memory_core/providers/embedding.py                       295     26     78     16    88%   92, 94, 99, 101, 103, 105, 158, 231->exit, 355, 390-391, 438-439, 446, 450, 523, 527-529, 531, 535, 581, 602, 607-608, 612-613
src/iris_memory_core/recall_runtime.py                             42      1     10      2    94%   56->60, 58
src/iris_memory_core/runtime.py                                   185     18     80     17    85%   99->110, 111, 113, 115, 123, 126, 133, 139, 154, 177-180, 193, 197, 205->207, 214, 286-287, 294->300, 298, 301->305
src/iris_memory_core/storage/admin_archives.py                     65     10     18      4    78%   50, 60-63, 72, 85-88
src/iris_memory_core/storage/backup.py                           1001    134    460     85    84%   72, 79, 105, 108, 114, 140-142, 153, 158, 177-179, 190, 194, 196, 201, 213, 225, 227, 310, 313-314, 348, 383, 400, 420, 440-441, 443, 445-447, 457->474, 462-464, 471, 473, 588, 597, 622, 626, 633, 800, 807-808, 810-811, 814-816, 873, 884, 915, 937->944, 943, 949-950, 952, 998-1001, 1040-1043, 1072->1089, 1089->1106, 1107-1110, 1121-1122, 1124, 1148, 1156, 1160, 1166, 1171, 1198, 1207, 1211-1212, 1217, 1228, 1243-1244, 1246-1250, 1270, 1294, 1310-1313, 1318-1322, 1331-1334, 1352, 1362, 1412, 1419, 1426, 1451, 1464, 1471, 1494, 1508, 1522, 1587-1589, 1707, 1714, 1720, 1741, 1759, 1760->1767, 1773, 1786, 1792, 1799, 1806, 1819, 1826, 1833, 1923, 1929, 1975-1976, 1987->1983, 2007, 2032, 2064
src/iris_memory_core/storage/cognitive.py                         261      9     38      8    94%   346-347, 400, 418, 457, 706->709, 784, 816, 867-868, 947->950, 994->998
src/iris_memory_core/storage/console.py                           104      6     10      3    92%   76, 106, 157-158, 268-271
src/iris_memory_core/storage/console_operation_restore.py          65      3     24      4    92%   25, 38, 69, 143->145
src/iris_memory_core/storage/console_operations.py                 48      6     18      4    85%   35, 85-86, 88-89, 118
src/iris_memory_core/storage/console_reads.py                     335     28    172     24    89%   355-356, 361, 376, 377->363, 413, 448, 450, 452, 483-484, 492-493, 495-496, 520, 523-524, 544-545, 576->600, 596->577, 685-686, 707-711, 733-735, 738->742, 756->758, 760, 807->813, 846, 869->872, 877->896
src/iris_memory_core/storage/fts.py                               195     22     40      8    86%   39-40, 46, 117, 127, 139, 153-157, 215, 219-223, 309, 652, 678-681, 704, 767
src/iris_memory_core/storage/idempotency.py                       148     16     38      5    88%   127-136, 179, 255, 280, 346, 366->363, 437, 448-461, 478-479, 483
src/iris_memory_core/storage/memory.py                            734     91    140     33    86%   93, 100, 107, 261-262, 319-320, 351-352, 416-419, 431-432, 438-442, 644-645, 708-709, 760-761, 763-764, 772-773, 775-776, 846-847, 928-929, 945-950, 978-986, 1031-1033, 1068-1071, 1074-1079, 1148-1149, 1151-1152, 1176-1178, 1191, 1375-1376, 1429-1430, 1501->1504, 1539-1544, 1640-1641, 1650, 1787, 1875-1876, 1903, 1919, 1926, 1936, 1942, 1946-1949, 1959, 1961, 2032-2037, 2040-2045, 2180-2184, 2225-2226, 2247, 2310->2313, 2313->2316, 2316->2319, 2343-2344, 2384->2387, 2387->2390, 2390->2393, 2429-2435, 2438-2445, 2448-2453
src/iris_memory_core/storage/migrations.py                        246     14     70      8    92%   217, 236, 253, 261->282, 266-271, 282->335, 341, 346-349, 585->587, 635-636
src/iris_memory_core/storage/persona.py                           152     18     44     15    83%   39, 183-184, 190, 198, 209-211, 217-219, 259, 274, 327, 374, 407, 444, 479, 485, 540->538
src/iris_memory_core/storage/plans.py                             533     47     90     17    89%   84->87, 133, 140, 227, 277-278, 378-379, 409->413, 413->422, 423-424, 476-483, 712-715, 742-745, 789, 814, 862-863, 980->984, 1055, 1085-1086, 1204-1208, 1269-1270, 1352-1359, 1386, 1429-1430, 1504->1507, 1549->1552, 1609-1613, 1659-1665, 1774, 1829-1830, 1934-1935, 1989
src/iris_memory_core/storage/projection.py                        315     52     78     16    81%   48-49, 52, 58-59, 61, 64->63, 101, 114-118, 165, 169-173, 194-219, 298, 303, 423, 428->437, 432, 464-468, 498, 510-514, 642-647, 671, 680-685, 693-698, 718, 870->879, 874, 908
src/iris_memory_core/storage/reflection.py                        192     17     22      7    89%   40, 99-104, 123-141, 217, 232, 381, 502-509, 552, 584, 594-599, 701-702, 797
src/iris_memory_core/storage/repositories.py                      428     29     62     10    91%   122, 441, 490, 531, 534, 600, 803, 893, 960, 1064, 1111-1112, 1124-1127, 1156-1159, 1211, 1307-1309, 1578-1587
src/iris_memory_core/storage/spine.py                             393     23     66     12    92%   163->166, 166->169, 172->179, 238-242, 307-315, 390, 437, 473-474, 547, 577->569, 739->742, 916-917, 964-965, 1026-1027, 1040-1046, 1127, 1143, 1188-1189, 1230->1222, 1312-1317
src/iris_memory_core/storage/uow.py                               298     22     38      7    89%   91, 596, 624->626, 631->633, 636->exit, 667->670, 711-713, 743-751, 757->exit, 761-770
src/iris_memory_core/storage/vector.py                            167      6     38      7    94%   116, 146, 331, 549, 554->563, 558, 603
-----------------------------------------------------------------------------------------------------------
TOTAL                                                           30285   3295   9914   2150    86%

48 files skipped due to complete coverage.
Required test coverage of 80% reached. Total coverage: 85.55%
================ 14768 passed, 2 warnings in 1242.43s (0:20:42) ================
npm test --prefix sdk/typescript

> @iris-memory/sdk@0.11.2 test
> npm run build && node --test dist/test/*.test.js


> @iris-memory/sdk@0.11.2 build
> tsc --project tsconfig.json

✔ parseEventStream retains cursor and forward fields (0.466834ms)
✔ adapter-facing reads propagate AbortSignal and authentication (13.793708ms)
✔ events sends Last-Event-ID and parses a finite SSE poll (1.108917ms)
✔ events rejects invalid saved checkpoints before transport (0.466375ms)
✔ events rejects an HTTP error instead of treating it as an empty poll (0.460541ms)
✔ TypeScript SDK matches the shared fixture manifest (37.536375ms)
✔ Phase 10 management requests carry Bearer and idempotency headers (14.71575ms)
✔ noteAction carries the lease proof on the wire (3.201625ms)
✔ task and step transitions carry the lease proof on the wire (1.00425ms)
✔ ackCognitiveEvent carries the lease proof on the wire (0.412458ms)
✔ rememberClaim carries the lease proof on the wire (0.430625ms)
✔ correctClaim carries the lease proof on the wire (0.276459ms)
✔ forgetMemory carries the lease proof on the wire (0.363084ms)
✔ createArtifact carries the lease proof on the wire (0.354333ms)
✔ transitionEpisode carries target and the lease proof on the wire (0.342ms)
✔ recall posts the full request scope on the wire (0.456792ms)
✔ reportRecallUsage posts stage ids and idempotency key (0.769625ms)
✔ search posts query and scope on the wire (0.261875ms)
✔ persona mutations carry idempotency keys and exact resource paths (1.384417ms)
ℹ tests 19
ℹ suites 0
ℹ pass 19
ℹ fail 0
ℹ cancelled 0
ℹ skipped 0
ℹ todo 0
ℹ duration_ms 81.615
npm run check --prefix web/console

> @iris-memory/console@0.1.0 check
> npm run types:check && npm run lint && npm run typecheck && npm test && npm run build


> @iris-memory/console@0.1.0 types:check
> node scripts/check-types.mjs && node scripts/generate-protocol.mjs --check

Published Console type generation is deterministic.

> @iris-memory/console@0.1.0 lint
> eslint . --max-warnings 0


> @iris-memory/console@0.1.0 typecheck
> tsc --noEmit


> @iris-memory/console@0.1.0 test
> vitest run


 RUN  v3.2.4 /Users/cassia/Local/Code/iris_memory_core/web/console

 ✓ tests/client.test.ts (16 tests) 21ms
 ✓ tests/workflows.test.tsx (13 tests) 231ms

 Test Files  2 passed (2)
      Tests  29 passed (29)
   Start at  01:46:08
   Duration  988ms (transform 156ms, setup 0ms, collect 330ms, tests 252ms, environment 610ms, prepare 122ms)


> @iris-memory/console@0.1.0 build
> tsc --noEmit && vite build && node scripts/check-build.mjs

vite v7.1.4 building for production...
transforming...
node_modules/react-router/dist/development/index.mjs (11:0): Module level directives cause errors when bundled, "use client" in "node_modules/react-router/dist/development/index.mjs" was ignored.
node_modules/react-router/dist/development/dom-export.mjs (1:0): Module level directives cause errors when bundled, "use client" in "node_modules/react-router/dist/development/dom-export.mjs" was ignored.
✓ 56 modules transformed.
rendering chunks...
computing gzip size...
dist/index.html                   0.44 kB │ gzip:  0.32 kB
dist/assets/index-DsQ9LCF9.css    6.82 kB │ gzip:  2.27 kB
dist/assets/index-BFsozoxe.js   309.05 kB │ gzip: 97.58 kB
✓ built in 520ms
Production assets: same-origin, no mock, no inline entry, no eval, allowed suffixes.
npm run test:browser --prefix web/console

> @iris-memory/console@0.1.0 test:browser
> playwright test

(node:23165) [DEP0205] DeprecationWarning: `module.register()` is deprecated. Use `module.registerHooks()` instead.
(Use `node --trace-deprecation ...` to show where the warning was created)
[WebServer] INFO:     Started server process [23171]
[WebServer] INFO:     Waiting for application startup.
[WebServer] INFO:     Application startup complete.
[WebServer] INFO:     Uvicorn running on http://127.0.0.1:8766 (Press CTRL+C to quit)
[WebServer] {"duration_ms": 45.92699999921024, "event": "console.request", "id_hash": "h_537eedb580e4", "status": "200"}

Running 20 tests using 1 worker

(node:23176) Warning: The 'NO_COLOR' env is ignored due to the 'FORCE_COLOR' env being set.
(Use `node --trace-warnings ...` to show where the warning was created)
(node:23176) [DEP0205] DeprecationWarning: `module.register()` is deprecated. Use `module.registerHooks()` instead.
(node:23176) Warning: The 'NO_COLOR' env is ignored due to the 'FORCE_COLOR' env being set.
(Use `node --trace-warnings ...` to show where the warning was created)
[WebServer] {"duration_ms": 1.287874998524785, "event": "console.request", "id_hash": "h_d9216c855142", "status": "200"}
[WebServer] {"duration_ms": 1.570374999573687, "event": "console.request", "id_hash": "h_df82a06ad254", "status": "200"}
[WebServer] {"duration_ms": 1.0280839996994473, "event": "console.request", "id_hash": "h_8f49849b5f7e", "status": "200"}
[WebServer] {"duration_ms": 6.853750001027947, "event": "console.request", "id_hash": "h_c4c90ef5dcc2", "status": "401"}
[WebServer] {"duration_ms": 101.73800000120536, "event": "console.request", "id_hash": "h_99671e2cf4b6", "status": "200"}
[WebServer] {"duration_ms": 5.7976249991043005, "event": "console.request", "id_hash": "h_f733ad761a1f", "status": "200"}
[WebServer] {"duration_ms": 36.70899999997346, "event": "console.request", "id_hash": "h_34644ab5d7a1", "status": "200"}
[WebServer] {"duration_ms": 5.463041001348756, "event": "console.request", "id_hash": "h_4d0f48824219", "status": "200"}
[WebServer] {"duration_ms": 6.192667002324015, "event": "console.request", "id_hash": "h_070bbf1b6935", "status": "200"}
[WebServer] {"duration_ms": 11.14620899898, "event": "console.request", "id_hash": "h_22fc9284b4af", "status": "200"}
[WebServer] {"duration_ms": 1.8263749989273492, "event": "console.request", "id_hash": "h_8e198dc2f092", "status": "200"}
[WebServer] {"duration_ms": 9.35804199980339, "event": "console.request", "id_hash": "h_fe058ce5c37e", "status": "200"}
[WebServer] {"duration_ms": 2.6617499970598146, "event": "console.request", "id_hash": "h_6de783401707", "status": "200"}
[WebServer] {"duration_ms": 2.569917000073474, "event": "console.request", "id_hash": "h_061cf6853f08", "status": "200"}
[WebServer] {"duration_ms": 3.4518749998824205, "event": "console.request", "id_hash": "h_a5540c28fda4", "status": "200"}
[WebServer] {"duration_ms": 6.585250001080567, "event": "console.request", "id_hash": "h_4068709a63d4", "status": "200"}
[WebServer] {"duration_ms": 31.828582999878563, "event": "console.request", "id_hash": "h_0d52f8745fd1", "status": "200"}
[WebServer] {"duration_ms": 9.597749998647487, "event": "console.request", "id_hash": "h_fd122c35a143", "status": "200"}
[WebServer] {"duration_ms": 13.939500000560656, "event": "console.request", "id_hash": "h_c162f3704317", "status": "200"}
  ✓   1 tests/browser/console.spec.ts:6:1 › real memory registry, canonical list, detail and history (1.2s)
[WebServer] {"duration_ms": 0.8845000011206139, "event": "console.request", "id_hash": "h_0c922daba34d", "status": "200"}
[WebServer] {"duration_ms": 1.5777090011397377, "event": "console.request", "id_hash": "h_9ce5503479dd", "status": "200"}
[WebServer] {"duration_ms": 1.0539160030020867, "event": "console.request", "id_hash": "h_8f3d22a462c4", "status": "200"}
[WebServer] {"duration_ms": 6.255165997572476, "event": "console.request", "id_hash": "h_affc226b6b0b", "status": "401"}
[WebServer] {"duration_ms": 101.43241699915961, "event": "console.request", "id_hash": "h_46d55c67074f", "status": "200"}
[WebServer] {"duration_ms": 5.633083997963695, "event": "console.request", "id_hash": "h_d42b47d02536", "status": "200"}
[WebServer] {"duration_ms": 50.761041002260754, "event": "console.request", "id_hash": "h_2252df39431d", "status": "200"}
[WebServer] {"duration_ms": 4.66575000245939, "event": "console.request", "id_hash": "h_5d6a8313bcec", "status": "200"}
[WebServer] {"duration_ms": 27.99945899823797, "event": "console.request", "id_hash": "h_c4ee301eed92", "status": "200"}
[WebServer] {"duration_ms": 27.299500001390697, "event": "console.request", "id_hash": "h_5bddf8ed0ab9", "status": "200"}
[WebServer] {"duration_ms": 28.500624997832347, "event": "console.request", "id_hash": "h_e1242aa95b48", "status": "200"}
[WebServer] {"duration_ms": 28.287000001000706, "event": "console.request", "id_hash": "h_d51bac5b6b60", "status": "200"}
[WebServer] {"duration_ms": 21.039958999608643, "event": "console.request", "id_hash": "h_e839a0451726", "status": "201"}
[WebServer] {"duration_ms": 5.0757499993778765, "event": "console.request", "id_hash": "h_eedaa51620b9", "status": "200"}
[WebServer] {"duration_ms": 9.150208003120497, "event": "console.request", "id_hash": "h_cdfd2b0df150", "status": "200"}
[WebServer] {"duration_ms": 1.4511249974020757, "event": "console.request", "id_hash": "h_d755ab276893", "status": "200"}
[WebServer] {"duration_ms": 2.057333000266226, "event": "console.request", "id_hash": "h_8903d89ef126", "status": "200"}
[WebServer] {"duration_ms": 1.3578329999290872, "event": "console.request", "id_hash": "h_c99d5f0f1e2e", "status": "200"}
[WebServer] {"duration_ms": 3.3938750020752195, "event": "console.request", "id_hash": "h_481a50c0835d", "status": "200"}
[WebServer] {"duration_ms": 5.8596659982868005, "event": "console.request", "id_hash": "h_f357ce577b13", "status": "200"}
[WebServer] {"duration_ms": 31.756625001435168, "event": "console.request", "id_hash": "h_f1cde61edbdc", "status": "200"}
[WebServer] {"duration_ms": 8.483458001137478, "event": "console.request", "id_hash": "h_8eb2a7af0cef", "status": "200"}
[WebServer] {"duration_ms": 13.23291600056109, "event": "console.request", "id_hash": "h_83fe9009380b", "status": "200"}
[WebServer] {"duration_ms": 21.156667000468588, "event": "console.request", "id_hash": "h_a04446ef5240", "status": "200"}
[WebServer] {"duration_ms": 12.547500002256129, "event": "console.request", "id_hash": "h_7f1e3c5c92f3", "status": "200"}
[WebServer] {"duration_ms": 14.279499999247491, "event": "console.request", "id_hash": "h_7505025992a8", "status": "200"}
[WebServer] {"duration_ms": 21.677542001270922, "event": "console.request", "id_hash": "h_f7946bf789dc", "status": "200"}
[WebServer] {"duration_ms": 12.441541999578476, "event": "console.request", "id_hash": "h_dd46769ca6f4", "status": "200"}
[WebServer] {"duration_ms": 15.30550000097719, "event": "console.request", "id_hash": "h_760d3d99fe91", "status": "200"}
[WebServer] {"duration_ms": 1.6075839994300622, "event": "console.request", "id_hash": "h_e849b11babd5", "status": "200"}
[WebServer] {"duration_ms": 1.6258340001513716, "event": "console.request", "id_hash": "h_c52bbad08bbd", "status": "200"}
[WebServer] {"duration_ms": 1.342667001154041, "event": "console.request", "id_hash": "h_047aec7748a3", "status": "200"}
[WebServer] {"duration_ms": 3.3279999988735653, "event": "console.request", "id_hash": "h_7ebd2180b6c6", "status": "200"}
[WebServer] {"duration_ms": 4.85366700013401, "event": "console.request", "id_hash": "h_ced1d4392e2a", "status": "200"}
[WebServer] {"duration_ms": 29.97391699682339, "event": "console.request", "id_hash": "h_ff22876446e1", "status": "200"}
[WebServer] {"duration_ms": 7.691000002523651, "event": "console.request", "id_hash": "h_e33481277a93", "status": "200"}
[WebServer] {"duration_ms": 13.854415999958292, "event": "console.request", "id_hash": "h_cc1fc661e3f4", "status": "200"}
[WebServer] {"duration_ms": 4.702041002019541, "event": "console.request", "id_hash": "h_05b43567ea5c", "status": "200"}
[WebServer] {"duration_ms": 24.91300000110641, "event": "console.request", "id_hash": "h_46737b6044fd", "status": "200"}
[WebServer] {"duration_ms": 26.49991699945531, "event": "console.request", "id_hash": "h_925dc82e1577", "status": "200"}
[WebServer] {"duration_ms": 25.88708300027065, "event": "console.request", "id_hash": "h_00ace022dd46", "status": "200"}
[WebServer] {"duration_ms": 27.670374998706393, "event": "console.request", "id_hash": "h_706aef30a3fd", "status": "200"}
[WebServer] {"duration_ms": 22.376375000021653, "event": "console.request", "id_hash": "h_29058e2da337", "status": "201"}
[WebServer] {"duration_ms": 4.988292002963135, "event": "console.request", "id_hash": "h_69c70dd83f95", "status": "200"}
[WebServer] {"duration_ms": 10.100999999849591, "event": "console.request", "id_hash": "h_ee0f01d3cbfb", "status": "200"}
[WebServer] {"duration_ms": 29.68483400036348, "event": "console.request", "id_hash": "h_726119c6787d", "status": "200"}
[WebServer] {"duration_ms": 2.5778329982131254, "event": "console.request", "id_hash": "h_cca97c050f6d", "status": "200"}
[WebServer] {"duration_ms": 19.891833999281516, "event": "console.request", "id_hash": "h_2a4d2e39141a", "status": "200"}
[WebServer] {"duration_ms": 1.3324999999895226, "event": "console.request", "id_hash": "h_65f0d101d564", "status": "200"}
[WebServer] {"duration_ms": 2.734708999923896, "event": "console.request", "id_hash": "h_adffa445dd2d", "status": "200"}
[WebServer] {"duration_ms": 25.726542000484187, "event": "console.request", "id_hash": "h_e107eb3f092a", "status": "200"}
[WebServer] {"duration_ms": 2.96212499961257, "event": "console.request", "id_hash": "h_15fe5d65a1da", "status": "200"}
[WebServer] {"duration_ms": 5.421792000561254, "event": "console.request", "id_hash": "h_b264d1d75009", "status": "200"}
[WebServer] {"duration_ms": 33.816167000622954, "event": "console.request", "id_hash": "h_7cef0e6a0e11", "status": "200"}
[WebServer] {"duration_ms": 13.183375001972308, "event": "console.request", "id_hash": "h_f8b413809f72", "status": "200"}
[WebServer] {"duration_ms": 13.654083999426803, "event": "console.request", "id_hash": "h_480c4ac5c50b", "status": "200"}
[WebServer] {"duration_ms": 0.9866670006886125, "event": "console.request", "id_hash": "h_aab1dcb653eb", "status": "200"}
[WebServer] {"duration_ms": 0.9421249997103587, "event": "console.request", "id_hash": "h_2d63082e1ab0", "status": "200"}
[WebServer] {"duration_ms": 1.8512919996283017, "event": "console.request", "id_hash": "h_aeb462e4d08a", "status": "200"}
[WebServer] {"duration_ms": 2.7362079999875277, "event": "console.request", "id_hash": "h_b57b19fcf4d9", "status": "200"}
[WebServer] {"duration_ms": 5.372083000111161, "event": "console.request", "id_hash": "h_b413183723f6", "status": "200"}
[WebServer] {"duration_ms": 30.126624998956686, "event": "console.request", "id_hash": "h_cb05688f046c", "status": "200"}
[WebServer] {"duration_ms": 11.683875000016997, "event": "console.request", "id_hash": "h_5fcd85dfbbea", "status": "200"}
[WebServer] {"duration_ms": 14.864624998153886, "event": "console.request", "id_hash": "h_c8306ece0500", "status": "200"}
[WebServer] {"duration_ms": 0.8689999995112885, "event": "console.request", "id_hash": "h_f90be38c5e16", "status": "200"}
[WebServer] {"duration_ms": 1.5394590009236708, "event": "console.request", "id_hash": "h_d0e6b3cd933f", "status": "200"}
[WebServer] {"duration_ms": 1.2444999993022066, "event": "console.request", "id_hash": "h_5515c83a4393", "status": "200"}
[WebServer] {"duration_ms": 2.887000002374407, "event": "console.request", "id_hash": "h_868a3cd80d9a", "status": "200"}
[WebServer] {"duration_ms": 5.301207998854807, "event": "console.request", "id_hash": "h_77267ae4027c", "status": "200"}
[WebServer] {"duration_ms": 31.43820900004357, "event": "console.request", "id_hash": "h_7ab43afc4b4e", "status": "200"}
[WebServer] {"duration_ms": 13.072375000774628, "event": "console.request", "id_hash": "h_a434027b3392", "status": "200"}
[WebServer] {"duration_ms": 15.68220799890696, "event": "console.request", "id_hash": "h_29d2d8519b58", "status": "200"}
[WebServer] {"duration_ms": 0.9013749986479525, "event": "console.request", "id_hash": "h_aa1aca95fa87", "status": "200"}
[WebServer] {"duration_ms": 0.8691660004842561, "event": "console.request", "id_hash": "h_ff5017ad8987", "status": "200"}
[WebServer] {"duration_ms": 1.5464579992112704, "event": "console.request", "id_hash": "h_5002743fc133", "status": "200"}
[WebServer] {"duration_ms": 2.791332997730933, "event": "console.request", "id_hash": "h_daafac58f350", "status": "200"}
[WebServer] {"duration_ms": 4.549458000838058, "event": "console.request", "id_hash": "h_772df490be08", "status": "200"}
[WebServer] {"duration_ms": 31.34774999853107, "event": "console.request", "id_hash": "h_cd634fa5fe29", "status": "200"}
[WebServer] {"duration_ms": 5.095000000437722, "event": "console.request", "id_hash": "h_6dd881e5f093", "status": "200"}
[WebServer] {"duration_ms": 40.52808299820754, "event": "console.request", "id_hash": "h_d7e2fb4db210", "status": "200"}
[WebServer] {"duration_ms": 43.93929199795821, "event": "console.request", "id_hash": "h_fd37cfce2f9a", "status": "200"}
[WebServer] {"duration_ms": 43.51979100101744, "event": "console.request", "id_hash": "h_7e933116e1b3", "status": "200"}
[WebServer] {"duration_ms": 43.09162500067032, "event": "console.request", "id_hash": "h_22bc31cc0248", "status": "200"}
[WebServer] {"duration_ms": 43.34295900116558, "event": "console.request", "id_hash": "h_433df5af2bdd", "status": "200"}
[WebServer] {"duration_ms": 22.187874998053303, "event": "console.request", "id_hash": "h_d9870a98b1cd", "status": "201"}
[WebServer] {"duration_ms": 1.9505829986883327, "event": "console.request", "id_hash": "h_66f9a57e8e24", "status": "200"}
[WebServer] {"duration_ms": 7.979125002748333, "event": "console.request", "id_hash": "h_f42e73b81340", "status": "200"}
[WebServer] {"duration_ms": 0.9731669997563586, "event": "console.request", "id_hash": "h_1b056552af66", "status": "200"}
[WebServer] {"duration_ms": 1.6712920005375054, "event": "console.request", "id_hash": "h_cbeca3f51353", "status": "200"}
[WebServer] {"duration_ms": 2.6501659995119553, "event": "console.request", "id_hash": "h_e59f2f19e834", "status": "200"}
[WebServer] {"duration_ms": 5.475707999721635, "event": "console.request", "id_hash": "h_00f5ae700658", "status": "200"}
[WebServer] {"duration_ms": 30.396375001146225, "event": "console.request", "id_hash": "h_d3e745975ee2", "status": "200"}
[WebServer] {"duration_ms": 8.184457998140715, "event": "console.request", "id_hash": "h_c6c32cfa8926", "status": "200"}
[WebServer] {"duration_ms": 14.283209002314834, "event": "console.request", "id_hash": "h_bf6925a7d82c", "status": "200"}
[WebServer] {"duration_ms": 25.571457998012193, "event": "console.request", "id_hash": "h_e69a6bbed084", "status": "200"}
[WebServer] {"duration_ms": 1.8166669979109429, "event": "console.request", "id_hash": "h_fa565317d36e", "status": "200"}
[WebServer] {"duration_ms": 2.086915999825578, "event": "console.request", "id_hash": "h_8ccb456568b5", "status": "200"}
[WebServer] {"duration_ms": 1.467959002184216, "event": "console.request", "id_hash": "h_5853e5962555", "status": "200"}
[WebServer] {"duration_ms": 13.449165999190882, "event": "console.request", "id_hash": "h_5257daa6cb7a", "status": "200"}
[WebServer] {"duration_ms": 18.71295800083317, "event": "console.request", "id_hash": "h_275c7ddb17bb", "status": "200"}
[WebServer] {"duration_ms": 3.9191249998111743, "event": "console.request", "id_hash": "h_21fed07d9a3a", "status": "200"}
[WebServer] {"duration_ms": 4.327041999204084, "event": "console.request", "id_hash": "h_6dd62448acba", "status": "200"}
[WebServer] {"duration_ms": 42.257834000338335, "event": "console.request", "id_hash": "h_320b332f6c57", "status": "200"}
[WebServer] {"duration_ms": 11.348959000315517, "event": "console.request", "id_hash": "h_aa2e68ec6cae", "status": "200"}
[WebServer] {"duration_ms": 15.22241700149607, "event": "console.request", "id_hash": "h_fad54d6e8042", "status": "200"}
[WebServer] {"duration_ms": 21.18454200171982, "event": "console.request", "id_hash": "h_1f025f67b1bd", "status": "200"}
[WebServer] {"duration_ms": 1.0257079993607476, "event": "console.request", "id_hash": "h_bdfd4f111e9e", "status": "200"}
[WebServer] {"duration_ms": 2.3020000007818453, "event": "console.request", "id_hash": "h_eb3f3723f675", "status": "200"}
[WebServer] {"duration_ms": 1.8431659991620108, "event": "console.request", "id_hash": "h_a3f4c61fc1e0", "status": "200"}
[WebServer] {"duration_ms": 15.588292000757065, "event": "console.request", "id_hash": "h_6c6749f33ec1", "status": "200"}
[WebServer] {"duration_ms": 4.847042000619695, "event": "console.request", "id_hash": "h_d9186c627286", "status": "200"}
[WebServer] {"duration_ms": 21.264874998450978, "event": "console.request", "id_hash": "h_ea36a4cab9f2", "status": "200"}
[WebServer] {"duration_ms": 4.817832999833627, "event": "console.request", "id_hash": "h_b87e08227a28", "status": "200"}
[WebServer] {"duration_ms": 28.67941699878429, "event": "console.request", "id_hash": "h_e64be95e1d15", "status": "200"}
[WebServer] {"duration_ms": 12.025500000163447, "event": "console.request", "id_hash": "h_a975f44bb435", "status": "200"}
[WebServer] {"duration_ms": 14.83433400062495, "event": "console.request", "id_hash": "h_112ec648a04b", "status": "200"}
[WebServer] {"duration_ms": 22.387459001038224, "event": "console.request", "id_hash": "h_132c4702e8a6", "status": "200"}
[WebServer] {"duration_ms": 0.8966659988800529, "event": "console.request", "id_hash": "h_8513c6ed26c3", "status": "200"}
[WebServer] {"duration_ms": 3.077459001360694, "event": "console.request", "id_hash": "h_6038b6d9cb36", "status": "200"}
[WebServer] {"duration_ms": 2.2182080028869677, "event": "console.request", "id_hash": "h_8a41ae74594b", "status": "200"}
[WebServer] {"duration_ms": 13.040499998169253, "event": "console.request", "id_hash": "h_f3fea4168a34", "status": "200"}
[WebServer] {"duration_ms": 4.785249999258667, "event": "console.request", "id_hash": "h_dfbe6bfd77f6", "status": "200"}
[WebServer] {"duration_ms": 20.84645799914142, "event": "console.request", "id_hash": "h_950f581c3709", "status": "200"}
[WebServer] {"duration_ms": 5.1157909983885475, "event": "console.request", "id_hash": "h_d2bbc7c33983", "status": "200"}
[WebServer] {"duration_ms": 30.204457998479484, "event": "console.request", "id_hash": "h_80625465e0f6", "status": "200"}
[WebServer] {"duration_ms": 11.278541998763103, "event": "console.request", "id_hash": "h_a4da7891b883", "status": "200"}
[WebServer] {"duration_ms": 17.357249998894986, "event": "console.request", "id_hash": "h_ca8fc31c85e4", "status": "200"}
[WebServer] {"duration_ms": 6.2221669977589045, "event": "console.request", "id_hash": "h_a2119f70a630", "status": "200"}
[WebServer] {"duration_ms": 1.3261659987620078, "event": "console.request", "id_hash": "h_4fa3de791b54", "status": "200"}
[WebServer] {"duration_ms": 2.202416999352863, "event": "console.request", "id_hash": "h_398d31b7d6ed", "status": "200"}
[WebServer] {"duration_ms": 1.851541001087753, "event": "console.request", "id_hash": "h_7a5917b7e6f3", "status": "200"}
[WebServer] {"duration_ms": 3.1743330000608694, "event": "console.request", "id_hash": "h_c6e0b6b4763e", "status": "200"}
[WebServer] {"duration_ms": 6.172291999973822, "event": "console.request", "id_hash": "h_a9cb9d4efe2b", "status": "200"}
[WebServer] {"duration_ms": 32.126583999342984, "event": "console.request", "id_hash": "h_0cf86a830596", "status": "200"}
[WebServer] {"duration_ms": 4.779208000400104, "event": "console.request", "id_hash": "h_5c0b9bace69c", "status": "200"}
[WebServer] {"duration_ms": 22.626541001955047, "event": "console.request", "id_hash": "h_7a57d97a19d2", "status": "200"}
[WebServer] {"duration_ms": 24.374833003093954, "event": "console.request", "id_hash": "h_55c24701cebe", "status": "200"}
[WebServer] {"duration_ms": 25.81941700191237, "event": "console.request", "id_hash": "h_e9ece6941c57", "status": "200"}
[WebServer] {"duration_ms": 26.952791999065084, "event": "console.request", "id_hash": "h_530b70cb9fba", "status": "200"}
[WebServer] {"duration_ms": 21.92674999969313, "event": "console.request", "id_hash": "h_77609cd4e091", "status": "201"}
[WebServer] {"duration_ms": 1.080292000551708, "event": "console.request", "id_hash": "h_ec623dc6af3c", "status": "200"}
[WebServer] {"duration_ms": 8.182207999197999, "event": "console.request", "id_hash": "h_3c15959ce04b", "status": "200"}
[WebServer] {"duration_ms": 1.2509999978647102, "event": "console.request", "id_hash": "h_2845594b70e5", "status": "200"}
[WebServer] {"duration_ms": 1.2165000007371418, "event": "console.request", "id_hash": "h_e2d1f1dc0e74", "status": "200"}
[WebServer] {"duration_ms": 3.4002500033238903, "event": "console.request", "id_hash": "h_944433c1573e", "status": "200"}
[WebServer] {"duration_ms": 5.93391700022039, "event": "console.request", "id_hash": "h_117e693f6631", "status": "200"}
[WebServer] {"duration_ms": 31.995541001379024, "event": "console.request", "id_hash": "h_cabfe1a78726", "status": "200"}
[WebServer] {"duration_ms": 8.758791998843662, "event": "console.request", "id_hash": "h_187f4706b2e0", "status": "200"}
[WebServer] {"duration_ms": 13.66174999930081, "event": "console.request", "id_hash": "h_8cad0c720ce1", "status": "200"}
[WebServer] {"duration_ms": 21.571291999862297, "event": "console.request", "id_hash": "h_cb5fdae3f939", "status": "200"}
[WebServer] {"duration_ms": 1.0051249992102385, "event": "console.request", "id_hash": "h_d6fa3e8c2de7", "status": "200"}
[WebServer] {"duration_ms": 2.7381250001781154, "event": "console.request", "id_hash": "h_cfefa4c61b85", "status": "200"}
[WebServer] {"duration_ms": 1.7452499996579718, "event": "console.request", "id_hash": "h_aa9cb1d0b7af", "status": "200"}
[WebServer] {"duration_ms": 12.930791999679059, "event": "console.request", "id_hash": "h_384d48299e77", "status": "200"}
[WebServer] {"duration_ms": 17.562334000103874, "event": "console.request", "id_hash": "h_8747464d8222", "status": "200"}
[WebServer] {"duration_ms": 2.957124997919891, "event": "console.request", "id_hash": "h_a8ea2401f7a3", "status": "200"}
[WebServer] {"duration_ms": 5.393166000430938, "event": "console.request", "id_hash": "h_4a4b33ea3067", "status": "200"}
[WebServer] {"duration_ms": 31.438583999261027, "event": "console.request", "id_hash": "h_cf749eb63a00", "status": "200"}
[WebServer] {"duration_ms": 11.438375000579981, "event": "console.request", "id_hash": "h_ffb63d00d14c", "status": "200"}
[WebServer] {"duration_ms": 18.15579100002651, "event": "console.request", "id_hash": "h_dd6622352c6f", "status": "200"}
[WebServer] {"duration_ms": 23.998541000764817, "event": "console.request", "id_hash": "h_e89f53358187", "status": "200"}
[WebServer] {"duration_ms": 1.119874999858439, "event": "console.request", "id_hash": "h_d9dfde4d9131", "status": "200"}
[WebServer] {"duration_ms": 2.030750001722481, "event": "console.request", "id_hash": "h_105d47484ec6", "status": "200"}
[WebServer] {"duration_ms": 1.4227499996195547, "event": "console.request", "id_hash": "h_1be939df149a", "status": "200"}
[WebServer] {"duration_ms": 16.702333003195236, "event": "console.request", "id_hash": "h_b3a64d121ffd", "status": "200"}
[WebServer] {"duration_ms": 5.898542000068119, "event": "console.request", "id_hash": "h_8492bfb27058", "status": "200"}
[WebServer] {"duration_ms": 24.69304199985345, "event": "console.request", "id_hash": "h_33d07b42134a", "status": "200"}
[WebServer] {"duration_ms": 4.339374998380663, "event": "console.request", "id_hash": "h_2c46119029e9", "status": "200"}
[WebServer] {"duration_ms": 31.811375003599096, "event": "console.request", "id_hash": "h_7eaa5c094b2f", "status": "200"}
[WebServer] {"duration_ms": 10.532208001677645, "event": "console.request", "id_hash": "h_3157da701bcf", "status": "200"}
[WebServer] {"duration_ms": 13.807791998260655, "event": "console.request", "id_hash": "h_d8e35cfb37c4", "status": "200"}
[WebServer] {"duration_ms": 21.068874997581588, "event": "console.request", "id_hash": "h_123c2a1d2ab2", "status": "200"}
[WebServer] {"duration_ms": 0.7733329985057935, "event": "console.request", "id_hash": "h_3ebef4bc24a2", "status": "200"}
[WebServer] {"duration_ms": 2.7072089978901204, "event": "console.request", "id_hash": "h_f65d8dd894f1", "status": "200"}
[WebServer] {"duration_ms": 4.354666998551693, "event": "console.request", "id_hash": "h_045efd6683a8", "status": "200"}
[WebServer] {"duration_ms": 22.700500001519686, "event": "console.request", "id_hash": "h_30a7c23cfbdc", "status": "200"}
[WebServer] {"duration_ms": 5.692500002624001, "event": "console.request", "id_hash": "h_d0c33b032011", "status": "200"}
[WebServer] {"duration_ms": 7.383500000287313, "event": "console.request", "id_hash": "h_b47f43ad52a8", "status": "200"}
[WebServer] {"duration_ms": 36.267750001570676, "event": "console.request", "id_hash": "h_dfeb44c538b5", "status": "200"}
[WebServer] {"duration_ms": 32.84554200217826, "event": "console.request", "id_hash": "h_d7be802971f6", "status": "200"}
[WebServer] {"duration_ms": 9.388791997480439, "event": "console.request", "id_hash": "h_1d6c39310de2", "status": "200"}
[WebServer] {"duration_ms": 14.87995800198405, "event": "console.request", "id_hash": "h_40bc058f6e4c", "status": "200"}
[WebServer] {"duration_ms": 5.45475000035367, "event": "console.request", "id_hash": "h_8621acc7fe0f", "status": "200"}
[WebServer] {"duration_ms": 1.3576250021287706, "event": "console.request", "id_hash": "h_80fcceea7f04", "status": "200"}
[WebServer] {"duration_ms": 1.1497080013214145, "event": "console.request", "id_hash": "h_0b07712233c5", "status": "200"}
[WebServer] {"duration_ms": 2.604500001325505, "event": "console.request", "id_hash": "h_551d43d39097", "status": "200"}
[WebServer] {"duration_ms": 5.6556250019639265, "event": "console.request", "id_hash": "h_2cb91699566e", "status": "200"}
[WebServer] {"duration_ms": 12.73083300111466, "event": "console.request", "id_hash": "h_339418654dfb", "status": "200"}
[WebServer] {"duration_ms": 36.99962500104448, "event": "console.request", "id_hash": "h_2470d725aad2", "status": "200"}
[WebServer] {"duration_ms": 4.383957999380073, "event": "console.request", "id_hash": "h_8433a4a6c0ab", "status": "200"}
[WebServer] {"duration_ms": 57.01308299830998, "event": "console.request", "id_hash": "h_b7abdac13244", "status": "200"}
[WebServer] {"duration_ms": 58.90358299802756, "event": "console.request", "id_hash": "h_6cab39fd2e66", "status": "200"}
[WebServer] {"duration_ms": 58.52029199741082, "event": "console.request", "id_hash": "h_4e5d7282964f", "status": "200"}
[WebServer] {"duration_ms": 59.22087499857298, "event": "console.request", "id_hash": "h_fae5273bbfde", "status": "200"}
[WebServer] {"duration_ms": 59.52566700216266, "event": "console.request", "id_hash": "h_b99bd8becd4d", "status": "200"}
[WebServer] {"duration_ms": 59.75737500193645, "event": "console.request", "id_hash": "h_dc9290cda1d8", "status": "200"}
[WebServer] {"duration_ms": 33.39649999907124, "event": "console.request", "id_hash": "h_b7feae008434", "status": "201"}
[WebServer] {"duration_ms": 0.8873330007190816, "event": "console.request", "id_hash": "h_82503a5abce9", "status": "200"}
[WebServer] {"duration_ms": 8.814541997708147, "event": "console.request", "id_hash": "h_b53deb175ca9", "status": "200"}
[WebServer] {"duration_ms": 2.505249998648651, "event": "console.request", "id_hash": "h_df1d932a4291", "status": "200"}
[WebServer] {"duration_ms": 1.7552079989400227, "event": "console.request", "id_hash": "h_d8536425e79e", "status": "200"}
[WebServer] {"duration_ms": 2.674916002433747, "event": "console.request", "id_hash": "h_ac9e495b53d2", "status": "200"}
[WebServer] {"duration_ms": 4.514541000389727, "event": "console.request", "id_hash": "h_56da9efef6aa", "status": "200"}
[WebServer] {"duration_ms": 34.689332998823375, "event": "console.request", "id_hash": "h_d5c3ce2b9c5c", "status": "200"}
[WebServer] {"duration_ms": 8.44195800164016, "event": "console.request", "id_hash": "h_0658689e56a6", "status": "200"}
[WebServer] {"duration_ms": 16.01791700159083, "event": "console.request", "id_hash": "h_461798b22153", "status": "200"}
[WebServer] {"duration_ms": 8.920416999899317, "event": "console.request", "id_hash": "h_d495ef7e23e8", "status": "200"}
[WebServer] {"duration_ms": 9.498917002929375, "event": "console.request", "id_hash": "h_45ab27ab4490", "status": "200"}
[WebServer] {"duration_ms": 22.680500002024928, "event": "console.request", "id_hash": "h_f5a37f595cf0", "status": "200"}
[WebServer] {"duration_ms": 1.7725840007187799, "event": "console.request", "id_hash": "h_8d8ebd00c1a0", "status": "200"}
[WebServer] {"duration_ms": 2.7781669996329583, "event": "console.request", "id_hash": "h_b3701a06dfe0", "status": "200"}
[WebServer] {"duration_ms": 2.3782079988450278, "event": "console.request", "id_hash": "h_276b13b9afff", "status": "200"}
[WebServer] {"duration_ms": 15.364709001005394, "event": "console.request", "id_hash": "h_f7240fca53ad", "status": "200"}
[WebServer] {"duration_ms": 21.35383300264948, "event": "console.request", "id_hash": "h_1d3fca143335", "status": "200"}
[WebServer] {"duration_ms": 4.215665998344775, "event": "console.request", "id_hash": "h_1aed3a23abc1", "status": "200"}
[WebServer] {"duration_ms": 4.979916997399414, "event": "console.request", "id_hash": "h_f2900bf29ac9", "status": "200"}
[WebServer] {"duration_ms": 32.44808299859869, "event": "console.request", "id_hash": "h_a624d3d045bb", "status": "200"}
[WebServer] {"duration_ms": 12.672042001213413, "event": "console.request", "id_hash": "h_4ab0aa849d6e", "status": "200"}
[WebServer] {"duration_ms": 15.406415997858858, "event": "console.request", "id_hash": "h_bae2d7499cf2", "status": "200"}
[WebServer] {"duration_ms": 22.332165997795528, "event": "console.request", "id_hash": "h_5384eaa73162", "status": "200"}
[WebServer] {"duration_ms": 0.9274999974877574, "event": "console.request", "id_hash": "h_7a2ba60c6418", "status": "200"}
[WebServer] {"duration_ms": 4.336750000220491, "event": "console.request", "id_hash": "h_f7f9c7db1749", "status": "200"}
[WebServer] {"duration_ms": 2.207040997745935, "event": "console.request", "id_hash": "h_ad7f429fe2ea", "status": "200"}
[WebServer] {"duration_ms": 19.335332999617094, "event": "console.request", "id_hash": "h_57a48acd041c", "status": "200"}
[WebServer] {"duration_ms": 6.308083000476472, "event": "console.request", "id_hash": "h_7701c8b15239", "status": "200"}
[WebServer] {"duration_ms": 27.97137499874225, "event": "console.request", "id_hash": "h_a9a2ee240245", "status": "200"}
[WebServer] {"duration_ms": 6.403667000995483, "event": "console.request", "id_hash": "h_7a4f3ccc94ac", "status": "200"}
[WebServer] {"duration_ms": 31.032292001327733, "event": "console.request", "id_hash": "h_cddb3b75faeb", "status": "200"}
[WebServer] {"duration_ms": 8.272333998320391, "event": "console.request", "id_hash": "h_70dd7cdca990", "status": "200"}
[WebServer] {"duration_ms": 13.627791999169858, "event": "console.request", "id_hash": "h_026657f2f20c", "status": "200"}
[WebServer] {"duration_ms": 18.45816700006253, "event": "console.request", "id_hash": "h_46bdcc8a0ec8", "status": "200"}
[WebServer] {"duration_ms": 0.9536249999655411, "event": "console.request", "id_hash": "h_f6101df4db65", "status": "200"}
[WebServer] {"duration_ms": 1.6218750024563633, "event": "console.request", "id_hash": "h_84f992231abe", "status": "200"}
[WebServer] {"duration_ms": 1.093750001018634, "event": "console.request", "id_hash": "h_77e1193c5764", "status": "200"}
[WebServer] {"duration_ms": 3.9859999997133855, "event": "console.request", "id_hash": "h_c6f2a63717ae", "status": "200"}
[WebServer] {"duration_ms": 4.635332999896491, "event": "console.request", "id_hash": "h_d99d76df367c", "status": "200"}
[WebServer] {"duration_ms": 31.716875000711298, "event": "console.request", "id_hash": "h_d01dc5fca618", "status": "200"}
[WebServer] {"duration_ms": 5.717708001611754, "event": "console.request", "id_hash": "h_fa29952c8f0e", "status": "200"}
[WebServer] {"duration_ms": 25.87350000248989, "event": "console.request", "id_hash": "h_8322f9c76552", "status": "200"}
[WebServer] {"duration_ms": 27.8946670005098, "event": "console.request", "id_hash": "h_9a9726805e58", "status": "200"}
[WebServer] {"duration_ms": 27.835749999212567, "event": "console.request", "id_hash": "h_3b046834fb44", "status": "200"}
[WebServer] {"duration_ms": 30.009209000127157, "event": "console.request", "id_hash": "h_1ff61feab4a9", "status": "200"}
[WebServer] {"duration_ms": 20.365374999528285, "event": "console.request", "id_hash": "h_5ec19881ef3f", "status": "201"}
[WebServer] {"duration_ms": 1.0769160035124514, "event": "console.request", "id_hash": "h_35a371573343", "status": "200"}
[WebServer] {"duration_ms": 6.2450000004901085, "event": "console.request", "id_hash": "h_43d14c26db56", "status": "200"}
[WebServer] {"duration_ms": 0.8367080008611083, "event": "console.request", "id_hash": "h_b61f1bd0c087", "status": "200"}
[WebServer] {"duration_ms": 1.7059169986168854, "event": "console.request", "id_hash": "h_5bc37d121430", "status": "200"}
[WebServer] {"duration_ms": 0.9908749998430721, "event": "console.request", "id_hash": "h_828738455375", "status": "200"}
[WebServer] {"duration_ms": 3.4290419971512165, "event": "console.request", "id_hash": "h_f8d72d2301ce", "status": "200"}
[WebServer] {"duration_ms": 1.2129999995522667, "event": "console.request", "id_hash": "h_4448ac5ad8fd", "status": "200"}
[WebServer] {"duration_ms": 1.4324999974633101, "event": "console.request", "id_hash": "h_223117a93bd8", "status": "200"}
[WebServer] {"duration_ms": 2.5139579993265215, "event": "console.request", "id_hash": "h_0258f0a80854", "status": "200"}
[WebServer] {"duration_ms": 4.317332997743506, "event": "console.request", "id_hash": "h_a6b465aa5a02", "status": "200"}
[WebServer] {"duration_ms": 29.593082999781473, "event": "console.request", "id_hash": "h_b9edf62ef5e9", "status": "200"}
[WebServer] {"duration_ms": 11.410125000111293, "event": "console.request", "id_hash": "h_6e2c4e3c14f1", "status": "200"}
[WebServer] {"duration_ms": 11.746083000616636, "event": "console.request", "id_hash": "h_005e8266939a", "status": "200"}
[WebServer] {"duration_ms": 21.48949999900651, "event": "console.request", "id_hash": "h_dcf75cfd76e1", "status": "200"}
[WebServer] {"duration_ms": 27.856708999024704, "event": "console.request", "id_hash": "h_c25a6a46085f", "status": "200"}
[WebServer] {"duration_ms": 29.3946669989964, "event": "console.request", "id_hash": "h_9c1107cdc750", "status": "200"}
[WebServer] {"duration_ms": 30.37387499716715, "event": "console.request", "id_hash": "h_cb661e1d4584", "status": "200"}
[WebServer] {"duration_ms": 22.887292001541937, "event": "console.request", "id_hash": "h_066068c7aedd", "status": "201"}
[WebServer] {"duration_ms": 19.379625002329703, "event": "console.request", "id_hash": "h_a1677e75846a", "status": "200"}
[WebServer] {"duration_ms": 20.00716700058547, "event": "console.request", "id_hash": "h_ae61973336b1", "status": "200"}
[WebServer] {"duration_ms": 26.025291001133155, "event": "console.request", "id_hash": "h_c0c237b05325", "status": "201"}
[WebServer] {"duration_ms": 0.9701669987407513, "event": "console.request", "id_hash": "h_3378d5355e47", "status": "200"}
[WebServer] {"duration_ms": 1.6550829968764447, "event": "console.request", "id_hash": "h_92b6f961bb71", "status": "200"}
[WebServer] {"duration_ms": 1.1182500020368025, "event": "console.request", "id_hash": "h_1d0af7faa00c", "status": "200"}
[WebServer] {"duration_ms": 0.8329589982167818, "event": "console.request", "id_hash": "h_fd52f3750c2d", "status": "200"}
[WebServer] {"duration_ms": 3.060833001654828, "event": "console.request", "id_hash": "h_3374bfb5e662", "status": "200"}
[WebServer] {"duration_ms": 1.7107909989135806, "event": "console.request", "id_hash": "h_04358572aa88", "status": "200"}
[WebServer] {"duration_ms": 1.5916669981379528, "event": "console.request", "id_hash": "h_3673f39b63fa", "status": "200"}
[WebServer] {"duration_ms": 2.502458999515511, "event": "console.request", "id_hash": "h_3af8c47c9c63", "status": "200"}
[WebServer] {"duration_ms": 4.3471669996506535, "event": "console.request", "id_hash": "h_2aee153fbc74", "status": "200"}
[WebServer] {"duration_ms": 29.856416997063207, "event": "console.request", "id_hash": "h_531fc43cb136", "status": "200"}
[WebServer] {"duration_ms": 10.838458001671825, "event": "console.request", "id_hash": "h_17749122e8e9", "status": "200"}
[WebServer] {"duration_ms": 13.34787499945378, "event": "console.request", "id_hash": "h_2098df9ccbd3", "status": "200"}
[WebServer] {"duration_ms": 1.3105840007483494, "event": "console.request", "id_hash": "h_4a09ca5607d4", "status": "200"}
[WebServer] {"duration_ms": 1.2729999980365392, "event": "console.request", "id_hash": "h_b3f0605455c0", "status": "200"}
[WebServer] {"duration_ms": 1.4977089995227288, "event": "console.request", "id_hash": "h_3c9294728b69", "status": "200"}
[WebServer] {"duration_ms": 2.726124999753665, "event": "console.request", "id_hash": "h_ce22834cc67b", "status": "200"}
[WebServer] {"duration_ms": 5.37179200182436, "event": "console.request", "id_hash": "h_cc6787fbee93", "status": "200"}
[WebServer] {"duration_ms": 30.619249999290332, "event": "console.request", "id_hash": "h_aff9ed178602", "status": "200"}
[WebServer] {"duration_ms": 4.798250000021653, "event": "console.request", "id_hash": "h_f7b6ce04e2f3", "status": "200"}
[WebServer] {"duration_ms": 18.305792000319343, "event": "console.request", "id_hash": "h_a9ed048aed13", "status": "201"}
[WebServer] {"duration_ms": 0.6764579993614461, "event": "console.request", "id_hash": "h_2f0d189aba50", "status": "200"}
[WebServer] {"duration_ms": 5.757375001849141, "event": "console.request", "id_hash": "h_29c4c98affe1", "status": "200"}
[WebServer] {"duration_ms": 1.2802919991372619, "event": "console.request", "id_hash": "h_01fc0e01abc8", "status": "200"}
[WebServer] {"duration_ms": 1.0154160008823965, "event": "console.request", "id_hash": "h_7a702a24e74c", "status": "200"}
[WebServer] {"duration_ms": 2.4677499968674965, "event": "console.request", "id_hash": "h_01625c191e04", "status": "200"}
[WebServer] {"duration_ms": 4.305458001908846, "event": "console.request", "id_hash": "h_4e68ccdde89a", "status": "200"}
[WebServer] {"duration_ms": 30.576291999750538, "event": "console.request", "id_hash": "h_d644894c1672", "status": "200"}
[WebServer] {"duration_ms": 5.200208001042483, "event": "console.request", "id_hash": "h_c9ea2a2bc358", "status": "200"}
[WebServer] {"duration_ms": 5.923999997321516, "event": "console.request", "id_hash": "h_73c4d6aa6da0", "status": "200"}
[WebServer] {"duration_ms": 20.653250001487322, "event": "console.request", "id_hash": "h_fe3feb503cd6", "status": "201"}
[WebServer] {"duration_ms": 0.8426669992331881, "event": "console.request", "id_hash": "h_cae64acfedbb", "status": "200"}
[WebServer] {"duration_ms": 6.1484170000767335, "event": "console.request", "id_hash": "h_4c328fe4435d", "status": "200"}
[WebServer] {"duration_ms": 1.526832998933969, "event": "console.request", "id_hash": "h_77ee4a65a6c1", "status": "200"}
[WebServer] {"duration_ms": 2.2025420003046747, "event": "console.request", "id_hash": "h_12f942dc2255", "status": "200"}
[WebServer] {"duration_ms": 2.604041001177393, "event": "console.request", "id_hash": "h_5f2be27c34e0", "status": "200"}
[WebServer] {"duration_ms": 4.728040999907535, "event": "console.request", "id_hash": "h_4f58fb7d3939", "status": "200"}
[WebServer] {"duration_ms": 43.772457996965386, "event": "console.request", "id_hash": "h_a6733bedf7cc", "status": "200"}
[WebServer] {"duration_ms": 5.1759579982899595, "event": "console.request", "id_hash": "h_fe695bab28ec", "status": "200"}
[WebServer] {"duration_ms": 7.793500000843778, "event": "console.request", "id_hash": "h_4fc3dad49d5e", "status": "200"}
[WebServer] {"duration_ms": 9.753082998940954, "event": "console.request", "id_hash": "h_34acbdabaa14", "status": "200"}
[WebServer] {"duration_ms": 20.18270800181199, "event": "console.request", "id_hash": "h_b65d88987264", "status": "201"}
[WebServer] {"duration_ms": 1.1610410001594573, "event": "console.request", "id_hash": "h_44c62de7b573", "status": "200"}
[WebServer] {"duration_ms": 5.438333999336464, "event": "console.request", "id_hash": "h_60a8fe9a1776", "status": "200"}
[WebServer] {"duration_ms": 1.0712089970184024, "event": "console.request", "id_hash": "h_8522f1710194", "status": "200"}
[WebServer] {"duration_ms": 1.804916999390116, "event": "console.request", "id_hash": "h_d7cc3f5436c4", "status": "200"}
[WebServer] {"duration_ms": 2.530290999857243, "event": "console.request", "id_hash": "h_f0516653aadf", "status": "200"}
[WebServer] {"duration_ms": 4.359124999609776, "event": "console.request", "id_hash": "h_1dd4db1c5701", "status": "200"}
[WebServer] {"duration_ms": 29.647583000041777, "event": "console.request", "id_hash": "h_be3e8ee3527a", "status": "200"}
[WebServer] {"duration_ms": 12.417665999237215, "event": "console.request", "id_hash": "h_45e3fa4abf3b", "status": "200"}
[WebServer] {"duration_ms": 11.822082997241523, "event": "console.request", "id_hash": "h_d943ce85b496", "status": "200"}
[WebServer] {"duration_ms": 23.088666999683483, "event": "console.request", "id_hash": "h_76ad7f24976f", "status": "200"}
[WebServer] {"duration_ms": 2.4982090035337023, "event": "console.request", "id_hash": "h_1f981cf99947", "status": "200"}
[WebServer] {"duration_ms": 13.243708999652881, "event": "console.request", "id_hash": "h_ce152d1145ab", "status": "200"}
[WebServer] {"duration_ms": 2.9818750008416828, "event": "console.request", "id_hash": "h_5e993e1e8007", "status": "200"}
[WebServer] {"duration_ms": 1.853792000474641, "event": "console.request", "id_hash": "h_ff5f33f83748", "status": "200"}
[WebServer] {"duration_ms": 17.983707999519538, "event": "console.request", "id_hash": "h_a9ed71c152a6", "status": "200"}
[WebServer] {"duration_ms": 4.6278750014607795, "event": "console.request", "id_hash": "h_f782dd86465d", "status": "200"}
[WebServer] {"duration_ms": 4.5834160009690095, "event": "console.request", "id_hash": "h_ec41d59c2f42", "status": "200"}
[WebServer] {"duration_ms": 31.839167000725865, "event": "console.request", "id_hash": "h_31e9d1c2cf8c", "status": "200"}
[WebServer] {"duration_ms": 12.199415999930352, "event": "console.request", "id_hash": "h_a7a2f3a142de", "status": "200"}
[WebServer] {"duration_ms": 12.76375000088592, "event": "console.request", "id_hash": "h_d8148933f99f", "status": "200"}
[WebServer] {"duration_ms": 22.559375000128057, "event": "console.request", "id_hash": "h_cfa11927bb92", "status": "200"}
[WebServer] {"duration_ms": 1.949124998645857, "event": "console.request", "id_hash": "h_27318d591526", "status": "200"}
[WebServer] {"duration_ms": 1.626041001145495, "event": "console.request", "id_hash": "h_c3c622f4288f", "status": "200"}
[WebServer] {"duration_ms": 2.8999579990340862, "event": "console.request", "id_hash": "h_dfb89f0f3707", "status": "200"}
[WebServer] {"duration_ms": 13.531167001929134, "event": "console.request", "id_hash": "h_31172f3cd9fd", "status": "200"}
[WebServer] {"duration_ms": 16.514957998879254, "event": "console.request", "id_hash": "h_f5ffb709c7f7", "status": "200"}
[WebServer] {"duration_ms": 2.6055410016851965, "event": "console.request", "id_hash": "h_c60113798364", "status": "200"}
[WebServer] {"duration_ms": 5.332415999873774, "event": "console.request", "id_hash": "h_6408d4594737", "status": "200"}
[WebServer] {"duration_ms": 31.505499999184394, "event": "console.request", "id_hash": "h_27ac2495a4d1", "status": "200"}
[WebServer] {"duration_ms": 8.652666998386849, "event": "console.request", "id_hash": "h_09ca2f8190ab", "status": "200"}
[WebServer] {"duration_ms": 11.154666000948055, "event": "console.request", "id_hash": "h_e7eceb57cc9d", "status": "200"}
[WebServer] {"duration_ms": 5.994208997435635, "event": "console.request", "id_hash": "h_b78cc4c262f7", "status": "200"}
[WebServer] {"duration_ms": 1.283375000639353, "event": "console.request", "id_hash": "h_4048a15d7843", "status": "200"}
[WebServer] {"duration_ms": 2.005749996897066, "event": "console.request", "id_hash": "h_15e9b4fb25fc", "status": "200"}
[WebServer] {"duration_ms": 1.7090829969674814, "event": "console.request", "id_hash": "h_39c211afb204", "status": "200"}
[WebServer] {"duration_ms": 3.375332998984959, "event": "console.request", "id_hash": "h_a4c04cff1699", "status": "200"}
[WebServer] {"duration_ms": 6.1367090020212345, "event": "console.request", "id_hash": "h_eebb7ebaec03", "status": "200"}
[WebServer] {"duration_ms": 33.477958997536916, "event": "console.request", "id_hash": "h_f7669992e348", "status": "200"}
[WebServer] {"duration_ms": 4.762333999678958, "event": "console.request", "id_hash": "h_0fcf5b20e7b3", "status": "200"}
[WebServer] {"duration_ms": 19.178167000063695, "event": "console.request", "id_hash": "h_09e14762fe8f", "status": "201"}
[WebServer] {"duration_ms": 0.7885410013841465, "event": "console.request", "id_hash": "h_619f7fd6a4c6", "status": "200"}
[WebServer] {"duration_ms": 6.883624999318272, "event": "console.request", "id_hash": "h_be64922c9e8c", "status": "200"}
[WebServer] {"duration_ms": 1.4539580006385222, "event": "console.request", "id_hash": "h_dc72371cad60", "status": "200"}
[WebServer] {"duration_ms": 0.9242919986718334, "event": "console.request", "id_hash": "h_3d9d27d52740", "status": "200"}
[WebServer] {"duration_ms": 2.506459000869654, "event": "console.request", "id_hash": "h_bcf2c6c2774a", "status": "200"}
[WebServer] {"duration_ms": 4.466667000087909, "event": "console.request", "id_hash": "h_8f7057048d15", "status": "200"}
[WebServer] {"duration_ms": 30.23116600161302, "event": "console.request", "id_hash": "h_f50837765a1d", "status": "200"}
[WebServer] {"duration_ms": 10.71191600203747, "event": "console.request", "id_hash": "h_bdfcdb59e87e", "status": "200"}
[WebServer] {"duration_ms": 13.053750000835862, "event": "console.request", "id_hash": "h_000ef1c61d55", "status": "200"}
[WebServer] {"duration_ms": 8.837665998726152, "event": "console.request", "id_hash": "h_4e7742ec6c3d", "status": "200"}
[WebServer] {"duration_ms": 5.150500001036562, "event": "console.request", "id_hash": "h_78b0026bd6fa", "status": "200"}
[WebServer] {"duration_ms": 20.321333002357278, "event": "console.request", "id_hash": "h_6e5faa28b6e3", "status": "200"}
[WebServer] {"duration_ms": 0.9430829995835666, "event": "console.request", "id_hash": "h_28ceeecffd26", "status": "200"}
[WebServer] {"duration_ms": 2.6571250018605497, "event": "console.request", "id_hash": "h_d1280deaa100", "status": "200"}
[WebServer] {"duration_ms": 2.278958996612346, "event": "console.request", "id_hash": "h_df323c413daa", "status": "200"}
[WebServer] {"duration_ms": 13.823041997966357, "event": "console.request", "id_hash": "h_186f3322a219", "status": "200"}
[WebServer] {"duration_ms": 17.799749999539927, "event": "console.request", "id_hash": "h_110268eeae7e", "status": "200"}
[WebServer] {"duration_ms": 2.510624999558786, "event": "console.request", "id_hash": "h_0886cae07514", "status": "200"}
[WebServer] {"duration_ms": 4.8380830012320075, "event": "console.request", "id_hash": "h_315574b12027", "status": "200"}
[WebServer] {"duration_ms": 29.52266700231121, "event": "console.request", "id_hash": "h_0fd432d6ac94", "status": "200"}
[WebServer] {"duration_ms": 11.248417002207134, "event": "console.request", "id_hash": "h_49d5e0ca47b5", "status": "200"}
[WebServer] {"duration_ms": 13.555582998378668, "event": "console.request", "id_hash": "h_87458b2eb755", "status": "200"}
[WebServer] {"duration_ms": 5.915583999012597, "event": "console.request", "id_hash": "h_90d516b31201", "status": "200"}
[WebServer] {"duration_ms": 5.8380000009492505, "event": "console.request", "id_hash": "h_a7ea74253180", "status": "200"}
[WebServer] {"duration_ms": 1.2233339984959457, "event": "console.request", "id_hash": "h_d9b083cd57bf", "status": "200"}
[WebServer] {"duration_ms": 1.253667000128189, "event": "console.request", "id_hash": "h_ddb6df77b79f", "status": "200"}
[WebServer] {"duration_ms": 3.0210419972718228, "event": "console.request", "id_hash": "h_42a1f8b3094a", "status": "200"}
[WebServer] {"duration_ms": 3.2437920017400756, "event": "console.request", "id_hash": "h_cb16c3385a01", "status": "200"}
[WebServer] {"duration_ms": 6.326625003566733, "event": "console.request", "id_hash": "h_69d3924731ac", "status": "200"}
[WebServer] {"duration_ms": 30.918874999770196, "event": "console.request", "id_hash": "h_aecd4a1e52e5", "status": "200"}
[WebServer] {"duration_ms": 8.017207997909281, "event": "console.request", "id_hash": "h_932a1fd967f8", "status": "200"}
[WebServer] {"duration_ms": 15.625874999386724, "event": "console.request", "id_hash": "h_b82a4a28f4df", "status": "200"}
[WebServer] {"duration_ms": 5.725041999539826, "event": "console.request", "id_hash": "h_6132dded2ebe", "status": "200"}
[WebServer] {"duration_ms": 6.337249997159233, "event": "console.request", "id_hash": "h_8245a39ca053", "status": "200"}
[WebServer] {"duration_ms": 18.200667000201065, "event": "console.request", "id_hash": "h_d356d3667835", "status": "200"}
[WebServer] {"duration_ms": 11.098541999672307, "event": "console.request", "id_hash": "h_146bb2436110", "status": "200"}
[WebServer] {"duration_ms": 13.896582997404039, "event": "console.request", "id_hash": "h_8489e7b62e9e", "status": "200"}
[WebServer] {"duration_ms": 5.717042000469519, "event": "console.request", "id_hash": "h_91b644f81809", "status": "200"}
[WebServer] {"duration_ms": 6.298041997069959, "event": "console.request", "id_hash": "h_5eedd566fe17", "status": "200"}
[WebServer] {"duration_ms": 18.657083997823065, "event": "console.request", "id_hash": "h_5beb6fb1dcbe", "status": "200"}
[WebServer] {"duration_ms": 7.528124999225838, "event": "console.request", "id_hash": "h_08cd5970382d", "status": "200"}
[WebServer] {"duration_ms": 12.557957998069469, "event": "console.request", "id_hash": "h_077e9c6a24fd", "status": "200"}
[WebServer] {"duration_ms": 5.889042000490008, "event": "console.request", "id_hash": "h_933d92946ca8", "status": "200"}
[WebServer] {"duration_ms": 6.318332998489495, "event": "console.request", "id_hash": "h_4a296e3defed", "status": "200"}
[WebServer] {"duration_ms": 18.46158300031675, "event": "console.request", "id_hash": "h_f4b82c89929b", "status": "200"}
[WebServer] {"duration_ms": 0.9130420003202744, "event": "console.request", "id_hash": "h_23b0d3884133", "status": "200"}
[WebServer] {"duration_ms": 10.333583002648083, "event": "console.request", "id_hash": "h_75d38da47b24", "status": "200"}
[WebServer] {"duration_ms": 1.851125001849141, "event": "console.request", "id_hash": "h_4705381903c4", "status": "200"}
[WebServer] {"duration_ms": 3.0930000029911753, "event": "console.request", "id_hash": "h_2064016720c1", "status": "200"}
[WebServer] {"duration_ms": 17.065374999219785, "event": "console.request", "id_hash": "h_8e91927f48f8", "status": "200"}
[WebServer] {"duration_ms": 2.41620800079545, "event": "console.request", "id_hash": "h_3174222a54d5", "status": "200"}
[WebServer] {"duration_ms": 4.3853329989360645, "event": "console.request", "id_hash": "h_a3ec486dc132", "status": "200"}
[WebServer] {"duration_ms": 44.32920899853343, "event": "console.request", "id_hash": "h_0c99b89854b4", "status": "200"}
[WebServer] {"duration_ms": 13.576791003288236, "event": "console.request", "id_hash": "h_a905dbb2feec", "status": "200"}
[WebServer] {"duration_ms": 13.749875000939937, "event": "console.request", "id_hash": "h_3bb8ec11620a", "status": "200"}
[WebServer] {"duration_ms": 5.927916001382982, "event": "console.request", "id_hash": "h_78a3a401e7c1", "status": "200"}
[WebServer] {"duration_ms": 30.645249997178325, "event": "console.request", "id_hash": "h_912550223bde", "status": "200"}
[WebServer] {"duration_ms": 21.079709000332514, "event": "console.request", "id_hash": "h_c478d90d9795", "status": "200"}
[WebServer] {"duration_ms": 20.194791002722923, "event": "console.request", "id_hash": "h_8394f59120b3", "status": "200"}
[WebServer] {"duration_ms": 20.33616699918639, "event": "console.request", "id_hash": "h_65b21c0ae597", "status": "404"}
[WebServer] {"duration_ms": 21.290500000759494, "event": "console.request", "id_hash": "h_643eaa6dc1a0", "status": "404"}
[WebServer] {"duration_ms": 22.21408299737959, "event": "console.request", "id_hash": "h_3fbd64d0e5c0", "status": "200"}
[WebServer] {"duration_ms": 5.236749999312451, "event": "console.request", "id_hash": "h_42c6e54beffa", "status": "404"}
[WebServer] {"duration_ms": 3.891958000167506, "event": "console.request", "id_hash": "h_3c8295dfe5ab", "status": "404"}
[WebServer] {"duration_ms": 1.0289159981766716, "event": "console.request", "id_hash": "h_7992c8b4c638", "status": "200"}
[WebServer] {"duration_ms": 1.4969580006436445, "event": "console.request", "id_hash": "h_f1313069c261", "status": "200"}
[WebServer] {"duration_ms": 2.2471250013040844, "event": "console.request", "id_hash": "h_6c507b767d2c", "status": "200"}
[WebServer] {"duration_ms": 2.4771249991317745, "event": "console.request", "id_hash": "h_c6c283148388", "status": "200"}
[WebServer] {"duration_ms": 3.2510420023754705, "event": "console.request", "id_hash": "h_fa4a2d5cb90b", "status": "200"}
[WebServer] {"duration_ms": 5.9943749984086026, "event": "console.request", "id_hash": "h_946c9c89c631", "status": "200"}
[WebServer] {"duration_ms": 1.2728340007015504, "event": "console.request", "id_hash": "h_faa6f93a67e9", "status": "200"}
[WebServer] {"duration_ms": 2.26479100092547, "event": "console.request", "id_hash": "h_2657f95fecbe", "status": "200"}
[WebServer] {"duration_ms": 21.82054199874983, "event": "console.request", "id_hash": "h_8a5ca4f31a2f", "status": "200"}
[WebServer] {"duration_ms": 35.33416600112105, "event": "console.request", "id_hash": "h_4665460ed0b6", "status": "200"}
[WebServer] {"duration_ms": 4.3081249968963675, "event": "console.request", "id_hash": "h_e05ff1f430ee", "status": "200"}
[WebServer] {"duration_ms": 30.438040997978533, "event": "console.request", "id_hash": "h_0c9e57b5880e", "status": "200"}
[WebServer] {"duration_ms": 8.062332999543287, "event": "console.request", "id_hash": "h_62f58872cff2", "status": "200"}
[WebServer] {"duration_ms": 12.959499999851687, "event": "console.request", "id_hash": "h_b0f0e65c0c95", "status": "200"}
[WebServer] {"duration_ms": 34.48800000114716, "event": "console.request", "id_hash": "h_6205929c981e", "status": "200"}
[WebServer] {"duration_ms": 21.55420800045249, "event": "console.request", "id_hash": "h_18605c375dda", "status": "200"}
[WebServer] {"duration_ms": 20.244084000296425, "event": "console.request", "id_hash": "h_9efd35e4959b", "status": "200"}
[WebServer] {"duration_ms": 14.539874999172753, "event": "console.request", "id_hash": "h_8362b49c2c45", "status": "200"}
[WebServer] {"duration_ms": 16.56629100034479, "event": "console.request", "id_hash": "h_c01e55d6e283", "status": "404"}
[WebServer] {"duration_ms": 14.539374999003485, "event": "console.request", "id_hash": "h_ccc4a220c231", "status": "404"}
[WebServer] {"duration_ms": 4.051832998811733, "event": "console.request", "id_hash": "h_55aea2a78b5d", "status": "404"}
[WebServer] {"duration_ms": 1.0089999996125698, "event": "console.request", "id_hash": "h_0b68e58325bc", "status": "200"}
[WebServer] {"duration_ms": 1.0908339972957037, "event": "console.request", "id_hash": "h_daddbb602493", "status": "200"}
[WebServer] {"duration_ms": 1.8374579994997475, "event": "console.request", "id_hash": "h_af40d2bdef5d", "status": "200"}
[WebServer] {"duration_ms": 2.519541001674952, "event": "console.request", "id_hash": "h_a9518681f747", "status": "200"}
[WebServer] {"duration_ms": 5.829499998071697, "event": "console.request", "id_hash": "h_b7c6e87aa4c8", "status": "200"}
  ✓   2 tests/browser/console.spec.ts:58:1 › real operator manages notes and current observations in Required mode (10.0s)
[WebServer] {"duration_ms": 0.81487499846844, "event": "console.request", "id_hash": "h_8040ef50e4ba", "status": "200"}
[WebServer] {"duration_ms": 0.6442909980250988, "event": "console.request", "id_hash": "h_c3a8cb1dfb7d", "status": "404"}
[WebServer] {"duration_ms": 0.7408329984173179, "event": "console.request", "id_hash": "h_ba41e662f688", "status": "200"}
[WebServer] {"duration_ms": 2.584208999905968, "event": "console.request", "id_hash": "h_f929156b65cc", "status": "200"}
[WebServer] {"duration_ms": 1.9211660001019482, "event": "console.request", "id_hash": "h_4b152ebff6c5", "status": "200"}
[WebServer] {"duration_ms": 2.314874996955041, "event": "console.request", "id_hash": "h_d2e3b38cdd24", "status": "401"}
[WebServer] {"duration_ms": 101.52887500225916, "event": "console.request", "id_hash": "h_770662f8691b", "status": "200"}
[WebServer] {"duration_ms": 6.874790997244418, "event": "console.request", "id_hash": "h_cc97cac8afe3", "status": "200"}
[WebServer] {"duration_ms": 10.42770899948664, "event": "console.request", "id_hash": "h_2aea8ac8c27c", "status": "200"}
[WebServer] {"duration_ms": 11.782042001868831, "event": "console.request", "id_hash": "h_77a59f01c786", "status": "200"}
[WebServer] {"duration_ms": 1.618540998606477, "event": "console.request", "id_hash": "h_7ceee713df11", "status": "200"}
[WebServer] {"duration_ms": 1.6864580029505305, "event": "console.request", "id_hash": "h_ec5867953d62", "status": "200"}
[WebServer] {"duration_ms": 3.321999996842351, "event": "console.request", "id_hash": "h_4a3cc7c1f880", "status": "200"}
[WebServer] {"duration_ms": 2.8132499974162783, "event": "console.request", "id_hash": "h_032f56019f6e", "status": "200"}
[WebServer] {"duration_ms": 7.311999997909879, "event": "console.request", "id_hash": "h_a0ea284ac515", "status": "200"}
[WebServer] {"duration_ms": 7.475750000594417, "event": "console.request", "id_hash": "h_bd5df25698e5", "status": "200"}
[WebServer] {"duration_ms": 8.99862500227755, "event": "console.request", "id_hash": "h_cc6c7200e65c", "status": "200"}
[WebServer] {"duration_ms": 10.583291001239559, "event": "console.request", "id_hash": "h_e66966dc7ace", "status": "204"}
  ✓   3 tests/browser/console.spec.ts:891:1 › real authentication, cookie recovery, key list, CSP, deep-route reload, API 404 (961ms)
[WebServer] {"duration_ms": 1.2372089986456558, "event": "console.request", "id_hash": "h_236ceff986ef", "status": "200"}
[WebServer] {"duration_ms": 0.8628750001662411, "event": "console.request", "id_hash": "h_ee666c8dba21", "status": "200"}
[WebServer] {"duration_ms": 1.6560420008318033, "event": "console.request", "id_hash": "h_9903fb738e36", "status": "200"}
  ✓   4 tests/browser/console.spec.ts:932:1 › production CSP with explicit test fixtures: memory plain text, stats nulls and narrow layout (658ms)
[WebServer] {"duration_ms": 1.0126250017492566, "event": "console.request", "id_hash": "h_e80c9a5ccfce", "status": "200"}
[WebServer] {"duration_ms": 1.6863330019987188, "event": "console.request", "id_hash": "h_b24435de9d03", "status": "200"}
[WebServer] {"duration_ms": 1.0337499988963827, "event": "console.request", "id_hash": "h_06f01ed5c718", "status": "200"}
  ✓   5 tests/browser/console.spec.ts:1019:1 › import wizard invalidates mapping report and distinguishes cancelled_partial (908ms)
[WebServer] {"duration_ms": 0.9926659986376762, "event": "console.request", "id_hash": "h_cd3ed10034cc", "status": "200"}
[WebServer] {"duration_ms": 2.5207079997926485, "event": "console.request", "id_hash": "h_1df4f4b94f0c", "status": "200"}
[WebServer] {"duration_ms": 1.5062500024214387, "event": "console.request", "id_hash": "h_77e8cddf0710", "status": "200"}
  ✓   6 tests/browser/console.spec.ts:1087:1 › provider rebuild acknowledgement and settings pending restart (1.0s)
[WebServer] {"duration_ms": 1.8366670010436792, "event": "console.request", "id_hash": "h_4520b801f5c8", "status": "200"}
[WebServer] {"duration_ms": 1.8253750022267923, "event": "console.request", "id_hash": "h_3a06bc7d12f1", "status": "200"}
[WebServer] {"duration_ms": 3.7127909999981057, "event": "console.request", "id_hash": "h_57160422ce2f", "status": "200"}
[WebServer] {"duration_ms": 5.859083001269028, "event": "console.request", "id_hash": "h_85de1a2afc14", "status": "401"}
[WebServer] {"duration_ms": 100.64516700003878, "event": "console.request", "id_hash": "h_786794e35f08", "status": "200"}
[WebServer] {"duration_ms": 4.86425000053714, "event": "console.request", "id_hash": "h_e4e33e5c2bd9", "status": "200"}
[WebServer] {"duration_ms": 2.8536249992612284, "event": "console.request", "id_hash": "h_8379460619e5", "status": "200"}
[WebServer] {"duration_ms": 7.533832998888101, "event": "console.request", "id_hash": "h_6fa1dd0fc6f7", "status": "200"}
[WebServer] {"duration_ms": 9.139958001469495, "event": "console.request", "id_hash": "h_a47b1c568393", "status": "200"}
[WebServer] {"duration_ms": 7.408249999571126, "event": "console.request", "id_hash": "h_1ba4dae31f3d", "status": "403"}
[WebServer] {"duration_ms": 7.4775420034711715, "event": "console.request", "id_hash": "h_2eb06512d14a", "status": "200"}
[WebServer] {"duration_ms": 17.35750000079861, "event": "console.request", "id_hash": "h_b338e135c367", "status": "201"}
[WebServer] {"duration_ms": 3.854165999655379, "event": "console.request", "id_hash": "h_b348e375913d", "status": "200"}
[WebServer] {"duration_ms": 21.46458399874973, "event": "console.request", "id_hash": "h_405e232094f1", "status": "200"}
[WebServer] {"duration_ms": 4.502916999626905, "event": "console.request", "id_hash": "h_e80e8ec4ee6f", "status": "200"}
  ✓   7 tests/browser/console.spec.ts:1160:1 › real operator issuance prompts reauth, shows secret once, and revokes disposable test key (940ms)
[WebServer] {"duration_ms": 0.7927080005174503, "event": "console.request", "id_hash": "h_3b18ee30d62d", "status": "200"}
[WebServer] {"duration_ms": 1.1425419979786966, "event": "console.request", "id_hash": "h_b2c95ed584c1", "status": "200"}
[WebServer] {"duration_ms": 1.898750000691507, "event": "console.request", "id_hash": "h_830c34ca0369", "status": "200"}
[WebServer] {"duration_ms": 3.588250001484994, "event": "console.request", "id_hash": "h_3ae8b80cd4de", "status": "401"}
[WebServer] {"duration_ms": 101.1213330020837, "event": "console.request", "id_hash": "h_a74c67fefcb3", "status": "200"}
[WebServer] {"duration_ms": 5.699208999430994, "event": "console.request", "id_hash": "h_147bc6aea9c0", "status": "200"}
[WebServer] {"duration_ms": 31.763040999067016, "event": "console.request", "id_hash": "h_58490da7e710", "status": "200"}
[WebServer] {"duration_ms": 5.469791998621076, "event": "console.request", "id_hash": "h_9c572e7337c8", "status": "200"}
[WebServer] {"duration_ms": 29.174999999668216, "event": "console.request", "id_hash": "h_6561b8aa2612", "status": "200"}
[WebServer] {"duration_ms": 29.47774999847752, "event": "console.request", "id_hash": "h_ee2fb8fe3286", "status": "200"}
[WebServer] {"duration_ms": 31.43616699890117, "event": "console.request", "id_hash": "h_a7fe11ec9772", "status": "200"}
[WebServer] {"duration_ms": 30.562416999600828, "event": "console.request", "id_hash": "h_59144c88040e", "status": "200"}
[WebServer] {"duration_ms": 22.277750002103858, "event": "console.request", "id_hash": "h_e87d0e14d8d3", "status": "201"}
[WebServer] {"duration_ms": 4.193707998638274, "event": "console.request", "id_hash": "h_ac844bca0513", "status": "200"}
[WebServer] {"duration_ms": 8.490332998917438, "event": "console.request", "id_hash": "h_9ef04ffeb1be", "status": "200"}
[WebServer] {"duration_ms": 20.45870900110458, "event": "console.request", "id_hash": "h_026728787920", "status": "200"}
[WebServer] {"duration_ms": 12.330207999184495, "event": "console.request", "id_hash": "h_aff35900d483", "status": "200"}
[WebServer] {"duration_ms": 14.815207996434765, "event": "console.request", "id_hash": "h_0a884e093902", "status": "200"}
[WebServer] {"duration_ms": 21.14212499873247, "event": "console.request", "id_hash": "h_821c6f337a10", "status": "200"}
[WebServer] {"duration_ms": 12.100707997888094, "event": "console.request", "id_hash": "h_de8851e97213", "status": "200"}
[WebServer] {"duration_ms": 14.879833997838432, "event": "console.request", "id_hash": "h_27153d6415ca", "status": "200"}
[WebServer] {"duration_ms": 26.634375000867294, "event": "console.request", "id_hash": "h_e21a7d388091", "status": "200"}
[WebServer] {"duration_ms": 1.8729160001385026, "event": "console.request", "id_hash": "h_b00c71ad39aa", "status": "200"}
[WebServer] {"duration_ms": 3.9083749979909044, "event": "console.request", "id_hash": "h_86a28f7f5ac5", "status": "200"}
[WebServer] {"duration_ms": 3.2632920010655653, "event": "console.request", "id_hash": "h_04e684da06ab", "status": "200"}
[WebServer] {"duration_ms": 21.912749998591607, "event": "console.request", "id_hash": "h_a6a6ec972c29", "status": "200"}
[WebServer] {"duration_ms": 26.119709000340663, "event": "console.request", "id_hash": "h_6e06013ad556", "status": "200"}
[WebServer] {"duration_ms": 3.599875002691988, "event": "console.request", "id_hash": "h_b50c70159a19", "status": "200"}
[WebServer] {"duration_ms": 5.397707998781698, "event": "console.request", "id_hash": "h_1a4b18002ca8", "status": "200"}
[WebServer] {"duration_ms": 32.7432919984858, "event": "console.request", "id_hash": "h_f752c090ee99", "status": "200"}
[WebServer] {"duration_ms": 12.71137499861652, "event": "console.request", "id_hash": "h_a00dac2db050", "status": "200"}
[WebServer] {"duration_ms": 16.082500002085, "event": "console.request", "id_hash": "h_58f26b1936ec", "status": "200"}
[WebServer] {"duration_ms": 23.23620799870696, "event": "console.request", "id_hash": "h_0b1e41dc9cfa", "status": "200"}
[WebServer] {"duration_ms": 13.176083000871586, "event": "console.request", "id_hash": "h_619c6a34bb1d", "status": "200"}
[WebServer] {"duration_ms": 15.889499998593237, "event": "console.request", "id_hash": "h_2118d421094e", "status": "200"}
[WebServer] {"duration_ms": 5.214834000071278, "event": "console.request", "id_hash": "h_eed3224bdfc3", "status": "200"}
[WebServer] {"duration_ms": 10.541250001551816, "event": "console.request", "id_hash": "h_22cca9599c94", "status": "200"}
[WebServer] {"duration_ms": 44.409917001758004, "event": "console.request", "id_hash": "h_ac423a12d434", "status": "200"}
[WebServer] {"duration_ms": 44.42166699664085, "event": "console.request", "id_hash": "h_6c2ec7965bca", "status": "200"}
[WebServer] {"duration_ms": 43.63191700031166, "event": "console.request", "id_hash": "h_0157b9d2caa6", "status": "200"}
[WebServer] {"duration_ms": 0.9537499972793739, "event": "console.request", "id_hash": "h_f39995cb624d", "status": "200"}
[WebServer] {"duration_ms": 1.4087080016906839, "event": "console.request", "id_hash": "h_e5360d6d865e", "status": "200"}
[WebServer] {"duration_ms": 1.0087919981742743, "event": "console.request", "id_hash": "h_6404b18d402b", "status": "200"}
[WebServer] {"duration_ms": 2.5966249995690305, "event": "console.request", "id_hash": "h_a353887bf574", "status": "200"}
[WebServer] {"duration_ms": 4.352500000095461, "event": "console.request", "id_hash": "h_928fc40ffa19", "status": "200"}
[WebServer] {"duration_ms": 43.00879199945484, "event": "console.request", "id_hash": "h_51278bf71621", "status": "200"}
[WebServer] {"duration_ms": 11.313457998767262, "event": "console.request", "id_hash": "h_6edc062caef8", "status": "200"}
[WebServer] {"duration_ms": 13.983332999487175, "event": "console.request", "id_hash": "h_5bf8a5ebb0f8", "status": "200"}
[WebServer] {"duration_ms": 43.09925000052317, "event": "console.request", "id_hash": "h_49a0b8f872cd", "status": "200"}
[WebServer] {"duration_ms": 43.98270800083992, "event": "console.request", "id_hash": "h_4d9e8de3295c", "status": "200"}
[WebServer] {"duration_ms": 43.678333000571, "event": "console.request", "id_hash": "h_5272d14279a1", "status": "200"}
[WebServer] {"duration_ms": 1.7588750015420374, "event": "console.request", "id_hash": "h_d3e070c9a850", "status": "200"}
[WebServer] {"duration_ms": 1.3047079992247745, "event": "console.request", "id_hash": "h_0b6736183ac7", "status": "200"}
[WebServer] {"duration_ms": 1.817041000322206, "event": "console.request", "id_hash": "h_9354288090c7", "status": "200"}
[WebServer] {"duration_ms": 3.050624996831175, "event": "console.request", "id_hash": "h_08ebc41fdbbd", "status": "200"}
[WebServer] {"duration_ms": 4.277792002540082, "event": "console.request", "id_hash": "h_f1a9b69c23a2", "status": "200"}
[WebServer] {"duration_ms": 30.953957997553516, "event": "console.request", "id_hash": "h_76eae5ac8a25", "status": "200"}
[WebServer] {"duration_ms": 8.220332998462254, "event": "console.request", "id_hash": "h_27441dbac5b0", "status": "200"}
[WebServer] {"duration_ms": 12.794124999345513, "event": "console.request", "id_hash": "h_4806b2afc60a", "status": "200"}
[WebServer] {"duration_ms": 30.336042000271846, "event": "console.request", "id_hash": "h_20a9d5b61504", "status": "200"}
[WebServer] {"duration_ms": 18.89462499821093, "event": "console.request", "id_hash": "h_d876ceec689c", "status": "200"}
[WebServer] {"duration_ms": 20.03816700016614, "event": "console.request", "id_hash": "h_267da7d0d8bb", "status": "200"}
[WebServer] {"duration_ms": 20.957000000635162, "event": "console.request", "id_hash": "h_ea297947fc2c", "status": "200"}
[WebServer] {"duration_ms": 20.43450000201119, "event": "console.request", "id_hash": "h_5313869e9305", "status": "404"}
[WebServer] {"duration_ms": 21.595959002297604, "event": "console.request", "id_hash": "h_dffe4dfc79ac", "status": "404"}
[WebServer] {"duration_ms": 4.900083997199545, "event": "console.request", "id_hash": "h_49c253545ffd", "status": "404"}
[WebServer] {"duration_ms": 7.46383300065645, "event": "console.request", "id_hash": "h_565a42ae6951", "status": "200"}
[WebServer] {"duration_ms": 0.8839580004860181, "event": "console.request", "id_hash": "h_4c81375e5c1c", "status": "200"}
[WebServer] {"duration_ms": 1.7682500001683366, "event": "console.request", "id_hash": "h_b339f4860473", "status": "200"}
[WebServer] {"duration_ms": 1.693541998974979, "event": "console.request", "id_hash": "h_be154860323e", "status": "200"}
[WebServer] {"duration_ms": 2.4833329989633057, "event": "console.request", "id_hash": "h_51fde53d8663", "status": "200"}
[WebServer] {"duration_ms": 6.295040999248158, "event": "console.request", "id_hash": "h_d87f8c426138", "status": "200"}
  ✓   8 tests/browser/console.spec.ts:1240:1 › real Focus create edit dormant and activation preserve revisions in Required mode (2.2s)
[WebServer] {"duration_ms": 1.0338749998481944, "event": "console.request", "id_hash": "h_360235b9dea0", "status": "200"}
[WebServer] {"duration_ms": 2.0853339992754627, "event": "console.request", "id_hash": "h_7326148a782d", "status": "200"}
[WebServer] {"duration_ms": 1.5104580015758984, "event": "console.request", "id_hash": "h_0f93f6d4bcbf", "status": "200"}
[WebServer] {"duration_ms": 3.574207999918144, "event": "console.request", "id_hash": "h_0023bed644f1", "status": "401"}
[WebServer] {"duration_ms": 101.42433399960282, "event": "console.request", "id_hash": "h_d4215aa8ec87", "status": "200"}
[WebServer] {"duration_ms": 6.3982089995988645, "event": "console.request", "id_hash": "h_eded5f64e2d9", "status": "200"}
[WebServer] {"duration_ms": 34.989916002814425, "event": "console.request", "id_hash": "h_76da9811c06d", "status": "200"}
[WebServer] {"duration_ms": 5.218082998908358, "event": "console.request", "id_hash": "h_4c198ecaa6a2", "status": "200"}
[WebServer] {"duration_ms": 21.54375000100117, "event": "console.request", "id_hash": "h_d4ea4c6eb576", "status": "200"}
[WebServer] {"duration_ms": 30.465667001408292, "event": "console.request", "id_hash": "h_1109d46070f2", "status": "200"}
[WebServer] {"duration_ms": 30.76416700059781, "event": "console.request", "id_hash": "h_2c68ab028dbc", "status": "200"}
[WebServer] {"duration_ms": 32.3544579987356, "event": "console.request", "id_hash": "h_799487ed195a", "status": "200"}
[WebServer] {"duration_ms": 19.518667002557777, "event": "console.request", "id_hash": "h_fb9bba1ed1ef", "status": "201"}
[WebServer] {"duration_ms": 6.3442919999943115, "event": "console.request", "id_hash": "h_70384b1ce440", "status": "200"}
[WebServer] {"duration_ms": 8.240375002060318, "event": "console.request", "id_hash": "h_8f0368c03b07", "status": "200"}
[WebServer] {"duration_ms": 17.629999998462154, "event": "console.request", "id_hash": "h_a1a8a813b3cd", "status": "200"}
[WebServer] {"duration_ms": 11.592957998800557, "event": "console.request", "id_hash": "h_eb68d5119019", "status": "200"}
[WebServer] {"duration_ms": 14.897207998728845, "event": "console.request", "id_hash": "h_7a24639110b0", "status": "200"}
[WebServer] {"duration_ms": 17.97745799922268, "event": "console.request", "id_hash": "h_9396739c57ab", "status": "200"}
[WebServer] {"duration_ms": 1.0823330012499355, "event": "console.request", "id_hash": "h_acd8c14c3067", "status": "200"}
[WebServer] {"duration_ms": 2.0894999979645945, "event": "console.request", "id_hash": "h_e57a9caaa3bf", "status": "200"}
[WebServer] {"duration_ms": 2.1070000002509914, "event": "console.request", "id_hash": "h_aeb793476e51", "status": "200"}
[WebServer] {"duration_ms": 10.780541000713129, "event": "console.request", "id_hash": "h_272a67d2c28e", "status": "200"}
[WebServer] {"duration_ms": 15.365499999461463, "event": "console.request", "id_hash": "h_54b48bd9666d", "status": "200"}
[WebServer] {"duration_ms": 2.1326249989215285, "event": "console.request", "id_hash": "h_ef4231062e1a", "status": "200"}
[WebServer] {"duration_ms": 5.011666999052977, "event": "console.request", "id_hash": "h_9b1255b7be95", "status": "200"}
[WebServer] {"duration_ms": 29.621542002132628, "event": "console.request", "id_hash": "h_0b0e10f06152", "status": "200"}
[WebServer] {"duration_ms": 7.693332998314872, "event": "console.request", "id_hash": "h_642baeef6a3d", "status": "200"}
[WebServer] {"duration_ms": 12.171916998340748, "event": "console.request", "id_hash": "h_a14f64e28550", "status": "200"}
[WebServer] {"duration_ms": 31.4098329981789, "event": "console.request", "id_hash": "h_728cfb3123b9", "status": "200"}
[WebServer] {"duration_ms": 19.72879200184252, "event": "console.request", "id_hash": "h_95494061fd43", "status": "200"}
[WebServer] {"duration_ms": 19.46591699743294, "event": "console.request", "id_hash": "h_aca3d47c12af", "status": "200"}
[WebServer] {"duration_ms": 14.175792002788512, "event": "console.request", "id_hash": "h_ba3a23e34c4b", "status": "404"}
[WebServer] {"duration_ms": 18.42666700031259, "event": "console.request", "id_hash": "h_979e6c4724f6", "status": "404"}
[WebServer] {"duration_ms": 19.580000000132713, "event": "console.request", "id_hash": "h_53c78dbfca87", "status": "200"}
[WebServer] {"duration_ms": 4.594083999108989, "event": "console.request", "id_hash": "h_694e3fb6435b", "status": "404"}
[WebServer] {"duration_ms": 0.8993330011435319, "event": "console.request", "id_hash": "h_b5ebb3c0878f", "status": "200"}
[WebServer] {"duration_ms": 1.0553749998507556, "event": "console.request", "id_hash": "h_7ee3ced74a76", "status": "200"}
[WebServer] {"duration_ms": 1.9147500024701003, "event": "console.request", "id_hash": "h_cde50a3be8a6", "status": "200"}
[WebServer] {"duration_ms": 2.687624997633975, "event": "console.request", "id_hash": "h_d811addf3f23", "status": "200"}
[WebServer] {"duration_ms": 4.663542000344023, "event": "console.request", "id_hash": "h_03d741d50462", "status": "200"}
[WebServer] {"duration_ms": 29.89083400098025, "event": "console.request", "id_hash": "h_a92071489c65", "status": "200"}
[WebServer] {"duration_ms": 4.567375002807239, "event": "console.request", "id_hash": "h_4268b31382d1", "status": "200"}
[WebServer] {"duration_ms": 25.97562500159256, "event": "console.request", "id_hash": "h_47d56f3c21f5", "status": "200"}
[WebServer] {"duration_ms": 25.169792002998292, "event": "console.request", "id_hash": "h_628afc0efaea", "status": "200"}
[WebServer] {"duration_ms": 26.830416998564033, "event": "console.request", "id_hash": "h_6a75ced2a285", "status": "200"}
[WebServer] {"duration_ms": 26.455584000359522, "event": "console.request", "id_hash": "h_b69817a188b1", "status": "200"}
[WebServer] {"duration_ms": 19.273415997304255, "event": "console.request", "id_hash": "h_e93f71079536", "status": "201"}
[WebServer] {"duration_ms": 1.1101669988420326, "event": "console.request", "id_hash": "h_b56e98528494", "status": "200"}
[WebServer] {"duration_ms": 6.390291000570869, "event": "console.request", "id_hash": "h_3e1dbfb844fa", "status": "200"}
[WebServer] {"duration_ms": 0.8234160013671499, "event": "console.request", "id_hash": "h_4dde5f28da1a", "status": "200"}
[WebServer] {"duration_ms": 1.8433330005791504, "event": "console.request", "id_hash": "h_43b097e44999", "status": "200"}
[WebServer] {"duration_ms": 3.1082499990588985, "event": "console.request", "id_hash": "h_040bbfa7e8db", "status": "200"}
[WebServer] {"duration_ms": 5.103542000142625, "event": "console.request", "id_hash": "h_ddddbe2568a6", "status": "200"}
[WebServer] {"duration_ms": 30.13466699849232, "event": "console.request", "id_hash": "h_d0cfe02e0558", "status": "200"}
[WebServer] {"duration_ms": 4.474833996937377, "event": "console.request", "id_hash": "h_860ba9310640", "status": "200"}
[WebServer] {"duration_ms": 7.615374997840263, "event": "console.request", "id_hash": "h_654d17e4cb31", "status": "200"}
[WebServer] {"duration_ms": 5.996790998324286, "event": "console.request", "id_hash": "h_41a3e2914358", "status": "404"}
  ✓   9 tests/browser/console.spec.ts:1429:1 › real State correction expiry deletion and recreation preserve identities (2.0s)
[WebServer] {"duration_ms": 0.7837089979148004, "event": "console.request", "id_hash": "h_1ade40bab263", "status": "200"}
[WebServer] {"duration_ms": 1.575416998093715, "event": "console.request", "id_hash": "h_d34de2b48f06", "status": "200"}
[WebServer] {"duration_ms": 1.0766249979496934, "event": "console.request", "id_hash": "h_22b5ebe08bfc", "status": "200"}
[WebServer] {"duration_ms": 3.2539159983571153, "event": "console.request", "id_hash": "h_bdc1a0c30196", "status": "401"}
[WebServer] {"duration_ms": 101.57837500082678, "event": "console.request", "id_hash": "h_e508886d9f02", "status": "200"}
[WebServer] {"duration_ms": 22.787207999499515, "event": "console.request", "id_hash": "h_7dce93c7357e", "status": "200"}
[WebServer] {"duration_ms": 31.90033300052164, "event": "console.request", "id_hash": "h_f505e5e25504", "status": "200"}
[WebServer] {"duration_ms": 5.644249999022577, "event": "console.request", "id_hash": "h_3e77b8273ef8", "status": "200"}
[WebServer] {"duration_ms": 35.37875000256463, "event": "console.request", "id_hash": "h_574ef9b23bc1", "status": "200"}
[WebServer] {"duration_ms": 42.36058300011791, "event": "console.request", "id_hash": "h_59464a0ebef0", "status": "200"}
[WebServer] {"duration_ms": 41.55420900133322, "event": "console.request", "id_hash": "h_bdca0960fc6e", "status": "200"}
[WebServer] {"duration_ms": 41.86608300005901, "event": "console.request", "id_hash": "h_095b83c6e0b1", "status": "200"}
[WebServer] {"duration_ms": 42.540667000139365, "event": "console.request", "id_hash": "h_4e39a2de5745", "status": "200"}
[WebServer] {"duration_ms": 21.209250000538304, "event": "console.request", "id_hash": "h_983ddd3abbb5", "status": "201"}
[WebServer] {"duration_ms": 5.015583999920636, "event": "console.request", "id_hash": "h_42eb242d3774", "status": "200"}
[WebServer] {"duration_ms": 9.264083000743994, "event": "console.request", "id_hash": "h_aaf254247c5d", "status": "200"}
[WebServer] {"duration_ms": 45.326916999329114, "event": "console.request", "id_hash": "h_8bb97370fb80", "status": "200"}
[WebServer] {"duration_ms": 45.256249999511056, "event": "console.request", "id_hash": "h_7f2faa49f99d", "status": "200"}
[WebServer] {"duration_ms": 45.478791998903034, "event": "console.request", "id_hash": "h_9397234057bb", "status": "200"}
[WebServer] {"duration_ms": 20.563458998367423, "event": "console.request", "id_hash": "h_c00ebd88e3f8", "status": "200"}
[WebServer] {"duration_ms": 12.852624997321982, "event": "console.request", "id_hash": "h_64b333f3c434", "status": "200"}
[WebServer] {"duration_ms": 15.876708002906526, "event": "console.request", "id_hash": "h_f8ec7b2635f1", "status": "200"}
[WebServer] {"duration_ms": 27.21137499975157, "event": "console.request", "id_hash": "h_5282c766e129", "status": "200"}
[WebServer] {"duration_ms": 31.998500002373476, "event": "console.request", "id_hash": "h_48f1e8b95ba1", "status": "200"}
[WebServer] {"duration_ms": 36.373667000589194, "event": "console.request", "id_hash": "h_9595b48be531", "status": "200"}
[WebServer] {"duration_ms": 20.242165999661665, "event": "console.request", "id_hash": "h_b765b308afda", "status": "200"}
[WebServer] {"duration_ms": 11.689208000461804, "event": "console.request", "id_hash": "h_65040cbb3de1", "status": "200"}
[WebServer] {"duration_ms": 14.399583000340499, "event": "console.request", "id_hash": "h_d9054e4e258d", "status": "200"}
[WebServer] {"duration_ms": 26.82062500025495, "event": "console.request", "id_hash": "h_a1d33a1d14b7", "status": "200"}
[WebServer] {"duration_ms": 30.941000000893837, "event": "console.request", "id_hash": "h_09ab9dd28cbc", "status": "200"}
[WebServer] {"duration_ms": 35.54591599822743, "event": "console.request", "id_hash": "h_72464a83ed4d", "status": "200"}
[WebServer] {"duration_ms": 19.115625000267755, "event": "console.request", "id_hash": "h_ce17f908677f", "status": "200"}
[WebServer] {"duration_ms": 1.0572909995971713, "event": "console.request", "id_hash": "h_34e322dcbbf6", "status": "200"}
[WebServer] {"duration_ms": 1.8945000010717195, "event": "console.request", "id_hash": "h_a71245fd8d4b", "status": "200"}
[WebServer] {"duration_ms": 2.7290830003039446, "event": "console.request", "id_hash": "h_7f2bcd663586", "status": "200"}
[WebServer] {"duration_ms": 14.489290999335935, "event": "console.request", "id_hash": "h_42e8a66e30cf", "status": "200"}
[WebServer] {"duration_ms": 17.520290999527788, "event": "console.request", "id_hash": "h_82380d8f3b2f", "status": "200"}
[WebServer] {"duration_ms": 2.7160829995409586, "event": "console.request", "id_hash": "h_7588734b3831", "status": "200"}
[WebServer] {"duration_ms": 4.7676249996584374, "event": "console.request", "id_hash": "h_2bcc44d21a05", "status": "200"}
[WebServer] {"duration_ms": 29.331749999983003, "event": "console.request", "id_hash": "h_c1412f09d1ff", "status": "200"}
[WebServer] {"duration_ms": 10.969209000904812, "event": "console.request", "id_hash": "h_38aafb22f8e9", "status": "200"}
[WebServer] {"duration_ms": 14.763541999855079, "event": "console.request", "id_hash": "h_972c4b7a42e2", "status": "200"}
[WebServer] {"duration_ms": 30.31712499796413, "event": "console.request", "id_hash": "h_b6f25199e91c", "status": "200"}
[WebServer] {"duration_ms": 37.24100000181352, "event": "console.request", "id_hash": "h_ea06360e191c", "status": "200"}
[WebServer] {"duration_ms": 38.00895899985335, "event": "console.request", "id_hash": "h_2c74dc20cd56", "status": "200"}
  ✓  10 tests/browser/console.spec.ts:1596:1 › real Task create edit and transitions preserve revisions in Required mode (1.3s)
[WebServer] {"duration_ms": 0.8811250008875504, "event": "console.request", "id_hash": "h_5ad25ef1eadc", "status": "200"}
[WebServer] {"duration_ms": 1.5585830005875323, "event": "console.request", "id_hash": "h_c2eaec789904", "status": "200"}
[WebServer] {"duration_ms": 1.0838329981197603, "event": "console.request", "id_hash": "h_1bd09dd581c3", "status": "200"}
[WebServer] {"duration_ms": 4.272499998478452, "event": "console.request", "id_hash": "h_38bdbbd5d615", "status": "401"}
[WebServer] {"duration_ms": 100.65370899974369, "event": "console.request", "id_hash": "h_c37543d440c7", "status": "200"}
[WebServer] {"duration_ms": 6.4252079973812215, "event": "console.request", "id_hash": "h_37854746b158", "status": "200"}
[WebServer] {"duration_ms": 36.05858299852116, "event": "console.request", "id_hash": "h_2c0882c01ef0", "status": "200"}
[WebServer] {"duration_ms": 6.028624997270526, "event": "console.request", "id_hash": "h_5417902ddc0a", "status": "200"}
[WebServer] {"duration_ms": 41.435582999838516, "event": "console.request", "id_hash": "h_a7de8822cf7e", "status": "200"}
[WebServer] {"duration_ms": 43.08208300062688, "event": "console.request", "id_hash": "h_2e475b46f166", "status": "200"}
[WebServer] {"duration_ms": 44.23783299716888, "event": "console.request", "id_hash": "h_5f875e63e1d9", "status": "200"}
[WebServer] {"duration_ms": 45.29658300089068, "event": "console.request", "id_hash": "h_cafecea051b4", "status": "200"}
[WebServer] {"duration_ms": 44.093207998230355, "event": "console.request", "id_hash": "h_b614090be136", "status": "200"}
[WebServer] {"duration_ms": 18.41170799889369, "event": "console.request", "id_hash": "h_002fd3af766a", "status": "201"}
[WebServer] {"duration_ms": 5.495334000443108, "event": "console.request", "id_hash": "h_47883207570e", "status": "200"}
[WebServer] {"duration_ms": 8.821791998343542, "event": "console.request", "id_hash": "h_cfbfb4dcc132", "status": "200"}
[WebServer] {"duration_ms": 28.516833001049235, "event": "console.request", "id_hash": "h_c00d17c00f8d", "status": "200"}
[WebServer] {"duration_ms": 37.228584002150455, "event": "console.request", "id_hash": "h_e6043706ecec", "status": "200"}
[WebServer] {"duration_ms": 37.79541699987021, "event": "console.request", "id_hash": "h_6f942ba2a17a", "status": "200"}
[WebServer] {"duration_ms": 19.70837500266498, "event": "console.request", "id_hash": "h_1927bb1f8076", "status": "201"}
[WebServer] {"duration_ms": 22.47158399768523, "event": "console.request", "id_hash": "h_a5febe5195e4", "status": "200"}
[WebServer] {"duration_ms": 27.221625001402572, "event": "console.request", "id_hash": "h_3fa33596a236", "status": "200"}
[WebServer] {"duration_ms": 32.79383399785729, "event": "console.request", "id_hash": "h_a5e67a71504d", "status": "200"}
[WebServer] {"duration_ms": 28.73083300073631, "event": "console.request", "id_hash": "h_c37fb63f050c", "status": "200"}
[WebServer] {"duration_ms": 35.64833299969905, "event": "console.request", "id_hash": "h_23b1f2456f0a", "status": "200"}
[WebServer] {"duration_ms": 36.530958001094405, "event": "console.request", "id_hash": "h_7dbcfbaffa3b", "status": "200"}
[WebServer] {"duration_ms": 19.09495799918659, "event": "console.request", "id_hash": "h_f585a747e437", "status": "200"}
[WebServer] {"duration_ms": 17.403417001332855, "event": "console.request", "id_hash": "h_997845ef216b", "status": "200"}
[WebServer] {"duration_ms": 30.502999998134328, "event": "console.request", "id_hash": "h_6c4840232414", "status": "200"}
[WebServer] {"duration_ms": 30.666083002870437, "event": "console.request", "id_hash": "h_3c1d5fa707d4", "status": "200"}
[WebServer] {"duration_ms": 50.956708000740036, "event": "console.request", "id_hash": "h_88bcb2272add", "status": "200"}
[WebServer] {"duration_ms": 52.03258400069899, "event": "console.request", "id_hash": "h_112850ac36b4", "status": "200"}
[WebServer] {"duration_ms": 52.09924999871873, "event": "console.request", "id_hash": "h_bbc7290d652e", "status": "200"}
[WebServer] {"duration_ms": 24.36712499911664, "event": "console.request", "id_hash": "h_34e633309514", "status": "200"}
[WebServer] {"duration_ms": 1.0945409994747024, "event": "console.request", "id_hash": "h_c5a56f9ad28c", "status": "200"}
[WebServer] {"duration_ms": 2.123750000464497, "event": "console.request", "id_hash": "h_696f22a52a0d", "status": "200"}
[WebServer] {"duration_ms": 1.4776670032006223, "event": "console.request", "id_hash": "h_2d76bef0fa14", "status": "200"}
[WebServer] {"duration_ms": 29.525833997468, "event": "console.request", "id_hash": "h_b85893cad84f", "status": "200"}
[WebServer] {"duration_ms": 12.486457999330014, "event": "console.request", "id_hash": "h_5cd33cb2cc12", "status": "200"}
[WebServer] {"duration_ms": 43.097624999063555, "event": "console.request", "id_hash": "h_121eb047bd3a", "status": "200"}
[WebServer] {"duration_ms": 13.804666999931214, "event": "console.request", "id_hash": "h_c926c674c0fc", "status": "200"}
[WebServer] {"duration_ms": 45.140874997741776, "event": "console.request", "id_hash": "h_b82967043c6f", "status": "200"}
[WebServer] {"duration_ms": 29.70304200061946, "event": "console.request", "id_hash": "h_06d47ce4057b", "status": "200"}
[WebServer] {"duration_ms": 7.7736659986840095, "event": "console.request", "id_hash": "h_0363b1ba11ad", "status": "200"}
[WebServer] {"duration_ms": 12.12149999992107, "event": "console.request", "id_hash": "h_35cb7e8f6bc0", "status": "200"}
[WebServer] {"duration_ms": 38.72462500294205, "event": "console.request", "id_hash": "h_f9093202094e", "status": "200"}
[WebServer] {"duration_ms": 38.37866699905135, "event": "console.request", "id_hash": "h_6637c5b928d2", "status": "200"}
[WebServer] {"duration_ms": 42.782041997270426, "event": "console.request", "id_hash": "h_6604d0a31db3", "status": "200"}
  ✓  11 tests/browser/console.spec.ts:1702:1 › real Task steps atomically advance child and parent revisions (1.8s)
[WebServer] {"duration_ms": 1.2300829985179007, "event": "console.request", "id_hash": "h_51b1888b2253", "status": "200"}
[WebServer] {"duration_ms": 1.5890840004431084, "event": "console.request", "id_hash": "h_15cf2f09b7b4", "status": "200"}
[WebServer] {"duration_ms": 1.0585420022835024, "event": "console.request", "id_hash": "h_7ece3b62d101", "status": "200"}
[WebServer] {"duration_ms": 3.6700830023619346, "event": "console.request", "id_hash": "h_05bf1a858589", "status": "401"}
[WebServer] {"duration_ms": 101.44366600070498, "event": "console.request", "id_hash": "h_37d9aeea925e", "status": "200"}
[WebServer] {"duration_ms": 6.3052080004126765, "event": "console.request", "id_hash": "h_45b44bdaba31", "status": "200"}
[WebServer] {"duration_ms": 52.82608299967251, "event": "console.request", "id_hash": "h_2186ec2cdedf", "status": "200"}
[WebServer] {"duration_ms": 5.8429999990039505, "event": "console.request", "id_hash": "h_61fb01a11a67", "status": "200"}
[WebServer] {"duration_ms": 41.55829199953587, "event": "console.request", "id_hash": "h_ab27a83d6025", "status": "200"}
[WebServer] {"duration_ms": 43.93329199956497, "event": "console.request", "id_hash": "h_9b7fc1c75d58", "status": "200"}
[WebServer] {"duration_ms": 44.02508299972396, "event": "console.request", "id_hash": "h_16745c47b998", "status": "200"}
[WebServer] {"duration_ms": 44.24904199913726, "event": "console.request", "id_hash": "h_d36c857dafd2", "status": "200"}
[WebServer] {"duration_ms": 45.834749998903135, "event": "console.request", "id_hash": "h_aa0a88d75ee3", "status": "200"}
[WebServer] {"duration_ms": 20.800250000320375, "event": "console.request", "id_hash": "h_c1af15cbf86e", "status": "201"}
[WebServer] {"duration_ms": 4.847833999519935, "event": "console.request", "id_hash": "h_f164edee865e", "status": "200"}
[WebServer] {"duration_ms": 8.403499999985797, "event": "console.request", "id_hash": "h_8a76d89edb02", "status": "200"}
[WebServer] {"duration_ms": 42.50983400197583, "event": "console.request", "id_hash": "h_72e9b64b6fc3", "status": "200"}
[WebServer] {"duration_ms": 42.19712499980233, "event": "console.request", "id_hash": "h_00e375a46a42", "status": "200"}
[WebServer] {"duration_ms": 42.56975000316743, "event": "console.request", "id_hash": "h_011e72f00c14", "status": "200"}
[WebServer] {"duration_ms": 19.052457999350736, "event": "console.request", "id_hash": "h_ca6c63d384c9", "status": "201"}
[WebServer] {"duration_ms": 23.988291999557987, "event": "console.request", "id_hash": "h_e7f2dd611bce", "status": "200"}
[WebServer] {"duration_ms": 31.178624998574378, "event": "console.request", "id_hash": "h_095636b64368", "status": "200"}
[WebServer] {"duration_ms": 31.220666998706292, "event": "console.request", "id_hash": "h_6dd026e3321f", "status": "200"}
[WebServer] {"duration_ms": 32.24120800223318, "event": "console.request", "id_hash": "h_ea31c43b008e", "status": "200"}
[WebServer] {"duration_ms": 33.40508400287945, "event": "console.request", "id_hash": "h_5e85c55f61a1", "status": "200"}
[WebServer] {"duration_ms": 37.119583001185674, "event": "console.request", "id_hash": "h_097109270c3b", "status": "200"}
[WebServer] {"duration_ms": 19.761292001930997, "event": "console.request", "id_hash": "h_496d84e93db0", "status": "201"}
[WebServer] {"duration_ms": 23.870624998380663, "event": "console.request", "id_hash": "h_84e5f12d027e", "status": "200"}
[WebServer] {"duration_ms": 31.790542001544964, "event": "console.request", "id_hash": "h_f88f15fbf82c", "status": "200"}
[WebServer] {"duration_ms": 31.52100000079372, "event": "console.request", "id_hash": "h_a1725e464c19", "status": "200"}
[WebServer] {"duration_ms": 29.31012500266661, "event": "console.request", "id_hash": "h_c0d80bd0106d", "status": "200"}
[WebServer] {"duration_ms": 39.52254199975869, "event": "console.request", "id_hash": "h_dbc35f62cc35", "status": "200"}
[WebServer] {"duration_ms": 39.838458000303945, "event": "console.request", "id_hash": "h_f545160bdc72", "status": "200"}
[WebServer] {"duration_ms": 18.23300000251038, "event": "console.request", "id_hash": "h_9be25fb45c1b", "status": "200"}
[WebServer] {"duration_ms": 21.710249999159714, "event": "console.request", "id_hash": "h_0380cd8dcd76", "status": "200"}
[WebServer] {"duration_ms": 20.456750000448665, "event": "console.request", "id_hash": "h_47d7018666ac", "status": "201"}
[WebServer] {"duration_ms": 15.929583998513408, "event": "console.request", "id_hash": "h_9136a3280c27", "status": "200"}
[WebServer] {"duration_ms": 30.349458000273444, "event": "console.request", "id_hash": "h_0a2bf5f96ca7", "status": "200"}
[WebServer] {"duration_ms": 30.056666997552384, "event": "console.request", "id_hash": "h_8696fe10291c", "status": "200"}
[WebServer] {"duration_ms": 41.39554100038367, "event": "console.request", "id_hash": "h_7003edd69303", "status": "200"}
[WebServer] {"duration_ms": 41.79712499899324, "event": "console.request", "id_hash": "h_375bd9e834a1", "status": "200"}
[WebServer] {"duration_ms": 41.02291700110072, "event": "console.request", "id_hash": "h_fc096b76e8ce", "status": "200"}
[WebServer] {"duration_ms": 24.717749998671934, "event": "console.request", "id_hash": "h_975833d0e1a8", "status": "200"}
[WebServer] {"duration_ms": 20.80016599938972, "event": "console.request", "id_hash": "h_c697cf3bfa4f", "status": "200"}
[WebServer] {"duration_ms": 31.611416998202913, "event": "console.request", "id_hash": "h_a981000eef4e", "status": "200"}
[WebServer] {"duration_ms": 31.395250000059605, "event": "console.request", "id_hash": "h_af8eaa28adc3", "status": "200"}
[WebServer] {"duration_ms": 29.957750000903616, "event": "console.request", "id_hash": "h_f4023347bd37", "status": "200"}
[WebServer] {"duration_ms": 38.819959001557436, "event": "console.request", "id_hash": "h_b45f560b34d1", "status": "200"}
[WebServer] {"duration_ms": 39.700583001831546, "event": "console.request", "id_hash": "h_c5adb6150408", "status": "200"}
[WebServer] {"duration_ms": 13.994249999086605, "event": "console.request", "id_hash": "h_f563a6ca9aa0", "status": "200"}
[WebServer] {"duration_ms": 18.346790999203222, "event": "console.request", "id_hash": "h_e6c8c32c2631", "status": "200"}
[WebServer] {"duration_ms": 19.927124998503132, "event": "console.request", "id_hash": "h_07564a933811", "status": "201"}
[WebServer] {"duration_ms": 0.902916999621084, "event": "console.request", "id_hash": "h_aa1f268bcf86", "status": "200"}
[WebServer] {"duration_ms": 2.0502920015132986, "event": "console.request", "id_hash": "h_82a6f4f195b9", "status": "200"}
[WebServer] {"duration_ms": 1.279292002436705, "event": "console.request", "id_hash": "h_a5857ed1d26e", "status": "200"}
[WebServer] {"duration_ms": 28.542416999698617, "event": "console.request", "id_hash": "h_98c639a0ca12", "status": "200"}
[WebServer] {"duration_ms": 13.128958002198488, "event": "console.request", "id_hash": "h_a6bec2b0901f", "status": "200"}
[WebServer] {"duration_ms": 43.64037499908591, "event": "console.request", "id_hash": "h_4c351816bcc5", "status": "200"}
[WebServer] {"duration_ms": 14.494624996586936, "event": "console.request", "id_hash": "h_a05775dcada9", "status": "200"}
[WebServer] {"duration_ms": 45.670874998904765, "event": "console.request", "id_hash": "h_e7ca9a9b5a40", "status": "200"}
[WebServer] {"duration_ms": 29.611291000037454, "event": "console.request", "id_hash": "h_4903bacedc7e", "status": "200"}
[WebServer] {"duration_ms": 11.379291001503589, "event": "console.request", "id_hash": "h_b5f753549924", "status": "200"}
[WebServer] {"duration_ms": 13.783708000119077, "event": "console.request", "id_hash": "h_46d4df7bfe77", "status": "200"}
[WebServer] {"duration_ms": 27.851540999108693, "event": "console.request", "id_hash": "h_dcf9a4a6a6a5", "status": "200"}
[WebServer] {"duration_ms": 34.007792000920745, "event": "console.request", "id_hash": "h_5f7b7e5990ca", "status": "200"}
[WebServer] {"duration_ms": 37.74150000026566, "event": "console.request", "id_hash": "h_df8d33572393", "status": "200"}
  ✓  12 tests/browser/console.spec.ts:1803:1 › real dependency creation removal and reactivation preserve its ID (2.2s)
[WebServer] {"duration_ms": 0.87554199853912, "event": "console.request", "id_hash": "h_e6be57667000", "status": "200"}
[WebServer] {"duration_ms": 1.4077080013521481, "event": "console.request", "id_hash": "h_96eb2527e3f1", "status": "200"}
[WebServer] {"duration_ms": 1.129332998971222, "event": "console.request", "id_hash": "h_d6b52e9d86b9", "status": "200"}
[WebServer] {"duration_ms": 3.8785839969932567, "event": "console.request", "id_hash": "h_2fdff7a8b8a6", "status": "401"}
[WebServer] {"duration_ms": 101.3187079988711, "event": "console.request", "id_hash": "h_64483c22424e", "status": "200"}
[WebServer] {"duration_ms": 6.194792000314919, "event": "console.request", "id_hash": "h_e5e6b7d52c9a", "status": "200"}
[WebServer] {"duration_ms": 33.0339170031948, "event": "console.request", "id_hash": "h_d16832a17159", "status": "200"}
[WebServer] {"duration_ms": 4.77395800044178, "event": "console.request", "id_hash": "h_fbc34ba6bc58", "status": "200"}
[WebServer] {"duration_ms": 39.10095799801638, "event": "console.request", "id_hash": "h_f417619d695a", "status": "200"}
[WebServer] {"duration_ms": 39.20845800166717, "event": "console.request", "id_hash": "h_7a020e365648", "status": "200"}
[WebServer] {"duration_ms": 40.61395800090395, "event": "console.request", "id_hash": "h_92d6d87aaed3", "status": "200"}
[WebServer] {"duration_ms": 42.354000001068925, "event": "console.request", "id_hash": "h_8f659cc49d1c", "status": "200"}
[WebServer] {"duration_ms": 41.81095799867762, "event": "console.request", "id_hash": "h_9fd084691708", "status": "200"}
[WebServer] {"duration_ms": 19.53762500124867, "event": "console.request", "id_hash": "h_835eff238239", "status": "201"}
[WebServer] {"duration_ms": 5.414208997535752, "event": "console.request", "id_hash": "h_f816a67bc14d", "status": "200"}
[WebServer] {"duration_ms": 8.380791001400212, "event": "console.request", "id_hash": "h_e8a41d471692", "status": "200"}
[WebServer] {"duration_ms": 25.55216700056917, "event": "console.request", "id_hash": "h_89c0ca8de674", "status": "200"}
[WebServer] {"duration_ms": 30.22854200025904, "event": "console.request", "id_hash": "h_89e2b60aa7b4", "status": "200"}
[WebServer] {"duration_ms": 34.69441700144671, "event": "console.request", "id_hash": "h_e05211af83a9", "status": "200"}
[WebServer] {"duration_ms": 9.357541999634122, "event": "console.request", "id_hash": "h_0a1c1bb7739c", "status": "200"}
[WebServer] {"duration_ms": 18.952333000925137, "event": "console.request", "id_hash": "h_367dec56ce25", "status": "201"}
[WebServer] {"duration_ms": 21.678415996575495, "event": "console.request", "id_hash": "h_2369ebcd4aa7", "status": "200"}
[WebServer] {"duration_ms": 32.52050000082818, "event": "console.request", "id_hash": "h_f2b72c53737a", "status": "200"}
[WebServer] {"duration_ms": 32.47295799883432, "event": "console.request", "id_hash": "h_01d26b58c610", "status": "200"}
[WebServer] {"duration_ms": 27.58679100224981, "event": "console.request", "id_hash": "h_c2d988c0b1a2", "status": "200"}
[WebServer] {"duration_ms": 31.46504200049094, "event": "console.request", "id_hash": "h_ad109e634401", "status": "200"}
[WebServer] {"duration_ms": 35.35545800332329, "event": "console.request", "id_hash": "h_d5a0b302baa1", "status": "200"}
[WebServer] {"duration_ms": 6.646000001637731, "event": "console.request", "id_hash": "h_9cea8ca5b222", "status": "200"}
[WebServer] {"duration_ms": 8.303334001539042, "event": "console.request", "id_hash": "h_c728711c7fb5", "status": "200"}
[WebServer] {"duration_ms": 18.427832997986116, "event": "console.request", "id_hash": "h_cb0de9755097", "status": "200"}
[WebServer] {"duration_ms": 23.11987500070245, "event": "console.request", "id_hash": "h_7f64927e5d6a", "status": "200"}
[WebServer] {"duration_ms": 33.84224999899743, "event": "console.request", "id_hash": "h_b48404179107", "status": "200"}
[WebServer] {"duration_ms": 33.87187499902211, "event": "console.request", "id_hash": "h_c7c4e22848a4", "status": "200"}
[WebServer] {"duration_ms": 26.57050000198069, "event": "console.request", "id_hash": "h_35a549627bc8", "status": "200"}
[WebServer] {"duration_ms": 30.3337500008638, "event": "console.request", "id_hash": "h_6c3a7b94ba54", "status": "200"}
[WebServer] {"duration_ms": 48.887416000070516, "event": "console.request", "id_hash": "h_174153b3d5e3", "status": "200"}
[WebServer] {"duration_ms": 7.765833001030842, "event": "console.request", "id_hash": "h_7ed5e1dde02d", "status": "200"}
[WebServer] {"duration_ms": 22.575167000468355, "event": "console.request", "id_hash": "h_a71ebdea8c40", "status": "200"}
[WebServer] {"duration_ms": 16.450582999823382, "event": "console.request", "id_hash": "h_29c5e0d2f82e", "status": "200"}
[WebServer] {"duration_ms": 30.680415999086108, "event": "console.request", "id_hash": "h_42505c3fa928", "status": "200"}
[WebServer] {"duration_ms": 30.407083002501167, "event": "console.request", "id_hash": "h_adb55ff271b8", "status": "200"}
[WebServer] {"duration_ms": 32.410833999165334, "event": "console.request", "id_hash": "h_776b06d19bed", "status": "200"}
[WebServer] {"duration_ms": 41.393374998733634, "event": "console.request", "id_hash": "h_aef94d2bc265", "status": "200"}
[WebServer] {"duration_ms": 42.4688339990098, "event": "console.request", "id_hash": "h_2e128b46b174", "status": "200"}
[WebServer] {"duration_ms": 8.408415997109842, "event": "console.request", "id_hash": "h_1dccee40b91c", "status": "200"}
[WebServer] {"duration_ms": 22.86449999883189, "event": "console.request", "id_hash": "h_d1f55523b20e", "status": "200"}
[WebServer] {"duration_ms": 1.7233329999726266, "event": "console.request", "id_hash": "h_6211479481d4", "status": "200"}
[WebServer] {"duration_ms": 1.747333000821527, "event": "console.request", "id_hash": "h_cbd783f34960", "status": "200"}
[WebServer] {"duration_ms": 1.936041000590194, "event": "console.request", "id_hash": "h_0050dc3eda58", "status": "200"}
[WebServer] {"duration_ms": 30.460124999081017, "event": "console.request", "id_hash": "h_49bffc0a9e55", "status": "200"}
[WebServer] {"duration_ms": 13.85025000126916, "event": "console.request", "id_hash": "h_e023c1f4acb0", "status": "200"}
[WebServer] {"duration_ms": 43.954459000815405, "event": "console.request", "id_hash": "h_2b243b4676fc", "status": "200"}
[WebServer] {"duration_ms": 12.531084001238924, "event": "console.request", "id_hash": "h_f9ea46e28c84", "status": "200"}
[WebServer] {"duration_ms": 45.815875000698725, "event": "console.request", "id_hash": "h_ba794cb7207e", "status": "200"}
[WebServer] {"duration_ms": 30.014792002475588, "event": "console.request", "id_hash": "h_80bb553944b9", "status": "200"}
[WebServer] {"duration_ms": 8.466375002171844, "event": "console.request", "id_hash": "h_91fdfcc1380c", "status": "200"}
[WebServer] {"duration_ms": 13.079125001240755, "event": "console.request", "id_hash": "h_9ee9fae89c3f", "status": "200"}
[WebServer] {"duration_ms": 39.12350000246079, "event": "console.request", "id_hash": "h_f1d7e05d15d6", "status": "200"}
[WebServer] {"duration_ms": 38.42629100108752, "event": "console.request", "id_hash": "h_d489a27540c5", "status": "200"}
[WebServer] {"duration_ms": 43.468250001751585, "event": "console.request", "id_hash": "h_e5c85786e417", "status": "200"}
[WebServer] {"duration_ms": 7.455499999196036, "event": "console.request", "id_hash": "h_4ae0b659ce24", "status": "200"}
[WebServer] {"duration_ms": 9.077124999748776, "event": "console.request", "id_hash": "h_00cfa4f4eaef", "status": "200"}
[WebServer] {"duration_ms": 1.084750001609791, "event": "console.request", "id_hash": "h_d1167d9bd730", "status": "200"}
[WebServer] {"duration_ms": 1.039499999023974, "event": "console.request", "id_hash": "h_f8bc52b702be", "status": "200"}
[WebServer] {"duration_ms": 1.9986670013167895, "event": "console.request", "id_hash": "h_ebb6e58f7ec1", "status": "200"}
[WebServer] {"duration_ms": 3.1673750017944258, "event": "console.request", "id_hash": "h_c5e9bfc0f2f1", "status": "200"}
[WebServer] {"duration_ms": 5.028916999435751, "event": "console.request", "id_hash": "h_cb949538100a", "status": "200"}
[WebServer] {"duration_ms": 29.851125000277534, "event": "console.request", "id_hash": "h_79d81ccce33c", "status": "200"}
[WebServer] {"duration_ms": 8.24533299964969, "event": "console.request", "id_hash": "h_771f13d6ce72", "status": "200"}
[WebServer] {"duration_ms": 12.658000003284542, "event": "console.request", "id_hash": "h_812e5d16f31e", "status": "200"}
[WebServer] {"duration_ms": 28.421874998457497, "event": "console.request", "id_hash": "h_b44c1028b079", "status": "200"}
[WebServer] {"duration_ms": 33.79312499964726, "event": "console.request", "id_hash": "h_0541609c5fcc", "status": "200"}
[WebServer] {"duration_ms": 39.39075000016601, "event": "console.request", "id_hash": "h_3b4fdfe91d40", "status": "200"}
[WebServer] {"duration_ms": 19.648749999760184, "event": "console.request", "id_hash": "h_a86483a089b8", "status": "200"}
[WebServer] {"duration_ms": 11.690166000335012, "event": "console.request", "id_hash": "h_3ad96667d565", "status": "200"}
[WebServer] {"duration_ms": 14.70504200187861, "event": "console.request", "id_hash": "h_d9a656f24461", "status": "200"}
[WebServer] {"duration_ms": 38.03270800199243, "event": "console.request", "id_hash": "h_b0084a040598", "status": "200"}
[WebServer] {"duration_ms": 38.38824999911594, "event": "console.request", "id_hash": "h_89eddb035e2f", "status": "200"}
[WebServer] {"duration_ms": 44.082749998779036, "event": "console.request", "id_hash": "h_198f4b5da0fc", "status": "200"}
[WebServer] {"duration_ms": 30.095707999862498, "event": "console.request", "id_hash": "h_cba5baf9ef65", "status": "200"}
[WebServer] {"duration_ms": 19.93450000009034, "event": "console.request", "id_hash": "h_800c141450a4", "status": "200"}
[WebServer] {"duration_ms": 20.813791001273785, "event": "console.request", "id_hash": "h_fc31b5b3fbd1", "status": "200"}
[WebServer] {"duration_ms": 20.858542000496527, "event": "console.request", "id_hash": "h_b59412c638ca", "status": "200"}
[WebServer] {"duration_ms": 20.96404099938809, "event": "console.request", "id_hash": "h_79e87b5429df", "status": "404"}
[WebServer] {"duration_ms": 22.492666998005006, "event": "console.request", "id_hash": "h_5e2bd4910162", "status": "404"}
[WebServer] {"duration_ms": 4.695167001045775, "event": "console.request", "id_hash": "h_d20a766b6163", "status": "404"}
[WebServer] {"duration_ms": 3.9306250000663567, "event": "console.request", "id_hash": "h_775439d97c0c", "status": "404"}
[WebServer] {"duration_ms": 1.0949579991574865, "event": "console.request", "id_hash": "h_f35fac206885", "status": "200"}
[WebServer] {"duration_ms": 1.4359169981617015, "event": "console.request", "id_hash": "h_e5252283860d", "status": "200"}
[WebServer] {"duration_ms": 1.074042000254849, "event": "console.request", "id_hash": "h_2ecf85f46a2b", "status": "200"}
[WebServer] {"duration_ms": 2.4843749997671694, "event": "console.request", "id_hash": "h_f8d415220017", "status": "200"}
[WebServer] {"duration_ms": 4.60404199839104, "event": "console.request", "id_hash": "h_3c4a9e3a5b18", "status": "200"}
[WebServer] {"duration_ms": 29.418583999358816, "event": "console.request", "id_hash": "h_b9012e285f67", "status": "200"}
[WebServer] {"duration_ms": 6.821000002673827, "event": "console.request", "id_hash": "h_69719d5d4b23", "status": "404"}
[WebServer] {"duration_ms": 8.811583000351675, "event": "console.request", "id_hash": "h_0f3768f303a7", "status": "200"}
  ✓  13 tests/browser/console.spec.ts:1925:1 › real trigger lifecycle and Task forget preserve revisions and delete the plan (2.7s)
[WebServer] {"duration_ms": 1.1772500001825392, "event": "console.request", "id_hash": "h_ff9f91503eff", "status": "200"}
[WebServer] {"duration_ms": 0.9441250003874302, "event": "console.request", "id_hash": "h_8fd3ccbb381d", "status": "200"}
[WebServer] {"duration_ms": 1.6654579994792584, "event": "console.request", "id_hash": "h_ae03beb3ea95", "status": "200"}
[WebServer] {"duration_ms": 2.2625419987889472, "event": "console.request", "id_hash": "h_872f05ee5286", "status": "401"}
[WebServer] {"duration_ms": 101.47725000206265, "event": "console.request", "id_hash": "h_1159a836c761", "status": "429"}
[WebServer] {"duration_ms": 102.0177499995043, "event": "console.request", "id_hash": "h_5e5d367976af", "status": "200"}
[WebServer] {"duration_ms": 8.48641699849395, "event": "console.request", "id_hash": "h_9ea929ef2c88", "status": "200"}
[WebServer] {"duration_ms": 34.401499997329665, "event": "console.request", "id_hash": "h_56d9a088a285", "status": "200"}
[WebServer] {"duration_ms": 10.311833000741899, "event": "console.request", "id_hash": "h_22396df86bd3", "status": "200"}
[WebServer] {"duration_ms": 8.316792002005968, "event": "console.request", "id_hash": "h_e88ee935c971", "status": "200"}
[WebServer] {"duration_ms": 31.481708003411768, "event": "console.request", "id_hash": "h_2da4abc82b3c", "status": "200"}
[WebServer] {"duration_ms": 50.53258399857441, "event": "console.request", "id_hash": "h_e21069bf2125", "status": "200"}
[WebServer] {"duration_ms": 51.22591700273915, "event": "console.request", "id_hash": "h_2d782f2d4193", "status": "202"}
[WebServer] {"duration_ms": 6.805291999626206, "event": "console.request", "id_hash": "h_0f928e7021fa", "status": "200"}
[WebServer] {"duration_ms": 5.361832998460159, "event": "console.request", "id_hash": "h_8b5b3ffa011d", "status": "200"}
[WebServer] {"duration_ms": 16.84587500130874, "event": "console.request", "id_hash": "h_83ee155dba60", "status": "200"}
[WebServer] {"duration_ms": 29.87208400008967, "event": "console.request", "id_hash": "h_eb08baa9edf3", "status": "200"}
[WebServer] {"duration_ms": 6.287874999543419, "event": "console.request", "id_hash": "h_1d9189352b5a", "status": "200"}
[WebServer] {"duration_ms": 8.010624998860294, "event": "console.request", "id_hash": "h_67bf16a88a60", "status": "200"}
  ✓  14 tests/browser/console.spec.ts:2108:1 › real fixed-filter operation accepts 51 targets and cancellation preserves the first committed batch (35.3s)
[WebServer] {"duration_ms": 1.0415409997222014, "event": "console.request", "id_hash": "h_d4c8183268b7", "status": "200"}
[WebServer] {"duration_ms": 1.5083329999470152, "event": "console.request", "id_hash": "h_b29653779dad", "status": "200"}
[WebServer] {"duration_ms": 1.0949579991574865, "event": "console.request", "id_hash": "h_67ba171649b5", "status": "200"}
[WebServer] {"duration_ms": 3.2047499989857897, "event": "console.request", "id_hash": "h_765a43407d7e", "status": "401"}
[WebServer] {"duration_ms": 101.42979199736146, "event": "console.request", "id_hash": "h_e1ec60b7ad8e", "status": "200"}
[WebServer] {"duration_ms": 1.355749998765532, "event": "console.request", "id_hash": "h_36d782779813", "status": "200"}
[WebServer] {"duration_ms": 9.018249998916872, "event": "console.request", "id_hash": "h_0697ab31f142", "status": "200"}
[WebServer] {"duration_ms": 1.6814999980852008, "event": "console.request", "id_hash": "h_0ba18fd6c43d", "status": "200"}
[WebServer] {"duration_ms": 1.159792001999449, "event": "console.request", "id_hash": "h_9005159b5e34", "status": "200"}
[WebServer] {"duration_ms": 2.6639580028131604, "event": "console.request", "id_hash": "h_fa815d587aa0", "status": "200"}
[WebServer] {"duration_ms": 4.745665999507764, "event": "console.request", "id_hash": "h_27d1b23dd66d", "status": "200"}
[WebServer] {"duration_ms": 29.808208000758896, "event": "console.request", "id_hash": "h_cd78e57e0e98", "status": "200"}
[WebServer] {"duration_ms": 14.10424999994575, "event": "console.request", "id_hash": "h_0bd7213b17b1", "status": "200"}
[WebServer] {"duration_ms": 16.734999997424893, "event": "console.request", "id_hash": "h_7d85d31a8348", "status": "200"}
[WebServer] {"duration_ms": 19.680665998748736, "event": "console.request", "id_hash": "h_f6821c62c6eb", "status": "200"}
[WebServer] {"duration_ms": 11.6423749968817, "event": "console.request", "id_hash": "h_24139d6e1f06", "status": "200"}
[WebServer] {"duration_ms": 12.293583000428043, "event": "console.request", "id_hash": "h_b8619e3bf6e9", "status": "200"}
[WebServer] {"duration_ms": 0.9381669988215435, "event": "console.request", "id_hash": "h_51193b94cf33", "status": "200"}
[WebServer] {"duration_ms": 1.5942500031087548, "event": "console.request", "id_hash": "h_316d0f3cc8ab", "status": "200"}
[WebServer] {"duration_ms": 1.304540997807635, "event": "console.request", "id_hash": "h_73fee07110d5", "status": "200"}
[WebServer] {"duration_ms": 2.475624998623971, "event": "console.request", "id_hash": "h_08ae42620e44", "status": "200"}
[WebServer] {"duration_ms": 4.782957999850623, "event": "console.request", "id_hash": "h_9c58830ac0e8", "status": "200"}
[WebServer] {"duration_ms": 29.979250000906177, "event": "console.request", "id_hash": "h_8113bacd5057", "status": "200"}
[WebServer] {"duration_ms": 8.221457999752602, "event": "console.request", "id_hash": "h_d2ba1479402e", "status": "200"}
[WebServer] {"duration_ms": 11.292957999103237, "event": "console.request", "id_hash": "h_cd30ea0ecf87", "status": "200"}
[WebServer] {"duration_ms": 0.7630840009369422, "event": "console.request", "id_hash": "h_aa9c6e1acfda", "status": "200"}
[WebServer] {"duration_ms": 0.8643750006740447, "event": "console.request", "id_hash": "h_d8305557f82c", "status": "200"}
[WebServer] {"duration_ms": 1.4607089979108423, "event": "console.request", "id_hash": "h_0d50893d5318", "status": "200"}
[WebServer] {"duration_ms": 2.397041997028282, "event": "console.request", "id_hash": "h_9ac53011660b", "status": "200"}
[WebServer] {"duration_ms": 4.871790999459336, "event": "console.request", "id_hash": "h_678f34e63a68", "status": "200"}
[WebServer] {"duration_ms": 29.529416999139357, "event": "console.request", "id_hash": "h_719a2cd076e3", "status": "200"}
[WebServer] {"duration_ms": 11.417917001381284, "event": "console.request", "id_hash": "h_69886dde4a6e", "status": "200"}
[WebServer] {"duration_ms": 12.566125002194894, "event": "console.request", "id_hash": "h_70935ea90f5c", "status": "200"}
[WebServer] {"duration_ms": 19.204167001589667, "event": "console.request", "id_hash": "h_b5d6c1ad0bad", "status": "200"}
[WebServer] {"duration_ms": 12.932583002111642, "event": "console.request", "id_hash": "h_1b6d8a32722f", "status": "200"}
[WebServer] {"duration_ms": 13.550332998420345, "event": "console.request", "id_hash": "h_c6e5b487482a", "status": "200"}
[WebServer] {"duration_ms": 1.0688330003176816, "event": "console.request", "id_hash": "h_67c1c36f0155", "status": "200"}
[WebServer] {"duration_ms": 1.6345000003639143, "event": "console.request", "id_hash": "h_0942911dde02", "status": "200"}
[WebServer] {"duration_ms": 1.4940830005798489, "event": "console.request", "id_hash": "h_7ab053efb6c3", "status": "200"}
[WebServer] {"duration_ms": 3.0444589974649716, "event": "console.request", "id_hash": "h_49281d07ed5f", "status": "200"}
[WebServer] {"duration_ms": 5.0060840003425255, "event": "console.request", "id_hash": "h_7f25500f3c3c", "status": "200"}
[WebServer] {"duration_ms": 29.843582997273188, "event": "console.request", "id_hash": "h_766eafb7a5a7", "status": "200"}
[WebServer] {"duration_ms": 7.813625001290347, "event": "console.request", "id_hash": "h_737c4397b1f6", "status": "200"}
[WebServer] {"duration_ms": 10.646083999745315, "event": "console.request", "id_hash": "h_a3a4fffcf3de", "status": "200"}
[WebServer] {"duration_ms": 0.8602909983892459, "event": "console.request", "id_hash": "h_10b5017d5934", "status": "200"}
[WebServer] {"duration_ms": 0.8783750017755665, "event": "console.request", "id_hash": "h_d60558877323", "status": "200"}
[WebServer] {"duration_ms": 1.6686670023773331, "event": "console.request", "id_hash": "h_8f1f95973bd8", "status": "200"}
[WebServer] {"duration_ms": 2.3989170003915206, "event": "console.request", "id_hash": "h_c5b53351d695", "status": "200"}
[WebServer] {"duration_ms": 4.727957999421051, "event": "console.request", "id_hash": "h_fe5f7766b443", "status": "200"}
[WebServer] {"duration_ms": 29.406916997686494, "event": "console.request", "id_hash": "h_8849a5b6739a", "status": "200"}
[WebServer] {"duration_ms": 12.285042001167312, "event": "console.request", "id_hash": "h_07feb093d84d", "status": "200"}
[WebServer] {"duration_ms": 14.122874999884516, "event": "console.request", "id_hash": "h_c319ab174eb4", "status": "200"}
  ✓  15 tests/browser/console.spec.ts:2227:1 › real event dismissal preserves delivery history and its Task in Required mode (1.1s)
[WebServer] {"duration_ms": 35.91862499888521, "event": "console.request", "id_hash": "h_5b46852e3660", "status": "200"}
[WebServer] {"duration_ms": 44.32379200079595, "event": "console.request", "id_hash": "h_fe02a1a356b2", "status": "200"}
[WebServer] {"duration_ms": 45.0018329975137, "event": "console.request", "id_hash": "h_fa8fc7f4369d", "status": "200"}
[WebServer] {"duration_ms": 1.0620409993862268, "event": "console.request", "id_hash": "h_7c8874557998", "status": "200"}
[WebServer] {"duration_ms": 2.13554099900648, "event": "console.request", "id_hash": "h_e1484ec283c7", "status": "200"}
[WebServer] {"duration_ms": 1.6992080018098932, "event": "console.request", "id_hash": "h_deaa5f15db7f", "status": "200"}
[WebServer] {"duration_ms": 2.5992920018325094, "event": "console.request", "id_hash": "h_dbf6ea840043", "status": "401"}
[WebServer] {"duration_ms": 101.23724999721162, "event": "console.request", "id_hash": "h_746d3695377e", "status": "200"}
[WebServer] {"duration_ms": 6.282582999119768, "event": "console.request", "id_hash": "h_05a4a0634fbc", "status": "200"}
[WebServer] {"duration_ms": 6.040749998646788, "event": "console.request", "id_hash": "h_074aab8b1a3b", "status": "200"}
[WebServer] {"duration_ms": 49.41045799932908, "event": "console.request", "id_hash": "h_523d946d7361", "status": "200"}
[WebServer] {"duration_ms": 55.79662500167615, "event": "console.request", "id_hash": "h_62b067403877", "status": "200"}
[WebServer] {"duration_ms": 65.84749999819905, "event": "console.request", "id_hash": "h_8426e4c04448", "status": "200"}
[WebServer] {"duration_ms": 66.22829100160743, "event": "console.request", "id_hash": "h_97251b527363", "status": "200"}
[WebServer] {"duration_ms": 66.58537499970407, "event": "console.request", "id_hash": "h_56e702f59eef", "status": "200"}
[WebServer] {"duration_ms": 67.31212500017136, "event": "console.request", "id_hash": "h_5e39a2e84bda", "status": "200"}
[WebServer] {"duration_ms": 25.603542002500035, "event": "console.request", "id_hash": "h_a25f500ed186", "status": "200"}
[WebServer] {"duration_ms": 0.9465420007472858, "event": "console.request", "id_hash": "h_14fa691a5ea8", "status": "200"}
[WebServer] {"duration_ms": 2.037624999502441, "event": "console.request", "id_hash": "h_fe4795a4b305", "status": "200"}
[WebServer] {"duration_ms": 2.3962079976627138, "event": "console.request", "id_hash": "h_2b3e5d26618c", "status": "200"}
[WebServer] {"duration_ms": 2.711458000703715, "event": "console.request", "id_hash": "h_19249f435742", "status": "200"}
[WebServer] {"duration_ms": 5.859291999513516, "event": "console.request", "id_hash": "h_8ef4e63759ce", "status": "200"}
[WebServer] {"duration_ms": 53.92129199753981, "event": "console.request", "id_hash": "h_24b2dff1f41c", "status": "200"}
[WebServer] {"duration_ms": 55.40691699934541, "event": "console.request", "id_hash": "h_1618d40797ba", "status": "200"}
[WebServer] {"duration_ms": 55.01695899874903, "event": "console.request", "id_hash": "h_63a7cb96df67", "status": "200"}
[WebServer] {"duration_ms": 56.89679199713282, "event": "console.request", "id_hash": "h_86bd1e739221", "status": "200"}
[WebServer] {"duration_ms": 59.0626670018537, "event": "console.request", "id_hash": "h_1aed1ff795a5", "status": "200"}
[WebServer] {"duration_ms": 58.41795800006366, "event": "console.request", "id_hash": "h_0c563d675e34", "status": "200"}
[WebServer] {"duration_ms": 10.988958001689753, "event": "console.request", "id_hash": "h_09190d12ab5d", "status": "200"}
[WebServer] {"duration_ms": 0.8113330004562158, "event": "console.request", "id_hash": "h_b8cb44a405fb", "status": "200"}
[WebServer] {"duration_ms": 2.0611250001820736, "event": "console.request", "id_hash": "h_23f53c984593", "status": "200"}
[WebServer] {"duration_ms": 1.5939170007186476, "event": "console.request", "id_hash": "h_02cb33a499ae", "status": "200"}
[WebServer] {"duration_ms": 3.2686669983377215, "event": "console.request", "id_hash": "h_2b4d447889bf", "status": "200"}
[WebServer] {"duration_ms": 5.5550409997522365, "event": "console.request", "id_hash": "h_4a985793b599", "status": "200"}
[WebServer] {"duration_ms": 52.385167000466026, "event": "console.request", "id_hash": "h_92837e90fdc7", "status": "200"}
[WebServer] {"duration_ms": 54.74800000229152, "event": "console.request", "id_hash": "h_ca51491a108d", "status": "200"}
[WebServer] {"duration_ms": 54.33866699968348, "event": "console.request", "id_hash": "h_be2b383950fe", "status": "200"}
[WebServer] {"duration_ms": 53.16670799948042, "event": "console.request", "id_hash": "h_44fca071dfc1", "status": "200"}
[WebServer] {"duration_ms": 55.28683300144621, "event": "console.request", "id_hash": "h_2541b703bd95", "status": "200"}
[WebServer] {"duration_ms": 56.41279200062854, "event": "console.request", "id_hash": "h_88391d366e7a", "status": "200"}
[WebServer] {"duration_ms": 8.940125000663102, "event": "console.request", "id_hash": "h_32cc12589950", "status": "200"}
[WebServer] {"duration_ms": 9.093375003430992, "event": "console.request", "id_hash": "h_ab20e369ea26", "status": "403"}
[WebServer] {"duration_ms": 7.560917001683265, "event": "console.request", "id_hash": "h_4d74bcc37b39", "status": "200"}
[WebServer] {"duration_ms": 15.833249999559484, "event": "console.request", "id_hash": "h_5c746785af63", "status": "200"}
[WebServer] {"duration_ms": 55.98358300267137, "event": "console.request", "id_hash": "h_da296aeb1d60", "status": "200"}
[WebServer] {"duration_ms": 56.90208400119445, "event": "console.request", "id_hash": "h_cf41da471e84", "status": "200"}
[WebServer] {"duration_ms": 56.712124998739455, "event": "console.request", "id_hash": "h_097ee762e348", "status": "200"}
[WebServer] {"duration_ms": 57.228707999456674, "event": "console.request", "id_hash": "h_bee631ca2646", "status": "200"}
[WebServer] {"duration_ms": 60.127958000521176, "event": "console.request", "id_hash": "h_b030408f9af3", "status": "200"}
[WebServer] {"duration_ms": 59.373292002419475, "event": "console.request", "id_hash": "h_7605cde90540", "status": "200"}
[WebServer] {"duration_ms": 17.431332998967264, "event": "console.request", "id_hash": "h_f211ac71858b", "status": "409"}
[WebServer] {"duration_ms": 3.94183399839676, "event": "console.request", "id_hash": "h_7ffaf05f0a3a", "status": "200"}
[WebServer] {"duration_ms": 16.769166999438312, "event": "console.request", "id_hash": "h_b6b50941a93d", "status": "409"}
[WebServer] {"duration_ms": 4.492457999731414, "event": "console.request", "id_hash": "h_56a90e133042", "status": "200"}
[WebServer] {"duration_ms": 60.93995900300797, "event": "console.request", "id_hash": "h_6c35907fe7fb", "status": "200"}
[WebServer] {"duration_ms": 61.67924999681418, "event": "console.request", "id_hash": "h_65a7a23dec80", "status": "200"}
[WebServer] {"duration_ms": 63.715333002619445, "event": "console.request", "id_hash": "h_157ee579c49f", "status": "200"}
[WebServer] {"duration_ms": 64.46666700139758, "event": "console.request", "id_hash": "h_8daa9de1751a", "status": "200"}
[WebServer] {"duration_ms": 67.09454199881293, "event": "console.request", "id_hash": "h_64f3d45ea81c", "status": "200"}
[WebServer] {"duration_ms": 66.5979579971463, "event": "console.request", "id_hash": "h_fabfa5c7af37", "status": "200"}
[WebServer] {"duration_ms": 0.8239169983426109, "event": "console.request", "id_hash": "h_b95b2404c2f0", "status": "200"}
[WebServer] {"duration_ms": 1.5133750021050218, "event": "console.request", "id_hash": "h_dac7c21b62c9", "status": "200"}
[WebServer] {"duration_ms": 1.6205840001930483, "event": "console.request", "id_hash": "h_71db7cdf7098", "status": "200"}
[WebServer] {"duration_ms": 2.444165998895187, "event": "console.request", "id_hash": "h_cdb0d35ed2d3", "status": "200"}
[WebServer] {"duration_ms": 5.281917001411784, "event": "console.request", "id_hash": "h_40ea24bd4ca2", "status": "200"}
[WebServer] {"duration_ms": 54.73087499922258, "event": "console.request", "id_hash": "h_2ff155ae47e2", "status": "200"}
[WebServer] {"duration_ms": 55.077832999813836, "event": "console.request", "id_hash": "h_b79216c0d556", "status": "200"}
[WebServer] {"duration_ms": 57.52629199923831, "event": "console.request", "id_hash": "h_c64879fd0738", "status": "200"}
[WebServer] {"duration_ms": 57.390665999264456, "event": "console.request", "id_hash": "h_48e30f9b644c", "status": "200"}
[WebServer] {"duration_ms": 57.43462499958696, "event": "console.request", "id_hash": "h_fa683b9c91b5", "status": "200"}
[WebServer] {"duration_ms": 57.96424999789451, "event": "console.request", "id_hash": "h_8452b7307d76", "status": "200"}
[WebServer] {"duration_ms": 19.81487499870127, "event": "console.request", "id_hash": "h_ac58fd8a625e", "status": "200"}
[WebServer] {"duration_ms": 4.55679199876613, "event": "console.request", "id_hash": "h_9871e28b47a3", "status": "200"}
[WebServer] {"duration_ms": 3.9560000004712492, "event": "console.request", "id_hash": "h_b1fe6aacd8f4", "status": "200"}
  ✓  16 tests/browser/persona-policy.spec.ts:3:1 › real Policy edits require reauth, preserve precision and show concurrent edit differences (1.7s)
[WebServer] {"duration_ms": 0.8386670015170239, "event": "console.request", "id_hash": "h_bef9c5f20caf", "status": "200"}
[WebServer] {"duration_ms": 1.1026249994756654, "event": "console.request", "id_hash": "h_0b0fac9f3010", "status": "200"}
[WebServer] {"duration_ms": 2.116625000780914, "event": "console.request", "id_hash": "h_4dabd1f16385", "status": "200"}
[WebServer] {"duration_ms": 4.87016599799972, "event": "console.request", "id_hash": "h_f4fefd7d8183", "status": "401"}
[WebServer] {"duration_ms": 100.84774999995716, "event": "console.request", "id_hash": "h_86f7e82c17a2", "status": "200"}
[WebServer] {"duration_ms": 6.0669170015899, "event": "console.request", "id_hash": "h_ed82da479958", "status": "200"}
[WebServer] {"duration_ms": 5.790541999886045, "event": "console.request", "id_hash": "h_7a5d5a5d64dd", "status": "200"}
[WebServer] {"duration_ms": 60.29733300238149, "event": "console.request", "id_hash": "h_21f9c7c8401a", "status": "200"}
[WebServer] {"duration_ms": 59.43150000166497, "event": "console.request", "id_hash": "h_e98fc7c378b2", "status": "200"}
[WebServer] {"duration_ms": 59.124917002918664, "event": "console.request", "id_hash": "h_eb268eb6a728", "status": "200"}
[WebServer] {"duration_ms": 60.51425000259769, "event": "console.request", "id_hash": "h_4fe570d8c41d", "status": "200"}
[WebServer] {"duration_ms": 64.96916600008262, "event": "console.request", "id_hash": "h_bfaa51f76333", "status": "200"}
[WebServer] {"duration_ms": 65.05325000034645, "event": "console.request", "id_hash": "h_4eecd59669f6", "status": "200"}
[WebServer] {"duration_ms": 19.091334001132054, "event": "console.request", "id_hash": "h_b456f2c61b60", "status": "201"}
[WebServer] {"duration_ms": 54.86870800086763, "event": "console.request", "id_hash": "h_408216e5e0ac", "status": "200"}
[WebServer] {"duration_ms": 55.0756669981638, "event": "console.request", "id_hash": "h_4ee202bc8397", "status": "200"}
[WebServer] {"duration_ms": 55.70908300069277, "event": "console.request", "id_hash": "h_c373a179533f", "status": "200"}
[WebServer] {"duration_ms": 57.46895899937954, "event": "console.request", "id_hash": "h_d9b5a866f23d", "status": "200"}
[WebServer] {"duration_ms": 58.80875000002561, "event": "console.request", "id_hash": "h_6380d1fc0e89", "status": "200"}
[WebServer] {"duration_ms": 60.49383400022634, "event": "console.request", "id_hash": "h_53276914e63e", "status": "200"}
[WebServer] {"duration_ms": 18.301084000995615, "event": "console.request", "id_hash": "h_25b7ed2db9b1", "status": "201"}
[WebServer] {"duration_ms": 55.32816599952639, "event": "console.request", "id_hash": "h_ea15bdcc4dac", "status": "200"}
[WebServer] {"duration_ms": 55.59566699957941, "event": "console.request", "id_hash": "h_80f9cd79f013", "status": "200"}
[WebServer] {"duration_ms": 55.302875000052154, "event": "console.request", "id_hash": "h_0bc5e88fd0ab", "status": "200"}
[WebServer] {"duration_ms": 56.79937500099186, "event": "console.request", "id_hash": "h_fc307ca45850", "status": "200"}
[WebServer] {"duration_ms": 57.285457998659695, "event": "console.request", "id_hash": "h_d82a2775c506", "status": "200"}
[WebServer] {"duration_ms": 58.05316700207186, "event": "console.request", "id_hash": "h_d195202acea6", "status": "200"}
[WebServer] {"duration_ms": 11.087292001320748, "event": "console.request", "id_hash": "h_f1a9ab6e97a5", "status": "200"}
[WebServer] {"duration_ms": 1.1354169982951134, "event": "console.request", "id_hash": "h_93aa9bf2356f", "status": "200"}
[WebServer] {"duration_ms": 1.3757499982602894, "event": "console.request", "id_hash": "h_37ff44bbf513", "status": "200"}
[WebServer] {"duration_ms": 2.2493750002468005, "event": "console.request", "id_hash": "h_e73d4f2a49bd", "status": "200"}
[WebServer] {"duration_ms": 5.458792002173141, "event": "console.request", "id_hash": "h_eae47f8f3561", "status": "401"}
[WebServer] {"duration_ms": 101.4482919999864, "event": "console.request", "id_hash": "h_ce6c1e6ae079", "status": "200"}
[WebServer] {"duration_ms": 8.838583002216183, "event": "console.request", "id_hash": "h_4d4a64ed5626", "status": "200"}
[WebServer] {"duration_ms": 7.132291997550055, "event": "console.request", "id_hash": "h_2f819bd063e5", "status": "200"}
[WebServer] {"duration_ms": 64.12195799930487, "event": "console.request", "id_hash": "h_48cf8c9cbac9", "status": "200"}
[WebServer] {"duration_ms": 1.117167001211783, "event": "console.request", "id_hash": "h_105574fb8d28", "status": "200"}
[WebServer] {"duration_ms": 68.97554099850822, "event": "console.request", "id_hash": "h_e96e34256efd", "status": "200"}
[WebServer] {"duration_ms": 2.9259580005600583, "event": "console.request", "id_hash": "h_198c4a6588fc", "status": "200"}
[WebServer] {"duration_ms": 2.7524580000317656, "event": "console.request", "id_hash": "h_6034ea72ca42", "status": "200"}
[WebServer] {"duration_ms": 77.02500000232249, "event": "console.request", "id_hash": "h_e507b2a38a74", "status": "200"}
[WebServer] {"duration_ms": 79.37324999875273, "event": "console.request", "id_hash": "h_4b4a38a00bf5", "status": "200"}
[WebServer] {"duration_ms": 79.12395799939986, "event": "console.request", "id_hash": "h_1635b0294e40", "status": "200"}
[WebServer] {"duration_ms": 79.48933299849159, "event": "console.request", "id_hash": "h_a97fc54151ff", "status": "200"}
[WebServer] {"duration_ms": 3.6992919995100237, "event": "console.request", "id_hash": "h_7dcd41766da3", "status": "200"}
[WebServer] {"duration_ms": 5.173082998226164, "event": "console.request", "id_hash": "h_230157fbbe7c", "status": "200"}
[WebServer] {"duration_ms": 55.61791700165486, "event": "console.request", "id_hash": "h_287c75fdeebc", "status": "200"}
[WebServer] {"duration_ms": 58.57312499938416, "event": "console.request", "id_hash": "h_e16fcc2d45bb", "status": "200"}
[WebServer] {"duration_ms": 60.46191700079362, "event": "console.request", "id_hash": "h_fd970711f9a9", "status": "200"}
[WebServer] {"duration_ms": 60.14212500303984, "event": "console.request", "id_hash": "h_c77c83df9805", "status": "200"}
[WebServer] {"duration_ms": 60.62812499658321, "event": "console.request", "id_hash": "h_223e419a7579", "status": "200"}
[WebServer] {"duration_ms": 60.778209001000505, "event": "console.request", "id_hash": "h_1e978f147590", "status": "200"}
[WebServer] {"duration_ms": 18.259583001054125, "event": "console.request", "id_hash": "h_1c72773f4e10", "status": "200"}
[WebServer] {"duration_ms": 5.9503330012375955, "event": "console.request", "id_hash": "h_d3507ac86078", "status": "200"}
[WebServer] {"duration_ms": 6.465291000495199, "event": "console.request", "id_hash": "h_3313af71d3bc", "status": "200"}
[WebServer] {"duration_ms": 10.639874999469612, "event": "console.request", "id_hash": "h_6464a796967e", "status": "403"}
[WebServer] {"duration_ms": 10.362750002968824, "event": "console.request", "id_hash": "h_bca56e056cb5", "status": "200"}
[WebServer] {"duration_ms": 21.239541998511413, "event": "console.request", "id_hash": "h_84915680f646", "status": "200"}
[WebServer] {"duration_ms": 50.526541999715846, "event": "console.request", "id_hash": "h_1ccc63977e93", "status": "200"}
[WebServer] {"duration_ms": 51.95350000212784, "event": "console.request", "id_hash": "h_c179b677a3e1", "status": "200"}
[WebServer] {"duration_ms": 51.45112500031246, "event": "console.request", "id_hash": "h_c38a25dec977", "status": "200"}
[WebServer] {"duration_ms": 51.67070899915416, "event": "console.request", "id_hash": "h_7f096bfaa246", "status": "200"}
[WebServer] {"duration_ms": 54.764000000432134, "event": "console.request", "id_hash": "h_3c9abb6ff7f3", "status": "200"}
[WebServer] {"duration_ms": 56.002957997407066, "event": "console.request", "id_hash": "h_13274267e788", "status": "200"}
[WebServer] {"duration_ms": 16.507291002199054, "event": "console.request", "id_hash": "h_a6a8b9b61ab5", "status": "409"}
[WebServer] {"duration_ms": 4.2865839968726505, "event": "console.request", "id_hash": "h_dfbfd4365890", "status": "200"}
[WebServer] {"duration_ms": 17.771709000953706, "event": "console.request", "id_hash": "h_84e0d9ed5d71", "status": "409"}
[WebServer] {"duration_ms": 4.404292001709109, "event": "console.request", "id_hash": "h_12aa3f4cce1a", "status": "200"}
[WebServer] {"duration_ms": 56.08225000105449, "event": "console.request", "id_hash": "h_ec60403163c8", "status": "200"}
[WebServer] {"duration_ms": 57.258000000729226, "event": "console.request", "id_hash": "h_5a9dad8c3b73", "status": "200"}
[WebServer] {"duration_ms": 58.38212500020745, "event": "console.request", "id_hash": "h_71e62728eb47", "status": "200"}
[WebServer] {"duration_ms": 58.2591250022233, "event": "console.request", "id_hash": "h_88201624aba2", "status": "200"}
[WebServer] {"duration_ms": 60.77749999894877, "event": "console.request", "id_hash": "h_112ebef95cc6", "status": "200"}
[WebServer] {"duration_ms": 60.92116699801409, "event": "console.request", "id_hash": "h_383c1da1abc7", "status": "200"}
[WebServer] {"duration_ms": 1.0330420009267982, "event": "console.request", "id_hash": "h_5c6c6f96724b", "status": "200"}
[WebServer] {"duration_ms": 1.582042001246009, "event": "console.request", "id_hash": "h_41dd3016f45e", "status": "200"}
[WebServer] {"duration_ms": 1.0904999980994035, "event": "console.request", "id_hash": "h_6c9b03b46cef", "status": "200"}
[WebServer] {"duration_ms": 2.6379170012660325, "event": "console.request", "id_hash": "h_a4c8e772d197", "status": "200"}
[WebServer] {"duration_ms": 4.940916998748435, "event": "console.request", "id_hash": "h_290209c2b9e0", "status": "200"}
[WebServer] {"duration_ms": 53.2557500009716, "event": "console.request", "id_hash": "h_2a8c0176a18f", "status": "200"}
[WebServer] {"duration_ms": 54.79366699728416, "event": "console.request", "id_hash": "h_a30da08af52d", "status": "200"}
[WebServer] {"duration_ms": 57.511708000674844, "event": "console.request", "id_hash": "h_b7e61fe408d0", "status": "200"}
[WebServer] {"duration_ms": 59.01150000136113, "event": "console.request", "id_hash": "h_51fb5238599f", "status": "200"}
[WebServer] {"duration_ms": 59.59620800058474, "event": "console.request", "id_hash": "h_74172509146a", "status": "200"}
[WebServer] {"duration_ms": 60.02579100095318, "event": "console.request", "id_hash": "h_de8bc1f9a5e4", "status": "200"}
[WebServer] {"duration_ms": 13.466959000652423, "event": "console.request", "id_hash": "h_dfa1ca5876a9", "status": "200"}
[WebServer] {"duration_ms": 4.795708002347965, "event": "console.request", "id_hash": "h_866088ebd4ae", "status": "200"}
[WebServer] {"duration_ms": 21.72387500104378, "event": "console.request", "id_hash": "h_df481a3686bb", "status": "200"}
[WebServer] {"duration_ms": 51.530374999856576, "event": "console.request", "id_hash": "h_9a8aecc4f995", "status": "200"}
[WebServer] {"duration_ms": 58.215417000610614, "event": "console.request", "id_hash": "h_1be5e5853809", "status": "200"}
[WebServer] {"duration_ms": 60.199666000698926, "event": "console.request", "id_hash": "h_9d6c47c046dc", "status": "200"}
[WebServer] {"duration_ms": 61.53654100126005, "event": "console.request", "id_hash": "h_f20b4abd5a50", "status": "200"}
[WebServer] {"duration_ms": 60.67799999800627, "event": "console.request", "id_hash": "h_557d0d18720e", "status": "200"}
[WebServer] {"duration_ms": 60.87966700215475, "event": "console.request", "id_hash": "h_c66bfc00b7f8", "status": "200"}
[WebServer] {"duration_ms": 0.837332998344209, "event": "console.request", "id_hash": "h_d1b545c07452", "status": "200"}
[WebServer] {"duration_ms": 1.001290998829063, "event": "console.request", "id_hash": "h_a2cc3231e007", "status": "200"}
[WebServer] {"duration_ms": 1.5852910000830889, "event": "console.request", "id_hash": "h_e38564dc0bd0", "status": "200"}
[WebServer] {"duration_ms": 9.427375000086613, "event": "console.request", "id_hash": "h_5c4557988c38", "status": "200"}
[WebServer] {"duration_ms": 12.788457999704406, "event": "console.request", "id_hash": "h_63dae8e204af", "status": "200"}
[WebServer] {"duration_ms": 23.99199999854318, "event": "console.request", "id_hash": "h_b82b114b9eb5", "status": "200"}
[WebServer] {"duration_ms": 24.602583001978928, "event": "console.request", "id_hash": "h_1b5c01563cec", "status": "200"}
  ✓  17 tests/browser/persona-proposals.spec.ts:3:1 › real proposal writer cannot auto-publish; reviewer reauth publishes and rejects stale proposal (3.0s)
[WebServer] {"duration_ms": 68.1787079993228, "event": "console.request", "id_hash": "h_1d3a1393dea9", "status": "200"}
[WebServer] {"duration_ms": 71.77133300137939, "event": "console.request", "id_hash": "h_948e50cb6ab5", "status": "200"}
[WebServer] {"duration_ms": 74.77258300059475, "event": "console.request", "id_hash": "h_72364ec61e01", "status": "200"}
[WebServer] {"duration_ms": 75.66004200270982, "event": "console.request", "id_hash": "h_e2726329b14d", "status": "200"}
[WebServer] {"duration_ms": 75.86754200019641, "event": "console.request", "id_hash": "h_10b94f991808", "status": "200"}
[WebServer] {"duration_ms": 75.26441699883435, "event": "console.request", "id_hash": "h_2f5df05fa1d7", "status": "200"}
[WebServer] {"duration_ms": 0.8086659981927369, "event": "console.request", "id_hash": "h_0a481ac1c407", "status": "200"}
[WebServer] {"duration_ms": 1.5230409990181215, "event": "console.request", "id_hash": "h_e210000740e1", "status": "200"}
[WebServer] {"duration_ms": 1.2310829988564365, "event": "console.request", "id_hash": "h_ed6c60e99396", "status": "200"}
[WebServer] {"duration_ms": 2.9259170005389024, "event": "console.request", "id_hash": "h_b0973f9e4f58", "status": "401"}
[WebServer] {"duration_ms": 101.31695800009766, "event": "console.request", "id_hash": "h_09a0c948acc3", "status": "200"}
[WebServer] {"duration_ms": 7.13999999788939, "event": "console.request", "id_hash": "h_885538d9bf96", "status": "200"}
[WebServer] {"duration_ms": 7.233457999973325, "event": "console.request", "id_hash": "h_538639859516", "status": "200"}
[WebServer] {"duration_ms": 54.812291000416735, "event": "console.request", "id_hash": "h_a8dec85c92f8", "status": "200"}
[WebServer] {"duration_ms": 57.00033299945062, "event": "console.request", "id_hash": "h_aceba1cf5808", "status": "200"}
[WebServer] {"duration_ms": 59.55016699954285, "event": "console.request", "id_hash": "h_c3e6ce556e63", "status": "200"}
[WebServer] {"duration_ms": 64.07741599832661, "event": "console.request", "id_hash": "h_16b89509758a", "status": "200"}
[WebServer] {"duration_ms": 62.77791699903901, "event": "console.request", "id_hash": "h_44ed7bb6234c", "status": "200"}
[WebServer] {"duration_ms": 62.607042000308866, "event": "console.request", "id_hash": "h_1bfb70d8c0ed", "status": "200"}
[WebServer] {"duration_ms": 4.875124999671243, "event": "console.request", "id_hash": "h_67094ff2d25f", "status": "200"}
[WebServer] {"duration_ms": 1.054208001733059, "event": "console.request", "id_hash": "h_8b7d4d4ce1a5", "status": "200"}
[WebServer] {"duration_ms": 0.9288329965784214, "event": "console.request", "id_hash": "h_616c04632d1a", "status": "200"}
[WebServer] {"duration_ms": 1.8755000019154977, "event": "console.request", "id_hash": "h_85523c52d870", "status": "200"}
[WebServer] {"duration_ms": 2.7843330026371405, "event": "console.request", "id_hash": "h_d7d2815076a7", "status": "200"}
[WebServer] {"duration_ms": 4.586458002449945, "event": "console.request", "id_hash": "h_8be136ded389", "status": "200"}
[WebServer] {"duration_ms": 58.15658400024404, "event": "console.request", "id_hash": "h_f53b2ad7c93c", "status": "200"}
[WebServer] {"duration_ms": 58.15979199905996, "event": "console.request", "id_hash": "h_9fa52a695aaf", "status": "200"}
[WebServer] {"duration_ms": 58.285874998546205, "event": "console.request", "id_hash": "h_8e496801dd26", "status": "200"}
[WebServer] {"duration_ms": 59.45320799946785, "event": "console.request", "id_hash": "h_a0d9b27c2eed", "status": "200"}
[WebServer] {"duration_ms": 59.04233299952466, "event": "console.request", "id_hash": "h_dbec6286db65", "status": "200"}
[WebServer] {"duration_ms": 59.64074999792501, "event": "console.request", "id_hash": "h_34c06a7061d4", "status": "200"}
[WebServer] {"duration_ms": 8.415250002144603, "event": "console.request", "id_hash": "h_a73c7a27b9ee", "status": "200"}
[WebServer] {"duration_ms": 17.511958001705352, "event": "console.request", "id_hash": "h_485323b5de9e", "status": "200"}
[WebServer] {"duration_ms": 4.674416999478126, "event": "console.request", "id_hash": "h_53ab96199e15", "status": "200"}
[WebServer] {"duration_ms": 22.4415830016369, "event": "console.request", "id_hash": "h_8b70d1a432a8", "status": "409"}
[WebServer] {"duration_ms": 4.846917003305862, "event": "console.request", "id_hash": "h_25df8492dc97", "status": "200"}
[WebServer] {"duration_ms": 6.085291999625042, "event": "console.request", "id_hash": "h_1f151372db79", "status": "200"}
[WebServer] {"duration_ms": 1.041666000674013, "event": "console.request", "id_hash": "h_cecc518c5897", "status": "200"}
[WebServer] {"duration_ms": 2.3918330007290933, "event": "console.request", "id_hash": "h_3ce398d11505", "status": "200"}
[WebServer] {"duration_ms": 1.9076659991696943, "event": "console.request", "id_hash": "h_a9b305f2cb0e", "status": "200"}
[WebServer] {"duration_ms": 3.314125002361834, "event": "console.request", "id_hash": "h_5dd9a35bbca4", "status": "200"}
[WebServer] {"duration_ms": 5.739291998906992, "event": "console.request", "id_hash": "h_aceaabc32635", "status": "200"}
[WebServer] {"duration_ms": 53.62875000355416, "event": "console.request", "id_hash": "h_41a8e7336a17", "status": "200"}
[WebServer] {"duration_ms": 56.42325000007986, "event": "console.request", "id_hash": "h_def531923332", "status": "200"}
[WebServer] {"duration_ms": 55.8800840008189, "event": "console.request", "id_hash": "h_2cb2b2749a18", "status": "200"}
[WebServer] {"duration_ms": 56.963458002428524, "event": "console.request", "id_hash": "h_d1282d88ccd9", "status": "200"}
[WebServer] {"duration_ms": 56.31283299953793, "event": "console.request", "id_hash": "h_4fc458f05883", "status": "200"}
[WebServer] {"duration_ms": 57.673375002195826, "event": "console.request", "id_hash": "h_8d6e622a101e", "status": "200"}
[WebServer] {"duration_ms": 8.813333999569295, "event": "console.request", "id_hash": "h_590e55b028f8", "status": "200"}
[WebServer] {"duration_ms": 4.665458000090439, "event": "console.request", "id_hash": "h_fb1875bcaca6", "status": "200"}
[WebServer] {"duration_ms": 6.101416998717468, "event": "console.request", "id_hash": "h_609efda4f8e7", "status": "200"}
[WebServer] {"duration_ms": 9.634375001041917, "event": "console.request", "id_hash": "h_9e1566cbdd68", "status": "200"}
[WebServer] {"duration_ms": 5.690750000212574, "event": "console.request", "id_hash": "h_32475b7bbe9b", "status": "200"}
[WebServer] {"duration_ms": 5.42058300197823, "event": "console.request", "id_hash": "h_4fcafd467579", "status": "200"}
[WebServer] {"duration_ms": 19.967042000644142, "event": "console.request", "id_hash": "h_ef57b5ec5059", "status": "200"}
[WebServer] {"duration_ms": 4.532040999038145, "event": "console.request", "id_hash": "h_96d50ddb328d", "status": "200"}
[WebServer] {"duration_ms": 1.350708000245504, "event": "console.request", "id_hash": "h_10d783020dbf", "status": "200"}
[WebServer] {"duration_ms": 1.706541999737965, "event": "console.request", "id_hash": "h_66df1dbec1c0", "status": "200"}
[WebServer] {"duration_ms": 2.398707998509053, "event": "console.request", "id_hash": "h_21ee88a8c616", "status": "200"}
[WebServer] {"duration_ms": 6.002541998896049, "event": "console.request", "id_hash": "h_7d5076a9833c", "status": "200"}
[WebServer] {"duration_ms": 11.97524999952293, "event": "console.request", "id_hash": "h_b1d9af3cba22", "status": "200"}
[WebServer] {"duration_ms": 7.8908750001573935, "event": "console.request", "id_hash": "h_426826426f17", "status": "200"}
[WebServer] {"duration_ms": 18.35166599994409, "event": "console.request", "id_hash": "h_a839ca10fed1", "status": "200"}
  ✓  18 tests/browser/persona-state.spec.ts:3:1 › real State writer updates and clears expired State without changing Persona Core (2.5s)
[WebServer] {"duration_ms": 75.58366699959151, "event": "console.request", "id_hash": "h_13d0ddb7beda", "status": "200"}
[WebServer] {"duration_ms": 74.82629099831684, "event": "console.request", "id_hash": "h_52f0cf170b83", "status": "200"}
[WebServer] {"duration_ms": 75.43579199773376, "event": "console.request", "id_hash": "h_4b478dd8e9af", "status": "200"}
[WebServer] {"duration_ms": 76.18066600116435, "event": "console.request", "id_hash": "h_421b3600a317", "status": "200"}
[WebServer] {"duration_ms": 76.26070900005288, "event": "console.request", "id_hash": "h_193e76ee8df4", "status": "200"}
[WebServer] {"duration_ms": 67.16370800131699, "event": "console.request", "id_hash": "h_6c4826466301", "status": "200"}
[WebServer] {"duration_ms": 0.8957500031101517, "event": "console.request", "id_hash": "h_6492bda0d390", "status": "200"}
[WebServer] {"duration_ms": 0.8519579969288316, "event": "console.request", "id_hash": "h_53ba24fc6fb7", "status": "200"}
[WebServer] {"duration_ms": 1.9897919992217794, "event": "console.request", "id_hash": "h_695da28298cf", "status": "200"}
[WebServer] {"duration_ms": 3.142124998703366, "event": "console.request", "id_hash": "h_0d79c3c75001", "status": "401"}
[WebServer] {"duration_ms": 101.43049999896903, "event": "console.request", "id_hash": "h_be30a9f5eb28", "status": "200"}
[WebServer] {"duration_ms": 5.858707998413593, "event": "console.request", "id_hash": "h_c60dfa16e0bd", "status": "200"}
[WebServer] {"duration_ms": 6.480082996858982, "event": "console.request", "id_hash": "h_8c0573c3f70b", "status": "200"}
[WebServer] {"duration_ms": 69.12916600049357, "event": "console.request", "id_hash": "h_2e3e9650efa9", "status": "200"}
[WebServer] {"duration_ms": 67.63520800086553, "event": "console.request", "id_hash": "h_e3ef2c5d7b9d", "status": "200"}
[WebServer] {"duration_ms": 62.147374999767635, "event": "console.request", "id_hash": "h_3759f2b9c14b", "status": "200"}
[WebServer] {"duration_ms": 64.69999999899301, "event": "console.request", "id_hash": "h_becb36c88140", "status": "200"}
[WebServer] {"duration_ms": 64.31970800258568, "event": "console.request", "id_hash": "h_c75eb58cd2b4", "status": "200"}
[WebServer] {"duration_ms": 65.62062500233878, "event": "console.request", "id_hash": "h_6cc924ff6a74", "status": "200"}
[WebServer] {"duration_ms": 7.155125000281259, "event": "console.request", "id_hash": "h_14ad5a0a7d1f", "status": "200"}
[WebServer] {"duration_ms": 7.586332998471335, "event": "console.request", "id_hash": "h_c0d36c7590c0", "status": "200"}
  ✓  19 tests/browser/persona.spec.ts:3:1 › real Persona reader has current and history without publication controls (579ms)
[WebServer] {"duration_ms": 1.3643749989569187, "event": "console.request", "id_hash": "h_8fc7e9c3f4ac", "status": "200"}
[WebServer] {"duration_ms": 2.7466669998830184, "event": "console.request", "id_hash": "h_fa3fb0332ee7", "status": "200"}
[WebServer] {"duration_ms": 2.0177089973003604, "event": "console.request", "id_hash": "h_72a8a16ec5bc", "status": "200"}
[WebServer] {"duration_ms": 4.643374999432126, "event": "console.request", "id_hash": "h_3d702748a9bb", "status": "401"}
[WebServer] {"duration_ms": 101.43587499987916, "event": "console.request", "id_hash": "h_f45172021053", "status": "200"}
[WebServer] {"duration_ms": 6.659708000370301, "event": "console.request", "id_hash": "h_e5c3a5cbd019", "status": "200"}
[WebServer] {"duration_ms": 5.808207999507431, "event": "console.request", "id_hash": "h_0c78b3c1396f", "status": "200"}
[WebServer] {"duration_ms": 40.66154199972516, "event": "console.request", "id_hash": "h_fa73b9e6f56d", "status": "200"}
[WebServer] {"duration_ms": 55.538915999932215, "event": "console.request", "id_hash": "h_c48f1cff1c5f", "status": "200"}
[WebServer] {"duration_ms": 58.64245900011156, "event": "console.request", "id_hash": "h_af5e22c973da", "status": "200"}
[WebServer] {"duration_ms": 56.9883749994915, "event": "console.request", "id_hash": "h_69a8faa861ed", "status": "200"}
[WebServer] {"duration_ms": 59.716041996580316, "event": "console.request", "id_hash": "h_d07a6119b663", "status": "200"}
[WebServer] {"duration_ms": 59.944624998024665, "event": "console.request", "id_hash": "h_c95ec6f1d2f4", "status": "200"}
[WebServer] {"duration_ms": 5.045916001108708, "event": "console.request", "id_hash": "h_f233faf80bff", "status": "200"}
[WebServer] {"duration_ms": 0.8027910007513128, "event": "console.request", "id_hash": "h_2f35dcdb6f6f", "status": "200"}
[WebServer] {"duration_ms": 1.1861249986395705, "event": "console.request", "id_hash": "h_6f3a1b6b1d24", "status": "200"}
[WebServer] {"duration_ms": 2.1550409983319696, "event": "console.request", "id_hash": "h_ee1e9ae2faa2", "status": "200"}
[WebServer] {"duration_ms": 2.728333001869032, "event": "console.request", "id_hash": "h_18eb6ca44064", "status": "200"}
[WebServer] {"duration_ms": 5.16533300105948, "event": "console.request", "id_hash": "h_c613b4875abf", "status": "200"}
[WebServer] {"duration_ms": 56.14929100192967, "event": "console.request", "id_hash": "h_669dc259b8d0", "status": "200"}
[WebServer] {"duration_ms": 57.826500000373926, "event": "console.request", "id_hash": "h_ced954b5ae55", "status": "200"}
[WebServer] {"duration_ms": 59.37462500151014, "event": "console.request", "id_hash": "h_e47020a2834b", "status": "200"}
[WebServer] {"duration_ms": 60.13579099817434, "event": "console.request", "id_hash": "h_20159f068471", "status": "200"}
[WebServer] {"duration_ms": 63.76299999828916, "event": "console.request", "id_hash": "h_989c6bb6a459", "status": "200"}
[WebServer] {"duration_ms": 66.66825000138488, "event": "console.request", "id_hash": "h_290a5eec5d5e", "status": "200"}
[WebServer] {"duration_ms": 16.42866700058221, "event": "console.request", "id_hash": "h_4e13bf747b61", "status": "200"}
[WebServer] {"duration_ms": 7.853874998545507, "event": "console.request", "id_hash": "h_08791b2a53aa", "status": "403"}
[WebServer] {"duration_ms": 8.18579200131353, "event": "console.request", "id_hash": "h_a57083d8bc6d", "status": "200"}
[WebServer] {"duration_ms": 17.730666000716155, "event": "console.request", "id_hash": "h_9cbfe44cea28", "status": "201"}
[WebServer] {"duration_ms": 56.15349999789032, "event": "console.request", "id_hash": "h_81dc6e719288", "status": "200"}
[WebServer] {"duration_ms": 56.885999998485204, "event": "console.request", "id_hash": "h_770833a7bac3", "status": "200"}
[WebServer] {"duration_ms": 59.92608300221036, "event": "console.request", "id_hash": "h_326f1f95b4ed", "status": "200"}
[WebServer] {"duration_ms": 59.51699999786797, "event": "console.request", "id_hash": "h_8f333ea69432", "status": "200"}
[WebServer] {"duration_ms": 60.241916002269136, "event": "console.request", "id_hash": "h_22085c8449c9", "status": "200"}
[WebServer] {"duration_ms": 59.960208000120474, "event": "console.request", "id_hash": "h_cffe3f97a096", "status": "200"}
[WebServer] {"duration_ms": 22.621292002440896, "event": "console.request", "id_hash": "h_86552aec85c5", "status": "409"}
[WebServer] {"duration_ms": 6.761332999303704, "event": "console.request", "id_hash": "h_008c18324d0d", "status": "200"}
[WebServer] {"duration_ms": 60.14974999925471, "event": "console.request", "id_hash": "h_b10135326fd5", "status": "200"}
[WebServer] {"duration_ms": 59.759832998679485, "event": "console.request", "id_hash": "h_106ef7a0ec37", "status": "200"}
[WebServer] {"duration_ms": 61.538165999081684, "event": "console.request", "id_hash": "h_f284a24ef47c", "status": "200"}
[WebServer] {"duration_ms": 63.737332999153296, "event": "console.request", "id_hash": "h_5701f9a0e126", "status": "200"}
[WebServer] {"duration_ms": 64.23991699921316, "event": "console.request", "id_hash": "h_22d4a500af28", "status": "200"}
[WebServer] {"duration_ms": 66.43666599848075, "event": "console.request", "id_hash": "h_be659d1a3cce", "status": "200"}
[WebServer] {"duration_ms": 0.9503330002189614, "event": "console.request", "id_hash": "h_40ea0f8abac4", "status": "200"}
[WebServer] {"duration_ms": 0.9737920008774381, "event": "console.request", "id_hash": "h_c965ad60b916", "status": "200"}
[WebServer] {"duration_ms": 1.8113750011252705, "event": "console.request", "id_hash": "h_c1edc864c33f", "status": "200"}
[WebServer] {"duration_ms": 3.930541999579873, "event": "console.request", "id_hash": "h_459f302b9388", "status": "200"}
[WebServer] {"duration_ms": 4.825042000447866, "event": "console.request", "id_hash": "h_c86da2a851a3", "status": "200"}
[WebServer] {"duration_ms": 53.129874999285676, "event": "console.request", "id_hash": "h_d4072243990e", "status": "200"}
[WebServer] {"duration_ms": 56.8915419971745, "event": "console.request", "id_hash": "h_d906d637a1de", "status": "200"}
[WebServer] {"duration_ms": 56.786000001011416, "event": "console.request", "id_hash": "h_44c0ee1dba91", "status": "200"}
[WebServer] {"duration_ms": 60.336124999594176, "event": "console.request", "id_hash": "h_4f30bd542590", "status": "200"}
[WebServer] {"duration_ms": 60.89224999959697, "event": "console.request", "id_hash": "h_51b32f6faf4a", "status": "200"}
[WebServer] {"duration_ms": 60.497665999719175, "event": "console.request", "id_hash": "h_c7714d1436de", "status": "200"}
[WebServer] {"duration_ms": 11.809833002189407, "event": "console.request", "id_hash": "h_cc2b0b388748", "status": "200"}
[WebServer] {"duration_ms": 18.140666998078814, "event": "console.request", "id_hash": "h_07707a9da34a", "status": "201"}
[WebServer] {"duration_ms": 51.380249999056105, "event": "console.request", "id_hash": "h_6213f040592b", "status": "200"}
[WebServer] {"duration_ms": 52.670500001113396, "event": "console.request", "id_hash": "h_f9c04396e2ac", "status": "200"}
[WebServer] {"duration_ms": 53.51333299768157, "event": "console.request", "id_hash": "h_e11ee6258cf4", "status": "200"}
[WebServer] {"duration_ms": 57.2708750005404, "event": "console.request", "id_hash": "h_f768d1c54adf", "status": "200"}
[WebServer] {"duration_ms": 58.43950000053155, "event": "console.request", "id_hash": "h_f43daded5727", "status": "200"}
[WebServer] {"duration_ms": 58.87095800062525, "event": "console.request", "id_hash": "h_98f79578ebcd", "status": "200"}
[WebServer] {"duration_ms": 0.9845419990597293, "event": "console.request", "id_hash": "h_84850d2aa2a7", "status": "200"}
[WebServer] {"duration_ms": 1.521041998785222, "event": "console.request", "id_hash": "h_fe9fab3e079d", "status": "200"}
[WebServer] {"duration_ms": 1.5150420003919862, "event": "console.request", "id_hash": "h_cff00f9ec7f8", "status": "200"}
[WebServer] {"duration_ms": 2.6568329994915985, "event": "console.request", "id_hash": "h_2fda18d954bb", "status": "200"}
[WebServer] {"duration_ms": 4.919082999549573, "event": "console.request", "id_hash": "h_df33da986710", "status": "200"}
[WebServer] {"duration_ms": 49.81383300037123, "event": "console.request", "id_hash": "h_52204992360b", "status": "200"}
[WebServer] {"duration_ms": 50.201457997900434, "event": "console.request", "id_hash": "h_bfa419046481", "status": "200"}
[WebServer] {"duration_ms": 51.702249998925254, "event": "console.request", "id_hash": "h_d687485797ef", "status": "200"}
[WebServer] {"duration_ms": 53.058750003401656, "event": "console.request", "id_hash": "h_9f58015dd7df", "status": "200"}
[WebServer] {"duration_ms": 52.56716599978972, "event": "console.request", "id_hash": "h_7bdffc9ca1c8", "status": "200"}
[WebServer] {"duration_ms": 52.951666999433655, "event": "console.request", "id_hash": "h_6218bd3dd0a4", "status": "200"}
[WebServer] {"duration_ms": 7.844833002309315, "event": "console.request", "id_hash": "h_54a18a539b27", "status": "200"}
[WebServer] {"duration_ms": 4.784125001606299, "event": "console.request", "id_hash": "h_bb14c20b0b78", "status": "200"}
  ✓  20 tests/browser/persona.spec.ts:67:1 › real Persona publish, reauth, refresh and rollback preserve immutable history in Required mode (1.8s)

  20 passed (1.3m)
UV_CACHE_DIR=.uv-cache uv run python -m tools.check_packages
warning: The cache directory `.uv-cache` is inside the build source directory `.` and may be included in distributions
Building source distribution...
Building wheel from source distribution...
Successfully built /var/folders/vr/xq2gyj_j1w5f2rbw5h06rtqw0000gn/T/iris-package-check-3ru2yboj/core/iris_memory_core-0.13.0.tar.gz
Successfully built /var/folders/vr/xq2gyj_j1w5f2rbw5h06rtqw0000gn/T/iris-package-check-3ru2yboj/core/iris_memory_core-0.13.0-py3-none-any.whl
Building source distribution...
Building wheel from source distribution...
Successfully built /var/folders/vr/xq2gyj_j1w5f2rbw5h06rtqw0000gn/T/iris-package-check-3ru2yboj/sdk/iris_memory_sdk-0.11.1.tar.gz
Successfully built /var/folders/vr/xq2gyj_j1w5f2rbw5h06rtqw0000gn/T/iris-package-check-3ru2yboj/sdk/iris_memory_sdk-0.11.1-py3-none-any.whl
{"artifact_digests": [{"name": "iris_memory_core-0.13.0-py3-none-any.whl", "sha256": "244eb8ecdfce7db0874f1d011107117d75b1a3ac84b2599b8e83a3b613c8fb58", "bytes": 841391}, {"name": "iris_memory_core-0.13.0.tar.gz", "sha256": "948835297fbed9dd2e79f14c131f8a19a176428930eb55a8b9dea111c6f70633", "bytes": 698711}, {"name": "iris_memory_sdk-0.11.1-py3-none-any.whl", "sha256": "19f3cd76e9dc5adcd68417d6ae638a7aff2206b62d39f2b3975df2f273c5cbeb", "bytes": 33574}, {"name": "iris_memory_sdk-0.11.1.tar.gz", "sha256": "6d96c57f839c28d2614d4314bb1c2b1e30391fab9ada9586093d54e87060d3f9", "bytes": 32705}]}
Using CPython 3.12.13
Creating virtual environment at: /var/folders/vr/xq2gyj_j1w5f2rbw5h06rtqw0000gn/T/iris-installation-gsiatiq7/venv
Activate with: source /var/folders/vr/xq2gyj_j1w5f2rbw5h06rtqw0000gn/T/iris-installation-gsiatiq7/venv/bin/activate
Using Python 3.12.13 environment at: /var/folders/vr/xq2gyj_j1w5f2rbw5h06rtqw0000gn/T/iris-installation-gsiatiq7/venv
Resolved 26 packages in 2.57s
Prepared 2 packages in 19ms
Installed 26 packages in 37ms
 + annotated-doc==0.0.5
 + annotated-types==0.8.0
 + anyio==4.15.1
 + attrs==26.1.0
 + cffi==2.1.1
 + click==8.5.0
 + cryptography==50.0.1
 + faiss-cpu==1.15.0
 + fastapi==0.141.1
 + h11==0.16.0
 + idna==3.19
 + iris-memory-core==0.13.0 (from file:///private/var/folders/vr/xq2gyj_j1w5f2rbw5h06rtqw0000gn/T/iris-package-check-3ru2yboj/core/iris_memory_core-0.13.0-py3-none-any.whl)
 + iris-memory-sdk==0.11.1 (from file:///private/var/folders/vr/xq2gyj_j1w5f2rbw5h06rtqw0000gn/T/iris-package-check-3ru2yboj/sdk/iris_memory_sdk-0.11.1-py3-none-any.whl)
 + jsonschema==4.26.0
 + jsonschema-specifications==2025.9.1
 + numpy==2.5.3
 + packaging==26.3
 + pycparser==3.0
 + pydantic==2.13.5
 + pydantic-core==2.46.5
 + referencing==0.37.0
 + rpds-py==2026.6.3
 + starlette==1.6.0
 + typing-extensions==4.16.0
 + typing-inspection==0.4.4
 + uvicorn==0.52.4
public API exports, signatures, DTOs, CLI and HTTP snapshot: passed
{
  "core_version": "0.13.0",
  "development_sqlite_override": true,
  "private_endpoint_rejections": 4,
  "public_sdk_smoke": "passed",
  "schema_version": 20,
  "sdk_version": "0.11.1",
  "serve_exit_code": -15,
  "shutdown_seconds": 0.23607274999812944,
  "surface_mode": "required",
  "worker_once": "passed"
}
{"rebuild": "vector", "state": [["pending", 0, null]]}
{"rebuild": "vector", "state": [["leased", 1, null]]}
{"rebuild": "vector", "state": [["completed", 1, null]]}
{"rebuild": "graph", "state": [["completed", 1, null]]}
{"rebuild": "fts", "state": [["completed", 1, null]]}
{"rebuild": "profile", "state": [["completed", 1, null]]}
{
  "development_embedding": true,
  "installed_recall": {
    "graph": {
      "expected_resource_found": true,
      "trace_candidates": 2
    },
    "vector": {
      "expected_resource_found": true,
      "trace_candidates": 1
    }
  },
  "required_lease": true,
  "worker_rebuilds": 4
}
fresh package build, archive boundaries and isolated installation: passed
