UV_CACHE_DIR=.uv-cache uv run ruff format --check .
382 files already formatted
UV_CACHE_DIR=.uv-cache uv run ruff check .
All checks passed!
UV_CACHE_DIR=.uv-cache uv run python -m tools.check_import_boundaries
domain import boundary: ok
UV_CACHE_DIR=.uv-cache uv run python -m tools.check_docs
documentation structure and local links: ok
UV_CACHE_DIR=.uv-cache uv run python -m tools.check_contract_counts
current documentation contract counts: ok
UV_CACHE_DIR=.uv-cache uv run mypy
Success: no issues found in 379 source files
npm run typecheck --prefix sdk/typescript

> @iris-memory/sdk@0.11.2 typecheck
> tsc --project tsconfig.json --noEmit

UV_CACHE_DIR=.uv-cache uv run python -m tools.generate_contracts --check
generated contracts: ok
UV_CACHE_DIR=.uv-cache uv run python -m tools.check_compatibility
contract compatibility: ok
UV_CACHE_DIR=.uv-cache uv run python -m tools.check_public_api
public API exports, signatures, DTOs, CLI and HTTP snapshot: passed
UV_CACHE_DIR=.uv-cache uv run pytest tests/performance --no-cov -s
============================= test session starts ==============================
platform darwin -- Python 3.12.13, pytest-8.4.2, pluggy-1.6.0
rootdir: /Users/cassia/Local/Code/iris_memory_core
configfile: pyproject.toml
plugins: cov-7.1.0, anyio-4.15.0
collected 11 items

tests/performance/test_forget_latency.py ..
tests/performance/test_graph_profile_recall_latency.py 
graph+profile hybrid recall: p50=28.8ms p95=30.1ms max=31.8ms samples=40 budget=250ms
.
tests/performance/test_hybrid_recall_latency.py 
hybrid recall: p50=30.0ms p95=31.1ms max=31.7ms samples=40 embed_p50=0.03ms faiss_p50=1.69ms
..
tests/performance/test_observe_latency.py 
single-observation p95=3.47ms median=3.31ms
environment: python=3.12.13; sqlite=3.50.4; platform=arm64/Darwin; concurrency=1; payload=512B content per record
.
batch-100 p95=11.97ms median=11.44ms
environment: sqlite=(3, 50, 4); observations=7000; outbox_jobs=7000 (unsettled and completed)
.
tests/performance/test_persona_latency.py 
persona-current p95=1.47ms median=1.37ms
.
tests/performance/test_recall_latency.py 
structured recall: p50=24.39ms p95=25.24ms max=25.95ms samples=40
.
fts recall: p50=26.44ms p95=27.45ms max=28.33ms samples=40
.
tests/performance/test_state_latency.py 
environment: python=3.12.13 sqlite=3.50.4 machine=arm64 os=Darwin
state coalesced write (sequential stream, coalescing active): samples=120 payload_bytes=121 corpus=2000 rows | p50=8.95ms p95=10.11ms
contention burst (reported, single-writer gate queueing): samples=24 concurrency=8 p95=200.81ms | busy_events=0 | projection_jobs=2009 pending=2009 hot_key_revisions=155 queue_lag_us=18558975
.

============================= 11 passed in 41.08s ==============================
UV_CACHE_DIR=.uv-cache uv run pytest --ignore=tests/performance
============================= test session starts ==============================
platform darwin -- Python 3.12.13, pytest-8.4.2, pluggy-1.6.0
rootdir: /Users/cassia/Local/Code/iris_memory_core
configfile: pyproject.toml
testpaths: tests, sdk/python/tests
plugins: cov-7.1.0, anyio-4.15.0
collected 14795 items

tests/contract/test_asgi_authorization.py .............................. [  0%]
.....................                                                    [  0%]
tests/contract/test_console_contract.py ................................ [  0%]
........................................................................ [  1%]
........................................................................ [  1%]
........................................................................ [  2%]
........................................................................ [  2%]
........................................................................ [  2%]
................                                                         [  3%]
tests/contract/test_http_operation_matrix.py ..                          [  3%]
tests/contract/test_json_schemas.py .................................... [  3%]
............                                                             [  3%]
tests/contract/test_mock_server.py ..................................... [  3%]
.................                                                        [  3%]
tests/contract/test_public_api.py ......                                 [  3%]
tests/contract/test_recall_batch_revalidation.py ......                  [  3%]
tests/fault/test_kill9.py ...............................                [  4%]
tests/integration/cognition/test_persona.py .................            [  4%]
tests/integration/cognition/test_persona_clock_trajectories.py .         [  4%]
tests/integration/cognition/test_persona_http_concurrency.py .           [  4%]
tests/integration/cognition/test_persona_policy_quantitative.py ........ [  4%]
........................................................................ [  4%]
........................................................................ [  5%]
........................................................................ [  5%]
........................................................................ [  6%]
........................................................................ [  6%]
........................................................................ [  7%]
........................................................................ [  7%]
........................................................................ [  8%]
........................................................................ [  8%]
........................................................................ [  9%]
........................................................................ [  9%]
........................................................................ [ 10%]
........................................................................ [ 10%]
........................................................................ [ 11%]
........................................................................ [ 11%]
........................................................................ [ 12%]
........................................................................ [ 12%]
........................................................................ [ 13%]
........................................................................ [ 13%]
........................................................................ [ 14%]
........................................................................ [ 14%]
........................................................................ [ 14%]
........................................................................ [ 15%]
........................................................................ [ 15%]
........................................................................ [ 16%]
........................................................................ [ 16%]
........................................................................ [ 17%]
........................................................................ [ 17%]
........................................................................ [ 18%]
........................................................................ [ 18%]
........................................................................ [ 19%]
........................................................................ [ 19%]
........................................................................ [ 20%]
........................................................................ [ 20%]
........................................................................ [ 21%]
........................................................................ [ 21%]
........................................................................ [ 22%]
........................................................................ [ 22%]
........................................................                 [ 23%]
tests/integration/cognition/test_reflection_pipeline.py ............     [ 23%]
tests/integration/cognition/test_reflection_runtime.py ...               [ 23%]
tests/integration/console/test_console_artifact_http.py ................ [ 23%]
......                                                                   [ 23%]
tests/integration/console/test_console_artifact_upload.py .............. [ 23%]
......................                                                   [ 23%]
tests/integration/console/test_console_authentication.py ............... [ 23%]
............................................                             [ 24%]
tests/integration/console/test_console_backup_operations.py ............ [ 24%]
........                                                                 [ 24%]
tests/integration/console/test_console_claim_http.py ................... [ 24%]
.                                                                        [ 24%]
tests/integration/console/test_console_commands.py ..................... [ 24%]
..                                                                       [ 24%]
tests/integration/console/test_console_entity_attributes.py ............ [ 24%]
.......                                                                  [ 24%]
tests/integration/console/test_console_entity_redirect.py .............. [ 24%]
..                                                                       [ 24%]
tests/integration/console/test_console_entity_tombstone.py .........     [ 24%]
tests/integration/console/test_console_episode_http.py ................. [ 24%]
...........                                                              [ 24%]
tests/integration/console/test_console_event_dismiss.py ............     [ 25%]
tests/integration/console/test_console_event_http.py ..........          [ 25%]
tests/integration/console/test_console_event_recall.py ..                [ 25%]
tests/integration/console/test_console_focus_commands.py ........        [ 25%]
tests/integration/console/test_console_focus_forget.py .............     [ 25%]
tests/integration/console/test_console_focus_http.py .                   [ 25%]
tests/integration/console/test_console_forget_http.py .................. [ 25%]
..............                                                           [ 25%]
tests/integration/console/test_console_forget_selection.py ....          [ 25%]
tests/integration/console/test_console_identity_http.py ................ [ 25%]
..............                                                           [ 25%]
tests/integration/console/test_console_note_http.py .................... [ 25%]
...                                                                      [ 25%]
tests/integration/console/test_console_observation_http.py ............. [ 25%]
..                                                                       [ 25%]
tests/integration/console/test_console_operation_batches.py ...........  [ 26%]
tests/integration/console/test_console_operation_cancellation.py ...     [ 26%]
tests/integration/console/test_console_operation_http.py ...             [ 26%]
tests/integration/console/test_console_operation_ordering.py ..          [ 26%]
tests/integration/console/test_console_operation_storage.py ..           [ 26%]
tests/integration/console/test_console_persona_commands.py ............. [ 26%]
....                                                                     [ 26%]
tests/integration/console/test_console_persona_http.py ............      [ 26%]
tests/integration/console/test_console_persona_policy.py ...........     [ 26%]
tests/integration/console/test_console_persona_policy_http.py .......... [ 26%]
........                                                                 [ 26%]
tests/integration/console/test_console_persona_policy_recovery.py .      [ 26%]
tests/integration/console/test_console_persona_proposals.py ............ [ 26%]
                                                                         [ 26%]
tests/integration/console/test_console_persona_proposals_http.py ....... [ 26%]
....                                                                     [ 26%]
tests/integration/console/test_console_persona_proposals_recovery.py .   [ 26%]
tests/integration/console/test_console_persona_recovery.py ..            [ 26%]
tests/integration/console/test_console_persona_state.py ................ [ 26%]
..                                                                       [ 26%]
tests/integration/console/test_console_persona_state_http.py ........... [ 26%]
...                                                                      [ 26%]
tests/integration/console/test_console_persona_state_recovery.py .       [ 26%]
tests/integration/console/test_console_plane.py .......................  [ 27%]
tests/integration/console/test_console_reads.py ........................ [ 27%]
...............................                                          [ 27%]
tests/integration/console/test_console_relation_http.py ................ [ 27%]
...............                                                          [ 27%]
tests/integration/console/test_console_state_forget.py .............     [ 27%]
tests/integration/console/test_console_state_http.py .............       [ 27%]
tests/integration/console/test_console_task_dependencies.py ............ [ 27%]
......                                                                   [ 27%]
tests/integration/console/test_console_task_forget.py .................. [ 28%]
.                                                                        [ 28%]
tests/integration/console/test_console_task_http.py ..............       [ 28%]
tests/integration/console/test_console_task_steps.py ............        [ 28%]
tests/integration/console/test_console_task_triggers.py ................ [ 28%]
.......                                                                  [ 28%]
tests/integration/console/test_console_worker_execution.py ......        [ 28%]
tests/integration/memory/test_claim_revision_events.py ......            [ 28%]
tests/integration/memory/test_concurrency.py ..                          [ 28%]
tests/integration/memory/test_consistency.py .............               [ 28%]
tests/integration/memory/test_entity_tombstone_ledger.py ......          [ 28%]
tests/integration/memory/test_events.py ..............................   [ 28%]
tests/integration/memory/test_focus_items.py ........................... [ 29%]
...                                                                      [ 29%]
tests/integration/memory/test_focus_promotion.py ....................... [ 29%]
....                                                                     [ 29%]
tests/integration/memory/test_memory_artifacts.py ..............         [ 29%]
tests/integration/memory/test_memory_cascade_and_privacy.py ...........  [ 29%]
tests/integration/memory/test_memory_claims.py ......................... [ 29%]
........                                                                 [ 29%]
tests/integration/memory/test_memory_concurrency.py ....                 [ 29%]
tests/integration/memory/test_memory_episodes_relations.py ...........   [ 29%]
tests/integration/memory/test_memory_evidence_scope_and_ledger.py ...... [ 29%]
.........                                                                [ 29%]
tests/integration/memory/test_memory_forget.py .....................     [ 29%]
tests/integration/memory/test_notes.py ...............                   [ 30%]
tests/integration/memory/test_recent_context.py .................        [ 30%]
tests/integration/memory/test_relation_endpoint_privacy.py ...           [ 30%]
tests/integration/memory/test_state_records.py ......................... [ 30%]
..                                                                       [ 30%]
tests/integration/memory/test_task_deletion_storage.py ...               [ 30%]
tests/integration/memory/test_task_event_jobs.py ...........             [ 30%]
tests/integration/memory/test_tasks.py ..................                [ 30%]
tests/integration/memory/test_triggers.py .............................. [ 30%]
.....                                                                    [ 30%]
tests/integration/memory/test_working_memory_jobs.py ............        [ 30%]
tests/integration/memory/test_working_memory_security.py .......         [ 30%]
tests/integration/migrations/test_console_migration.py ..                [ 30%]
tests/integration/migrations/test_console_operation_migration.py ..      [ 30%]
tests/integration/migrations/test_console_preview_migration.py .......   [ 31%]
tests/integration/migrations/test_dependency_lifecycle_migration.py .... [ 31%]
                                                                         [ 31%]
tests/integration/migrations/test_fts_recall_migration.py .............  [ 31%]
tests/integration/migrations/test_graph_profile_migration.py .......     [ 31%]
tests/integration/migrations/test_ingestion_migration.py ..............  [ 31%]
tests/integration/migrations/test_memory_migration.py ..........         [ 31%]
tests/integration/migrations/test_migrations.py ......................   [ 31%]
tests/integration/migrations/test_persona_migration.py ...               [ 31%]
tests/integration/migrations/test_reflection_migration.py ....           [ 31%]
tests/integration/migrations/test_state_deletion_migration.py ......     [ 31%]
tests/integration/migrations/test_task_event_migration.py .............. [ 31%]
.....                                                                    [ 31%]
tests/integration/migrations/test_typed_operations_migration.py ..       [ 31%]
tests/integration/migrations/test_vector_migration.py .........          [ 31%]
tests/integration/migrations/test_working_memory_migration.py .......... [ 31%]
......                                                                   [ 31%]
tests/integration/recall/test_fts_recall_fts.py ...............          [ 31%]
tests/integration/recall/test_fts_recall_recall.py ..................... [ 32%]
........                                                                 [ 32%]
tests/integration/recall/test_fts_recall_usage.py ...........            [ 32%]
tests/integration/recall/test_graph_http_fallbacks.py ...                [ 32%]
tests/integration/recall/test_graph_profile_concurrency.py .......       [ 32%]
tests/integration/recall/test_graph_profile_graph.py ................... [ 32%]
........................................................................ [ 32%]
......................................                                   [ 33%]
tests/integration/recall/test_graph_profile_jobs.py .........            [ 33%]
tests/integration/recall/test_graph_profile_privacy_and_consistency.py . [ 33%]
..........                                                               [ 33%]
tests/integration/recall/test_graph_profile_profile.py ................. [ 33%]
....                                                                     [ 33%]
tests/integration/recall/test_graph_profile_recall.py .................. [ 33%]
............................                                             [ 33%]
tests/integration/recall/test_graph_runtime_budgets.py ........          [ 33%]
tests/integration/recall/test_graph_runtime_races.py ................... [ 33%]
........................................................................ [ 34%]
........................................................................ [ 34%]
........................................................................ [ 35%]
...............                                                          [ 35%]
tests/integration/recall/test_projection_deletion_publication.py ....... [ 35%]
....................                                                     [ 35%]
tests/integration/recall/test_provider_deadline_and_circuit_probe.py ... [ 35%]
.                                                                        [ 35%]
tests/integration/recall/test_recall.py ...........................      [ 35%]
tests/integration/recall/test_recall_backlog_identity_and_replay.py .... [ 35%]
...........                                                              [ 36%]
tests/integration/recall/test_recall_deadline_scope_and_rebuild.py ..... [ 36%]
...............                                                          [ 36%]
tests/integration/recall/test_recall_publication_revalidation.py ....... [ 36%]
......                                                                   [ 36%]
tests/integration/recall/test_vector.py ............................     [ 36%]
tests/integration/recall/test_vector_concurrency.py .......              [ 36%]
tests/integration/recall/test_vector_crash_freshness_and_isolation.py .. [ 36%]
......................                                                   [ 36%]
tests/integration/recall/test_vector_idmap.py ........                   [ 36%]
tests/integration/recall/test_vector_provider.py ....................... [ 36%]
..                                                                       [ 36%]
tests/integration/recall/test_vector_recall.py ...........               [ 36%]
tests/integration/recovery/test_backup.py .......................        [ 37%]
tests/integration/recovery/test_console_operation_restore.py ........    [ 37%]
tests/integration/recovery/test_memory_backup.py .                       [ 37%]
tests/integration/recovery/test_memory_forget_commit_and_restore_atomicity.py . [ 37%]
...........                                                              [ 37%]
tests/integration/recovery/test_memory_legacy_restore_and_ledger_identity.py . [ 37%]
.......                                                                  [ 37%]
tests/integration/recovery/test_memory_resurrection.py .......           [ 37%]
tests/integration/recovery/test_recall_visibility_and_resurrection.py .. [ 37%]
......                                                                   [ 37%]
tests/integration/recovery/test_release_packaging.py .........           [ 37%]
tests/integration/recovery/test_trigger_backup_configuration.py .        [ 37%]
tests/integration/runtime/test_backpressure_health.py .................. [ 37%]
......                                                                   [ 37%]
tests/integration/runtime/test_http_recall_assembly.py ................. [ 37%]
...                                                                      [ 37%]
tests/integration/runtime/test_http_recall_provider_faults.py .........  [ 37%]
tests/integration/runtime/test_identity_registry.py .................... [ 37%]
.                                                                        [ 37%]
tests/integration/runtime/test_observations.py ......................... [ 38%]
.........                                                                [ 38%]
tests/integration/runtime/test_outbox.py ............................... [ 38%]
.........                                                                [ 38%]
tests/integration/runtime/test_provisioning.py ................          [ 38%]
tests/integration/runtime/test_release_surface.py ...................... [ 38%]
..........................                                               [ 38%]
tests/integration/runtime/test_runtime.py ......                         [ 38%]
tests/integration/runtime/test_runtime_authorization_fencing_and_health.py . [ 38%]
..............................................                           [ 39%]
tests/integration/runtime/test_scheduler.py ..........................   [ 39%]
tests/integration/runtime/test_surface.py .............................. [ 39%]
....                                                                     [ 39%]
tests/integration/runtime/test_task_event_surface_gate.py .............. [ 39%]
....................                                                     [ 39%]
tests/unit/test_cli.py .......                                           [ 39%]
tests/unit/test_contract_compatibility.py ...                            [ 39%]
tests/unit/test_contract_counts.py ....                                  [ 39%]
tests/unit/test_contract_generation.py ....                              [ 40%]
tests/unit/test_domain.py ..                                             [ 40%]
tests/unit/test_domain_rules.py ........                                 [ 40%]
tests/unit/test_graph_profile_domain.py ...........................      [ 40%]
tests/unit/test_identity_rules.py ........                               [ 40%]
tests/unit/test_import_boundaries.py ...                                 [ 40%]
tests/unit/test_ingestion_domain.py .................................... [ 40%]
..............                                                           [ 40%]
tests/unit/test_memory_domain.py ....................................... [ 40%]
........................................................................ [ 41%]
........................................................................ [ 41%]
........................................................................ [ 42%]
........................................................................ [ 42%]
........................................................................ [ 43%]
........................................................................ [ 43%]
........................................................................ [ 44%]
........................................................................ [ 44%]
........................................................................ [ 45%]
........................................................................ [ 45%]
........................................................................ [ 46%]
........................................................................ [ 46%]
........................................................................ [ 47%]
........................................................................ [ 47%]
........................................................................ [ 48%]
........................................................................ [ 48%]
........................................................................ [ 49%]
........................................................................ [ 49%]
........................................................................ [ 50%]
........................................................................ [ 50%]
........................................................................ [ 51%]
........................................................................ [ 51%]
........................................................................ [ 52%]
........................................................................ [ 52%]
........................................................................ [ 53%]
........................................................................ [ 53%]
........................................................................ [ 54%]
........................................................................ [ 54%]
........................................................................ [ 55%]
........................................................................ [ 55%]
........................................................................ [ 56%]
........................................................................ [ 56%]
........................................................................ [ 57%]
........................................................................ [ 57%]
........................................................................ [ 57%]
........................................................................ [ 58%]
........................................................................ [ 58%]
........................................................................ [ 59%]
........................................................................ [ 59%]
........................................................................ [ 60%]
........................................................................ [ 60%]
...............                                                          [ 61%]
tests/unit/test_persona_domain.py ....                                   [ 61%]
tests/unit/test_promotion_bounds.py ..                                   [ 61%]
tests/unit/test_reflection.py .......................................... [ 61%]
........................................................................ [ 61%]
........................................................................ [ 62%]
........................................................................ [ 62%]
........................................................................ [ 63%]
........................................................................ [ 63%]
........................................................................ [ 64%]
........................................................................ [ 64%]
........................................................................ [ 65%]
........................................................................ [ 65%]
........................................................................ [ 66%]
........................................................................ [ 66%]
........................................................................ [ 67%]
........................................................................ [ 67%]
........................................................................ [ 68%]
........................................................................ [ 68%]
........................................................................ [ 69%]
........................................................................ [ 69%]
........................................................................ [ 70%]
........................................................................ [ 70%]
........................................................................ [ 71%]
........................................................................ [ 71%]
........................................................................ [ 72%]
........................................................................ [ 72%]
........................................................................ [ 73%]
........................................................................ [ 73%]
........................................................................ [ 73%]
........................................................................ [ 74%]
........................................................................ [ 74%]
...........................................                              [ 75%]
tests/unit/test_task_event_domain.py ................................... [ 75%]
........................................................................ [ 75%]
........................................................................ [ 76%]
........................................................................ [ 76%]
........................................................................ [ 77%]
........................................................................ [ 77%]
........................................................................ [ 78%]
........................................................................ [ 78%]
........................................................................ [ 79%]
........................................................................ [ 79%]
........................................................................ [ 80%]
........................................................................ [ 80%]
........................................................................ [ 81%]
........................................................................ [ 81%]
........................................................................ [ 82%]
........................................................................ [ 82%]
........................................................................ [ 83%]
........................................................................ [ 83%]
........................................................................ [ 84%]
........................................................................ [ 84%]
........................................................................ [ 85%]
........................................................................ [ 85%]
........................................................................ [ 86%]
........................................................................ [ 86%]
........................................................................ [ 87%]
........................................................................ [ 87%]
........................................................................ [ 88%]
........................................................................ [ 88%]
........................................................................ [ 89%]
........................................................................ [ 89%]
........................................................................ [ 90%]
........................................................................ [ 90%]
........................................................................ [ 91%]
........................................................................ [ 91%]
........................................................................ [ 92%]
........................................................................ [ 92%]
........................................................................ [ 92%]
........................................................................ [ 93%]
........................................................................ [ 93%]
........................................................................ [ 94%]
........................................................................ [ 94%]
........................................................................ [ 95%]
........................................................................ [ 95%]
........................................................................ [ 96%]
........................................................................ [ 96%]
........................................................................ [ 97%]
........................................................................ [ 97%]
........................................................................ [ 98%]
........................................................................ [ 98%]
........................................................................ [ 99%]
...................................................                      [ 99%]
tests/unit/test_vector_domain.py ............................            [ 99%]
tests/unit/test_working_memory_domain.py ...................             [ 99%]
sdk/python/tests/test_fixtures.py ..                                     [100%]

=============================== warnings summary ===============================
.venv/lib/python3.12/site-packages/fastapi/testclient.py:1
  /Users/cassia/Local/Code/iris_memory_core/.venv/lib/python3.12/site-packages/fastapi/testclient.py:1: StarletteDeprecationWarning: Using `httpx` with `starlette.testclient` is deprecated; install `httpx2` instead.
    from starlette.testclient import TestClient as TestClient  # noqa

.venv/lib/python3.12/site-packages/starlette/testclient.py:53
  /Users/cassia/Local/Code/iris_memory_core/.venv/lib/python3.12/site-packages/starlette/testclient.py:53: DeprecationWarning: The anyio.abc.BlockingPortal alias is deprecated, use anyio.from_thread.BlockingPortal instead.
    _PortalFactoryType = Callable[[], AbstractContextManager[anyio.abc.BlockingPortal]]

-- Docs: https://docs.pytest.org/en/stable/how-to/capture-warnings.html
================================ tests coverage ================================
______________ coverage: platform darwin, python 3.12.13-final-0 _______________

Name                                                            Stmts   Miss Branch BrPart  Cover   Missing
-----------------------------------------------------------------------------------------------------------
sdk/python/src/iris_memory_sdk/client.py                          452     45    102     17    89%   58, 60, 174, 202, 204, 206, 231, 233, 327, 330->332, 350, 356, 358, 384, 459, 640, 1124, 1261-1269, 1286-1293, 1303-1313, 1316-1317, 1340-1354, 1363-1372, 1389-1396, 1401-1408, 1413-1420, 1429-1438
sdk/python/src/iris_memory_sdk/models.py                         1537    407    980    325    69%   16-17, 31, 60, 77, 83, 85, 89, 97, 102, 104-105, 109, 111, 114, 119-131, 163, 167-168, 170, 173-174, 178, 181, 185, 198, 204, 209, 213, 215, 218, 224, 227, 229, 232, 238, 242, 248, 254, 258, 260, 263, 266, 272, 277, 283, 287, 289, 291, 297, 301, 303, 305, 311, 317, 320, 322, 325, 332, 336, 339, 342, 348, 358, 366, 372, 374, 379, 385, 391-392, 395-396, 399, 401, 403, 409, 416, 423, 427-428, 432, 438, 443, 448, 453, 463, 496, 499, 504, 511, 514, 525, 528->530, 536, 543-545, 548, 551, 559, 569, 572, 575, 577, 583-590, 594-609, 614, 624, 627, 630, 634, 644, 650, 653, 658-671, 676, 678->680, 682, 685, 691-700, 705, 708->710, 712, 715, 718, 721, 723, 724->728, 734, 740, 742, 745, 751, 757, 763, 768-775, 830, 837, 845-846, 849-850, 853, 870-871, 876-877, 879, 881, 883, 885, 890, 895, 897, 902, 909, 911, 915, 926, 930, 933, 934->936, 939, 942, 949, 966, 968->967, 973, 980, 984, 988, 990, 993, 997, 1000, 1006, 1010-1011, 1020, 1022->1024, 1026-1027, 1036-1037, 1041, 1046, 1051, 1060, 1063, 1066, 1071, 1081, 1087, 1090->1095, 1092, 1100, 1104-1105, 1114, 1119, 1122, 1124->1123, 1130, 1134, 1140, 1145, 1147, 1154, 1161, 1164, 1166->1165, 1172, 1176, 1184, 1190, 1198, 1205, 1214, 1217, 1224, 1236, 1239, 1241->1240, 1245, 1253, 1260, 1263, 1266, 1269, 1276, 1283, 1286, 1290, 1297, 1300, 1302, 1305, 1308, 1315, 1322, 1325, 1327, 1329, 1335, 1339-1340, 1349, 1355, 1364, 1370, 1373, 1376, 1382, 1396-1397, 1404, 1407, 1411, 1429, 1432, 1438, 1442, 1445, 1453, 1456, 1458, 1461, 1464, 1478, 1484, 1496, 1499, 1508, 1510, 1513, 1519, 1522, 1527, 1530, 1533, 1539, 1548, 1565, 1569, 1573, 1583, 1589, 1592, 1595, 1598, 1605, 1609, 1612, 1616-1617, 1623, 1628, 1630, 1635, 1642-1643, 1651, 1660, 1666, 1669, 1672, 1674, 1676, 1678, 1684, 1688, 1691, 1694, 1697, 1705, 1710, 1713, 1717, 1719, 1721, 1727, 1736, 1745, 1749, 1752, 1759, 1763, 1765, 1774, 1778, 1784, 1791, 1799, 1804, 1806, 1808, 1814, 1822, 1827, 1834, 1848, 1852-1853, 1861, 1887, 1905, 1909, 1923, 1929, 1933, 1937-1938, 1941, 1944
src/iris_memory_core/__main__.py                                    1      1      0      0     0%   1
src/iris_memory_core/_resources.py                                 24      2      8      3    84%   28, 31, 36->38
src/iris_memory_core/api/app.py                                   908    137    382     50    83%   119, 125, 127, 138, 141, 166, 169, 206, 218, 221, 225, 233, 236, 239-241, 243, 299, 325, 339, 344-356, 383-384, 386, 393-396, 407-451, 457-468, 617, 626, 715, 734, 745, 970, 1019, 1026-1027, 1035-1036, 1237, 1250-1254, 1318-1321, 1394, 1411, 1422, 1451, 1456, 1459, 1541, 1554, 1560, 1564, 1566->1613, 1571, 1609-1611, 1639-1641, 1689->1697, 1727, 1743, 1765-1766, 1807, 1833, 1857, 1899-1900, 1907-1910, 1912-1913, 1962-1969
src/iris_memory_core/api/console/app.py                           125      6     34      3    93%   61, 84, 112, 129-131
src/iris_memory_core/api/console/auth.py                          115      4     42      2    96%   89-91, 110
src/iris_memory_core/api/console/config.py                         52      3     22      1    95%   16-17, 75
src/iris_memory_core/api/console/crypto.py                         62      5     10      3    89%   22-23, 27, 33, 84
src/iris_memory_core/api/console/errors.py                         46      1     14      1    97%   79
src/iris_memory_core/api/console/key_views.py                      57      1     16      1    97%   123
src/iris_memory_core/api/console/listening.py                      41      3      8      0    90%   26, 69-70
src/iris_memory_core/api/console/offline.py                        41      4      8      4    84%   40, 46, 48, 53
src/iris_memory_core/api/console/resource_views.py                110      3     50      3    96%   93, 97, 154
src/iris_memory_core/api/console/routes_artifacts.py               63      2     26      3    94%   37, 51->56, 53
src/iris_memory_core/api/console/routes_auth.py                   112      9     10      1    90%   81-86, 169-178
src/iris_memory_core/api/console/routes_forget.py                  29      2      6      2    89%   25, 43
src/iris_memory_core/api/console/routes_identity.py                56      3      6      3    90%   58, 104, 119
src/iris_memory_core/api/console/routes_memory.py                 378     28    114     25    89%   51, 118, 139, 163, 188, 208, 233, 253, 290, 311-312, 352, 359, 381-382, 422, 424, 446-447, 487, 513, 559, 572, 621, 690, 742, 833, 936
src/iris_memory_core/api/console/routes_operations.py              74      1     10      1    98%   55
src/iris_memory_core/api/console/routes_persona_policy.py          48      1     10      1    97%   138
src/iris_memory_core/api/console/routes_persona_proposals.py       40      1      2      0    98%   154
src/iris_memory_core/api/console/routes_personas.py                36      1      4      1    95%   21
src/iris_memory_core/api/errors.py                                 47      3     14      1    93%   82, 137-138
src/iris_memory_core/api/views.py                                 137      8     12      4    92%   79-80, 115, 123, 125, 127, 846, 895
src/iris_memory_core/application/artifacts.py                     218     25     72     19    84%   110, 143, 213, 215, 234, 275, 279, 281, 284-285, 297, 300, 305, 310, 333, 380, 385, 452, 457, 490, 571-574, 614
src/iris_memory_core/application/backpressure.py                  144      7     36      5    93%   52, 54, 56, 172-173, 176-177
src/iris_memory_core/application/console/artifacts.py              65      1      4      1    97%   164
src/iris_memory_core/application/console/authorization.py         127     22     80     11    81%   38-40, 44, 50, 55, 64-70, 88, 128-131, 148, 153, 161, 179
src/iris_memory_core/application/console/backup_operations.py      88      5     24      4    92%   43, 46, 144, 154-155, 156->173
src/iris_memory_core/application/console/claims.py                 64      1      6      1    97%   158
src/iris_memory_core/application/console/commands.py              105     10     46     10    87%   155, 174, 176, 201, 221, 248, 258, 290, 293, 310
src/iris_memory_core/application/console/credentials.py           121     23     54     13    74%   98->97, 101, 133, 140-143, 146, 155-156, 159, 199, 221, 230, 233, 236, 275-296
src/iris_memory_core/application/console/episodes.py               63      1      8      1    97%   157
src/iris_memory_core/application/console/focus.py                  64      2      8      2    94%   92, 160
src/iris_memory_core/application/console/forget.py                274     26    126     24    88%   69, 96, 172, 177, 204, 212, 227, 230-231, 253, 266, 268, 271, 281, 418, 420, 422, 429, 472, 485, 488, 501, 571, 590, 598, 611
src/iris_memory_core/application/console/forget_selection.py       41     11     20      7    70%   33, 40, 42, 45, 48, 51-53, 62-64
src/iris_memory_core/application/console/identity.py              117      7     30      6    91%   43, 105, 149, 152-153, 210, 266, 294->296
src/iris_memory_core/application/console/notes.py                  65      1      8      1    97%   157
src/iris_memory_core/application/console/observations.py           60      1      6      1    97%   152
src/iris_memory_core/application/console/operations.py            177     18     56     18    85%   67, 72, 106, 109, 202, 210, 214, 218, 221, 245, 255, 342, 344, 405, 411, 441, 444, 454
src/iris_memory_core/application/console/persona_policy.py         44      2      4      2    92%   39, 43
src/iris_memory_core/application/console/persona_proposals.py      75      4     16      6    89%   53, 57, 67, 68->95, 78, 86->93
src/iris_memory_core/application/console/persona_states.py         57      2     10      2    94%   46, 50
src/iris_memory_core/application/console/personas.py               50      3      6      3    89%   41, 45, 49
src/iris_memory_core/application/console/reads.py                 182     20     82      9    88%   45, 48, 109-110, 118, 170-178, 187, 189, 234, 323, 326-327
src/iris_memory_core/application/console/relations.py              64      1      8      1    97%   161
src/iris_memory_core/application/console/security.py              286     23    120     22    89%   60, 101, 158, 163, 165, 175, 178, 288, 300, 402-403, 406, 412, 440, 472->exit, 502, 546, 590-598, 616, 622, 632, 657->661, 675, 689->680
src/iris_memory_core/application/console/tasks.py                 148      5     30      5    94%   98, 159, 219, 271, 421
src/iris_memory_core/application/entity_deletion.py                60      4     20      5    89%   32, 68, 137, 139->163, 146
src/iris_memory_core/application/episodes.py                      506     79    206     59    79%   118, 121, 136, 138, 147, 179, 186, 195, 199, 209, 222, 227, 243, 257, 297, 317, 395, 453, 455, 459, 461, 466, 468, 470, 472, 475, 483, 542, 547, 620, 668, 670, 736, 812-813, 825-842, 919, 979, 990, 998, 1038, 1058, 1062, 1105, 1126, 1134, 1181-1182, 1199, 1225, 1278, 1334, 1336, 1340, 1353, 1358, 1365, 1427, 1432, 1605, 1654-1655, 1670, 1677, 1694, 1701
src/iris_memory_core/application/events.py                        347     51    140     39    81%   89, 186, 305, 315, 349, 399, 401, 511, 569-570, 576, 581, 583, 588, 603, 605, 635, 697, 709, 711, 756, 765, 766->754, 772, 775, 786-788, 797, 798->773, 853, 856-857, 862-868, 879, 881, 907, 917, 939, 989, 999, 1118, 1202, 1208, 1223, 1228-1229, 1286-1287, 1289
src/iris_memory_core/application/focus.py                         485     52    188     43    86%   122, 124, 129, 131, 133, 136, 139, 141, 156, 160, 162, 165, 181-182, 249, 260, 295, 303-304, 306, 316, 344, 362, 382, 389, 398-399, 453, 495, 497, 519, 523, 583, 652, 773, 877, 921, 1028, 1032-1033, 1092, 1146-1147, 1189, 1232->1234, 1253->1255, 1269->1271, 1300-1301, 1316, 1382, 1387, 1398, 1453, 1490
src/iris_memory_core/application/forget.py                        533     52    262     46    86%   197->205, 271->277, 333->332, 345->344, 372->350, 398, 402->404, 448, 473, 548, 550, 632, 637, 657, 663, 665-667, 668->672, 671, 680, 716, 758, 791, 801, 816, 831-832, 976, 1083, 1094, 1109, 1120, 1139, 1150, 1182, 1186, 1190, 1194, 1200-1213, 1222, 1226, 1230, 1251, 1283, 1304, 1316, 1334, 1339->1347
src/iris_memory_core/application/health.py                        140     19     34      4    84%   116-117, 119-125, 134-138, 170, 175-176, 209, 229-230, 243
src/iris_memory_core/application/identity.py                      411     24    110     17    92%   262, 345, 349, 352-353, 357-358, 386, 411, 414, 523, 537, 539, 570, 574, 577-578, 583, 599, 610, 625, 665, 680, 1206
src/iris_memory_core/application/memory.py                        533     83    236     60    80%   106, 115, 119, 126, 129, 212, 231, 236-237, 239, 293, 303, 321, 332, 336, 340, 342-369, 390, 392, 403, 414, 416, 421, 423, 454, 456, 474, 491, 506, 510, 513, 516, 522, 582, 584, 587, 589, 592, 651, 653, 666, 669-670, 672, 678, 796, 801, 969, 1035, 1037, 1041, 1044, 1131, 1134-1141, 1164-1165, 1174, 1176, 1262, 1403-1404, 1443, 1457->1497, 1481, 1494, 1495->1457, 1587-1595, 1611, 1666
src/iris_memory_core/application/notes.py                         407     62    136     39    81%   134, 143, 147, 208, 212, 215-216, 231, 302, 410, 491, 497, 506, 521, 576, 580, 591, 593, 617, 651, 653, 712, 742-743, 834, 836, 850-851, 905, 932, 937, 939, 950, 1032, 1071-1072, 1125, 1127, 1137, 1168, 1185, 1190, 1208-1209, 1241-1250, 1293-1294, 1336, 1363-1412, 1446, 1453
src/iris_memory_core/application/observation.py                   362     35    188     37    87%   64, 76, 85, 124, 130, 145, 179, 186, 188, 201, 204-206, 216, 224, 227, 230, 291, 318, 451, 567->569, 573->575, 581, 609, 615, 622, 624, 627, 642, 665, 667, 670, 676, 678, 719->713, 733, 748, 750
src/iris_memory_core/application/outbox.py                        195      6     58      3    96%   372, 377, 382-387, 449
src/iris_memory_core/application/persona.py                       574     63    230     60    85%   85, 103, 135, 160, 173, 177, 198, 252, 314, 366, 385, 441, 494, 552, 583, 587, 602, 604, 666, 771, 782, 789, 802, 806, 816, 833, 848, 917, 919, 984, 994, 996, 1000, 1078-1085, 1115, 1160, 1174, 1182, 1387, 1408, 1419, 1423, 1429, 1435, 1444, 1455, 1459, 1462, 1470, 1481, 1489-1490, 1499, 1514, 1535, 1556, 1559, 1563, 1573, 1592, 1605, 1608
src/iris_memory_core/application/ports/clock.py                    33      4      0      0    88%   21, 42, 45, 48
src/iris_memory_core/application/promotion.py                     123      5     34      5    94%   131, 145, 155, 162, 276
src/iris_memory_core/application/provisioning.py                  210     19     46      5    89%   66, 348->363, 406, 482, 484, 491-492, 501-505, 508-520
src/iris_memory_core/application/recall.py                       1405    201    564    124    82%   238, 274, 376-377, 397, 601, 691, 693->695, 792, 805, 825, 867, 929, 954, 964, 966, 974, 976, 983, 1050, 1088, 1103, 1112, 1155, 1167, 1177-1182, 1190, 1194-1196, 1253, 1292, 1306, 1308, 1315, 1408, 1416, 1483, 1519, 1531, 1534, 1557, 1562, 1596, 1599, 1602, 1604, 1611, 1644, 1648-1649, 1651, 1653, 1662, 1664, 1692, 1768, 1771, 1774, 1776, 1783, 1995, 2078-2087, 2334, 2337, 2339, 2341, 2357, 2359, 2412, 2465-2466, 2468, 2470, 2472, 2474, 2484, 2486, 2498-2499, 2501, 2503, 2505, 2509, 2523-2524, 2526, 2528, 2531, 2542, 2555-2556, 2558, 2560, 2563, 2565, 2574, 2576, 2590-2591, 2595, 2598, 2600, 2608, 2610, 2613, 2615, 2623, 2639-2640, 2643-2661, 2674-2675, 2677, 2679, 2685, 2688, 2697, 2699, 2713-2714, 2718, 2720, 2723, 2726, 2728, 2737, 2739, 2748, 2764, 2766-2767, 2802, 3026, 3125, 3153, 3206, 3279, 3296, 3309->3326, 3328, 3360, 3367-3425, 3430-3489, 3495, 3591, 3599-3600, 3603-3604, 3667, 3699, 3705, 3708, 3717, 3747, 3752
src/iris_memory_core/application/recent.py                        161     18     66     13    85%   69, 89, 93, 97, 145, 206, 217, 223-224, 226, 228, 230, 241, 334-343, 431, 514
src/iris_memory_core/application/reflection.py                    360     66    120     34    79%   91, 93, 99, 105, 112, 115, 120, 123, 194-216, 272, 278, 306, 315-316, 342, 377, 392, 405, 408-413, 432-438, 451, 455, 458, 474, 476, 493-503, 505-514, 518-527, 564, 657, 660, 667, 693-703, 739-745, 776, 816-820, 834, 900, 917, 939-950, 1025, 1043-1064
src/iris_memory_core/application/retention.py                     245     94     98     15    57%   68, 114, 145, 150, 164, 181, 249, 265-266, 290->235, 319, 332, 374->305, 380, 444, 460-491, 496-498, 510-588, 600-649, 654-686, 693-721, 735-759, 802, 806, 812
src/iris_memory_core/application/scheduler.py                     157     12     38      9    89%   68, 118, 120, 122, 190, 216-217, 291-292, 302->308, 351-352, 388
src/iris_memory_core/application/security.py                       46      3     10      3    89%   22, 85, 87
src/iris_memory_core/application/state.py                         222     29     88     24    83%   87, 89, 94, 98, 101, 104, 106, 147, 182, 186, 195, 209, 214, 216, 220, 227, 271, 320, 429, 438-439, 530-535, 585, 663, 677, 702
src/iris_memory_core/application/surface.py                       189      7     56      5    95%   64, 99, 277, 423, 447, 559-560
src/iris_memory_core/application/task_deletion.py                  57      7     34      8    84%   24->36, 27, 30, 33, 56, 62, 66, 77
src/iris_memory_core/application/tasks.py                        1032    139    462    127    82%   149, 156, 173, 175, 179, 190, 230, 240, 246, 249, 256, 258, 307, 336, 344, 349, 360, 363, 365, 404, 406, 410, 412, 414, 416, 431, 499, 506, 528, 572, 623, 625, 685, 706, 723, 725, 807, 809, 826-827, 882, 945->947, 982, 1041, 1067, 1084, 1091, 1101, 1111, 1114, 1135, 1140, 1162, 1245, 1284, 1286, 1290, 1292, 1294, 1296, 1373, 1410, 1481, 1483, 1499-1500, 1504, 1556, 1577, 1586, 1608, 1645, 1653, 1716, 1718, 1725, 1784, 1791, 1796, 1799, 1803, 1815, 1829, 1845->1849, 1848, 1915-1916, 1985, 2000, 2066, 2068, 2126, 2144, 2154, 2254, 2271, 2276, 2278->exit, 2317, 2388, 2407, 2414, 2426, 2429, 2439, 2443, 2445, 2450, 2453-2454, 2456, 2500, 2600, 2651, 2744->2726, 2756-2757, 2758->2760, 2844->2860, 2856-2857, 2884-2885, 2886->2908, 2896-2897, 2898->2908, 2966->2968, 2970, 2972->2978, 3010, 3014, 3016, 3074, 3080, 3093, 3100-3108, 3179, 3283, 3297->3262, 3300, 3311
src/iris_memory_core/application/write_support.py                  98     13     52     11    84%   119, 123, 125, 128, 144-145, 170, 174, 189, 192, 194, 279, 281
src/iris_memory_core/bootstrap.py                                  77      6     18      5    88%   62, 64, 73, 87-88, 108
src/iris_memory_core/cli.py                                       125      9     30      5    90%   18-21, 138, 140, 193-194, 206
src/iris_memory_core/coordinator/__init__.py                        2      2      0      0     0%   12-17
src/iris_memory_core/domain/access.py                              35      2     10      2    91%   52, 65
src/iris_memory_core/domain/console.py                            140      5     14      5    94%   31, 35, 38, 104, 112
src/iris_memory_core/domain/console_operations.py                  79      1      2      1    98%   51
src/iris_memory_core/domain/errors.py                             100      2      2      0    98%   131-132
src/iris_memory_core/domain/event.py                               92      4     16      4    93%   73, 75, 167, 169
src/iris_memory_core/domain/focus.py                              128      6     36      5    93%   133, 136, 160, 186, 188, 260
src/iris_memory_core/domain/fts.py                                139      4     16      4    95%   96, 98, 174, 183
src/iris_memory_core/domain/graph.py                              176      6     26      6    94%   155, 157, 159, 161, 165, 167
src/iris_memory_core/domain/jobs.py                               109      7     16      6    90%   74, 440, 469, 471, 473, 475, 509
src/iris_memory_core/domain/memory.py                             431     29    120     31    89%   256, 258, 265, 267, 274, 276, 278, 299, 303, 305, 364->371, 367, 373, 381, 386, 400, 406->420, 409, 412, 419, 478, 486, 743, 745, 759, 777, 779, 811, 815, 817, 820
src/iris_memory_core/domain/model.py                              252      3     32      3    98%   281, 315, 335
src/iris_memory_core/domain/note.py                                98      8     14      6    88%   85, 87, 94, 96, 98, 159, 194-196
src/iris_memory_core/domain/observation.py                        123      5     26      6    93%   81->exit, 124, 126, 140, 146, 148
src/iris_memory_core/domain/persona.py                            220     20     68     18    86%   192, 195, 199, 218, 225, 233, 235, 237-239, 256, 263, 268, 274, 287, 292, 296, 302, 305, 308
src/iris_memory_core/domain/privacy.py                             63      6     34      2    92%   74-76, 82-84
src/iris_memory_core/domain/profile.py                            216      3     38      2    98%   150, 152, 228
src/iris_memory_core/domain/recall.py                             159      4     50      4    96%   101, 104, 155, 210
src/iris_memory_core/domain/recent.py                             159     22     48     16    80%   78, 154, 159-163, 282, 315, 317, 320, 324, 326, 328, 330, 332, 337, 339, 344, 349, 353, 355
src/iris_memory_core/domain/reflection.py                         288     21     68     14    88%   121, 135, 295, 324, 326-329, 335, 355, 360-361, 367, 379, 384, 392, 424, 429, 437, 447-448
src/iris_memory_core/domain/retention.py                          141      7     38      7    92%   174, 178, 180, 182, 203, 207, 312
src/iris_memory_core/domain/schedule.py                           168     12     46      5    91%   86, 91, 96, 114, 117-119, 162, 220-223
src/iris_memory_core/domain/scope.py                               50      6     24      2    86%   40, 44-46, 49, 82
src/iris_memory_core/domain/state.py                              148     21     44     14    81%   67, 69, 71, 73, 75, 130, 197-198, 217, 248, 251-252, 262, 266, 268, 276-278, 281, 291, 293
src/iris_memory_core/domain/surface.py                             59      3     10      3    91%   55, 61, 63
src/iris_memory_core/domain/task.py                               347     26    106     16    89%   217, 219, 294, 296, 385, 479, 487-491, 509, 520, 543, 572-574, 593-595, 640, 642, 644, 646, 662, 680
src/iris_memory_core/domain/vector.py                             211      9     54      7    94%   131, 234, 236, 265, 357, 364, 366, 447, 457
src/iris_memory_core/indexing/faiss.py                             90      9     22      7    86%   30-31, 61, 89, 91, 96, 110, 142, 144
src/iris_memory_core/indexing/fts.py                              234     33     86     17    82%   187->168, 245-246, 270, 343, 346, 367, 370, 382-388, 432, 438-444, 448, 451-455, 487, 493, 500, 527, 540-543, 554
src/iris_memory_core/indexing/graph.py                            355     48    164     31    84%   105-106, 112->116, 146, 177, 206, 209, 284, 288, 332->exit, 334-335, 354, 362, 413, 415, 417-418, 460-461, 495-496, 500, 502, 533-534, 536, 538, 541, 572->574, 581->583, 591-594, 609-610, 641, 657-658, 662, 681, 692-693, 695, 699, 713, 726->732, 753-754, 771-773
src/iris_memory_core/indexing/profile.py                          390     49    178     39    84%   134-135, 138-139, 167, 193, 195->191, 199->197, 240, 244, 287->exit, 289-291, 310, 313, 327->339, 333-334, 347, 353->360, 359, 363-364, 367->373, 375-376, 381->388, 393, 415, 418-419, 423, 425, 431, 433, 443-444, 448, 468-470, 513, 559->570, 589, 598-599, 601, 616, 622, 625, 640, 657, 723, 747, 754, 766, 774, 795->793, 801->793
src/iris_memory_core/indexing/vector.py                           757     98    272     57    84%   205-211, 230->214, 261, 411-415, 449, 471-472, 494, 550-553, 577-578, 580, 583, 588, 602, 609, 616, 618, 623, 626, 654, 658, 660, 663, 667, 680, 690, 693, 696-697, 699, 717, 720, 725-726, 728, 739->737, 769, 773-774, 891, 941->exit, 943-945, 952, 981, 997-999, 1036-1037, 1136->1143, 1139-1142, 1144, 1147-1148, 1296, 1307, 1319-1324, 1378, 1393, 1399-1405, 1409, 1412-1416, 1437, 1443, 1446, 1448, 1452, 1464, 1479-1480, 1505, 1527, 1530, 1583, 1611->1613, 1637-1639
src/iris_memory_core/jobs/handlers.py                             446     90    120     42    75%   63, 196-199, 240, 265, 293, 298, 300, 302, 305, 334, 390, 417, 436, 439, 442, 461, 482, 504, 506, 541, 547-548, 558-565, 567, 585, 587, 590->exit, 621, 623, 672-701, 719, 721, 724->exit, 763, 766, 769, 771, 774, 778, 780, 790->792, 860-874, 883-892, 901-906, 925, 999, 1061, 1111-1116, 1129-1160, 1182, 1184
src/iris_memory_core/jobs/worker.py                               109      5     20      3    94%   55, 276, 281, 313-316, 330->323
src/iris_memory_core/observability/logging.py                      59      2     22      4    93%   93, 116, 147->150, 148->147
src/iris_memory_core/observability/metrics.py                      87     11     12      1    88%   82, 127, 130, 133, 136, 139, 150, 155, 191-193
src/iris_memory_core/providers/cognitive.py                       305     57     86     24    77%   32-33, 48, 50, 52, 54, 56, 58, 93, 101, 113-117, 141->146, 143->146, 185-186, 195-196, 252, 263, 267-271, 284, 309->exit, 311->exit, 318, 339-350, 371, 404->391, 406-407, 426, 431-433, 478-483, 508, 510-511, 545-547, 557-559
src/iris_memory_core/providers/embedding.py                       295     26     78     16    88%   92, 94, 99, 101, 103, 105, 158, 231->exit, 355, 390-391, 438-439, 446, 450, 523, 527-529, 531, 535, 581, 602, 607-608, 612-613
src/iris_memory_core/recall_runtime.py                             42      1     10      2    94%   56->60, 58
src/iris_memory_core/runtime.py                                   186     18     80     17    85%   100->111, 112, 114, 116, 124, 127, 134, 140, 155, 178-181, 194, 198, 206->208, 215, 296-297, 304->310, 308, 311->315
src/iris_memory_core/storage/admin_archives.py                    104     15     30      9    79%   58, 66, 75->98, 87, 96->98, 108, 120-121, 127-130, 139, 152-155
src/iris_memory_core/storage/backup.py                           1005    134    464     85    84%   72, 79, 105, 108, 114, 140-142, 153, 158, 177-179, 190, 194, 196, 201, 213, 225, 227, 310, 313-314, 348, 383, 400, 420, 440-441, 443, 445-447, 457->474, 462-464, 471, 473, 588, 597, 622, 626, 633, 800, 807-808, 810-811, 814-816, 873, 884, 915, 937->944, 943, 949-950, 952, 998-1001, 1040-1043, 1072->1089, 1089->1106, 1107-1110, 1121-1122, 1124, 1148, 1156, 1160, 1166, 1171, 1198, 1207, 1211-1212, 1217, 1228, 1243-1244, 1246-1250, 1270, 1294, 1310-1313, 1318-1322, 1331-1334, 1352, 1362, 1423, 1430, 1437, 1462, 1475, 1482, 1505, 1519, 1533, 1598-1600, 1718, 1725, 1731, 1752, 1770, 1771->1778, 1784, 1797, 1803, 1810, 1817, 1830, 1837, 1844, 1934, 1940, 1986-1987, 1998->1994, 2018, 2043, 2075
src/iris_memory_core/storage/cognitive.py                         261      9     38      8    94%   346-347, 400, 418, 457, 706->709, 784, 816, 867-868, 947->950, 994->998
src/iris_memory_core/storage/console.py                           104      6     10      3    92%   76, 106, 157-158, 268-271
src/iris_memory_core/storage/console_operation_restore.py          76      3     28      4    93%   25, 38, 69, 182->184
src/iris_memory_core/storage/console_operations.py                 93     10     36      9    85%   50, 73-75, 106, 126, 127->138, 179-180, 182-183, 212
src/iris_memory_core/storage/console_reads.py                     335     28    172     24    89%   355-356, 361, 376, 377->363, 413, 448, 450, 452, 483-484, 492-493, 495-496, 520, 523-524, 544-545, 576->600, 596->577, 685-686, 707-711, 733-735, 738->742, 756->758, 760, 807->813, 846, 869->872, 877->896
src/iris_memory_core/storage/fts.py                               195     22     40      8    86%   39-40, 46, 117, 127, 139, 153-157, 215, 219-223, 309, 652, 678-681, 704, 767
src/iris_memory_core/storage/idempotency.py                       148     16     38      5    88%   127-136, 179, 255, 280, 346, 366->363, 437, 448-461, 478-479, 483
src/iris_memory_core/storage/memory.py                            734     91    140     33    86%   93, 100, 107, 261-262, 319-320, 351-352, 416-419, 431-432, 438-442, 644-645, 708-709, 760-761, 763-764, 772-773, 775-776, 846-847, 928-929, 945-950, 978-986, 1031-1033, 1068-1071, 1074-1079, 1148-1149, 1151-1152, 1176-1178, 1191, 1375-1376, 1429-1430, 1501->1504, 1539-1544, 1640-1641, 1650, 1787, 1875-1876, 1903, 1919, 1926, 1936, 1942, 1946-1949, 1959, 1961, 2032-2037, 2040-2045, 2180-2184, 2225-2226, 2247, 2310->2313, 2313->2316, 2316->2319, 2343-2344, 2384->2387, 2387->2390, 2390->2393, 2429-2435, 2438-2445, 2448-2453
src/iris_memory_core/storage/migrations.py                        246     14     70      8    92%   217, 236, 253, 261->282, 266-271, 282->335, 341, 346-349, 585->587, 635-636
src/iris_memory_core/storage/persona.py                           152     18     44     15    83%   39, 183-184, 190, 198, 209-211, 217-219, 259, 274, 327, 374, 407, 444, 479, 485, 540->538
src/iris_memory_core/storage/plans.py                             533     47     90     17    89%   84->87, 133, 140, 227, 277-278, 378-379, 409->413, 413->422, 423-424, 476-483, 712-715, 742-745, 789, 814, 862-863, 980->984, 1055, 1085-1086, 1204-1208, 1269-1270, 1352-1359, 1386, 1429-1430, 1504->1507, 1549->1552, 1609-1613, 1659-1665, 1774, 1829-1830, 1934-1935, 1989
src/iris_memory_core/storage/projection.py                        315     52     78     16    81%   48-49, 52, 58-59, 61, 64->63, 101, 114-118, 165, 169-173, 194-219, 298, 303, 423, 428->437, 432, 464-468, 498, 510-514, 642-647, 671, 680-685, 693-698, 718, 870->879, 874, 908
src/iris_memory_core/storage/reflection.py                        192     17     22      7    89%   40, 99-104, 123-141, 217, 232, 381, 502-509, 552, 584, 594-599, 701-702, 797
src/iris_memory_core/storage/repositories.py                      428     29     62     10    91%   122, 441, 490, 531, 534, 600, 803, 893, 960, 1064, 1111-1112, 1124-1127, 1156-1159, 1211, 1307-1309, 1578-1587
src/iris_memory_core/storage/spine.py                             393     23     66     12    92%   163->166, 166->169, 172->179, 238-242, 307-315, 390, 437, 473-474, 547, 577->569, 739->742, 916-917, 964-965, 1026-1027, 1040-1046, 1127, 1143, 1188-1189, 1230->1222, 1312-1317
src/iris_memory_core/storage/uow.py                               298     22     38      7    89%   91, 596, 624->626, 631->633, 636->exit, 667->670, 711-713, 743-751, 757->exit, 761-770
src/iris_memory_core/storage/vector.py                            167      6     38      7    94%   116, 146, 331, 549, 554->563, 558, 603
-----------------------------------------------------------------------------------------------------------
TOTAL                                                           30551   3317   9998   2170    86%

47 files skipped due to complete coverage.
Required test coverage of 80% reached. Total coverage: 85.58%
================ 14795 passed, 2 warnings in 1181.16s (0:19:41) ================
npm test --prefix sdk/typescript

> @iris-memory/sdk@0.11.2 test
> npm run build && node --test dist/test/*.test.js


> @iris-memory/sdk@0.11.2 build
> tsc --project tsconfig.json

✔ parseEventStream retains cursor and forward fields (0.435583ms)
✔ adapter-facing reads propagate AbortSignal and authentication (10.697291ms)
✔ events sends Last-Event-ID and parses a finite SSE poll (0.559792ms)
✔ events rejects invalid saved checkpoints before transport (0.2735ms)
✔ events rejects an HTTP error instead of treating it as an empty poll (0.211417ms)
✔ TypeScript SDK matches the shared fixture manifest (28.765917ms)
✔ Phase 10 management requests carry Bearer and idempotency headers (10.918791ms)
✔ noteAction carries the lease proof on the wire (2.055333ms)
✔ task and step transitions carry the lease proof on the wire (0.545458ms)
✔ ackCognitiveEvent carries the lease proof on the wire (0.27575ms)
✔ rememberClaim carries the lease proof on the wire (0.347667ms)
✔ correctClaim carries the lease proof on the wire (0.237084ms)
✔ forgetMemory carries the lease proof on the wire (0.289584ms)
✔ createArtifact carries the lease proof on the wire (0.295167ms)
✔ transitionEpisode carries target and the lease proof on the wire (0.290708ms)
✔ recall posts the full request scope on the wire (0.373125ms)
✔ reportRecallUsage posts stage ids and idempotency key (0.232917ms)
✔ search posts query and scope on the wire (0.485125ms)
✔ persona mutations carry idempotency keys and exact resource paths (0.944875ms)
ℹ tests 19
ℹ suites 0
ℹ pass 19
ℹ fail 0
ℹ cancelled 0
ℹ skipped 0
ℹ todo 0
ℹ duration_ms 66.193792
npm run check --prefix web/console

> @iris-memory/console@0.1.0 check
> npm run types:check && npm run lint && npm run typecheck && npm test && npm run build


> @iris-memory/console@0.1.0 types:check
> node scripts/check-types.mjs && node scripts/generate-protocol.mjs --check

Published Console type generation is deterministic.

> @iris-memory/console@0.1.0 lint
> eslint . --max-warnings 0


> @iris-memory/console@0.1.0 typecheck
> tsc --noEmit


> @iris-memory/console@0.1.0 test
> vitest run


 RUN  v3.2.4 /Users/cassia/Local/Code/iris_memory_core/web/console

 ✓ tests/client.test.ts (16 tests) 14ms
 ✓ tests/workflows.test.tsx (13 tests) 194ms

 Test Files  2 passed (2)
      Tests  29 passed (29)
   Start at  03:50:39
   Duration  769ms (transform 114ms, setup 0ms, collect 242ms, tests 208ms, environment 474ms, prepare 68ms)


> @iris-memory/console@0.1.0 build
> tsc --noEmit && vite build && node scripts/check-build.mjs

vite v7.1.4 building for production...
transforming...
node_modules/react-router/dist/development/index.mjs (11:0): Module level directives cause errors when bundled, "use client" in "node_modules/react-router/dist/development/index.mjs" was ignored.
node_modules/react-router/dist/development/dom-export.mjs (1:0): Module level directives cause errors when bundled, "use client" in "node_modules/react-router/dist/development/dom-export.mjs" was ignored.
✓ 56 modules transformed.
rendering chunks...
computing gzip size...
dist/index.html                   0.44 kB │ gzip:  0.32 kB
dist/assets/index-DsQ9LCF9.css    6.82 kB │ gzip:  2.27 kB
dist/assets/index-seQyvNg8.js   309.72 kB │ gzip: 97.74 kB
✓ built in 414ms
Production assets: same-origin, no mock, no inline entry, no eval, allowed suffixes.
npm run test:browser --prefix web/console

> @iris-memory/console@0.1.0 test:browser
> playwright test

(node:66451) [DEP0205] DeprecationWarning: `module.register()` is deprecated. Use `module.registerHooks()` instead.
(Use `node --trace-deprecation ...` to show where the warning was created)
[WebServer] INFO:     Started server process [66454]
[WebServer] INFO:     Waiting for application startup.
[WebServer] INFO:     Application startup complete.
[WebServer] INFO:     Uvicorn running on http://127.0.0.1:8766 (Press CTRL+C to quit)
[WebServer] {"duration_ms": 50.06549999961862, "event": "console.request", "id_hash": "h_77f09bac4610", "status": "200"}

Running 21 tests using 1 worker

(node:66468) Warning: The 'NO_COLOR' env is ignored due to the 'FORCE_COLOR' env being set.
(Use `node --trace-warnings ...` to show where the warning was created)
(node:66468) [DEP0205] DeprecationWarning: `module.register()` is deprecated. Use `module.registerHooks()` instead.
(node:66468) Warning: The 'NO_COLOR' env is ignored due to the 'FORCE_COLOR' env being set.
(Use `node --trace-warnings ...` to show where the warning was created)
[WebServer] {"duration_ms": 1.4874589978717268, "event": "console.request", "id_hash": "h_30c0d7c1b1af", "status": "200"}
[WebServer] {"duration_ms": 1.84395800170023, "event": "console.request", "id_hash": "h_fd5a8b4f759c", "status": "200"}
[WebServer] {"duration_ms": 1.6618330009805504, "event": "console.request", "id_hash": "h_bee667300a78", "status": "200"}
[WebServer] {"duration_ms": 7.1326249999401625, "event": "console.request", "id_hash": "h_ee7aace41eaa", "status": "401"}
[WebServer] {"duration_ms": 102.63612500057206, "event": "console.request", "id_hash": "h_aa83dab1ea6d", "status": "200"}
[WebServer] {"duration_ms": 6.434750001062639, "event": "console.request", "id_hash": "h_d02235cab3bb", "status": "200"}
[WebServer] {"duration_ms": 5.643542001052992, "event": "console.request", "id_hash": "h_3dbd282d8b04", "status": "200"}
[WebServer] {"duration_ms": 7.281542002601782, "event": "console.request", "id_hash": "h_7e49e0205041", "status": "403"}
[WebServer] {"duration_ms": 7.786583002598491, "event": "console.request", "id_hash": "h_f96ea789ed6c", "status": "200"}
[WebServer] {"duration_ms": 16.465958000480896, "event": "console.request", "id_hash": "h_2911640e608a", "status": "202"}
[WebServer] {"duration_ms": 4.4230000021343585, "event": "console.request", "id_hash": "h_ef7389656e50", "status": "200"}
[WebServer] {"duration_ms": 14.274417000706308, "event": "console.request", "id_hash": "h_0636e1725a30", "status": "200"}
[WebServer] {"duration_ms": 1.9929580012103543, "event": "console.request", "id_hash": "h_9e6a9285d1c4", "status": "200"}
[WebServer] {"duration_ms": 2.4704169991309755, "event": "console.request", "id_hash": "h_dceee4ff24ad", "status": "200"}
[WebServer] {"duration_ms": 1.7786250027711503, "event": "console.request", "id_hash": "h_e0c4751c33dc", "status": "200"}
[WebServer] {"duration_ms": 4.391916001623031, "event": "console.request", "id_hash": "h_c7c5de1a5d03", "status": "200"}
[WebServer] {"duration_ms": 6.590832999791019, "event": "console.request", "id_hash": "h_6230ce7b569c", "status": "200"}
[WebServer] {"duration_ms": 5.522082999959821, "event": "console.request", "id_hash": "h_4a8bd7f29351", "status": "200"}
  ✓   1 tests/browser/backup.spec.ts:6:1 › real backup acceptance, reauthentication and independent fenced worker (1.9s)
[WebServer] {"duration_ms": 0.9411670034751296, "event": "console.request", "id_hash": "h_2a109aa964a6", "status": "200"}
[WebServer] {"duration_ms": 2.166875001421431, "event": "console.request", "id_hash": "h_b134565c9de7", "status": "200"}
[WebServer] {"duration_ms": 1.6284580015053507, "event": "console.request", "id_hash": "h_b708b6456521", "status": "200"}
[WebServer] {"duration_ms": 3.490749997581588, "event": "console.request", "id_hash": "h_c944dd222142", "status": "401"}
[WebServer] {"duration_ms": 102.41087500253343, "event": "console.request", "id_hash": "h_0d6225b06039", "status": "200"}
[WebServer] {"duration_ms": 7.069916999171255, "event": "console.request", "id_hash": "h_d8379cd2293b", "status": "200"}
[WebServer] {"duration_ms": 37.29233400008525, "event": "console.request", "id_hash": "h_0f15e6273f05", "status": "200"}
[WebServer] {"duration_ms": 6.39045799835003, "event": "console.request", "id_hash": "h_fb7981731db7", "status": "200"}
[WebServer] {"duration_ms": 7.2507500008214265, "event": "console.request", "id_hash": "h_0314f612e237", "status": "200"}
[WebServer] {"duration_ms": 13.62808399790083, "event": "console.request", "id_hash": "h_b52bc3217533", "status": "200"}
[WebServer] {"duration_ms": 2.174166002077982, "event": "console.request", "id_hash": "h_1d2dadb0b62d", "status": "200"}
[WebServer] {"duration_ms": 11.021291000361089, "event": "console.request", "id_hash": "h_3dc941951053", "status": "200"}
[WebServer] {"duration_ms": 1.4245830025174655, "event": "console.request", "id_hash": "h_406b9200d282", "status": "200"}
[WebServer] {"duration_ms": 2.5324589987576474, "event": "console.request", "id_hash": "h_c4532dc88c96", "status": "200"}
[WebServer] {"duration_ms": 4.184834000625415, "event": "console.request", "id_hash": "h_5a9da3f9c586", "status": "200"}
[WebServer] {"duration_ms": 5.786000001535285, "event": "console.request", "id_hash": "h_db9b452f8c41", "status": "200"}
[WebServer] {"duration_ms": 49.67491599745699, "event": "console.request", "id_hash": "h_97487ab590f4", "status": "200"}
[WebServer] {"duration_ms": 12.146541997935856, "event": "console.request", "id_hash": "h_52a610a2106f", "status": "200"}
[WebServer] {"duration_ms": 14.613124996685656, "event": "console.request", "id_hash": "h_907ff2565fea", "status": "200"}
  ✓   2 tests/browser/console.spec.ts:7:1 › real memory registry, canonical list, detail and history (1.1s)
[WebServer] {"duration_ms": 0.8658749975438695, "event": "console.request", "id_hash": "h_6b95c73c4188", "status": "200"}
[WebServer] {"duration_ms": 1.4861659983580466, "event": "console.request", "id_hash": "h_f106f6584b78", "status": "200"}
[WebServer] {"duration_ms": 1.0569589976512361, "event": "console.request", "id_hash": "h_257195254b99", "status": "200"}
[WebServer] {"duration_ms": 3.7060409995319787, "event": "console.request", "id_hash": "h_4fd836da3da8", "status": "401"}
[WebServer] {"duration_ms": 101.14824999982375, "event": "console.request", "id_hash": "h_d35fddadcd02", "status": "200"}
[WebServer] {"duration_ms": 6.257667002500966, "event": "console.request", "id_hash": "h_aaa08255d322", "status": "200"}
[WebServer] {"duration_ms": 35.347666998859495, "event": "console.request", "id_hash": "h_ae8d60ad9988", "status": "200"}
[WebServer] {"duration_ms": 5.726333001803141, "event": "console.request", "id_hash": "h_a6920197b2ef", "status": "200"}
[WebServer] {"duration_ms": 28.778207997675054, "event": "console.request", "id_hash": "h_6bc0b3abf994", "status": "200"}
[WebServer] {"duration_ms": 29.209042000729823, "event": "console.request", "id_hash": "h_3cc704972aff", "status": "200"}
[WebServer] {"duration_ms": 30.117708000034327, "event": "console.request", "id_hash": "h_0385d951de31", "status": "200"}
[WebServer] {"duration_ms": 31.480874997214414, "event": "console.request", "id_hash": "h_de0ac3fbdfb9", "status": "200"}
[WebServer] {"duration_ms": 22.05837499786867, "event": "console.request", "id_hash": "h_565167036d0d", "status": "201"}
[WebServer] {"duration_ms": 5.622624998068204, "event": "console.request", "id_hash": "h_28942d55538c", "status": "200"}
[WebServer] {"duration_ms": 9.373542001412716, "event": "console.request", "id_hash": "h_11a76a2b30cd", "status": "200"}
[WebServer] {"duration_ms": 1.4313749998109415, "event": "console.request", "id_hash": "h_7758eb29e30b", "status": "200"}
[WebServer] {"duration_ms": 1.2050000004819594, "event": "console.request", "id_hash": "h_733364aab8da", "status": "200"}
[WebServer] {"duration_ms": 2.2326670004986227, "event": "console.request", "id_hash": "h_f6816ef27303", "status": "200"}
[WebServer] {"duration_ms": 3.5207079999963753, "event": "console.request", "id_hash": "h_38f14e4cabbf", "status": "200"}
[WebServer] {"duration_ms": 5.5918750003911555, "event": "console.request", "id_hash": "h_373d24874aaf", "status": "200"}
[WebServer] {"duration_ms": 30.983750002633315, "event": "console.request", "id_hash": "h_d12bc7facdc7", "status": "200"}
[WebServer] {"duration_ms": 13.524875001166947, "event": "console.request", "id_hash": "h_eb27ad9aad9b", "status": "200"}
[WebServer] {"duration_ms": 14.003874999616528, "event": "console.request", "id_hash": "h_dba5e24cb73c", "status": "200"}
[WebServer] {"duration_ms": 22.497333997307578, "event": "console.request", "id_hash": "h_9bd997bbcbe6", "status": "200"}
[WebServer] {"duration_ms": 7.9344580008182675, "event": "console.request", "id_hash": "h_4fe8af97ff8d", "status": "200"}
[WebServer] {"duration_ms": 12.771541998517932, "event": "console.request", "id_hash": "h_c3da3649eb53", "status": "200"}
[WebServer] {"duration_ms": 23.964042000443442, "event": "console.request", "id_hash": "h_af1a8163c73c", "status": "200"}
[WebServer] {"duration_ms": 15.607749999617226, "event": "console.request", "id_hash": "h_0ff4637432ff", "status": "200"}
[WebServer] {"duration_ms": 19.707999999809545, "event": "console.request", "id_hash": "h_b42151743712", "status": "200"}
[WebServer] {"duration_ms": 1.3863330023013987, "event": "console.request", "id_hash": "h_0863e0d40cff", "status": "200"}
[WebServer] {"duration_ms": 2.302542001416441, "event": "console.request", "id_hash": "h_e752ca6cc02b", "status": "200"}
[WebServer] {"duration_ms": 1.584333000209881, "event": "console.request", "id_hash": "h_e29e4dcc4240", "status": "200"}
[WebServer] {"duration_ms": 3.096209002251271, "event": "console.request", "id_hash": "h_8bfd85aec9be", "status": "200"}
[WebServer] {"duration_ms": 5.418749999080319, "event": "console.request", "id_hash": "h_128e30dc6e97", "status": "200"}
[WebServer] {"duration_ms": 29.991292001795955, "event": "console.request", "id_hash": "h_f39ac8233a35", "status": "200"}
[WebServer] {"duration_ms": 11.562083000171697, "event": "console.request", "id_hash": "h_674791aa10b1", "status": "200"}
[WebServer] {"duration_ms": 13.830832998792175, "event": "console.request", "id_hash": "h_5c9948d36477", "status": "200"}
[WebServer] {"duration_ms": 5.850875000760425, "event": "console.request", "id_hash": "h_381d69f044a5", "status": "200"}
[WebServer] {"duration_ms": 23.186333000921877, "event": "console.request", "id_hash": "h_d15937ad47c3", "status": "200"}
[WebServer] {"duration_ms": 34.15750000203843, "event": "console.request", "id_hash": "h_9a3bc1b0b49e", "status": "200"}
[WebServer] {"duration_ms": 34.368749998975545, "event": "console.request", "id_hash": "h_0f7118ec4a71", "status": "200"}
[WebServer] {"duration_ms": 34.605124998051906, "event": "console.request", "id_hash": "h_8fddbc35f02b", "status": "200"}
[WebServer] {"duration_ms": 19.122333000268554, "event": "console.request", "id_hash": "h_b8c863ff3c26", "status": "201"}
[WebServer] {"duration_ms": 4.533041999820853, "event": "console.request", "id_hash": "h_1d36a3e68072", "status": "200"}
[WebServer] {"duration_ms": 9.364000001369277, "event": "console.request", "id_hash": "h_73c0c7e9f8db", "status": "200"}
[WebServer] {"duration_ms": 23.53916599895456, "event": "console.request", "id_hash": "h_4cbf43ce35d3", "status": "200"}
[WebServer] {"duration_ms": 1.4167080007609911, "event": "console.request", "id_hash": "h_7ff063fd5088", "status": "200"}
[WebServer] {"duration_ms": 1.5904579995549284, "event": "console.request", "id_hash": "h_df76d3463d58", "status": "200"}
[WebServer] {"duration_ms": 2.0647499986807816, "event": "console.request", "id_hash": "h_f1124a827177", "status": "200"}
[WebServer] {"duration_ms": 16.196749998925952, "event": "console.request", "id_hash": "h_00ee9233d63f", "status": "200"}
[WebServer] {"duration_ms": 19.76204200036591, "event": "console.request", "id_hash": "h_98efa2d118b3", "status": "200"}
[WebServer] {"duration_ms": 3.210416998626897, "event": "console.request", "id_hash": "h_9217809d5f88", "status": "200"}
[WebServer] {"duration_ms": 4.820375001145294, "event": "console.request", "id_hash": "h_5f3c8a7ce851", "status": "200"}
[WebServer] {"duration_ms": 30.08224999939557, "event": "console.request", "id_hash": "h_2669478ec402", "status": "200"}
[WebServer] {"duration_ms": 11.694791999616427, "event": "console.request", "id_hash": "h_076739f3a29f", "status": "200"}
[WebServer] {"duration_ms": 13.4974169995985, "event": "console.request", "id_hash": "h_de28267512f4", "status": "200"}
[WebServer] {"duration_ms": 0.9364999968966004, "event": "console.request", "id_hash": "h_9b9948dae61f", "status": "200"}
[WebServer] {"duration_ms": 1.5437090005434584, "event": "console.request", "id_hash": "h_11e674ba1815", "status": "200"}
[WebServer] {"duration_ms": 1.214208998135291, "event": "console.request", "id_hash": "h_37eedff146d4", "status": "200"}
[WebServer] {"duration_ms": 2.8073749999748543, "event": "console.request", "id_hash": "h_46a7ff74f740", "status": "200"}
[WebServer] {"duration_ms": 4.672374998335727, "event": "console.request", "id_hash": "h_60cad6916349", "status": "200"}
[WebServer] {"duration_ms": 30.397165999602294, "event": "console.request", "id_hash": "h_49c6e381a7e4", "status": "200"}
[WebServer] {"duration_ms": 8.181832999980543, "event": "console.request", "id_hash": "h_74068503b24a", "status": "200"}
[WebServer] {"duration_ms": 12.694292003288865, "event": "console.request", "id_hash": "h_5db488bb58da", "status": "200"}
[WebServer] {"duration_ms": 1.0415420001663733, "event": "console.request", "id_hash": "h_7229fd44c210", "status": "200"}
[WebServer] {"duration_ms": 1.6059580011642538, "event": "console.request", "id_hash": "h_f7b77a66e97c", "status": "200"}
[WebServer] {"duration_ms": 1.2652080004045274, "event": "console.request", "id_hash": "h_732bf301a2ae", "status": "200"}
[WebServer] {"duration_ms": 2.6208749986835755, "event": "console.request", "id_hash": "h_732cb4036eaf", "status": "200"}
[WebServer] {"duration_ms": 5.228500001976499, "event": "console.request", "id_hash": "h_a978873cf921", "status": "200"}
[WebServer] {"duration_ms": 28.713583000353537, "event": "console.request", "id_hash": "h_43dd40ba47bf", "status": "200"}
[WebServer] {"duration_ms": 11.253708998992806, "event": "console.request", "id_hash": "h_5c8ccd2cdc65", "status": "200"}
[WebServer] {"duration_ms": 13.41474999935599, "event": "console.request", "id_hash": "h_0d1d241f7f42", "status": "200"}
[WebServer] {"duration_ms": 0.8557500004826579, "event": "console.request", "id_hash": "h_8cec8fc0d395", "status": "200"}
[WebServer] {"duration_ms": 1.1229160008952022, "event": "console.request", "id_hash": "h_925287fc5478", "status": "200"}
[WebServer] {"duration_ms": 1.5232079967972822, "event": "console.request", "id_hash": "h_b50c2bbec0ad", "status": "200"}
[WebServer] {"duration_ms": 3.730582997377496, "event": "console.request", "id_hash": "h_4462aa64bd28", "status": "200"}
[WebServer] {"duration_ms": 4.571166999085108, "event": "console.request", "id_hash": "h_de5b53bd5f07", "status": "200"}
[WebServer] {"duration_ms": 30.789958000241313, "event": "console.request", "id_hash": "h_496e6b3035fb", "status": "200"}
[WebServer] {"duration_ms": 4.625041998224333, "event": "console.request", "id_hash": "h_4b89f988ac0b", "status": "200"}
[WebServer] {"duration_ms": 43.95512499831966, "event": "console.request", "id_hash": "h_22f198b08319", "status": "200"}
[WebServer] {"duration_ms": 44.44925000279909, "event": "console.request", "id_hash": "h_9f3b0288241e", "status": "200"}
[WebServer] {"duration_ms": 45.57945799751906, "event": "console.request", "id_hash": "h_4cf470af48ec", "status": "200"}
[WebServer] {"duration_ms": 44.59979199964437, "event": "console.request", "id_hash": "h_a6cf4c28e32f", "status": "200"}
[WebServer] {"duration_ms": 44.97820799952024, "event": "console.request", "id_hash": "h_bc30fac7a482", "status": "200"}
[WebServer] {"duration_ms": 21.38554199700593, "event": "console.request", "id_hash": "h_d67cdd73d5a9", "status": "201"}
[WebServer] {"duration_ms": 1.3474170009430964, "event": "console.request", "id_hash": "h_0fcaeae71975", "status": "200"}
[WebServer] {"duration_ms": 7.4039589999301825, "event": "console.request", "id_hash": "h_35e5cf9ec518", "status": "200"}
[WebServer] {"duration_ms": 0.8409580004808959, "event": "console.request", "id_hash": "h_c8759bc6e927", "status": "200"}
[WebServer] {"duration_ms": 1.5437920010299422, "event": "console.request", "id_hash": "h_f417e00c9ae7", "status": "200"}
[WebServer] {"duration_ms": 2.6506249996600673, "event": "console.request", "id_hash": "h_0f5eb0e304cf", "status": "200"}
[WebServer] {"duration_ms": 5.492083000717685, "event": "console.request", "id_hash": "h_6b39ed525b07", "status": "200"}
[WebServer] {"duration_ms": 29.703583000809886, "event": "console.request", "id_hash": "h_4826514bfda6", "status": "200"}
[WebServer] {"duration_ms": 8.075707999523729, "event": "console.request", "id_hash": "h_224ffefb34d1", "status": "200"}
[WebServer] {"duration_ms": 13.339875000383472, "event": "console.request", "id_hash": "h_67c48f03fa17", "status": "200"}
[WebServer] {"duration_ms": 23.21312500134809, "event": "console.request", "id_hash": "h_827ba05ea239", "status": "200"}
[WebServer] {"duration_ms": 1.3332500020624138, "event": "console.request", "id_hash": "h_38cfabc127df", "status": "200"}
[WebServer] {"duration_ms": 1.9852080004056916, "event": "console.request", "id_hash": "h_1ffdfed60da6", "status": "200"}
[WebServer] {"duration_ms": 2.0517080010904465, "event": "console.request", "id_hash": "h_41601a650340", "status": "200"}
[WebServer] {"duration_ms": 13.601749997178558, "event": "console.request", "id_hash": "h_a5d75ba5f24a", "status": "200"}
[WebServer] {"duration_ms": 17.773083000065526, "event": "console.request", "id_hash": "h_10202a2a5dee", "status": "200"}
[WebServer] {"duration_ms": 2.9077920007694047, "event": "console.request", "id_hash": "h_74ac6b284c0e", "status": "200"}
[WebServer] {"duration_ms": 5.137666998052737, "event": "console.request", "id_hash": "h_6f42a6e9829e", "status": "200"}
[WebServer] {"duration_ms": 44.49824999755947, "event": "console.request", "id_hash": "h_ce67645a7f1f", "status": "200"}
[WebServer] {"duration_ms": 12.12775000021793, "event": "console.request", "id_hash": "h_eb80c55fb5f7", "status": "200"}
[WebServer] {"duration_ms": 15.055374999064952, "event": "console.request", "id_hash": "h_e9f4a0bdc19d", "status": "200"}
[WebServer] {"duration_ms": 22.904041998117464, "event": "console.request", "id_hash": "h_9c7cc470ddd9", "status": "200"}
[WebServer] {"duration_ms": 1.5692910019424744, "event": "console.request", "id_hash": "h_d89b063692fa", "status": "200"}
[WebServer] {"duration_ms": 2.723000001424225, "event": "console.request", "id_hash": "h_c7433c0856ec", "status": "200"}
[WebServer] {"duration_ms": 1.5959999982442241, "event": "console.request", "id_hash": "h_db546695cb8c", "status": "200"}
[WebServer] {"duration_ms": 13.775707997410791, "event": "console.request", "id_hash": "h_a09a2038e077", "status": "200"}
[WebServer] {"duration_ms": 23.810708000382874, "event": "console.request", "id_hash": "h_f5f999e6b892", "status": "200"}
[WebServer] {"duration_ms": 7.141291000152705, "event": "console.request", "id_hash": "h_8373f40dab0b", "status": "200"}
[WebServer] {"duration_ms": 4.946542001562193, "event": "console.request", "id_hash": "h_cdaadf3c8e44", "status": "200"}
[WebServer] {"duration_ms": 29.193124999437714, "event": "console.request", "id_hash": "h_e79179aaf79b", "status": "200"}
[WebServer] {"duration_ms": 12.89474999794038, "event": "console.request", "id_hash": "h_ef8b986bb0f7", "status": "200"}
[WebServer] {"duration_ms": 14.993875000072876, "event": "console.request", "id_hash": "h_6d0402099fe9", "status": "200"}
[WebServer] {"duration_ms": 24.02549999897019, "event": "console.request", "id_hash": "h_2e595e7ef74d", "status": "200"}
[WebServer] {"duration_ms": 1.7799159977585077, "event": "console.request", "id_hash": "h_216830a51020", "status": "200"}
[WebServer] {"duration_ms": 1.9150829975842498, "event": "console.request", "id_hash": "h_d9966a389c0e", "status": "200"}
[WebServer] {"duration_ms": 1.3832909971824847, "event": "console.request", "id_hash": "h_9a21004525ae", "status": "200"}
[WebServer] {"duration_ms": 13.731166000070516, "event": "console.request", "id_hash": "h_ac301bbb5b6a", "status": "200"}
[WebServer] {"duration_ms": 5.641166000714293, "event": "console.request", "id_hash": "h_47d37209cdbf", "status": "200"}
[WebServer] {"duration_ms": 23.060916999384062, "event": "console.request", "id_hash": "h_025aa8700912", "status": "200"}
[WebServer] {"duration_ms": 4.628416998457396, "event": "console.request", "id_hash": "h_a881213ad3d5", "status": "200"}
[WebServer] {"duration_ms": 29.33070799917914, "event": "console.request", "id_hash": "h_c44259236c65", "status": "200"}
[WebServer] {"duration_ms": 12.335166000411846, "event": "console.request", "id_hash": "h_936f4773f655", "status": "200"}
[WebServer] {"duration_ms": 16.79104199865833, "event": "console.request", "id_hash": "h_d28d6fd47cbd", "status": "200"}
[WebServer] {"duration_ms": 6.704040999466088, "event": "console.request", "id_hash": "h_8725b1173d53", "status": "200"}
[WebServer] {"duration_ms": 2.107166001223959, "event": "console.request", "id_hash": "h_d56c4bb624f7", "status": "200"}
[WebServer] {"duration_ms": 1.8378329987172037, "event": "console.request", "id_hash": "h_dc438a5d6777", "status": "200"}
[WebServer] {"duration_ms": 2.242000002297573, "event": "console.request", "id_hash": "h_4094d1ee3e0d", "status": "200"}
[WebServer] {"duration_ms": 4.083374999027001, "event": "console.request", "id_hash": "h_440dbdc71199", "status": "200"}
[WebServer] {"duration_ms": 5.3910829992673825, "event": "console.request", "id_hash": "h_dcf3656afc7d", "status": "200"}
[WebServer] {"duration_ms": 33.465167001850205, "event": "console.request", "id_hash": "h_37912d281076", "status": "200"}
[WebServer] {"duration_ms": 4.6892909995222, "event": "console.request", "id_hash": "h_a57a447fe464", "status": "200"}
[WebServer] {"duration_ms": 27.3791670006176, "event": "console.request", "id_hash": "h_56ea4c15400c", "status": "200"}
[WebServer] {"duration_ms": 27.613375001237728, "event": "console.request", "id_hash": "h_354922073d16", "status": "200"}
[WebServer] {"duration_ms": 28.455624997150153, "event": "console.request", "id_hash": "h_6c8e7b08e893", "status": "200"}
[WebServer] {"duration_ms": 29.35641700241831, "event": "console.request", "id_hash": "h_a8b672a4e386", "status": "200"}
[WebServer] {"duration_ms": 22.88291699733236, "event": "console.request", "id_hash": "h_0c93aa3d58c6", "status": "201"}
[WebServer] {"duration_ms": 1.2100000021746382, "event": "console.request", "id_hash": "h_02e29c1c0a8b", "status": "200"}
[WebServer] {"duration_ms": 8.011458998225862, "event": "console.request", "id_hash": "h_a2ba191fcdd3", "status": "200"}
[WebServer] {"duration_ms": 1.35845899785636, "event": "console.request", "id_hash": "h_307cc2c80793", "status": "200"}
[WebServer] {"duration_ms": 1.3782919995719567, "event": "console.request", "id_hash": "h_d33399b58567", "status": "200"}
[WebServer] {"duration_ms": 3.0265419991337694, "event": "console.request", "id_hash": "h_1e7723fb7b6c", "status": "200"}
[WebServer] {"duration_ms": 5.304541999066714, "event": "console.request", "id_hash": "h_c9efbbab121d", "status": "200"}
[WebServer] {"duration_ms": 30.140833001496503, "event": "console.request", "id_hash": "h_56c4318e460d", "status": "200"}
[WebServer] {"duration_ms": 12.598749999597203, "event": "console.request", "id_hash": "h_f070a42dbd95", "status": "200"}
[WebServer] {"duration_ms": 15.101332999620354, "event": "console.request", "id_hash": "h_0b7f8c4d6d0e", "status": "200"}
[WebServer] {"duration_ms": 21.622874999593478, "event": "console.request", "id_hash": "h_fd8073b52d01", "status": "200"}
[WebServer] {"duration_ms": 1.225082996825222, "event": "console.request", "id_hash": "h_c0fc8414a050", "status": "200"}
[WebServer] {"duration_ms": 1.6338330024154857, "event": "console.request", "id_hash": "h_f1eb242677af", "status": "200"}
[WebServer] {"duration_ms": 1.212874998600455, "event": "console.request", "id_hash": "h_b6d540607b0a", "status": "200"}
[WebServer] {"duration_ms": 13.947332998213824, "event": "console.request", "id_hash": "h_d9898828f716", "status": "200"}
[WebServer] {"duration_ms": 5.157625000720145, "event": "console.request", "id_hash": "h_52c9c4d7180d", "status": "200"}
[WebServer] {"duration_ms": 21.445458998641698, "event": "console.request", "id_hash": "h_95d749473fe7", "status": "200"}
[WebServer] {"duration_ms": 4.9728340018191375, "event": "console.request", "id_hash": "h_1338c8734501", "status": "200"}
[WebServer] {"duration_ms": 30.565707998903235, "event": "console.request", "id_hash": "h_168a80f90344", "status": "200"}
[WebServer] {"duration_ms": 9.411125000042375, "event": "console.request", "id_hash": "h_8e0daf679431", "status": "200"}
[WebServer] {"duration_ms": 16.843541998241562, "event": "console.request", "id_hash": "h_b68552abb403", "status": "200"}
[WebServer] {"duration_ms": 22.95787500042934, "event": "console.request", "id_hash": "h_fb4feb74e230", "status": "200"}
[WebServer] {"duration_ms": 1.1069590000261087, "event": "console.request", "id_hash": "h_83c303ec59ba", "status": "200"}
[WebServer] {"duration_ms": 1.9659999998111743, "event": "console.request", "id_hash": "h_16ba1d0777dd", "status": "200"}
[WebServer] {"duration_ms": 1.4979590014263522, "event": "console.request", "id_hash": "h_405a7afdbee8", "status": "200"}
[WebServer] {"duration_ms": 13.517250001314096, "event": "console.request", "id_hash": "h_3fad72717fd2", "status": "200"}
[WebServer] {"duration_ms": 17.95066699924064, "event": "console.request", "id_hash": "h_eda9de533a6f", "status": "200"}
[WebServer] {"duration_ms": 2.8104999983042944, "event": "console.request", "id_hash": "h_33870292a9a6", "status": "200"}
[WebServer] {"duration_ms": 4.843874998186948, "event": "console.request", "id_hash": "h_35804b984636", "status": "200"}
[WebServer] {"duration_ms": 30.39849999913713, "event": "console.request", "id_hash": "h_5b192aad2a4c", "status": "200"}
[WebServer] {"duration_ms": 12.329957997280871, "event": "console.request", "id_hash": "h_534796ba169a", "status": "200"}
[WebServer] {"duration_ms": 14.5216659984726, "event": "console.request", "id_hash": "h_6e61f9ae73d8", "status": "200"}
[WebServer] {"duration_ms": 22.63091699933284, "event": "console.request", "id_hash": "h_6b91f3daee4a", "status": "200"}
[WebServer] {"duration_ms": 1.1570419992494863, "event": "console.request", "id_hash": "h_d671f2719a27", "status": "200"}
[WebServer] {"duration_ms": 2.0889590014121495, "event": "console.request", "id_hash": "h_339edb8f7ca7", "status": "200"}
[WebServer] {"duration_ms": 1.4909590026945807, "event": "console.request", "id_hash": "h_e372fcf2e1f8", "status": "200"}
[WebServer] {"duration_ms": 15.571416999591747, "event": "console.request", "id_hash": "h_93ca7fb16f6e", "status": "200"}
[WebServer] {"duration_ms": 18.819875000190223, "event": "console.request", "id_hash": "h_87a601b16ae4", "status": "200"}
[WebServer] {"duration_ms": 4.209415998047916, "event": "console.request", "id_hash": "h_3a354ee85b53", "status": "200"}
[WebServer] {"duration_ms": 4.825500000151806, "event": "console.request", "id_hash": "h_83a82b0bff65", "status": "200"}
[WebServer] {"duration_ms": 29.687875001400243, "event": "console.request", "id_hash": "h_0c6a6597bc1c", "status": "200"}
[WebServer] {"duration_ms": 13.761457998043625, "event": "console.request", "id_hash": "h_26d133befb1c", "status": "200"}
[WebServer] {"duration_ms": 13.834166999004083, "event": "console.request", "id_hash": "h_08a845a0633e", "status": "200"}
[WebServer] {"duration_ms": 6.000792000122601, "event": "console.request", "id_hash": "h_a83d243ff041", "status": "200"}
[WebServer] {"duration_ms": 1.5373749993159436, "event": "console.request", "id_hash": "h_9c8f1d9c1586", "status": "200"}
[WebServer] {"duration_ms": 1.6004579993023071, "event": "console.request", "id_hash": "h_0e38c54184aa", "status": "200"}
[WebServer] {"duration_ms": 2.6379169976280537, "event": "console.request", "id_hash": "h_7ad7acdc73fc", "status": "200"}
[WebServer] {"duration_ms": 3.93633299972862, "event": "console.request", "id_hash": "h_107884dedeab", "status": "200"}
[WebServer] {"duration_ms": 6.247666999115609, "event": "console.request", "id_hash": "h_0dbd714be7ec", "status": "200"}
[WebServer] {"duration_ms": 46.15162499976577, "event": "console.request", "id_hash": "h_c436496bfb49", "status": "200"}
[WebServer] {"duration_ms": 4.749125000671484, "event": "console.request", "id_hash": "h_ce790af6e0c6", "status": "200"}
[WebServer] {"duration_ms": 51.76683299941942, "event": "console.request", "id_hash": "h_0b0e9958b432", "status": "200"}
[WebServer] {"duration_ms": 51.864707998902304, "event": "console.request", "id_hash": "h_4d2433988854", "status": "200"}
[WebServer] {"duration_ms": 52.23183299676748, "event": "console.request", "id_hash": "h_e19fa2af5d8c", "status": "200"}
[WebServer] {"duration_ms": 54.28987500272342, "event": "console.request", "id_hash": "h_678bbfcbcab7", "status": "200"}
[WebServer] {"duration_ms": 55.85916700147209, "event": "console.request", "id_hash": "h_823d050fe63b", "status": "200"}
[WebServer] {"duration_ms": 54.65620899849455, "event": "console.request", "id_hash": "h_cc9529216073", "status": "200"}
[WebServer] {"duration_ms": 23.33583300060127, "event": "console.request", "id_hash": "h_65a27af4a4cb", "status": "201"}
[WebServer] {"duration_ms": 1.252333000593353, "event": "console.request", "id_hash": "h_ad15ff178f12", "status": "200"}
[WebServer] {"duration_ms": 8.304499999212567, "event": "console.request", "id_hash": "h_91f1755c7a83", "status": "200"}
[WebServer] {"duration_ms": 1.273916001082398, "event": "console.request", "id_hash": "h_3555b092fbec", "status": "200"}
[WebServer] {"duration_ms": 1.5509580007346813, "event": "console.request", "id_hash": "h_a08873d2448b", "status": "200"}
[WebServer] {"duration_ms": 2.7910420030821115, "event": "console.request", "id_hash": "h_03aa31504bf4", "status": "200"}
[WebServer] {"duration_ms": 5.863541002327111, "event": "console.request", "id_hash": "h_5512ec61f287", "status": "200"}
[WebServer] {"duration_ms": 30.33079099986935, "event": "console.request", "id_hash": "h_604156fef8df", "status": "200"}
[WebServer] {"duration_ms": 13.758499997493345, "event": "console.request", "id_hash": "h_1f03b5c6ee2f", "status": "200"}
[WebServer] {"duration_ms": 16.681124998285668, "event": "console.request", "id_hash": "h_95220a7ebc96", "status": "200"}
[WebServer] {"duration_ms": 7.567874999949709, "event": "console.request", "id_hash": "h_aa85414db00a", "status": "200"}
[WebServer] {"duration_ms": 9.489582997048274, "event": "console.request", "id_hash": "h_c7d0c9edfe49", "status": "200"}
[WebServer] {"duration_ms": 22.430125001847045, "event": "console.request", "id_hash": "h_a5747da16080", "status": "200"}
[WebServer] {"duration_ms": 1.0840420000022277, "event": "console.request", "id_hash": "h_85630535a8b7", "status": "200"}
[WebServer] {"duration_ms": 2.3162910001701675, "event": "console.request", "id_hash": "h_b2d696902012", "status": "200"}
[WebServer] {"duration_ms": 1.6992499986372422, "event": "console.request", "id_hash": "h_438e3ad94922", "status": "200"}
[WebServer] {"duration_ms": 17.287208000198007, "event": "console.request", "id_hash": "h_9c83c5298fb9", "status": "200"}
[WebServer] {"duration_ms": 6.2337919989658985, "event": "console.request", "id_hash": "h_8f6a30aa4e13", "status": "200"}
[WebServer] {"duration_ms": 23.76958300010301, "event": "console.request", "id_hash": "h_90a77c12659c", "status": "200"}
[WebServer] {"duration_ms": 4.461874999833526, "event": "console.request", "id_hash": "h_34b265b3237c", "status": "200"}
[WebServer] {"duration_ms": 30.053790997044416, "event": "console.request", "id_hash": "h_ec5350d93de4", "status": "200"}
[WebServer] {"duration_ms": 8.30645799942431, "event": "console.request", "id_hash": "h_5009c719cf24", "status": "200"}
[WebServer] {"duration_ms": 14.156374996673549, "event": "console.request", "id_hash": "h_050054bcf9a5", "status": "200"}
[WebServer] {"duration_ms": 25.06612499928451, "event": "console.request", "id_hash": "h_16c60a5a48ec", "status": "200"}
[WebServer] {"duration_ms": 1.5677079973102082, "event": "console.request", "id_hash": "h_f5fa9899b756", "status": "200"}
[WebServer] {"duration_ms": 1.880709001852665, "event": "console.request", "id_hash": "h_5293840d2ff1", "status": "200"}
[WebServer] {"duration_ms": 1.203457999508828, "event": "console.request", "id_hash": "h_9a0dc46e69df", "status": "200"}
[WebServer] {"duration_ms": 13.396000002103392, "event": "console.request", "id_hash": "h_67d4d3d34f52", "status": "200"}
[WebServer] {"duration_ms": 21.038000002590707, "event": "console.request", "id_hash": "h_1b643c4ed633", "status": "200"}
[WebServer] {"duration_ms": 5.7994579983642325, "event": "console.request", "id_hash": "h_cb4650a7bbc6", "status": "200"}
[WebServer] {"duration_ms": 4.493125001317821, "event": "console.request", "id_hash": "h_1bfb616384b9", "status": "200"}
[WebServer] {"duration_ms": 29.652541001269128, "event": "console.request", "id_hash": "h_65b7c4211506", "status": "200"}
[WebServer] {"duration_ms": 11.427875000663335, "event": "console.request", "id_hash": "h_0b8ef33e4b7f", "status": "200"}
[WebServer] {"duration_ms": 14.511000001220964, "event": "console.request", "id_hash": "h_d46779423173", "status": "200"}
[WebServer] {"duration_ms": 6.0814999997091945, "event": "console.request", "id_hash": "h_eff264a39015", "status": "200"}
[WebServer] {"duration_ms": 1.2631669997063, "event": "console.request", "id_hash": "h_43ed857bdb71", "status": "200"}
[WebServer] {"duration_ms": 1.1911250003322493, "event": "console.request", "id_hash": "h_28f4749f0acd", "status": "200"}
[WebServer] {"duration_ms": 2.3926249996293336, "event": "console.request", "id_hash": "h_9eee8603990e", "status": "200"}
[WebServer] {"duration_ms": 3.8210000020626467, "event": "console.request", "id_hash": "h_c17a848cedb9", "status": "200"}
[WebServer] {"duration_ms": 5.452749999676598, "event": "console.request", "id_hash": "h_18718f237da8", "status": "200"}
[WebServer] {"duration_ms": 31.526667000434827, "event": "console.request", "id_hash": "h_b1ca160d81b1", "status": "200"}
[WebServer] {"duration_ms": 5.302124998706859, "event": "console.request", "id_hash": "h_7e40be76575e", "status": "200"}
[WebServer] {"duration_ms": 24.739374999626307, "event": "console.request", "id_hash": "h_787ebac4720a", "status": "200"}
[WebServer] {"duration_ms": 24.851041001966223, "event": "console.request", "id_hash": "h_7f458bdbbc37", "status": "200"}
[WebServer] {"duration_ms": 24.588167001638794, "event": "console.request", "id_hash": "h_f1bfe24fea43", "status": "200"}
[WebServer] {"duration_ms": 24.910708001698367, "event": "console.request", "id_hash": "h_2fe4f59073ed", "status": "200"}
[WebServer] {"duration_ms": 23.009125001408393, "event": "console.request", "id_hash": "h_e130b94c7344", "status": "201"}
[WebServer] {"duration_ms": 1.3482499998644926, "event": "console.request", "id_hash": "h_268244fd16aa", "status": "200"}
[WebServer] {"duration_ms": 7.271665999724064, "event": "console.request", "id_hash": "h_2752d8c8b0be", "status": "200"}
[WebServer] {"duration_ms": 1.3208330019551795, "event": "console.request", "id_hash": "h_a77d8ceb1c1a", "status": "200"}
[WebServer] {"duration_ms": 0.9879579993139487, "event": "console.request", "id_hash": "h_492e8e99ad93", "status": "200"}
[WebServer] {"duration_ms": 1.1164579991600476, "event": "console.request", "id_hash": "h_d9c5def54eda", "status": "200"}
[WebServer] {"duration_ms": 3.4138329974666703, "event": "console.request", "id_hash": "h_b53f2cee8cd2", "status": "200"}
[WebServer] {"duration_ms": 1.4981669992266688, "event": "console.request", "id_hash": "h_65d0565beb07", "status": "200"}
[WebServer] {"duration_ms": 1.1344170015945565, "event": "console.request", "id_hash": "h_138d2ce592da", "status": "200"}
[WebServer] {"duration_ms": 2.6433339990035165, "event": "console.request", "id_hash": "h_2e8699cc1835", "status": "200"}
[WebServer] {"duration_ms": 4.941208000673214, "event": "console.request", "id_hash": "h_af51158a01bb", "status": "200"}
[WebServer] {"duration_ms": 29.31666700169444, "event": "console.request", "id_hash": "h_6be0b4fe5872", "status": "200"}
[WebServer] {"duration_ms": 10.691250001400476, "event": "console.request", "id_hash": "h_772cd85f6783", "status": "200"}
[WebServer] {"duration_ms": 11.919332999241306, "event": "console.request", "id_hash": "h_70606fb549ad", "status": "200"}
[WebServer] {"duration_ms": 27.73904199784738, "event": "console.request", "id_hash": "h_0883bf100787", "status": "200"}
[WebServer] {"duration_ms": 28.26541600006749, "event": "console.request", "id_hash": "h_4f429645cd84", "status": "200"}
[WebServer] {"duration_ms": 29.278500001964858, "event": "console.request", "id_hash": "h_99da74311de2", "status": "200"}
[WebServer] {"duration_ms": 30.320959001983283, "event": "console.request", "id_hash": "h_e4a72b834b9d", "status": "200"}
[WebServer] {"duration_ms": 27.653125001961598, "event": "console.request", "id_hash": "h_24579065ab5d", "status": "201"}
[WebServer] {"duration_ms": 11.99970800007577, "event": "console.request", "id_hash": "h_9d4b17aa3fdd", "status": "200"}
[WebServer] {"duration_ms": 21.419958997284994, "event": "console.request", "id_hash": "h_e0e1f3bf91ef", "status": "200"}
[WebServer] {"duration_ms": 25.75187500042375, "event": "console.request", "id_hash": "h_fc533ba975b3", "status": "201"}
[WebServer] {"duration_ms": 1.001749998977175, "event": "console.request", "id_hash": "h_113df4ea853b", "status": "200"}
[WebServer] {"duration_ms": 1.3385419988480862, "event": "console.request", "id_hash": "h_6c71253803c6", "status": "200"}
[WebServer] {"duration_ms": 1.0600419991533272, "event": "console.request", "id_hash": "h_b2a937771b6b", "status": "200"}
[WebServer] {"duration_ms": 1.0706670000217855, "event": "console.request", "id_hash": "h_0403ffb2c5f2", "status": "200"}
[WebServer] {"duration_ms": 4.174375000729924, "event": "console.request", "id_hash": "h_54ee122b283e", "status": "200"}
[WebServer] {"duration_ms": 1.3298749981913716, "event": "console.request", "id_hash": "h_0dc6e95f6a18", "status": "200"}
[WebServer] {"duration_ms": 1.3061249992460944, "event": "console.request", "id_hash": "h_f9162721eb98", "status": "200"}
[WebServer] {"duration_ms": 2.8655829992203508, "event": "console.request", "id_hash": "h_98f3dd0c2b37", "status": "200"}
[WebServer] {"duration_ms": 4.954625001118984, "event": "console.request", "id_hash": "h_675986bb34bd", "status": "200"}
[WebServer] {"duration_ms": 29.99137499864446, "event": "console.request", "id_hash": "h_c3b99e4368c8", "status": "200"}
[WebServer] {"duration_ms": 11.922790999960853, "event": "console.request", "id_hash": "h_1dc457f509a5", "status": "200"}
[WebServer] {"duration_ms": 11.915584000234958, "event": "console.request", "id_hash": "h_2474480b471e", "status": "200"}
[WebServer] {"duration_ms": 0.9374159999424592, "event": "console.request", "id_hash": "h_cb6c514c0483", "status": "200"}
[WebServer] {"duration_ms": 0.9718750006868504, "event": "console.request", "id_hash": "h_71dd397e0dd8", "status": "200"}
[WebServer] {"duration_ms": 1.7766669989214279, "event": "console.request", "id_hash": "h_32d1a4f44319", "status": "200"}
[WebServer] {"duration_ms": 2.7970000010100193, "event": "console.request", "id_hash": "h_65f1b4524982", "status": "200"}
[WebServer] {"duration_ms": 4.299542000808287, "event": "console.request", "id_hash": "h_a551d74f29e7", "status": "200"}
[WebServer] {"duration_ms": 29.833832999429433, "event": "console.request", "id_hash": "h_22fcf3851112", "status": "200"}
[WebServer] {"duration_ms": 5.077334000816336, "event": "console.request", "id_hash": "h_e7b178e15cb8", "status": "200"}
[WebServer] {"duration_ms": 19.945292002375936, "event": "console.request", "id_hash": "h_53bb8399869b", "status": "201"}
[WebServer] {"duration_ms": 0.8543749972886872, "event": "console.request", "id_hash": "h_cfd573d7c64a", "status": "200"}
[WebServer] {"duration_ms": 6.583541999134468, "event": "console.request", "id_hash": "h_726b6206c893", "status": "200"}
[WebServer] {"duration_ms": 1.3387500002863817, "event": "console.request", "id_hash": "h_d78522ef434b", "status": "200"}
[WebServer] {"duration_ms": 1.3838329978170805, "event": "console.request", "id_hash": "h_9f05d53fcf00", "status": "200"}
[WebServer] {"duration_ms": 2.539791003073333, "event": "console.request", "id_hash": "h_a47580a70e98", "status": "200"}
[WebServer] {"duration_ms": 4.704874998424202, "event": "console.request", "id_hash": "h_fc355d0d6029", "status": "200"}
[WebServer] {"duration_ms": 44.69700000117882, "event": "console.request", "id_hash": "h_65cb20dafd9d", "status": "200"}
[WebServer] {"duration_ms": 5.673999999999069, "event": "console.request", "id_hash": "h_50f49f81cac4", "status": "200"}
[WebServer] {"duration_ms": 5.4404590009653475, "event": "console.request", "id_hash": "h_bb7ba870cfd0", "status": "200"}
[WebServer] {"duration_ms": 19.88366699879407, "event": "console.request", "id_hash": "h_12de195494f3", "status": "201"}
[WebServer] {"duration_ms": 4.499291000684025, "event": "console.request", "id_hash": "h_28c069d058ab", "status": "200"}
[WebServer] {"duration_ms": 0.9732079997775145, "event": "console.request", "id_hash": "h_54ca91daabc6", "status": "200"}
[WebServer] {"duration_ms": 0.8579169989388902, "event": "console.request", "id_hash": "h_2187ad900860", "status": "200"}
[WebServer] {"duration_ms": 1.6833749978104606, "event": "console.request", "id_hash": "h_6140dd916bf6", "status": "200"}
[WebServer] {"duration_ms": 2.7021250025427435, "event": "console.request", "id_hash": "h_8c2cdb14d909", "status": "200"}
[WebServer] {"duration_ms": 4.9490000019432046, "event": "console.request", "id_hash": "h_ed525ac5a5a1", "status": "200"}
[WebServer] {"duration_ms": 29.205124999862164, "event": "console.request", "id_hash": "h_d3a4328ca8e6", "status": "200"}
[WebServer] {"duration_ms": 4.774958000780316, "event": "console.request", "id_hash": "h_3b3ae4ba04fe", "status": "200"}
[WebServer] {"duration_ms": 7.2391249996144325, "event": "console.request", "id_hash": "h_e0f186ec9b95", "status": "200"}
[WebServer] {"duration_ms": 9.177207997709047, "event": "console.request", "id_hash": "h_4cc5e7d4a84a", "status": "200"}
[WebServer] {"duration_ms": 19.528542001353344, "event": "console.request", "id_hash": "h_69149f500970", "status": "201"}
[WebServer] {"duration_ms": 0.9920420015987474, "event": "console.request", "id_hash": "h_0d1f04e35288", "status": "200"}
[WebServer] {"duration_ms": 6.1274169966054615, "event": "console.request", "id_hash": "h_6edb4e6bc8b0", "status": "200"}
[WebServer] {"duration_ms": 1.7845420006779023, "event": "console.request", "id_hash": "h_80867d75c84b", "status": "200"}
[WebServer] {"duration_ms": 1.414917001966387, "event": "console.request", "id_hash": "h_e9694e94c8cf", "status": "200"}
[WebServer] {"duration_ms": 2.610292001918424, "event": "console.request", "id_hash": "h_2ecffdb03d7a", "status": "200"}
[WebServer] {"duration_ms": 4.485084002226358, "event": "console.request", "id_hash": "h_42cc2692c650", "status": "200"}
[WebServer] {"duration_ms": 29.931583001598483, "event": "console.request", "id_hash": "h_4406b8c3450b", "status": "200"}
[WebServer] {"duration_ms": 8.447500000329455, "event": "console.request", "id_hash": "h_aebb60073932", "status": "200"}
[WebServer] {"duration_ms": 11.122374999104068, "event": "console.request", "id_hash": "h_f4a191cffacf", "status": "200"}
[WebServer] {"duration_ms": 21.817707998707192, "event": "console.request", "id_hash": "h_d4577c6de6a4", "status": "200"}
[WebServer] {"duration_ms": 0.8760000018810388, "event": "console.request", "id_hash": "h_2c1b04e216bf", "status": "200"}
[WebServer] {"duration_ms": 2.137209001375595, "event": "console.request", "id_hash": "h_969dad3b3dff", "status": "200"}
[WebServer] {"duration_ms": 1.5545409987680614, "event": "console.request", "id_hash": "h_a4375ebc3d46", "status": "200"}
[WebServer] {"duration_ms": 16.298000002279878, "event": "console.request", "id_hash": "h_bae63bb5c43e", "status": "200"}
[WebServer] {"duration_ms": 19.791292001173133, "event": "console.request", "id_hash": "h_00ea5ca84c0a", "status": "200"}
[WebServer] {"duration_ms": 4.7545829984301236, "event": "console.request", "id_hash": "h_965428cec343", "status": "200"}
[WebServer] {"duration_ms": 4.919708000670653, "event": "console.request", "id_hash": "h_57b9fd0dde29", "status": "200"}
[WebServer] {"duration_ms": 29.53154199713026, "event": "console.request", "id_hash": "h_8722c687ec79", "status": "200"}
[WebServer] {"duration_ms": 12.03404199986835, "event": "console.request", "id_hash": "h_d7179363c8e1", "status": "200"}
[WebServer] {"duration_ms": 12.717458997940412, "event": "console.request", "id_hash": "h_dbe65570a395", "status": "200"}
[WebServer] {"duration_ms": 23.266709002200514, "event": "console.request", "id_hash": "h_6fa00ce82222", "status": "200"}
[WebServer] {"duration_ms": 1.3407089973043185, "event": "console.request", "id_hash": "h_ba11a9d0bdac", "status": "200"}
[WebServer] {"duration_ms": 1.8698340027185623, "event": "console.request", "id_hash": "h_f0fdacc6aa8a", "status": "200"}
[WebServer] {"duration_ms": 1.4123340006335638, "event": "console.request", "id_hash": "h_aed5b646f3fb", "status": "200"}
[WebServer] {"duration_ms": 13.742292001552414, "event": "console.request", "id_hash": "h_7c22ff1c5f70", "status": "200"}
[WebServer] {"duration_ms": 15.267708000465063, "event": "console.request", "id_hash": "h_3ec949a7a698", "status": "200"}
[WebServer] {"duration_ms": 2.716832997975871, "event": "console.request", "id_hash": "h_224337100228", "status": "200"}
[WebServer] {"duration_ms": 5.0231250024808105, "event": "console.request", "id_hash": "h_1eb14d198e5f", "status": "200"}
[WebServer] {"duration_ms": 29.97033299834584, "event": "console.request", "id_hash": "h_95fad542bc26", "status": "200"}
[WebServer] {"duration_ms": 7.82495800012839, "event": "console.request", "id_hash": "h_66fff99427b6", "status": "200"}
[WebServer] {"duration_ms": 11.315624997223495, "event": "console.request", "id_hash": "h_f312d6b728ce", "status": "200"}
[WebServer] {"duration_ms": 6.21720799972536, "event": "console.request", "id_hash": "h_345b3c1ebebf", "status": "200"}
[WebServer] {"duration_ms": 1.4159999991534278, "event": "console.request", "id_hash": "h_627e58fed21e", "status": "200"}
[WebServer] {"duration_ms": 1.5075830015121028, "event": "console.request", "id_hash": "h_9bcda9ef0930", "status": "200"}
[WebServer] {"duration_ms": 2.71575000078883, "event": "console.request", "id_hash": "h_616b061bfda7", "status": "200"}
[WebServer] {"duration_ms": 4.133999998884974, "event": "console.request", "id_hash": "h_7b28a0d6550e", "status": "200"}
[WebServer] {"duration_ms": 6.431833000533516, "event": "console.request", "id_hash": "h_86f2f1e84143", "status": "200"}
[WebServer] {"duration_ms": 32.067583000753075, "event": "console.request", "id_hash": "h_4b633a056d78", "status": "200"}
[WebServer] {"duration_ms": 5.190291998587782, "event": "console.request", "id_hash": "h_9babbb638e2e", "status": "200"}
[WebServer] {"duration_ms": 19.48120800079778, "event": "console.request", "id_hash": "h_77f84210f6f2", "status": "201"}
[WebServer] {"duration_ms": 1.1175839972565882, "event": "console.request", "id_hash": "h_120891d79c3a", "status": "200"}
[WebServer] {"duration_ms": 8.21495799755212, "event": "console.request", "id_hash": "h_16794da14dc2", "status": "200"}
[WebServer] {"duration_ms": 1.7726250007399358, "event": "console.request", "id_hash": "h_70e73e8c7ba6", "status": "200"}
[WebServer] {"duration_ms": 1.2895410000055563, "event": "console.request", "id_hash": "h_41b3da2c8c16", "status": "200"}
[WebServer] {"duration_ms": 2.6057079994643573, "event": "console.request", "id_hash": "h_2bd021bbab9c", "status": "200"}
[WebServer] {"duration_ms": 4.739750002045184, "event": "console.request", "id_hash": "h_56c3c7c24f79", "status": "200"}
[WebServer] {"duration_ms": 29.757374999462627, "event": "console.request", "id_hash": "h_9c1a3720691d", "status": "200"}
[WebServer] {"duration_ms": 14.011041999765439, "event": "console.request", "id_hash": "h_8cfb99f6d6a8", "status": "200"}
[WebServer] {"duration_ms": 14.328958000987768, "event": "console.request", "id_hash": "h_a5f3906a4d8c", "status": "200"}
[WebServer] {"duration_ms": 6.7062910020467825, "event": "console.request", "id_hash": "h_6f5c727a89b6", "status": "200"}
[WebServer] {"duration_ms": 5.194833000132348, "event": "console.request", "id_hash": "h_e8cdcbb611e9", "status": "200"}
[WebServer] {"duration_ms": 21.368624999013264, "event": "console.request", "id_hash": "h_9b8737a39f6b", "status": "200"}
[WebServer] {"duration_ms": 1.235250001627719, "event": "console.request", "id_hash": "h_b6c98fdad332", "status": "200"}
[WebServer] {"duration_ms": 1.157167000201298, "event": "console.request", "id_hash": "h_f7d1fff52e92", "status": "200"}
[WebServer] {"duration_ms": 2.5903329988068435, "event": "console.request", "id_hash": "h_6d96af922a51", "status": "200"}
[WebServer] {"duration_ms": 14.101167002081638, "event": "console.request", "id_hash": "h_f270fe80c160", "status": "200"}
[WebServer] {"duration_ms": 18.230457997560734, "event": "console.request", "id_hash": "h_fc57b1063cfe", "status": "200"}
[WebServer] {"duration_ms": 2.7174999995622784, "event": "console.request", "id_hash": "h_593d3d18dd01", "status": "200"}
[WebServer] {"duration_ms": 4.881749999185558, "event": "console.request", "id_hash": "h_e819d7ce4dc1", "status": "200"}
[WebServer] {"duration_ms": 29.280749997269595, "event": "console.request", "id_hash": "h_4b1afe5cf794", "status": "200"}
[WebServer] {"duration_ms": 12.296249999053543, "event": "console.request", "id_hash": "h_e30b084e2ea9", "status": "200"}
[WebServer] {"duration_ms": 14.130792002106318, "event": "console.request", "id_hash": "h_994892278b2a", "status": "200"}
[WebServer] {"duration_ms": 6.094374999520369, "event": "console.request", "id_hash": "h_78a43cd2d6e4", "status": "200"}
[WebServer] {"duration_ms": 6.013999998685904, "event": "console.request", "id_hash": "h_5d3614876d24", "status": "200"}
[WebServer] {"duration_ms": 1.9739999988814816, "event": "console.request", "id_hash": "h_12cef6c2b0df", "status": "200"}
[WebServer] {"duration_ms": 1.8456249999871943, "event": "console.request", "id_hash": "h_ae86d68c1ed1", "status": "200"}
[WebServer] {"duration_ms": 2.503333998902235, "event": "console.request", "id_hash": "h_ecb7ffba77b8", "status": "200"}
[WebServer] {"duration_ms": 4.0210000006482005, "event": "console.request", "id_hash": "h_65042f419cb6", "status": "200"}
[WebServer] {"duration_ms": 5.885999999009073, "event": "console.request", "id_hash": "h_a6b952716a26", "status": "200"}
[WebServer] {"duration_ms": 31.567165999149438, "event": "console.request", "id_hash": "h_e721c8e6c550", "status": "200"}
[WebServer] {"duration_ms": 11.341124998580199, "event": "console.request", "id_hash": "h_45c261a03fe7", "status": "200"}
[WebServer] {"duration_ms": 15.644084000086877, "event": "console.request", "id_hash": "h_61f52c2ed04f", "status": "200"}
[WebServer] {"duration_ms": 6.1262910021469, "event": "console.request", "id_hash": "h_5e853514a067", "status": "200"}
[WebServer] {"duration_ms": 6.543457999214297, "event": "console.request", "id_hash": "h_222f70593326", "status": "200"}
[WebServer] {"duration_ms": 33.41829100099858, "event": "console.request", "id_hash": "h_8db7dd508848", "status": "200"}
[WebServer] {"duration_ms": 13.67029100219952, "event": "console.request", "id_hash": "h_107fb2973635", "status": "200"}
[WebServer] {"duration_ms": 13.729750000493368, "event": "console.request", "id_hash": "h_0d388fb4741c", "status": "200"}
[WebServer] {"duration_ms": 5.9822080002049915, "event": "console.request", "id_hash": "h_4ef545b5f19f", "status": "200"}
[WebServer] {"duration_ms": 6.349415998556651, "event": "console.request", "id_hash": "h_984eac62485b", "status": "200"}
[WebServer] {"duration_ms": 18.537875002948567, "event": "console.request", "id_hash": "h_a74833afef93", "status": "200"}
[WebServer] {"duration_ms": 11.243166001804639, "event": "console.request", "id_hash": "h_79ebe62b3f6b", "status": "200"}
[WebServer] {"duration_ms": 13.12908299951232, "event": "console.request", "id_hash": "h_d66a98cdf015", "status": "200"}
[WebServer] {"duration_ms": 5.868874999578111, "event": "console.request", "id_hash": "h_441fcbd54559", "status": "200"}
[WebServer] {"duration_ms": 6.247624998650281, "event": "console.request", "id_hash": "h_b129ec891d9b", "status": "200"}
[WebServer] {"duration_ms": 19.059333000768675, "event": "console.request", "id_hash": "h_6b56a7a2dbb1", "status": "200"}
[WebServer] {"duration_ms": 0.9995829968829639, "event": "console.request", "id_hash": "h_9effa4d378c4", "status": "200"}
[WebServer] {"duration_ms": 14.514958998915972, "event": "console.request", "id_hash": "h_c1a22b5c4894", "status": "200"}
[WebServer] {"duration_ms": 16.482457998790778, "event": "console.request", "id_hash": "h_a4f1f57fd8ff", "status": "200"}
[WebServer] {"duration_ms": 1.3883749998058192, "event": "console.request", "id_hash": "h_d8b6cab66dec", "status": "200"}
[WebServer] {"duration_ms": 0.9367909988213796, "event": "console.request", "id_hash": "h_f1d5a979946f", "status": "200"}
[WebServer] {"duration_ms": 2.7789169980678707, "event": "console.request", "id_hash": "h_71a01aa12047", "status": "200"}
[WebServer] {"duration_ms": 4.564457998640137, "event": "console.request", "id_hash": "h_53e61ae31505", "status": "200"}
[WebServer] {"duration_ms": 30.429416998231318, "event": "console.request", "id_hash": "h_2ab5b4f8689e", "status": "200"}
[WebServer] {"duration_ms": 13.800749999063555, "event": "console.request", "id_hash": "h_408ee7fdad1f", "status": "200"}
[WebServer] {"duration_ms": 18.16875000076834, "event": "console.request", "id_hash": "h_85bf4450be57", "status": "200"}
[WebServer] {"duration_ms": 6.159458000183804, "event": "console.request", "id_hash": "h_1e731ff35477", "status": "200"}
[WebServer] {"duration_ms": 30.90154199890094, "event": "console.request", "id_hash": "h_94d481bcf656", "status": "200"}
[WebServer] {"duration_ms": 24.989166999148438, "event": "console.request", "id_hash": "h_b5c0a0417ec5", "status": "200"}
[WebServer] {"duration_ms": 21.336750000045868, "event": "console.request", "id_hash": "h_be3803b43a78", "status": "200"}
[WebServer] {"duration_ms": 21.013042001868598, "event": "console.request", "id_hash": "h_9818630c79f5", "status": "404"}
[WebServer] {"duration_ms": 21.51458300068043, "event": "console.request", "id_hash": "h_bee3dd25dd2a", "status": "404"}
[WebServer] {"duration_ms": 23.419832999934442, "event": "console.request", "id_hash": "h_7f22a7b72004", "status": "200"}
[WebServer] {"duration_ms": 4.330332998506492, "event": "console.request", "id_hash": "h_e3cdcb639614", "status": "404"}
[WebServer] {"duration_ms": 3.96470800114912, "event": "console.request", "id_hash": "h_edacc20b9259", "status": "404"}
[WebServer] {"duration_ms": 1.2693339995166752, "event": "console.request", "id_hash": "h_c3b4c33bb684", "status": "200"}
[WebServer] {"duration_ms": 1.4434160002565477, "event": "console.request", "id_hash": "h_b343a8202e9b", "status": "200"}
[WebServer] {"duration_ms": 1.2661250002565794, "event": "console.request", "id_hash": "h_4e52230976ab", "status": "200"}
[WebServer] {"duration_ms": 2.621958999952767, "event": "console.request", "id_hash": "h_b93b4da9e257", "status": "200"}
[WebServer] {"duration_ms": 0.8627079987491015, "event": "console.request", "id_hash": "h_3f8c979a182c", "status": "200"}
[WebServer] {"duration_ms": 6.978417000937043, "event": "console.request", "id_hash": "h_0355162c3c98", "status": "200"}
[WebServer] {"duration_ms": 1.365207997878315, "event": "console.request", "id_hash": "h_3be22d0219d2", "status": "200"}
[WebServer] {"duration_ms": 0.9526670000923332, "event": "console.request", "id_hash": "h_cd83e9fe004a", "status": "200"}
[WebServer] {"duration_ms": 2.832207999745151, "event": "console.request", "id_hash": "h_9c97e7abba61", "status": "200"}
[WebServer] {"duration_ms": 4.982916998415021, "event": "console.request", "id_hash": "h_65236b997f01", "status": "200"}
[WebServer] {"duration_ms": 29.775750001135748, "event": "console.request", "id_hash": "h_66bf322ae1da", "status": "200"}
[WebServer] {"duration_ms": 11.7618339972978, "event": "console.request", "id_hash": "h_565a5836dbec", "status": "200"}
[WebServer] {"duration_ms": 13.999833001435036, "event": "console.request", "id_hash": "h_126b2ce8b605", "status": "200"}
[WebServer] {"duration_ms": 31.09879199837451, "event": "console.request", "id_hash": "h_478394ce7d06", "status": "200"}
[WebServer] {"duration_ms": 23.93333299914957, "event": "console.request", "id_hash": "h_15a82e7c1b61", "status": "200"}
[WebServer] {"duration_ms": 22.30108300136635, "event": "console.request", "id_hash": "h_d53c16ec71d6", "status": "200"}
[WebServer] {"duration_ms": 17.24149999790825, "event": "console.request", "id_hash": "h_a699867b8b09", "status": "200"}
[WebServer] {"duration_ms": 17.415917001926573, "event": "console.request", "id_hash": "h_b66bcdb90f0d", "status": "404"}
[WebServer] {"duration_ms": 14.097125000262167, "event": "console.request", "id_hash": "h_f30f59fba51c", "status": "404"}
[WebServer] {"duration_ms": 4.545207997580292, "event": "console.request", "id_hash": "h_29f9fafde30a", "status": "404"}
[WebServer] {"duration_ms": 0.8382919986615889, "event": "console.request", "id_hash": "h_59840c2e9e90", "status": "200"}
[WebServer] {"duration_ms": 1.0985420012730174, "event": "console.request", "id_hash": "h_4faca52527de", "status": "200"}
[WebServer] {"duration_ms": 1.9204170021112077, "event": "console.request", "id_hash": "h_5f6fdba797ff", "status": "200"}
[WebServer] {"duration_ms": 2.638124999066349, "event": "console.request", "id_hash": "h_0efbbeda2566", "status": "200"}
[WebServer] {"duration_ms": 5.263125000055879, "event": "console.request", "id_hash": "h_229f0f3ac5b7", "status": "200"}
  ✓   3 tests/browser/console.spec.ts:59:1 › real operator manages notes and current observations in Required mode (10.0s)
[WebServer] {"duration_ms": 1.143666999269044, "event": "console.request", "id_hash": "h_6b279898c884", "status": "200"}
[WebServer] {"duration_ms": 0.49491699974169023, "event": "console.request", "id_hash": "h_08e6d2e8f555", "status": "404"}
[WebServer] {"duration_ms": 0.7921249998616986, "event": "console.request", "id_hash": "h_c14dc9bd0e7f", "status": "200"}
[WebServer] {"duration_ms": 2.7287500015518162, "event": "console.request", "id_hash": "h_a4e779d08d6b", "status": "200"}
[WebServer] {"duration_ms": 2.278749998367857, "event": "console.request", "id_hash": "h_c84b4935afb1", "status": "200"}
[WebServer] {"duration_ms": 2.4694999992789235, "event": "console.request", "id_hash": "h_42f79f94a981", "status": "401"}
[WebServer] {"duration_ms": 102.60508400097024, "event": "console.request", "id_hash": "h_3775b14faec0", "status": "200"}
[WebServer] {"duration_ms": 6.917916998645524, "event": "console.request", "id_hash": "h_aac0e54139ff", "status": "200"}
[WebServer] {"duration_ms": 14.056332998734433, "event": "console.request", "id_hash": "h_aff2ce227cff", "status": "200"}
[WebServer] {"duration_ms": 17.64300000286312, "event": "console.request", "id_hash": "h_e625de9cc1d0", "status": "200"}
[WebServer] {"duration_ms": 1.5324999985750765, "event": "console.request", "id_hash": "h_ae04e5972a5b", "status": "200"}
[WebServer] {"duration_ms": 2.365042000747053, "event": "console.request", "id_hash": "h_741ced733248", "status": "200"}
[WebServer] {"duration_ms": 2.6074579982378054, "event": "console.request", "id_hash": "h_e86a6cfc7a24", "status": "200"}
[WebServer] {"duration_ms": 3.8256669977272395, "event": "console.request", "id_hash": "h_80802ca5d32e", "status": "200"}
[WebServer] {"duration_ms": 6.7063749993394595, "event": "console.request", "id_hash": "h_ff03f3255a89", "status": "200"}
[WebServer] {"duration_ms": 7.726290998107288, "event": "console.request", "id_hash": "h_fc8acc11f560", "status": "200"}
[WebServer] {"duration_ms": 9.860458001639927, "event": "console.request", "id_hash": "h_9d76c8ed6a61", "status": "200"}
[WebServer] {"duration_ms": 11.019666999345645, "event": "console.request", "id_hash": "h_6d9d5d0c0846", "status": "204"}
  ✓   4 tests/browser/console.spec.ts:892:1 › real authentication, cookie recovery, key list, CSP, deep-route reload, API 404 (1.0s)
[WebServer] {"duration_ms": 0.9749160017236136, "event": "console.request", "id_hash": "h_a94a22226c5a", "status": "200"}
[WebServer] {"duration_ms": 0.9317919975728728, "event": "console.request", "id_hash": "h_c979d41af425", "status": "200"}
[WebServer] {"duration_ms": 2.3082499974407256, "event": "console.request", "id_hash": "h_faadbe1708ce", "status": "200"}
  ✓   5 tests/browser/console.spec.ts:933:1 › production CSP with explicit test fixtures: memory plain text, stats nulls and narrow layout (635ms)
[WebServer] {"duration_ms": 0.8127080000122078, "event": "console.request", "id_hash": "h_524148d2041c", "status": "200"}
[WebServer] {"duration_ms": 0.7758339997963049, "event": "console.request", "id_hash": "h_63c338775f01", "status": "200"}
[WebServer] {"duration_ms": 1.6444590000901371, "event": "console.request", "id_hash": "h_2c6b733eb362", "status": "200"}
  ✓   6 tests/browser/console.spec.ts:1020:1 › import wizard invalidates mapping report and distinguishes cancelled_partial (915ms)
[WebServer] {"duration_ms": 0.9327080006187316, "event": "console.request", "id_hash": "h_ab992e32a7fc", "status": "200"}
[WebServer] {"duration_ms": 1.6974169993773103, "event": "console.request", "id_hash": "h_7b2236b6be4f", "status": "200"}
[WebServer] {"duration_ms": 1.0643329987942707, "event": "console.request", "id_hash": "h_b5532ae2c88b", "status": "200"}
  ✓   7 tests/browser/console.spec.ts:1088:1 › provider rebuild acknowledgement and settings pending restart (1.1s)
[WebServer] {"duration_ms": 1.2998750025872141, "event": "console.request", "id_hash": "h_e8e4022f4919", "status": "200"}
[WebServer] {"duration_ms": 1.1087499988207128, "event": "console.request", "id_hash": "h_a9e202f60183", "status": "200"}
[WebServer] {"duration_ms": 2.024540997808799, "event": "console.request", "id_hash": "h_aad247fcf4cf", "status": "200"}
[WebServer] {"duration_ms": 3.5767910012509674, "event": "console.request", "id_hash": "h_ea116aeba232", "status": "401"}
[WebServer] {"duration_ms": 101.89662500124541, "event": "console.request", "id_hash": "h_e61bafe66794", "status": "200"}
[WebServer] {"duration_ms": 6.551916998432716, "event": "console.request", "id_hash": "h_b2c44efd04cd", "status": "200"}
[WebServer] {"duration_ms": 14.078166001127101, "event": "console.request", "id_hash": "h_cc0ea308d9d4", "status": "200"}
[WebServer] {"duration_ms": 20.136915998591576, "event": "console.request", "id_hash": "h_cffe975e4e34", "status": "200"}
[WebServer] {"duration_ms": 20.809125002415385, "event": "console.request", "id_hash": "h_c5af855f523f", "status": "200"}
[WebServer] {"duration_ms": 8.081042000412708, "event": "console.request", "id_hash": "h_1604dafc6012", "status": "403"}
[WebServer] {"duration_ms": 8.41954199859174, "event": "console.request", "id_hash": "h_86bca9aa9490", "status": "200"}
[WebServer] {"duration_ms": 18.495000000257278, "event": "console.request", "id_hash": "h_498a62e156c4", "status": "201"}
[WebServer] {"duration_ms": 4.006791998108383, "event": "console.request", "id_hash": "h_efa6987669af", "status": "200"}
[WebServer] {"duration_ms": 22.121250000054715, "event": "console.request", "id_hash": "h_a4060d99022c", "status": "200"}
[WebServer] {"duration_ms": 4.8969999988912605, "event": "console.request", "id_hash": "h_b81c105717e1", "status": "200"}
  ✓   8 tests/browser/console.spec.ts:1161:1 › real operator issuance prompts reauth, shows secret once, and revokes disposable test key (987ms)
[WebServer] {"duration_ms": 1.1682080003083684, "event": "console.request", "id_hash": "h_5a8f36a579d5", "status": "200"}
[WebServer] {"duration_ms": 0.9520000021439046, "event": "console.request", "id_hash": "h_0e791b86670d", "status": "200"}
[WebServer] {"duration_ms": 1.9502499999362044, "event": "console.request", "id_hash": "h_0f66a2c9ebc8", "status": "200"}
[WebServer] {"duration_ms": 3.7340410017350223, "event": "console.request", "id_hash": "h_af8a492fe5bd", "status": "401"}
[WebServer] {"duration_ms": 100.59454099973664, "event": "console.request", "id_hash": "h_3ea8369c2dc9", "status": "200"}
[WebServer] {"duration_ms": 7.069458999467315, "event": "console.request", "id_hash": "h_5dbcf08426aa", "status": "200"}
[WebServer] {"duration_ms": 36.42083299928345, "event": "console.request", "id_hash": "h_f0a826baf145", "status": "200"}
[WebServer] {"duration_ms": 6.11508300062269, "event": "console.request", "id_hash": "h_7cd79c3eddc2", "status": "200"}
[WebServer] {"duration_ms": 30.653458001324907, "event": "console.request", "id_hash": "h_1751572c8b66", "status": "200"}
[WebServer] {"duration_ms": 31.25887499845703, "event": "console.request", "id_hash": "h_c667b2401544", "status": "200"}
[WebServer] {"duration_ms": 30.446750002738554, "event": "console.request", "id_hash": "h_ac5e858051e0", "status": "200"}
[WebServer] {"duration_ms": 30.91816700180061, "event": "console.request", "id_hash": "h_77971b0edbd1", "status": "200"}
[WebServer] {"duration_ms": 23.03245899747708, "event": "console.request", "id_hash": "h_77b50a96d8a9", "status": "201"}
[WebServer] {"duration_ms": 5.443834001198411, "event": "console.request", "id_hash": "h_8dbfe6936349", "status": "200"}
[WebServer] {"duration_ms": 10.21208399833995, "event": "console.request", "id_hash": "h_d1c5b2d88034", "status": "200"}
[WebServer] {"duration_ms": 24.575083996751346, "event": "console.request", "id_hash": "h_869959eca528", "status": "200"}
[WebServer] {"duration_ms": 11.171625003044028, "event": "console.request", "id_hash": "h_5eb71f9ee47b", "status": "200"}
[WebServer] {"duration_ms": 13.764625000476371, "event": "console.request", "id_hash": "h_2a535a8fa4a6", "status": "200"}
[WebServer] {"duration_ms": 22.480958999949507, "event": "console.request", "id_hash": "h_3f0e0bef54b8", "status": "200"}
[WebServer] {"duration_ms": 11.798833998909686, "event": "console.request", "id_hash": "h_9e86b3aed773", "status": "200"}
[WebServer] {"duration_ms": 13.592125000286615, "event": "console.request", "id_hash": "h_cd1ba3090b5c", "status": "200"}
[WebServer] {"duration_ms": 22.61441699738498, "event": "console.request", "id_hash": "h_31ff4be20e4b", "status": "200"}
[WebServer] {"duration_ms": 1.6852080007083714, "event": "console.request", "id_hash": "h_5b6e8f67e8f2", "status": "200"}
[WebServer] {"duration_ms": 2.111167003022274, "event": "console.request", "id_hash": "h_96addba6c00e", "status": "200"}
[WebServer] {"duration_ms": 3.2173340005101636, "event": "console.request", "id_hash": "h_ecd329a1d3ca", "status": "200"}
[WebServer] {"duration_ms": 15.654541999538196, "event": "console.request", "id_hash": "h_15e3309f74ff", "status": "200"}
[WebServer] {"duration_ms": 22.180790998390876, "event": "console.request", "id_hash": "h_ad34606ceeaa", "status": "200"}
[WebServer] {"duration_ms": 4.661208000470651, "event": "console.request", "id_hash": "h_d528d12238d7", "status": "200"}
[WebServer] {"duration_ms": 4.79112500033807, "event": "console.request", "id_hash": "h_fbbc6dd9e6c6", "status": "200"}
[WebServer] {"duration_ms": 31.048000000737375, "event": "console.request", "id_hash": "h_68a352b13401", "status": "200"}
[WebServer] {"duration_ms": 11.90308399964124, "event": "console.request", "id_hash": "h_748b39efae1e", "status": "200"}
[WebServer] {"duration_ms": 13.867500001651933, "event": "console.request", "id_hash": "h_5d2fccc6821d", "status": "200"}
[WebServer] {"duration_ms": 21.79249999971944, "event": "console.request", "id_hash": "h_038f58c80c1f", "status": "200"}
[WebServer] {"duration_ms": 8.719084002223099, "event": "console.request", "id_hash": "h_1f37404f3310", "status": "200"}
[WebServer] {"duration_ms": 13.4376659989357, "event": "console.request", "id_hash": "h_ec7cc8b019ef", "status": "200"}
[WebServer] {"duration_ms": 5.380291997425957, "event": "console.request", "id_hash": "h_de5c32fbc7ec", "status": "200"}
[WebServer] {"duration_ms": 10.864374999073334, "event": "console.request", "id_hash": "h_e29bf1cb608c", "status": "200"}
[WebServer] {"duration_ms": 42.08533400014858, "event": "console.request", "id_hash": "h_e1ffc4e6c27f", "status": "200"}
[WebServer] {"duration_ms": 43.37087499879999, "event": "console.request", "id_hash": "h_8b820ad7be1d", "status": "200"}
[WebServer] {"duration_ms": 44.51270900244708, "event": "console.request", "id_hash": "h_c7b2ea3d9b75", "status": "200"}
[WebServer] {"duration_ms": 0.9012910013552755, "event": "console.request", "id_hash": "h_bdb0c7e8ddc1", "status": "200"}
[WebServer] {"duration_ms": 1.4672079996671528, "event": "console.request", "id_hash": "h_f0f691c768cc", "status": "200"}
[WebServer] {"duration_ms": 1.107749998482177, "event": "console.request", "id_hash": "h_cb0f90684d25", "status": "200"}
[WebServer] {"duration_ms": 2.9619169981742743, "event": "console.request", "id_hash": "h_c14f13f98d5a", "status": "200"}
[WebServer] {"duration_ms": 5.135832998348633, "event": "console.request", "id_hash": "h_ede3c450d764", "status": "200"}
[WebServer] {"duration_ms": 43.19112499797484, "event": "console.request", "id_hash": "h_63a52e25965a", "status": "200"}
[WebServer] {"duration_ms": 8.002165999641875, "event": "console.request", "id_hash": "h_beeb10293098", "status": "200"}
[WebServer] {"duration_ms": 12.427792000380578, "event": "console.request", "id_hash": "h_0e4690f50169", "status": "200"}
[WebServer] {"duration_ms": 30.15962499921443, "event": "console.request", "id_hash": "h_88b377172f70", "status": "200"}
[WebServer] {"duration_ms": 40.08741600046051, "event": "console.request", "id_hash": "h_d58b2c76f121", "status": "200"}
[WebServer] {"duration_ms": 40.74820899768383, "event": "console.request", "id_hash": "h_7d784158c101", "status": "200"}
[WebServer] {"duration_ms": 5.36337499943329, "event": "console.request", "id_hash": "h_9bf33f209245", "status": "200"}
[WebServer] {"duration_ms": 2.678707998711616, "event": "console.request", "id_hash": "h_58da11e56f13", "status": "200"}
[WebServer] {"duration_ms": 2.836332998413127, "event": "console.request", "id_hash": "h_bc504fc0f3d3", "status": "200"}
[WebServer] {"duration_ms": 2.5974170021072496, "event": "console.request", "id_hash": "h_3a0ba9f0d8b2", "status": "200"}
[WebServer] {"duration_ms": 4.599249998136656, "event": "console.request", "id_hash": "h_3e8448a8552c", "status": "200"}
[WebServer] {"duration_ms": 30.35204199841246, "event": "console.request", "id_hash": "h_c5de64a2cdac", "status": "200"}
[WebServer] {"duration_ms": 12.025833002553554, "event": "console.request", "id_hash": "h_7306288c9e23", "status": "200"}
[WebServer] {"duration_ms": 13.736083998082904, "event": "console.request", "id_hash": "h_b9629ac90218", "status": "200"}
[WebServer] {"duration_ms": 31.422416999703273, "event": "console.request", "id_hash": "h_9485d10506bb", "status": "200"}
[WebServer] {"duration_ms": 19.49566600160324, "event": "console.request", "id_hash": "h_2c1f513f81ef", "status": "200"}
[WebServer] {"duration_ms": 20.099332999961916, "event": "console.request", "id_hash": "h_2263954158e4", "status": "200"}
[WebServer] {"duration_ms": 19.648416997370077, "event": "console.request", "id_hash": "h_5d44be5f35fb", "status": "200"}
[WebServer] {"duration_ms": 19.89858299930347, "event": "console.request", "id_hash": "h_2a5f5906ef2c", "status": "404"}
[WebServer] {"duration_ms": 20.717916999274166, "event": "console.request", "id_hash": "h_e55e872abc1b", "status": "404"}
[WebServer] {"duration_ms": 4.492457999731414, "event": "console.request", "id_hash": "h_e1346e9dc1d3", "status": "404"}
[WebServer] {"duration_ms": 7.530416001827689, "event": "console.request", "id_hash": "h_bd5b43614698", "status": "200"}
[WebServer] {"duration_ms": 1.1544159970071632, "event": "console.request", "id_hash": "h_f4922d1b6429", "status": "200"}
[WebServer] {"duration_ms": 1.8157500016968697, "event": "console.request", "id_hash": "h_474043103da5", "status": "200"}
[WebServer] {"duration_ms": 1.432000000932021, "event": "console.request", "id_hash": "h_9cd33dd2a418", "status": "200"}
[WebServer] {"duration_ms": 2.627334000862902, "event": "console.request", "id_hash": "h_b0cea3d095a0", "status": "200"}
[WebServer] {"duration_ms": 6.159749998914776, "event": "console.request", "id_hash": "h_6ab6f225ec86", "status": "200"}
  ✓   9 tests/browser/console.spec.ts:1241:1 › real Focus create edit dormant and activation preserve revisions in Required mode (2.3s)
[WebServer] {"duration_ms": 0.8452500005660113, "event": "console.request", "id_hash": "h_cd1e4e986493", "status": "200"}
[WebServer] {"duration_ms": 1.8707919989537913, "event": "console.request", "id_hash": "h_bc06a34336d4", "status": "200"}
[WebServer] {"duration_ms": 1.2052910024067387, "event": "console.request", "id_hash": "h_8c676173b523", "status": "200"}
[WebServer] {"duration_ms": 3.3190419999300502, "event": "console.request", "id_hash": "h_c06b536c88c5", "status": "401"}
[WebServer] {"duration_ms": 101.3353750022361, "event": "console.request", "id_hash": "h_e6de8527f4fa", "status": "200"}
[WebServer] {"duration_ms": 6.565625000803266, "event": "console.request", "id_hash": "h_6cc75cc106d9", "status": "200"}
[WebServer] {"duration_ms": 35.574500001530396, "event": "console.request", "id_hash": "h_496dcd914b89", "status": "200"}
[WebServer] {"duration_ms": 5.552792001253692, "event": "console.request", "id_hash": "h_47c10c80dbdc", "status": "200"}
[WebServer] {"duration_ms": 29.00637500351877, "event": "console.request", "id_hash": "h_502f4f80b476", "status": "200"}
[WebServer] {"duration_ms": 29.467832999216625, "event": "console.request", "id_hash": "h_bab699a1f711", "status": "200"}
[WebServer] {"duration_ms": 29.061541998089524, "event": "console.request", "id_hash": "h_e0805cdf7fc2", "status": "200"}
[WebServer] {"duration_ms": 28.96741699805716, "event": "console.request", "id_hash": "h_27759bca96e5", "status": "200"}
[WebServer] {"duration_ms": 21.05966700037243, "event": "console.request", "id_hash": "h_de7d33d53f17", "status": "201"}
[WebServer] {"duration_ms": 6.05195900061517, "event": "console.request", "id_hash": "h_e4439601b070", "status": "200"}
[WebServer] {"duration_ms": 10.207332998106722, "event": "console.request", "id_hash": "h_695da216a542", "status": "200"}
[WebServer] {"duration_ms": 21.016000002418878, "event": "console.request", "id_hash": "h_435e9ea02024", "status": "200"}
[WebServer] {"duration_ms": 7.778625000355532, "event": "console.request", "id_hash": "h_fa9e7325f289", "status": "200"}
[WebServer] {"duration_ms": 13.651124998432351, "event": "console.request", "id_hash": "h_72a678579985", "status": "200"}
[WebServer] {"duration_ms": 20.748750001075678, "event": "console.request", "id_hash": "h_0cd4cac01215", "status": "200"}
[WebServer] {"duration_ms": 1.396125000610482, "event": "console.request", "id_hash": "h_cb9df6707158", "status": "200"}
[WebServer] {"duration_ms": 1.4661249988421332, "event": "console.request", "id_hash": "h_6cdfb864926e", "status": "200"}
[WebServer] {"duration_ms": 2.6850829999602865, "event": "console.request", "id_hash": "h_3b976c0d2be0", "status": "200"}
[WebServer] {"duration_ms": 13.92979199954425, "event": "console.request", "id_hash": "h_188dedc3f51d", "status": "200"}
[WebServer] {"duration_ms": 17.035415999998804, "event": "console.request", "id_hash": "h_8a7e3bcaf47c", "status": "200"}
[WebServer] {"duration_ms": 2.316875001270091, "event": "console.request", "id_hash": "h_90dd37251558", "status": "200"}
[WebServer] {"duration_ms": 5.075249999208609, "event": "console.request", "id_hash": "h_619456f29724", "status": "200"}
[WebServer] {"duration_ms": 30.323875002068235, "event": "console.request", "id_hash": "h_aff11d9754f9", "status": "200"}
[WebServer] {"duration_ms": 10.662416996638058, "event": "console.request", "id_hash": "h_e19ede1f1d84", "status": "200"}
[WebServer] {"duration_ms": 14.021499999216758, "event": "console.request", "id_hash": "h_99c5185e5917", "status": "200"}
[WebServer] {"duration_ms": 32.420750001620036, "event": "console.request", "id_hash": "h_c21d4c910e39", "status": "200"}
[WebServer] {"duration_ms": 23.20983300160151, "event": "console.request", "id_hash": "h_b055761cd1c0", "status": "200"}
[WebServer] {"duration_ms": 21.77283300261479, "event": "console.request", "id_hash": "h_efe73ea4eceb", "status": "200"}
[WebServer] {"duration_ms": 19.254292001278372, "event": "console.request", "id_hash": "h_ebc86c00e227", "status": "404"}
[WebServer] {"duration_ms": 20.101541998883476, "event": "console.request", "id_hash": "h_101295cb62ab", "status": "404"}
[WebServer] {"duration_ms": 22.039374998712447, "event": "console.request", "id_hash": "h_c7cfc0272120", "status": "200"}
[WebServer] {"duration_ms": 4.921083000226645, "event": "console.request", "id_hash": "h_92b52f3a3ad2", "status": "404"}
[WebServer] {"duration_ms": 1.0440840014780406, "event": "console.request", "id_hash": "h_e640698a1740", "status": "200"}
[WebServer] {"duration_ms": 1.667874999839114, "event": "console.request", "id_hash": "h_7c41f5da75a6", "status": "200"}
[WebServer] {"duration_ms": 1.3547079979616683, "event": "console.request", "id_hash": "h_8774f77b3dfc", "status": "200"}
[WebServer] {"duration_ms": 2.7952909986197483, "event": "console.request", "id_hash": "h_85c9b16a01c5", "status": "200"}
[WebServer] {"duration_ms": 5.046792000939604, "event": "console.request", "id_hash": "h_58c04211ede4", "status": "200"}
[WebServer] {"duration_ms": 30.53120900221984, "event": "console.request", "id_hash": "h_f65b32381c52", "status": "200"}
[WebServer] {"duration_ms": 4.4594579994736705, "event": "console.request", "id_hash": "h_735a17bfb0de", "status": "200"}
[WebServer] {"duration_ms": 26.479875003133202, "event": "console.request", "id_hash": "h_bc7a7b4c41b7", "status": "200"}
[WebServer] {"duration_ms": 27.676833000441547, "event": "console.request", "id_hash": "h_d651c9928516", "status": "200"}
[WebServer] {"duration_ms": 27.032792000682093, "event": "console.request", "id_hash": "h_2157ec04b53b", "status": "200"}
[WebServer] {"duration_ms": 28.3659999986412, "event": "console.request", "id_hash": "h_59b7a6771da8", "status": "200"}
[WebServer] {"duration_ms": 20.843957998295082, "event": "console.request", "id_hash": "h_ac466c9818ea", "status": "201"}
[WebServer] {"duration_ms": 1.4387499977601692, "event": "console.request", "id_hash": "h_8aab1e5f979f", "status": "200"}
[WebServer] {"duration_ms": 7.188499999756459, "event": "console.request", "id_hash": "h_779f3dc8b541", "status": "200"}
[WebServer] {"duration_ms": 1.4926250005373731, "event": "console.request", "id_hash": "h_e5bde02c2737", "status": "200"}
[WebServer] {"duration_ms": 1.0635409998940304, "event": "console.request", "id_hash": "h_b921d8399df9", "status": "200"}
[WebServer] {"duration_ms": 2.760416999080917, "event": "console.request", "id_hash": "h_34c89d3abc38", "status": "200"}
[WebServer] {"duration_ms": 5.300541000906378, "event": "console.request", "id_hash": "h_902218fc8756", "status": "200"}
[WebServer] {"duration_ms": 30.789791999268346, "event": "console.request", "id_hash": "h_cb71afe98b22", "status": "200"}
[WebServer] {"duration_ms": 4.702334001194686, "event": "console.request", "id_hash": "h_8bc9065a6093", "status": "200"}
[WebServer] {"duration_ms": 7.956583001941908, "event": "console.request", "id_hash": "h_2fa337370300", "status": "200"}
[WebServer] {"duration_ms": 5.933207998168655, "event": "console.request", "id_hash": "h_d69a5d16e891", "status": "404"}
  ✓  10 tests/browser/console.spec.ts:1430:1 › real State correction expiry deletion and recreation preserve identities (2.1s)
[WebServer] {"duration_ms": 1.5288340000552125, "event": "console.request", "id_hash": "h_2d3c2afb0cd1", "status": "200"}
[WebServer] {"duration_ms": 1.4609170029871166, "event": "console.request", "id_hash": "h_1a9fa4bcdb39", "status": "200"}
[WebServer] {"duration_ms": 2.276499999425141, "event": "console.request", "id_hash": "h_e1426051138d", "status": "200"}
[WebServer] {"duration_ms": 2.799375000904547, "event": "console.request", "id_hash": "h_72e94b178519", "status": "401"}
[WebServer] {"duration_ms": 102.45900000154506, "event": "console.request", "id_hash": "h_719f4be0d7cb", "status": "200"}
[WebServer] {"duration_ms": 20.465790999878664, "event": "console.request", "id_hash": "h_22fc67a66034", "status": "200"}
[WebServer] {"duration_ms": 34.215167001093505, "event": "console.request", "id_hash": "h_e686cb9293dd", "status": "200"}
[WebServer] {"duration_ms": 5.949624999630032, "event": "console.request", "id_hash": "h_701e3acede3b", "status": "200"}
[WebServer] {"duration_ms": 43.026791001466336, "event": "console.request", "id_hash": "h_1a9a56f09b4e", "status": "200"}
[WebServer] {"duration_ms": 43.56333299801918, "event": "console.request", "id_hash": "h_1a73d054302f", "status": "200"}
[WebServer] {"duration_ms": 44.263959000090836, "event": "console.request", "id_hash": "h_11ea2f19bbd5", "status": "200"}
[WebServer] {"duration_ms": 46.084084002359305, "event": "console.request", "id_hash": "h_3a41be60a0af", "status": "200"}
[WebServer] {"duration_ms": 44.8712079996767, "event": "console.request", "id_hash": "h_af91501bdaaa", "status": "200"}
[WebServer] {"duration_ms": 21.80170900101075, "event": "console.request", "id_hash": "h_bf725e306cba", "status": "201"}
[WebServer] {"duration_ms": 5.046499998570653, "event": "console.request", "id_hash": "h_981f7e75b744", "status": "200"}
[WebServer] {"duration_ms": 9.452000002056593, "event": "console.request", "id_hash": "h_85e1e3390b5f", "status": "200"}
[WebServer] {"duration_ms": 40.91033300210256, "event": "console.request", "id_hash": "h_e315d0a1766f", "status": "200"}
[WebServer] {"duration_ms": 41.314750000310596, "event": "console.request", "id_hash": "h_09422d328d6e", "status": "200"}
[WebServer] {"duration_ms": 44.984333999309456, "event": "console.request", "id_hash": "h_05adc98a061b", "status": "200"}
[WebServer] {"duration_ms": 20.14608399986173, "event": "console.request", "id_hash": "h_b68af1c032bd", "status": "200"}
[WebServer] {"duration_ms": 9.677750000264496, "event": "console.request", "id_hash": "h_101b6eb955fc", "status": "200"}
[WebServer] {"duration_ms": 14.012750001711538, "event": "console.request", "id_hash": "h_22790276e4af", "status": "200"}
[WebServer] {"duration_ms": 28.034874998411397, "event": "console.request", "id_hash": "h_5be7db595b78", "status": "200"}
[WebServer] {"duration_ms": 33.043542000086745, "event": "console.request", "id_hash": "h_9f79283a3b24", "status": "200"}
[WebServer] {"duration_ms": 36.3818750010978, "event": "console.request", "id_hash": "h_73a2ab6ca485", "status": "200"}
[WebServer] {"duration_ms": 21.270499997626757, "event": "console.request", "id_hash": "h_7c99b37febca", "status": "200"}
[WebServer] {"duration_ms": 13.53124999877764, "event": "console.request", "id_hash": "h_4cf7da620e33", "status": "200"}
[WebServer] {"duration_ms": 13.98279199929675, "event": "console.request", "id_hash": "h_cb9b0a02d594", "status": "200"}
[WebServer] {"duration_ms": 35.129374999087304, "event": "console.request", "id_hash": "h_ff3c0b397383", "status": "200"}
[WebServer] {"duration_ms": 42.79962500004331, "event": "console.request", "id_hash": "h_4655992d74b0", "status": "200"}
[WebServer] {"duration_ms": 43.69175000101677, "event": "console.request", "id_hash": "h_ceff27f7cb29", "status": "200"}
[WebServer] {"duration_ms": 19.66133400128456, "event": "console.request", "id_hash": "h_f576fedd6e42", "status": "200"}
[WebServer] {"duration_ms": 1.101875001040753, "event": "console.request", "id_hash": "h_59e3a0c3eca7", "status": "200"}
[WebServer] {"duration_ms": 2.6441660011187196, "event": "console.request", "id_hash": "h_b53067eca824", "status": "200"}
[WebServer] {"duration_ms": 2.3795829984010197, "event": "console.request", "id_hash": "h_bd046e151ca4", "status": "200"}
[WebServer] {"duration_ms": 17.776500000763917, "event": "console.request", "id_hash": "h_9d73abc24451", "status": "200"}
[WebServer] {"duration_ms": 19.347334000485716, "event": "console.request", "id_hash": "h_971b038cd9ab", "status": "200"}
[WebServer] {"duration_ms": 4.1125830030068755, "event": "console.request", "id_hash": "h_1f6c5784d4ae", "status": "200"}
[WebServer] {"duration_ms": 5.030500000430038, "event": "console.request", "id_hash": "h_ad97ebf3155c", "status": "200"}
[WebServer] {"duration_ms": 30.131958003039472, "event": "console.request", "id_hash": "h_16970ed23508", "status": "200"}
[WebServer] {"duration_ms": 13.247667000541696, "event": "console.request", "id_hash": "h_32ddfb5ae213", "status": "200"}
[WebServer] {"duration_ms": 16.26133399986429, "event": "console.request", "id_hash": "h_23a1d7f19731", "status": "200"}
[WebServer] {"duration_ms": 28.234999997948762, "event": "console.request", "id_hash": "h_9b10bf4a917d", "status": "200"}
[WebServer] {"duration_ms": 32.34816600161139, "event": "console.request", "id_hash": "h_25ff819268d2", "status": "200"}
[WebServer] {"duration_ms": 36.535332998028025, "event": "console.request", "id_hash": "h_124d4607f415", "status": "200"}
  ✓  11 tests/browser/console.spec.ts:1597:1 › real Task create edit and transitions preserve revisions in Required mode (1.4s)
[WebServer] {"duration_ms": 0.91683299979195, "event": "console.request", "id_hash": "h_ed7559e4881a", "status": "200"}
[WebServer] {"duration_ms": 1.6689580006641336, "event": "console.request", "id_hash": "h_854379ad9d7e", "status": "200"}
[WebServer] {"duration_ms": 1.142209002864547, "event": "console.request", "id_hash": "h_4d5a70fa5d95", "status": "200"}
[WebServer] {"duration_ms": 3.770458002691157, "event": "console.request", "id_hash": "h_e1a2086ba4da", "status": "401"}
[WebServer] {"duration_ms": 101.77050000129384, "event": "console.request", "id_hash": "h_c2ca997b9868", "status": "200"}
[WebServer] {"duration_ms": 6.160582997836173, "event": "console.request", "id_hash": "h_61824fc3912b", "status": "200"}
[WebServer] {"duration_ms": 37.02966600030777, "event": "console.request", "id_hash": "h_b319aedf4f16", "status": "200"}
[WebServer] {"duration_ms": 5.97475000176928, "event": "console.request", "id_hash": "h_111302f6ea31", "status": "200"}
[WebServer] {"duration_ms": 42.119999998249114, "event": "console.request", "id_hash": "h_fb94842edd72", "status": "200"}
[WebServer] {"duration_ms": 47.22958300044411, "event": "console.request", "id_hash": "h_13a36b9d0f94", "status": "200"}
[WebServer] {"duration_ms": 46.72991600091336, "event": "console.request", "id_hash": "h_22aa11bea50a", "status": "200"}
[WebServer] {"duration_ms": 46.625458999187686, "event": "console.request", "id_hash": "h_09414e9251cf", "status": "200"}
[WebServer] {"duration_ms": 48.57687500043539, "event": "console.request", "id_hash": "h_4356a4a5ffc4", "status": "200"}
[WebServer] {"duration_ms": 20.29654199941433, "event": "console.request", "id_hash": "h_afccf7641ba7", "status": "201"}
[WebServer] {"duration_ms": 5.378750000090804, "event": "console.request", "id_hash": "h_c2a683c479e0", "status": "200"}
[WebServer] {"duration_ms": 8.67308399756439, "event": "console.request", "id_hash": "h_87a348582969", "status": "200"}
[WebServer] {"duration_ms": 27.42312499685795, "event": "console.request", "id_hash": "h_9744ef8cfa8f", "status": "200"}
[WebServer] {"duration_ms": 38.54774999854271, "event": "console.request", "id_hash": "h_95340dffed40", "status": "200"}
[WebServer] {"duration_ms": 38.66037500120001, "event": "console.request", "id_hash": "h_65cea719000e", "status": "200"}
[WebServer] {"duration_ms": 20.14312499886728, "event": "console.request", "id_hash": "h_55413d5dcab9", "status": "201"}
[WebServer] {"duration_ms": 24.321790999238146, "event": "console.request", "id_hash": "h_ae5a293dcfed", "status": "200"}
[WebServer] {"duration_ms": 27.734916999179404, "event": "console.request", "id_hash": "h_b6a00e767ce3", "status": "200"}
[WebServer] {"duration_ms": 32.849416998942615, "event": "console.request", "id_hash": "h_8e8d2e95f1e5", "status": "200"}
[WebServer] {"duration_ms": 28.335958002571715, "event": "console.request", "id_hash": "h_1f429cf814bb", "status": "200"}
[WebServer] {"duration_ms": 33.58966599989799, "event": "console.request", "id_hash": "h_9562834d5831", "status": "200"}
[WebServer] {"duration_ms": 38.30170900255325, "event": "console.request", "id_hash": "h_c0534d1b322c", "status": "200"}
[WebServer] {"duration_ms": 20.279792002838803, "event": "console.request", "id_hash": "h_f6e0f8bb10a3", "status": "200"}
[WebServer] {"duration_ms": 29.84358400135534, "event": "console.request", "id_hash": "h_01b1173ec3eb", "status": "200"}
[WebServer] {"duration_ms": 29.437499997584382, "event": "console.request", "id_hash": "h_c6afba3b5292", "status": "200"}
[WebServer] {"duration_ms": 30.382540997379692, "event": "console.request", "id_hash": "h_9b9143ffd83b", "status": "200"}
[WebServer] {"duration_ms": 25.28520799751277, "event": "console.request", "id_hash": "h_f532cc89df72", "status": "200"}
[WebServer] {"duration_ms": 31.33391699884669, "event": "console.request", "id_hash": "h_837371ffb912", "status": "200"}
[WebServer] {"duration_ms": 36.04991699830862, "event": "console.request", "id_hash": "h_59aebb95ea93", "status": "200"}
[WebServer] {"duration_ms": 19.484875003399793, "event": "console.request", "id_hash": "h_c46f60136612", "status": "200"}
[WebServer] {"duration_ms": 1.10720800148556, "event": "console.request", "id_hash": "h_3d1ea28bc2a3", "status": "200"}
[WebServer] {"duration_ms": 2.1739169969805516, "event": "console.request", "id_hash": "h_adce8a86bc70", "status": "200"}
[WebServer] {"duration_ms": 1.2655419996008277, "event": "console.request", "id_hash": "h_73141d56227a", "status": "200"}
[WebServer] {"duration_ms": 11.722375002136687, "event": "console.request", "id_hash": "h_ad543ddad711", "status": "200"}
[WebServer] {"duration_ms": 28.779457999917213, "event": "console.request", "id_hash": "h_50749683fbaf", "status": "200"}
[WebServer] {"duration_ms": 42.41479199845344, "event": "console.request", "id_hash": "h_4682b24a8a6d", "status": "200"}
[WebServer] {"duration_ms": 15.045709002151852, "event": "console.request", "id_hash": "h_dce9790ca46f", "status": "200"}
[WebServer] {"duration_ms": 45.40041699874564, "event": "console.request", "id_hash": "h_c823bfd90bac", "status": "200"}
[WebServer] {"duration_ms": 29.710458999034017, "event": "console.request", "id_hash": "h_974e2ce10a4f", "status": "200"}
[WebServer] {"duration_ms": 8.727291999093723, "event": "console.request", "id_hash": "h_86e47ddd5cf9", "status": "200"}
[WebServer] {"duration_ms": 13.737540997681208, "event": "console.request", "id_hash": "h_8192f0022d1f", "status": "200"}
[WebServer] {"duration_ms": 43.83041700202739, "event": "console.request", "id_hash": "h_504a4457642c", "status": "200"}
[WebServer] {"duration_ms": 44.128166999144014, "event": "console.request", "id_hash": "h_e2a8dde6a93a", "status": "200"}
[WebServer] {"duration_ms": 43.46629199790186, "event": "console.request", "id_hash": "h_e5e8680a582f", "status": "200"}
  ✓  12 tests/browser/console.spec.ts:1703:1 › real Task steps atomically advance child and parent revisions (1.7s)
[WebServer] {"duration_ms": 1.2888749988633208, "event": "console.request", "id_hash": "h_b430ec9358ae", "status": "200"}
[WebServer] {"duration_ms": 0.984207999863429, "event": "console.request", "id_hash": "h_e86cbba76b12", "status": "200"}
[WebServer] {"duration_ms": 2.0914169981551822, "event": "console.request", "id_hash": "h_93bc6e81ad59", "status": "200"}
[WebServer] {"duration_ms": 3.757500002393499, "event": "console.request", "id_hash": "h_b01324466d21", "status": "401"}
[WebServer] {"duration_ms": 102.43641700071748, "event": "console.request", "id_hash": "h_1bfb64ea6701", "status": "200"}
[WebServer] {"duration_ms": 6.6295420001551975, "event": "console.request", "id_hash": "h_b4a40e1609a5", "status": "200"}
[WebServer] {"duration_ms": 51.390041000558995, "event": "console.request", "id_hash": "h_c24147a45198", "status": "200"}
[WebServer] {"duration_ms": 6.131417001597583, "event": "console.request", "id_hash": "h_7ddf0dd1640a", "status": "200"}
[WebServer] {"duration_ms": 39.5493340001849, "event": "console.request", "id_hash": "h_cab5239823ce", "status": "200"}
[WebServer] {"duration_ms": 42.94070800096961, "event": "console.request", "id_hash": "h_cea6d5894d7c", "status": "200"}
[WebServer] {"duration_ms": 44.448874999943655, "event": "console.request", "id_hash": "h_65606a409fab", "status": "200"}
[WebServer] {"duration_ms": 44.13416700117523, "event": "console.request", "id_hash": "h_b49b52452059", "status": "200"}
[WebServer] {"duration_ms": 44.28774999905727, "event": "console.request", "id_hash": "h_a0628a0e3582", "status": "200"}
[WebServer] {"duration_ms": 21.192874999542255, "event": "console.request", "id_hash": "h_e6daea54b24d", "status": "201"}
[WebServer] {"duration_ms": 5.12137500118115, "event": "console.request", "id_hash": "h_e402ce8af792", "status": "200"}
[WebServer] {"duration_ms": 9.081500000320375, "event": "console.request", "id_hash": "h_2d71215e5e16", "status": "200"}
[WebServer] {"duration_ms": 30.58479100218392, "event": "console.request", "id_hash": "h_20abd6f55751", "status": "200"}
[WebServer] {"duration_ms": 38.059040998632554, "event": "console.request", "id_hash": "h_4b7f62851e20", "status": "200"}
[WebServer] {"duration_ms": 37.68633299841895, "event": "console.request", "id_hash": "h_031dfaf8876d", "status": "200"}
[WebServer] {"duration_ms": 20.52404200003366, "event": "console.request", "id_hash": "h_92d30b9f3c4c", "status": "201"}
[WebServer] {"duration_ms": 15.524791997449938, "event": "console.request", "id_hash": "h_c1eb11f706c9", "status": "200"}
[WebServer] {"duration_ms": 26.312875001167413, "event": "console.request", "id_hash": "h_52bcb400b39c", "status": "200"}
[WebServer] {"duration_ms": 27.850624999700813, "event": "console.request", "id_hash": "h_bdf12638a553", "status": "200"}
[WebServer] {"duration_ms": 27.68366699820035, "event": "console.request", "id_hash": "h_9f41aa6100eb", "status": "200"}
[WebServer] {"duration_ms": 34.812208999937866, "event": "console.request", "id_hash": "h_c9d7f62945cc", "status": "200"}
[WebServer] {"duration_ms": 35.64462499707588, "event": "console.request", "id_hash": "h_a603d4cc7e29", "status": "200"}
[WebServer] {"duration_ms": 20.20379199893796, "event": "console.request", "id_hash": "h_152145e9657d", "status": "201"}
[WebServer] {"duration_ms": 16.89683300355682, "event": "console.request", "id_hash": "h_79016dd56f96", "status": "200"}
[WebServer] {"duration_ms": 28.781749999325257, "event": "console.request", "id_hash": "h_a74b869beb9d", "status": "200"}
[WebServer] {"duration_ms": 29.095665999193443, "event": "console.request", "id_hash": "h_fd124bfcf2a4", "status": "200"}
[WebServer] {"duration_ms": 43.1584580001072, "event": "console.request", "id_hash": "h_84e6b1809843", "status": "200"}
[WebServer] {"duration_ms": 45.357625000178814, "event": "console.request", "id_hash": "h_533244c87a41", "status": "200"}
[WebServer] {"duration_ms": 45.76708300010068, "event": "console.request", "id_hash": "h_684acc3640ca", "status": "200"}
[WebServer] {"duration_ms": 19.62420900235884, "event": "console.request", "id_hash": "h_93755d460b7e", "status": "200"}
[WebServer] {"duration_ms": 22.985416999290464, "event": "console.request", "id_hash": "h_299db5943411", "status": "200"}
[WebServer] {"duration_ms": 22.221458002604777, "event": "console.request", "id_hash": "h_031ada4d3957", "status": "201"}
[WebServer] {"duration_ms": 23.654166001506383, "event": "console.request", "id_hash": "h_519d320c423f", "status": "200"}
[WebServer] {"duration_ms": 30.984583998360904, "event": "console.request", "id_hash": "h_b74d4c81de14", "status": "200"}
[WebServer] {"duration_ms": 32.91479199833702, "event": "console.request", "id_hash": "h_789d96a0e257", "status": "200"}
[WebServer] {"duration_ms": 27.996207998512546, "event": "console.request", "id_hash": "h_ca41801d95a4", "status": "200"}
[WebServer] {"duration_ms": 37.66066599928308, "event": "console.request", "id_hash": "h_92755edc9ce8", "status": "200"}
[WebServer] {"duration_ms": 38.475375000416534, "event": "console.request", "id_hash": "h_7548d6413a7e", "status": "200"}
[WebServer] {"duration_ms": 27.097624999441905, "event": "console.request", "id_hash": "h_55b84e9ea5b5", "status": "200"}
[WebServer] {"duration_ms": 31.549209001241252, "event": "console.request", "id_hash": "h_55a363021fc3", "status": "200"}
[WebServer] {"duration_ms": 32.62804199766833, "event": "console.request", "id_hash": "h_b70b562e8840", "status": "200"}
[WebServer] {"duration_ms": 34.69295900140423, "event": "console.request", "id_hash": "h_87667798012e", "status": "200"}
[WebServer] {"duration_ms": 28.44254200317664, "event": "console.request", "id_hash": "h_014de700bd98", "status": "200"}
[WebServer] {"duration_ms": 33.390499997040024, "event": "console.request", "id_hash": "h_ffc4f1b7e09b", "status": "200"}
[WebServer] {"duration_ms": 39.20099999959348, "event": "console.request", "id_hash": "h_17afaf01018c", "status": "200"}
[WebServer] {"duration_ms": 14.974958001403138, "event": "console.request", "id_hash": "h_c926b835440d", "status": "200"}
[WebServer] {"duration_ms": 18.496749999030726, "event": "console.request", "id_hash": "h_f9c282b6060e", "status": "200"}
[WebServer] {"duration_ms": 19.76295799977379, "event": "console.request", "id_hash": "h_910ff6edfc52", "status": "201"}
[WebServer] {"duration_ms": 0.8967909998318646, "event": "console.request", "id_hash": "h_cf3674b1e803", "status": "200"}
[WebServer] {"duration_ms": 2.0799590020033065, "event": "console.request", "id_hash": "h_895f76c256f9", "status": "200"}
[WebServer] {"duration_ms": 1.220041998749366, "event": "console.request", "id_hash": "h_28d1e1346957", "status": "200"}
[WebServer] {"duration_ms": 27.60320800007321, "event": "console.request", "id_hash": "h_10d7f977ee72", "status": "200"}
[WebServer] {"duration_ms": 12.668542000028538, "event": "console.request", "id_hash": "h_4e01010b1541", "status": "200"}
[WebServer] {"duration_ms": 41.8870829998923, "event": "console.request", "id_hash": "h_2efc918ab240", "status": "200"}
[WebServer] {"duration_ms": 13.88083400161122, "event": "console.request", "id_hash": "h_07396d104013", "status": "200"}
[WebServer] {"duration_ms": 43.724582999857375, "event": "console.request", "id_hash": "h_0fe8cede4fa2", "status": "200"}
[WebServer] {"duration_ms": 29.571874998509884, "event": "console.request", "id_hash": "h_be401d801ef6", "status": "200"}
[WebServer] {"duration_ms": 13.11212499786052, "event": "console.request", "id_hash": "h_d6abb4146930", "status": "200"}
[WebServer] {"duration_ms": 14.293667001766153, "event": "console.request", "id_hash": "h_d8938a8c370b", "status": "200"}
[WebServer] {"duration_ms": 30.05262499937089, "event": "console.request", "id_hash": "h_5cb6c9ab7778", "status": "200"}
[WebServer] {"duration_ms": 38.903832999494625, "event": "console.request", "id_hash": "h_29f2a8a54ed4", "status": "200"}
[WebServer] {"duration_ms": 39.615958001377294, "event": "console.request", "id_hash": "h_5451c9e49117", "status": "200"}
  ✓  13 tests/browser/console.spec.ts:1804:1 › real dependency creation removal and reactivation preserve its ID (2.3s)
[WebServer] {"duration_ms": 1.5087499996297993, "event": "console.request", "id_hash": "h_7d2540c33ba9", "status": "200"}
[WebServer] {"duration_ms": 1.5831659984542057, "event": "console.request", "id_hash": "h_c08c0f70a798", "status": "200"}
[WebServer] {"duration_ms": 1.0411660005047452, "event": "console.request", "id_hash": "h_924c6a17bdfc", "status": "200"}
[WebServer] {"duration_ms": 5.200417002924951, "event": "console.request", "id_hash": "h_b7afc6fba631", "status": "401"}
[WebServer] {"duration_ms": 101.17950000130804, "event": "console.request", "id_hash": "h_bcb878463bbf", "status": "429"}
[WebServer] {"duration_ms": 102.98270899875206, "event": "console.request", "id_hash": "h_bab308f257ab", "status": "429"}
[WebServer] {"duration_ms": 102.76833399984753, "event": "console.request", "id_hash": "h_0289879868a8", "status": "200"}
[WebServer] {"duration_ms": 14.507249998132465, "event": "console.request", "id_hash": "h_9088f0cd4440", "status": "200"}
[WebServer] {"duration_ms": 34.13575000013225, "event": "console.request", "id_hash": "h_64e50ccdea54", "status": "200"}
[WebServer] {"duration_ms": 6.143750000774162, "event": "console.request", "id_hash": "h_d127fc5556ae", "status": "200"}
[WebServer] {"duration_ms": 28.98800000184565, "event": "console.request", "id_hash": "h_029a58bf8c70", "status": "200"}
[WebServer] {"duration_ms": 39.09495900006732, "event": "console.request", "id_hash": "h_8acfcd4b997e", "status": "200"}
[WebServer] {"duration_ms": 39.78791700137663, "event": "console.request", "id_hash": "h_7a4bc1cce472", "status": "200"}
[WebServer] {"duration_ms": 41.12258399982238, "event": "console.request", "id_hash": "h_681f19cb1b01", "status": "200"}
[WebServer] {"duration_ms": 41.130958998110145, "event": "console.request", "id_hash": "h_9bc4ed4c50cb", "status": "200"}
[WebServer] {"duration_ms": 23.665417000302114, "event": "console.request", "id_hash": "h_a7b0ec1865a8", "status": "201"}
[WebServer] {"duration_ms": 6.3909590026014484, "event": "console.request", "id_hash": "h_2a2d127bb107", "status": "200"}
[WebServer] {"duration_ms": 8.875791001628386, "event": "console.request", "id_hash": "h_baaf22af9ad2", "status": "200"}
[WebServer] {"duration_ms": 19.031291001738282, "event": "console.request", "id_hash": "h_1c2160838412", "status": "200"}
[WebServer] {"duration_ms": 33.73966700019082, "event": "console.request", "id_hash": "h_774811d4e8c4", "status": "200"}
[WebServer] {"duration_ms": 34.447499998350395, "event": "console.request", "id_hash": "h_c8bda2f0e2fd", "status": "200"}
[WebServer] {"duration_ms": 11.185874998773215, "event": "console.request", "id_hash": "h_617da836a742", "status": "200"}
[WebServer] {"duration_ms": 21.385959000326693, "event": "console.request", "id_hash": "h_a10acb316e03", "status": "201"}
[WebServer] {"duration_ms": 24.439249998977175, "event": "console.request", "id_hash": "h_c270d39c971d", "status": "200"}
[WebServer] {"duration_ms": 33.47874999963096, "event": "console.request", "id_hash": "h_400af836fb44", "status": "200"}
[WebServer] {"duration_ms": 34.95870899860165, "event": "console.request", "id_hash": "h_3f039132b4d5", "status": "200"}
[WebServer] {"duration_ms": 37.42229099952965, "event": "console.request", "id_hash": "h_2c230c8200b8", "status": "200"}
[WebServer] {"duration_ms": 39.453000001230976, "event": "console.request", "id_hash": "h_9cb37aa1d26f", "status": "200"}
[WebServer] {"duration_ms": 44.80708299888647, "event": "console.request", "id_hash": "h_3141c44e8cf3", "status": "200"}
[WebServer] {"duration_ms": 7.054124998830957, "event": "console.request", "id_hash": "h_899cc0d05979", "status": "200"}
[WebServer] {"duration_ms": 9.019291002914542, "event": "console.request", "id_hash": "h_ecd1992cb5a0", "status": "200"}
[WebServer] {"duration_ms": 19.248166998295346, "event": "console.request", "id_hash": "h_cbf9b1746863", "status": "200"}
[WebServer] {"duration_ms": 23.57783399929758, "event": "console.request", "id_hash": "h_d075f8de2c1a", "status": "200"}
[WebServer] {"duration_ms": 33.594582997466205, "event": "console.request", "id_hash": "h_b9b4dfe04143", "status": "200"}
[WebServer] {"duration_ms": 33.03570799835143, "event": "console.request", "id_hash": "h_619f57a66eaf", "status": "200"}
[WebServer] {"duration_ms": 32.91812499810476, "event": "console.request", "id_hash": "h_94e67a697a7c", "status": "200"}
[WebServer] {"duration_ms": 55.889458002639, "event": "console.request", "id_hash": "h_e0e78d2971fe", "status": "200"}
[WebServer] {"duration_ms": 55.593042001419235, "event": "console.request", "id_hash": "h_0c32a9915cfb", "status": "200"}
[WebServer] {"duration_ms": 9.069666997675085, "event": "console.request", "id_hash": "h_bf5ababdf4ad", "status": "200"}
[WebServer] {"duration_ms": 24.084166001557605, "event": "console.request", "id_hash": "h_88c7e258f3ec", "status": "200"}
[WebServer] {"duration_ms": 17.409332998795435, "event": "console.request", "id_hash": "h_d0fe36600300", "status": "200"}
[WebServer] {"duration_ms": 29.008958001213614, "event": "console.request", "id_hash": "h_d2cf98e9b32d", "status": "200"}
[WebServer] {"duration_ms": 30.519459000061033, "event": "console.request", "id_hash": "h_1f17573cd09d", "status": "200"}
[WebServer] {"duration_ms": 28.509916002803948, "event": "console.request", "id_hash": "h_da189617b136", "status": "200"}
[WebServer] {"duration_ms": 36.557499999616994, "event": "console.request", "id_hash": "h_cd4e8b6043e8", "status": "200"}
[WebServer] {"duration_ms": 35.84354199847439, "event": "console.request", "id_hash": "h_f561932cb1f7", "status": "200"}
[WebServer] {"duration_ms": 6.324416997813387, "event": "console.request", "id_hash": "h_b93484724992", "status": "200"}
[WebServer] {"duration_ms": 21.884207999391947, "event": "console.request", "id_hash": "h_dfeaa7bf59e5", "status": "200"}
[WebServer] {"duration_ms": 1.30491600066307, "event": "console.request", "id_hash": "h_beaafb3a1dbf", "status": "200"}
[WebServer] {"duration_ms": 1.8659579982340802, "event": "console.request", "id_hash": "h_2fcf013d4035", "status": "200"}
[WebServer] {"duration_ms": 1.2832920001528692, "event": "console.request", "id_hash": "h_72260ffceca0", "status": "200"}
[WebServer] {"duration_ms": 30.11783399779233, "event": "console.request", "id_hash": "h_e4b1303a1f04", "status": "200"}
[WebServer] {"duration_ms": 13.946125000074971, "event": "console.request", "id_hash": "h_599b15862f75", "status": "200"}
[WebServer] {"duration_ms": 41.92733299714746, "event": "console.request", "id_hash": "h_9c30653766df", "status": "200"}
[WebServer] {"duration_ms": 12.187584001367213, "event": "console.request", "id_hash": "h_6bdcdee6d365", "status": "200"}
[WebServer] {"duration_ms": 44.048625000868924, "event": "console.request", "id_hash": "h_e3ea20853dca", "status": "200"}
[WebServer] {"duration_ms": 29.222749999462394, "event": "console.request", "id_hash": "h_216e9a0188b6", "status": "200"}
[WebServer] {"duration_ms": 13.879125002858927, "event": "console.request", "id_hash": "h_22e35c0e521e", "status": "200"}
[WebServer] {"duration_ms": 14.841500000329688, "event": "console.request", "id_hash": "h_73e582f5f546", "status": "200"}
[WebServer] {"duration_ms": 25.639125000452623, "event": "console.request", "id_hash": "h_0d577ae54e94", "status": "200"}
[WebServer] {"duration_ms": 31.26012500069919, "event": "console.request", "id_hash": "h_ff79b4150f34", "status": "200"}
[WebServer] {"duration_ms": 36.06591700008721, "event": "console.request", "id_hash": "h_8d269e9544d4", "status": "200"}
[WebServer] {"duration_ms": 7.602708003105363, "event": "console.request", "id_hash": "h_3a921e7b7a22", "status": "200"}
[WebServer] {"duration_ms": 8.648499999253545, "event": "console.request", "id_hash": "h_655b1a5578e7", "status": "200"}
[WebServer] {"duration_ms": 1.1537909995240625, "event": "console.request", "id_hash": "h_18a5e6bfe790", "status": "200"}
[WebServer] {"duration_ms": 1.998458999878494, "event": "console.request", "id_hash": "h_b78b6b352f8b", "status": "200"}
[WebServer] {"duration_ms": 1.6096670005936176, "event": "console.request", "id_hash": "h_562f98ab5f08", "status": "200"}
[WebServer] {"duration_ms": 3.0893750008544885, "event": "console.request", "id_hash": "h_cda87a5fd32f", "status": "200"}
[WebServer] {"duration_ms": 5.281875000946457, "event": "console.request", "id_hash": "h_3a1bd8489d40", "status": "200"}
[WebServer] {"duration_ms": 30.815999998594634, "event": "console.request", "id_hash": "h_0ade1e0d517c", "status": "200"}
[WebServer] {"duration_ms": 12.669166997511638, "event": "console.request", "id_hash": "h_d28f59ab7ada", "status": "200"}
[WebServer] {"duration_ms": 13.925457998993807, "event": "console.request", "id_hash": "h_fb079f6ce3d5", "status": "200"}
[WebServer] {"duration_ms": 43.43695799980196, "event": "console.request", "id_hash": "h_438f76cf7f71", "status": "200"}
[WebServer] {"duration_ms": 43.38695800106507, "event": "console.request", "id_hash": "h_89f6092d2cc1", "status": "200"}
[WebServer] {"duration_ms": 43.69629199936753, "event": "console.request", "id_hash": "h_22ce30f999cf", "status": "200"}
[WebServer] {"duration_ms": 19.343457999639213, "event": "console.request", "id_hash": "h_3dc4f0051b54", "status": "200"}
[WebServer] {"duration_ms": 11.771417001000373, "event": "console.request", "id_hash": "h_e9af1aadccec", "status": "200"}
[WebServer] {"duration_ms": 14.53183400008129, "event": "console.request", "id_hash": "h_fa59f4ac7ce2", "status": "200"}
[WebServer] {"duration_ms": 32.36450000258628, "event": "console.request", "id_hash": "h_582015a7edc9", "status": "200"}
[WebServer] {"duration_ms": 42.92262499802746, "event": "console.request", "id_hash": "h_fea4fa28932a", "status": "200"}
[WebServer] {"duration_ms": 43.133957999089034, "event": "console.request", "id_hash": "h_d8eb18b449f0", "status": "200"}
[WebServer] {"duration_ms": 42.012207999505335, "event": "console.request", "id_hash": "h_d365bb992f6b", "status": "200"}
[WebServer] {"duration_ms": 22.35945900247316, "event": "console.request", "id_hash": "h_2ee9d179a87d", "status": "200"}
[WebServer] {"duration_ms": 22.248207998927683, "event": "console.request", "id_hash": "h_e5f9a02b5972", "status": "200"}
[WebServer] {"duration_ms": 20.52525000181049, "event": "console.request", "id_hash": "h_60fd57861b4d", "status": "200"}
[WebServer] {"duration_ms": 20.86454099844559, "event": "console.request", "id_hash": "h_3419c893aef0", "status": "404"}
[WebServer] {"duration_ms": 22.02450000186218, "event": "console.request", "id_hash": "h_d4fdb3ceb282", "status": "404"}
[WebServer] {"duration_ms": 4.474375000427244, "event": "console.request", "id_hash": "h_28cc8847c349", "status": "404"}
[WebServer] {"duration_ms": 3.717999999935273, "event": "console.request", "id_hash": "h_c039370952a9", "status": "404"}
[WebServer] {"duration_ms": 1.4669579977635294, "event": "console.request", "id_hash": "h_80b0016ba435", "status": "200"}
[WebServer] {"duration_ms": 1.0070419994008262, "event": "console.request", "id_hash": "h_db06fb2f99da", "status": "200"}
[WebServer] {"duration_ms": 1.863292000052752, "event": "console.request", "id_hash": "h_aee78e457751", "status": "200"}
[WebServer] {"duration_ms": 2.6540830003796145, "event": "console.request", "id_hash": "h_2c491c49068b", "status": "200"}
[WebServer] {"duration_ms": 4.908165999950143, "event": "console.request", "id_hash": "h_70b465beb04f", "status": "200"}
[WebServer] {"duration_ms": 29.807584000081988, "event": "console.request", "id_hash": "h_5937a7e85958", "status": "200"}
[WebServer] {"duration_ms": 6.670999999187188, "event": "console.request", "id_hash": "h_7e21f1a9b90e", "status": "404"}
[WebServer] {"duration_ms": 9.26279199848068, "event": "console.request", "id_hash": "h_eacb69f8ab6d", "status": "200"}
  ✓  14 tests/browser/console.spec.ts:1926:1 › real trigger lifecycle and Task forget preserve revisions and delete the plan (56.3s)
[WebServer] {"duration_ms": 0.9384160002809949, "event": "console.request", "id_hash": "h_140463f56e3a", "status": "200"}
[WebServer] {"duration_ms": 1.4367499970830977, "event": "console.request", "id_hash": "h_2d37c0395273", "status": "200"}
[WebServer] {"duration_ms": 1.047124998876825, "event": "console.request", "id_hash": "h_b26501899869", "status": "200"}
[WebServer] {"duration_ms": 2.697832998819649, "event": "console.request", "id_hash": "h_28ad57b81ded", "status": "401"}
[WebServer] {"duration_ms": 102.53445799753536, "event": "console.request", "id_hash": "h_67eb91792853", "status": "200"}
[WebServer] {"duration_ms": 7.185875001596287, "event": "console.request", "id_hash": "h_c48d14d81f53", "status": "200"}
[WebServer] {"duration_ms": 32.976916001643986, "event": "console.request", "id_hash": "h_fca5e4fc4055", "status": "200"}
[WebServer] {"duration_ms": 8.863040999131044, "event": "console.request", "id_hash": "h_5ea885a64200", "status": "200"}
[WebServer] {"duration_ms": 7.9950830004236195, "event": "console.request", "id_hash": "h_534b3a3f61c7", "status": "200"}
[WebServer] {"duration_ms": 34.1149999985646, "event": "console.request", "id_hash": "h_0825ce9bd867", "status": "200"}
[WebServer] {"duration_ms": 62.287084001582116, "event": "console.request", "id_hash": "h_2ffdbfee8198", "status": "200"}
[WebServer] {"duration_ms": 33.92012499898556, "event": "console.request", "id_hash": "h_59f8c560a9ef", "status": "202"}
[WebServer] {"duration_ms": 6.80616699901293, "event": "console.request", "id_hash": "h_94a2a1811ff1", "status": "200"}
[WebServer] {"duration_ms": 4.465165999135934, "event": "console.request", "id_hash": "h_912fa7f86286", "status": "200"}
[WebServer] {"duration_ms": 17.782959002943244, "event": "console.request", "id_hash": "h_a8f1c3753d89", "status": "200"}
[WebServer] {"duration_ms": 29.540874998929212, "event": "console.request", "id_hash": "h_2cd222a8ff3f", "status": "200"}
[WebServer] {"duration_ms": 6.276041000091936, "event": "console.request", "id_hash": "h_fa0596e70b15", "status": "200"}
[WebServer] {"duration_ms": 6.669582999165868, "event": "console.request", "id_hash": "h_0190f0321c90", "status": "200"}
  ✓  15 tests/browser/console.spec.ts:2105:1 › real fixed-filter operation accepts 51 targets and cancellation preserves the first committed batch (2.2s)
[WebServer] {"duration_ms": 0.9062079989234917, "event": "console.request", "id_hash": "h_a3f7050e7d3f", "status": "200"}
[WebServer] {"duration_ms": 0.8268329984275624, "event": "console.request", "id_hash": "h_874c2ba2be22", "status": "200"}
[WebServer] {"duration_ms": 1.7472500003350433, "event": "console.request", "id_hash": "h_ace06df02059", "status": "200"}
[WebServer] {"duration_ms": 3.735999998752959, "event": "console.request", "id_hash": "h_e39dd4099f11", "status": "401"}
[WebServer] {"duration_ms": 102.27350000059232, "event": "console.request", "id_hash": "h_f46ad05dc5e6", "status": "200"}
[WebServer] {"duration_ms": 1.192625000840053, "event": "console.request", "id_hash": "h_cd2bd252a22b", "status": "200"}
[WebServer] {"duration_ms": 10.776625000289641, "event": "console.request", "id_hash": "h_bf52fb050d5c", "status": "200"}
[WebServer] {"duration_ms": 1.1595420000958256, "event": "console.request", "id_hash": "h_eeeb1a8a6f91", "status": "200"}
[WebServer] {"duration_ms": 2.1491250008693896, "event": "console.request", "id_hash": "h_81953f7b876e", "status": "200"}
[WebServer] {"duration_ms": 2.983124999445863, "event": "console.request", "id_hash": "h_5c5ccfb3f422", "status": "200"}
[WebServer] {"duration_ms": 5.349207996914629, "event": "console.request", "id_hash": "h_7fc6acf3fbdf", "status": "200"}
[WebServer] {"duration_ms": 31.06104199832771, "event": "console.request", "id_hash": "h_ae715e3344b0", "status": "200"}
[WebServer] {"duration_ms": 13.153915999282617, "event": "console.request", "id_hash": "h_f6648720ae61", "status": "200"}
[WebServer] {"duration_ms": 12.377750001178356, "event": "console.request", "id_hash": "h_d4dff796a7fa", "status": "200"}
[WebServer] {"duration_ms": 19.495332999213133, "event": "console.request", "id_hash": "h_8b39aa6bdbec", "status": "200"}
[WebServer] {"duration_ms": 12.498625001171604, "event": "console.request", "id_hash": "h_564de334d310", "status": "200"}
[WebServer] {"duration_ms": 12.572707997605903, "event": "console.request", "id_hash": "h_deb12574cd66", "status": "200"}
[WebServer] {"duration_ms": 1.0269170015817508, "event": "console.request", "id_hash": "h_66c03e375e45", "status": "200"}
[WebServer] {"duration_ms": 1.2219999989611097, "event": "console.request", "id_hash": "h_de50a757ae9d", "status": "200"}
[WebServer] {"duration_ms": 2.194874999986496, "event": "console.request", "id_hash": "h_b28c1dcc6b24", "status": "200"}
[WebServer] {"duration_ms": 3.1689169991295785, "event": "console.request", "id_hash": "h_1e44b99f3bef", "status": "200"}
[WebServer] {"duration_ms": 5.0798339980246965, "event": "console.request", "id_hash": "h_c4b32fef0c29", "status": "200"}
[WebServer] {"duration_ms": 30.328707998705795, "event": "console.request", "id_hash": "h_607a377a4e38", "status": "200"}
[WebServer] {"duration_ms": 11.28824999977951, "event": "console.request", "id_hash": "h_b4e85108aba9", "status": "200"}
[WebServer] {"duration_ms": 12.544583001727005, "event": "console.request", "id_hash": "h_84cdabb2760d", "status": "200"}
[WebServer] {"duration_ms": 0.8293749997392297, "event": "console.request", "id_hash": "h_bc701fd02378", "status": "200"}
[WebServer] {"duration_ms": 1.3618750017485581, "event": "console.request", "id_hash": "h_b383f985b93a", "status": "200"}
[WebServer] {"duration_ms": 1.040750001266133, "event": "console.request", "id_hash": "h_199b015db221", "status": "200"}
[WebServer] {"duration_ms": 2.63420799819869, "event": "console.request", "id_hash": "h_5ff94fab0a86", "status": "200"}
[WebServer] {"duration_ms": 4.867708001256688, "event": "console.request", "id_hash": "h_51447c88fa1e", "status": "200"}
[WebServer] {"duration_ms": 29.72299999964889, "event": "console.request", "id_hash": "h_6945e27f751a", "status": "200"}
[WebServer] {"duration_ms": 10.918625001067994, "event": "console.request", "id_hash": "h_f1e513157340", "status": "200"}
[WebServer] {"duration_ms": 13.713208998524351, "event": "console.request", "id_hash": "h_7cc2e37edc73", "status": "200"}
[WebServer] {"duration_ms": 19.292791999760084, "event": "console.request", "id_hash": "h_860e80a9dc69", "status": "200"}
[WebServer] {"duration_ms": 7.782542001223192, "event": "console.request", "id_hash": "h_01d7b98464b5", "status": "200"}
[WebServer] {"duration_ms": 11.740834001102485, "event": "console.request", "id_hash": "h_a4e4173b88e4", "status": "200"}
[WebServer] {"duration_ms": 1.2960840031155385, "event": "console.request", "id_hash": "h_c4925d61413f", "status": "200"}
[WebServer] {"duration_ms": 2.342583997233305, "event": "console.request", "id_hash": "h_e782ccc6aeff", "status": "200"}
[WebServer] {"duration_ms": 1.9430419997661375, "event": "console.request", "id_hash": "h_714d275b0128", "status": "200"}
[WebServer] {"duration_ms": 3.431499997532228, "event": "console.request", "id_hash": "h_6da82fbb4240", "status": "200"}
[WebServer] {"duration_ms": 5.115457999636419, "event": "console.request", "id_hash": "h_b8c62aa0149d", "status": "200"}
[WebServer] {"duration_ms": 30.612624999776017, "event": "console.request", "id_hash": "h_95f165eb0af1", "status": "200"}
[WebServer] {"duration_ms": 7.8926250025688205, "event": "console.request", "id_hash": "h_feea7b8f1106", "status": "200"}
[WebServer] {"duration_ms": 10.42783299999428, "event": "console.request", "id_hash": "h_a54364baf26f", "status": "200"}
[WebServer] {"duration_ms": 0.7572909998998512, "event": "console.request", "id_hash": "h_bf2b9510cdbe", "status": "200"}
[WebServer] {"duration_ms": 0.9316670002590399, "event": "console.request", "id_hash": "h_77d35f106720", "status": "200"}
[WebServer] {"duration_ms": 1.9110419998469297, "event": "console.request", "id_hash": "h_9facbdbb44af", "status": "200"}
[WebServer] {"duration_ms": 2.643208998051705, "event": "console.request", "id_hash": "h_5988e47657c1", "status": "200"}
[WebServer] {"duration_ms": 5.177957998967031, "event": "console.request", "id_hash": "h_d831a57dec24", "status": "200"}
[WebServer] {"duration_ms": 29.552208001405234, "event": "console.request", "id_hash": "h_cda3ae1eb3af", "status": "200"}
[WebServer] {"duration_ms": 10.770457996841287, "event": "console.request", "id_hash": "h_497fa8bdfb46", "status": "200"}
[WebServer] {"duration_ms": 15.257582999765873, "event": "console.request", "id_hash": "h_f89415dbf645", "status": "200"}
  ✓  16 tests/browser/console.spec.ts:2224:1 › real event dismissal preserves delivery history and its Task in Required mode (1.1s)
[WebServer] {"duration_ms": 34.12529200068093, "event": "console.request", "id_hash": "h_7ba22e98b649", "status": "200"}
[WebServer] {"duration_ms": 39.30320799918263, "event": "console.request", "id_hash": "h_c72a6415ae28", "status": "200"}
[WebServer] {"duration_ms": 43.75945799984038, "event": "console.request", "id_hash": "h_0b5f044497d2", "status": "200"}
[WebServer] {"duration_ms": 0.7803749977028929, "event": "console.request", "id_hash": "h_639baf132404", "status": "200"}
[WebServer] {"duration_ms": 0.9494579971942585, "event": "console.request", "id_hash": "h_39ab74899ac7", "status": "200"}
[WebServer] {"duration_ms": 1.7403750025550835, "event": "console.request", "id_hash": "h_ada9b9145ea0", "status": "200"}
[WebServer] {"duration_ms": 5.083709002065007, "event": "console.request", "id_hash": "h_6803bb57fb6d", "status": "401"}
[WebServer] {"duration_ms": 101.57975000038277, "event": "console.request", "id_hash": "h_464ccc9bd729", "status": "200"}
[WebServer] {"duration_ms": 6.824082996899961, "event": "console.request", "id_hash": "h_2a4b95c1cb11", "status": "200"}
[WebServer] {"duration_ms": 6.924959001480602, "event": "console.request", "id_hash": "h_ca01de20d85e", "status": "200"}
[WebServer] {"duration_ms": 36.08374999748776, "event": "console.request", "id_hash": "h_d130f5f954eb", "status": "200"}
[WebServer] {"duration_ms": 56.40916600168566, "event": "console.request", "id_hash": "h_0ef12292e1fa", "status": "200"}
[WebServer] {"duration_ms": 59.133291000762256, "event": "console.request", "id_hash": "h_dc0f4ae54108", "status": "200"}
[WebServer] {"duration_ms": 62.40258300022106, "event": "console.request", "id_hash": "h_39bef385c55a", "status": "200"}
[WebServer] {"duration_ms": 62.59762499757926, "event": "console.request", "id_hash": "h_0a3079cb7ed7", "status": "200"}
[WebServer] {"duration_ms": 63.40433299919823, "event": "console.request", "id_hash": "h_096d125b12a0", "status": "200"}
[WebServer] {"duration_ms": 29.646375001902925, "event": "console.request", "id_hash": "h_e0364625340a", "status": "200"}
[WebServer] {"duration_ms": 0.844000001961831, "event": "console.request", "id_hash": "h_153d83e97bbe", "status": "200"}
[WebServer] {"duration_ms": 1.9147920029354282, "event": "console.request", "id_hash": "h_2358f6cf62f2", "status": "200"}
[WebServer] {"duration_ms": 1.8922499984910246, "event": "console.request", "id_hash": "h_555aea1174e6", "status": "200"}
[WebServer] {"duration_ms": 3.048292001039954, "event": "console.request", "id_hash": "h_7444ae28f742", "status": "200"}
[WebServer] {"duration_ms": 4.928624999593012, "event": "console.request", "id_hash": "h_db78acd0c291", "status": "200"}
[WebServer] {"duration_ms": 56.86595799852512, "event": "console.request", "id_hash": "h_e7dd3076ce86", "status": "200"}
[WebServer] {"duration_ms": 58.46933300199453, "event": "console.request", "id_hash": "h_8adb9f5c70d4", "status": "200"}
[WebServer] {"duration_ms": 58.776707999641076, "event": "console.request", "id_hash": "h_c6916560240b", "status": "200"}
[WebServer] {"duration_ms": 59.028165997006, "event": "console.request", "id_hash": "h_46c116445c74", "status": "200"}
[WebServer] {"duration_ms": 60.46716600030777, "event": "console.request", "id_hash": "h_f9ad0a59f6e5", "status": "200"}
[WebServer] {"duration_ms": 59.20095799956471, "event": "console.request", "id_hash": "h_6ebc0322cfb6", "status": "200"}
[WebServer] {"duration_ms": 9.130958002060652, "event": "console.request", "id_hash": "h_81f3947a5fd2", "status": "200"}
[WebServer] {"duration_ms": 1.263207999727456, "event": "console.request", "id_hash": "h_d73652441cb0", "status": "200"}
[WebServer] {"duration_ms": 1.9103329977951944, "event": "console.request", "id_hash": "h_061b8261227f", "status": "200"}
[WebServer] {"duration_ms": 2.303541001310805, "event": "console.request", "id_hash": "h_6f4ee6ecfe86", "status": "200"}
[WebServer] {"duration_ms": 3.1625410010747146, "event": "console.request", "id_hash": "h_082a9bb7868b", "status": "200"}
[WebServer] {"duration_ms": 4.9822920009319205, "event": "console.request", "id_hash": "h_ed3c6aeb5207", "status": "200"}
[WebServer] {"duration_ms": 50.60425000192481, "event": "console.request", "id_hash": "h_2da1a750e2ba", "status": "200"}
[WebServer] {"duration_ms": 56.36700000104611, "event": "console.request", "id_hash": "h_5b36ce42bee6", "status": "200"}
[WebServer] {"duration_ms": 60.30041700068978, "event": "console.request", "id_hash": "h_98198d5c7aec", "status": "200"}
[WebServer] {"duration_ms": 60.276083000644576, "event": "console.request", "id_hash": "h_0c9a0ec62ed6", "status": "200"}
[WebServer] {"duration_ms": 59.59033399994951, "event": "console.request", "id_hash": "h_464d8eafb4f0", "status": "200"}
[WebServer] {"duration_ms": 59.713375001592794, "event": "console.request", "id_hash": "h_895e1f293978", "status": "200"}
[WebServer] {"duration_ms": 14.769541001442121, "event": "console.request", "id_hash": "h_1ece736f5a1f", "status": "200"}
[WebServer] {"duration_ms": 9.028666001540842, "event": "console.request", "id_hash": "h_728defba012a", "status": "403"}
[WebServer] {"duration_ms": 9.193917001539376, "event": "console.request", "id_hash": "h_40bd9ac2f641", "status": "200"}
[WebServer] {"duration_ms": 17.43920900116791, "event": "console.request", "id_hash": "h_31128e37a437", "status": "200"}
[WebServer] {"duration_ms": 51.600708000478335, "event": "console.request", "id_hash": "h_edcc0881dcce", "status": "200"}
[WebServer] {"duration_ms": 51.94162499901722, "event": "console.request", "id_hash": "h_b4b0a9a50cc5", "status": "200"}
[WebServer] {"duration_ms": 53.34604200106696, "event": "console.request", "id_hash": "h_2544da5604ec", "status": "200"}
[WebServer] {"duration_ms": 53.76541700024973, "event": "console.request", "id_hash": "h_cf918a9688c0", "status": "200"}
[WebServer] {"duration_ms": 53.84783300178242, "event": "console.request", "id_hash": "h_00f37b33136a", "status": "200"}
[WebServer] {"duration_ms": 56.014500001765555, "event": "console.request", "id_hash": "h_233ceca7a19a", "status": "200"}
[WebServer] {"duration_ms": 15.846667000005255, "event": "console.request", "id_hash": "h_ea1cb152dc23", "status": "409"}
[WebServer] {"duration_ms": 4.029125000670319, "event": "console.request", "id_hash": "h_c2906672426c", "status": "200"}
[WebServer] {"duration_ms": 19.171957999787992, "event": "console.request", "id_hash": "h_afbf36d0ee71", "status": "409"}
[WebServer] {"duration_ms": 4.828417000680929, "event": "console.request", "id_hash": "h_df737c38ca2f", "status": "200"}
[WebServer] {"duration_ms": 59.13904100088985, "event": "console.request", "id_hash": "h_fbe312d87091", "status": "200"}
[WebServer] {"duration_ms": 60.46862500079442, "event": "console.request", "id_hash": "h_91253334b0c5", "status": "200"}
[WebServer] {"duration_ms": 62.15412500023376, "event": "console.request", "id_hash": "h_3d2b14d81958", "status": "200"}
[WebServer] {"duration_ms": 62.79937500221422, "event": "console.request", "id_hash": "h_72cdfafc1f8a", "status": "200"}
[WebServer] {"duration_ms": 63.01316600001883, "event": "console.request", "id_hash": "h_6436352f8704", "status": "200"}
[WebServer] {"duration_ms": 66.03520800126716, "event": "console.request", "id_hash": "h_a915604334cf", "status": "200"}
[WebServer] {"duration_ms": 0.8410420014115516, "event": "console.request", "id_hash": "h_600f1baeb019", "status": "200"}
[WebServer] {"duration_ms": 1.1732080020010471, "event": "console.request", "id_hash": "h_beac49046195", "status": "200"}
[WebServer] {"duration_ms": 1.96654200044577, "event": "console.request", "id_hash": "h_86cbd185f1c6", "status": "200"}
[WebServer] {"duration_ms": 2.7524170000106096, "event": "console.request", "id_hash": "h_b295378d8d22", "status": "200"}
[WebServer] {"duration_ms": 18.518290999054443, "event": "console.request", "id_hash": "h_e7c38f79d187", "status": "200"}
[WebServer] {"duration_ms": 52.61483400317957, "event": "console.request", "id_hash": "h_74e91024e2e5", "status": "200"}
[WebServer] {"duration_ms": 55.95295900275232, "event": "console.request", "id_hash": "h_74c918d0635b", "status": "200"}
[WebServer] {"duration_ms": 63.67020800098544, "event": "console.request", "id_hash": "h_1310f60165bf", "status": "200"}
[WebServer] {"duration_ms": 62.944166998931905, "event": "console.request", "id_hash": "h_1ac5a5dd745c", "status": "200"}
[WebServer] {"duration_ms": 63.50837499849149, "event": "console.request", "id_hash": "h_bbb457fb36da", "status": "200"}
[WebServer] {"duration_ms": 64.71054199937498, "event": "console.request", "id_hash": "h_09c838aac6a9", "status": "200"}
[WebServer] {"duration_ms": 14.919208002538653, "event": "console.request", "id_hash": "h_4e985fc03416", "status": "200"}
[WebServer] {"duration_ms": 4.831291000300553, "event": "console.request", "id_hash": "h_88a188fb03ff", "status": "200"}
[WebServer] {"duration_ms": 4.145457998674829, "event": "console.request", "id_hash": "h_0c6ab2325cbb", "status": "200"}
  ✓  17 tests/browser/persona-policy.spec.ts:3:1 › real Policy edits require reauth, preserve precision and show concurrent edit differences (1.9s)
[WebServer] {"duration_ms": 1.2988330017833505, "event": "console.request", "id_hash": "h_1e40edad76fe", "status": "200"}
[WebServer] {"duration_ms": 1.8001669996010605, "event": "console.request", "id_hash": "h_c4e3294c2476", "status": "200"}
[WebServer] {"duration_ms": 1.2220829994475935, "event": "console.request", "id_hash": "h_3cc92101ec46", "status": "200"}
[WebServer] {"duration_ms": 3.841207999357721, "event": "console.request", "id_hash": "h_3a7c7218b222", "status": "401"}
[WebServer] {"duration_ms": 102.43304100004025, "event": "console.request", "id_hash": "h_b185db49a907", "status": "200"}
[WebServer] {"duration_ms": 6.591499997739447, "event": "console.request", "id_hash": "h_06c78f7c8e7c", "status": "200"}
[WebServer] {"duration_ms": 6.5671659976942465, "event": "console.request", "id_hash": "h_722b4b18d9e3", "status": "200"}
[WebServer] {"duration_ms": 54.83095800082083, "event": "console.request", "id_hash": "h_3be1071dbe1c", "status": "200"}
[WebServer] {"duration_ms": 57.56445899896789, "event": "console.request", "id_hash": "h_b18b7d4a665f", "status": "200"}
[WebServer] {"duration_ms": 58.94333299875143, "event": "console.request", "id_hash": "h_3ad9c31c7e7f", "status": "200"}
[WebServer] {"duration_ms": 61.61637499826611, "event": "console.request", "id_hash": "h_09be853ba67e", "status": "200"}
[WebServer] {"duration_ms": 62.34287500046776, "event": "console.request", "id_hash": "h_b4823703ff3d", "status": "200"}
[WebServer] {"duration_ms": 62.280999998620246, "event": "console.request", "id_hash": "h_cad39cc49b88", "status": "200"}
[WebServer] {"duration_ms": 18.07491699946695, "event": "console.request", "id_hash": "h_2005bb6edb37", "status": "201"}
[WebServer] {"duration_ms": 39.883375000499655, "event": "console.request", "id_hash": "h_f765c5f31111", "status": "200"}
[WebServer] {"duration_ms": 52.38383300093119, "event": "console.request", "id_hash": "h_9f4f2906c3f1", "status": "200"}
[WebServer] {"duration_ms": 55.31204200087814, "event": "console.request", "id_hash": "h_168692e281e4", "status": "200"}
[WebServer] {"duration_ms": 54.93949999799952, "event": "console.request", "id_hash": "h_9fd4b6dbb881", "status": "200"}
[WebServer] {"duration_ms": 55.36512499747914, "event": "console.request", "id_hash": "h_0defdba6c81b", "status": "200"}
[WebServer] {"duration_ms": 55.60004200015101, "event": "console.request", "id_hash": "h_c54da1515413", "status": "200"}
[WebServer] {"duration_ms": 18.46191699951305, "event": "console.request", "id_hash": "h_bff346a47009", "status": "201"}
[WebServer] {"duration_ms": 51.64175000027171, "event": "console.request", "id_hash": "h_201f0c2a19c6", "status": "200"}
[WebServer] {"duration_ms": 53.289084000425646, "event": "console.request", "id_hash": "h_244cea4cce83", "status": "200"}
[WebServer] {"duration_ms": 55.83262499931152, "event": "console.request", "id_hash": "h_09c8dfc79317", "status": "200"}
[WebServer] {"duration_ms": 56.16799999916111, "event": "console.request", "id_hash": "h_72a0a7a83dbd", "status": "200"}
[WebServer] {"duration_ms": 57.807332999800565, "event": "console.request", "id_hash": "h_95104f2c9fd9", "status": "200"}
[WebServer] {"duration_ms": 58.37637500007986, "event": "console.request", "id_hash": "h_1f71b75b2cc5", "status": "200"}
[WebServer] {"duration_ms": 5.390999998780899, "event": "console.request", "id_hash": "h_19d5a1c25b76", "status": "200"}
[WebServer] {"duration_ms": 1.3868749992980156, "event": "console.request", "id_hash": "h_52ca9ec254bb", "status": "200"}
[WebServer] {"duration_ms": 0.989207997918129, "event": "console.request", "id_hash": "h_9615d8f63939", "status": "200"}
[WebServer] {"duration_ms": 1.868667000962887, "event": "console.request", "id_hash": "h_a514956d3fb9", "status": "200"}
[WebServer] {"duration_ms": 3.8032090014894493, "event": "console.request", "id_hash": "h_eaee281c0ac2", "status": "401"}
[WebServer] {"duration_ms": 102.37837499880698, "event": "console.request", "id_hash": "h_ca919e63b848", "status": "200"}
[WebServer] {"duration_ms": 6.692582999676233, "event": "console.request", "id_hash": "h_69979f74e6d9", "status": "200"}
[WebServer] {"duration_ms": 6.934875000297325, "event": "console.request", "id_hash": "h_a6229cdd10fc", "status": "200"}
[WebServer] {"duration_ms": 53.001208001660416, "event": "console.request", "id_hash": "h_1338575130ea", "status": "200"}
[WebServer] {"duration_ms": 1.0421249971841462, "event": "console.request", "id_hash": "h_18b2655578cd", "status": "200"}
[WebServer] {"duration_ms": 1.7430410007364117, "event": "console.request", "id_hash": "h_f33476faab13", "status": "200"}
[WebServer] {"duration_ms": 1.2695830009761266, "event": "console.request", "id_hash": "h_7f79a6c0479e", "status": "200"}
[WebServer] {"duration_ms": 68.89170900103636, "event": "console.request", "id_hash": "h_64bedecb5330", "status": "200"}
[WebServer] {"duration_ms": 71.8579159984074, "event": "console.request", "id_hash": "h_7ff19b324695", "status": "200"}
[WebServer] {"duration_ms": 75.14495799841825, "event": "console.request", "id_hash": "h_dc76f0a913d1", "status": "200"}
[WebServer] {"duration_ms": 75.76683400111506, "event": "console.request", "id_hash": "h_6dc817a1e7d6", "status": "200"}
[WebServer] {"duration_ms": 76.46912500058534, "event": "console.request", "id_hash": "h_95445a366448", "status": "200"}
[WebServer] {"duration_ms": 3.3131659984064754, "event": "console.request", "id_hash": "h_19068af17cef", "status": "200"}
[WebServer] {"duration_ms": 5.196334001084324, "event": "console.request", "id_hash": "h_0f1359773ae6", "status": "200"}
[WebServer] {"duration_ms": 49.598166999203386, "event": "console.request", "id_hash": "h_733465224fa5", "status": "200"}
[WebServer] {"duration_ms": 50.74870899989037, "event": "console.request", "id_hash": "h_808d82d4d832", "status": "200"}
[WebServer] {"duration_ms": 57.495500001095934, "event": "console.request", "id_hash": "h_68fc8111ac83", "status": "200"}
[WebServer] {"duration_ms": 59.67012499968405, "event": "console.request", "id_hash": "h_33b266e4a1a8", "status": "200"}
[WebServer] {"duration_ms": 60.441875000833534, "event": "console.request", "id_hash": "h_c34d6f6e8da4", "status": "200"}
[WebServer] {"duration_ms": 60.98737499996787, "event": "console.request", "id_hash": "h_24c67e805511", "status": "200"}
[WebServer] {"duration_ms": 16.393959002016345, "event": "console.request", "id_hash": "h_1a283faf10c7", "status": "200"}
[WebServer] {"duration_ms": 6.904958998347865, "event": "console.request", "id_hash": "h_fe405f51119f", "status": "200"}
[WebServer] {"duration_ms": 7.386541998130269, "event": "console.request", "id_hash": "h_d88ceee0bfab", "status": "200"}
[WebServer] {"duration_ms": 12.632209000003058, "event": "console.request", "id_hash": "h_ce202bc349c7", "status": "403"}
[WebServer] {"duration_ms": 11.844209002447315, "event": "console.request", "id_hash": "h_f8c1db3ede71", "status": "200"}
[WebServer] {"duration_ms": 23.01691600223421, "event": "console.request", "id_hash": "h_47a7b6c65fa4", "status": "200"}
[WebServer] {"duration_ms": 49.009207999915816, "event": "console.request", "id_hash": "h_6f95c8ae33f4", "status": "200"}
[WebServer] {"duration_ms": 57.91545900137862, "event": "console.request", "id_hash": "h_04e74569868b", "status": "200"}
[WebServer] {"duration_ms": 60.68333399889525, "event": "console.request", "id_hash": "h_a0c566b89e5e", "status": "200"}
[WebServer] {"duration_ms": 61.29362499996205, "event": "console.request", "id_hash": "h_1a645b39b53e", "status": "200"}
[WebServer] {"duration_ms": 60.8922920000623, "event": "console.request", "id_hash": "h_f38fec589a46", "status": "200"}
[WebServer] {"duration_ms": 60.80295900028432, "event": "console.request", "id_hash": "h_b4b1a5a77800", "status": "200"}
[WebServer] {"duration_ms": 16.31883300069603, "event": "console.request", "id_hash": "h_539fa2f8e334", "status": "409"}
[WebServer] {"duration_ms": 4.260999998223269, "event": "console.request", "id_hash": "h_3d80eaa07dec", "status": "200"}
[WebServer] {"duration_ms": 18.690791999688372, "event": "console.request", "id_hash": "h_b84f56161c75", "status": "409"}
[WebServer] {"duration_ms": 4.885291997197783, "event": "console.request", "id_hash": "h_3b40a8487fdf", "status": "200"}
[WebServer] {"duration_ms": 60.66004199965391, "event": "console.request", "id_hash": "h_a5d860cd1dba", "status": "200"}
[WebServer] {"duration_ms": 64.9147920012183, "event": "console.request", "id_hash": "h_fd1d86b68e4a", "status": "200"}
[WebServer] {"duration_ms": 66.64991700017708, "event": "console.request", "id_hash": "h_33092da56171", "status": "200"}
[WebServer] {"duration_ms": 68.21183300053235, "event": "console.request", "id_hash": "h_ff5e919eb95c", "status": "200"}
[WebServer] {"duration_ms": 68.85949999923469, "event": "console.request", "id_hash": "h_3cec38e0390b", "status": "200"}
[WebServer] {"duration_ms": 67.2221669992723, "event": "console.request", "id_hash": "h_1d991696a466", "status": "200"}
[WebServer] {"duration_ms": 0.8574169987696223, "event": "console.request", "id_hash": "h_77789d17f6ca", "status": "200"}
[WebServer] {"duration_ms": 1.6631250000500586, "event": "console.request", "id_hash": "h_56ae5767e4be", "status": "200"}
[WebServer] {"duration_ms": 1.7822080008045305, "event": "console.request", "id_hash": "h_a242bd03239f", "status": "200"}
[WebServer] {"duration_ms": 2.8414170010364614, "event": "console.request", "id_hash": "h_c95198381a6e", "status": "200"}
[WebServer] {"duration_ms": 4.9090840002463665, "event": "console.request", "id_hash": "h_4ab0c2f87eef", "status": "200"}
[WebServer] {"duration_ms": 54.939707999437815, "event": "console.request", "id_hash": "h_118696be223a", "status": "200"}
[WebServer] {"duration_ms": 57.80287500238046, "event": "console.request", "id_hash": "h_e8ab15a46509", "status": "200"}
[WebServer] {"duration_ms": 59.077333000459475, "event": "console.request", "id_hash": "h_6abd2fe8c5ed", "status": "200"}
[WebServer] {"duration_ms": 60.114749998319894, "event": "console.request", "id_hash": "h_b25674aef780", "status": "200"}
[WebServer] {"duration_ms": 59.956624998449115, "event": "console.request", "id_hash": "h_708cd6b6ca09", "status": "200"}
[WebServer] {"duration_ms": 59.61741600185633, "event": "console.request", "id_hash": "h_8390eff9f122", "status": "200"}
[WebServer] {"duration_ms": 10.905375002039364, "event": "console.request", "id_hash": "h_c4fea5d7f76d", "status": "200"}
[WebServer] {"duration_ms": 4.855916999076726, "event": "console.request", "id_hash": "h_8407597524ef", "status": "200"}
[WebServer] {"duration_ms": 21.812874998431653, "event": "console.request", "id_hash": "h_60c772b5a608", "status": "200"}
[WebServer] {"duration_ms": 57.9585000014049, "event": "console.request", "id_hash": "h_16f0cdf7df82", "status": "200"}
[WebServer] {"duration_ms": 58.81520799812279, "event": "console.request", "id_hash": "h_065c417809da", "status": "200"}
[WebServer] {"duration_ms": 59.60366699946462, "event": "console.request", "id_hash": "h_bce9a9ea6270", "status": "200"}
[WebServer] {"duration_ms": 62.06254199787509, "event": "console.request", "id_hash": "h_7b6e5add9525", "status": "200"}
[WebServer] {"duration_ms": 62.25054200331215, "event": "console.request", "id_hash": "h_8ce341ee063e", "status": "200"}
[WebServer] {"duration_ms": 61.60545900274883, "event": "console.request", "id_hash": "h_e035bc9ab111", "status": "200"}
[WebServer] {"duration_ms": 1.275832997635007, "event": "console.request", "id_hash": "h_42885d9cf547", "status": "200"}
[WebServer] {"duration_ms": 1.4186250009515788, "event": "console.request", "id_hash": "h_11aa92ac41e1", "status": "200"}
[WebServer] {"duration_ms": 1.30854199960595, "event": "console.request", "id_hash": "h_71d78d01d278", "status": "200"}
[WebServer] {"duration_ms": 6.450708999182098, "event": "console.request", "id_hash": "h_8014339d8fa7", "status": "200"}
[WebServer] {"duration_ms": 11.141790997498902, "event": "console.request", "id_hash": "h_149cdc7bd44b", "status": "200"}
[WebServer] {"duration_ms": 20.62800000203424, "event": "console.request", "id_hash": "h_1fea083db241", "status": "200"}
[WebServer] {"duration_ms": 21.247458000289043, "event": "console.request", "id_hash": "h_1134d15142ae", "status": "200"}
  ✓  18 tests/browser/persona-proposals.spec.ts:3:1 › real proposal writer cannot auto-publish; reviewer reauth publishes and rejects stale proposal (3.0s)
[WebServer] {"duration_ms": 67.99745800162782, "event": "console.request", "id_hash": "h_06af2edb1665", "status": "200"}
[WebServer] {"duration_ms": 71.17229199866415, "event": "console.request", "id_hash": "h_1a6a217962cd", "status": "200"}
[WebServer] {"duration_ms": 72.9012080009852, "event": "console.request", "id_hash": "h_1c685267b208", "status": "200"}
[WebServer] {"duration_ms": 72.66824999896926, "event": "console.request", "id_hash": "h_a39515bcbfc2", "status": "200"}
[WebServer] {"duration_ms": 72.79612500133226, "event": "console.request", "id_hash": "h_b5a93fa2ec3d", "status": "200"}
[WebServer] {"duration_ms": 72.88887500180863, "event": "console.request", "id_hash": "h_6da29323e8f2", "status": "200"}
[WebServer] {"duration_ms": 0.8224170014727861, "event": "console.request", "id_hash": "h_c808f438b20c", "status": "200"}
[WebServer] {"duration_ms": 1.5507919997617137, "event": "console.request", "id_hash": "h_e3ca6284a4b0", "status": "200"}
[WebServer] {"duration_ms": 0.9770420001586899, "event": "console.request", "id_hash": "h_e8ec586fb038", "status": "200"}
[WebServer] {"duration_ms": 4.4827500023529865, "event": "console.request", "id_hash": "h_17e48105d7bc", "status": "401"}
[WebServer] {"duration_ms": 102.45475000192528, "event": "console.request", "id_hash": "h_640250221960", "status": "200"}
[WebServer] {"duration_ms": 6.9223330028762575, "event": "console.request", "id_hash": "h_5592ea0c1d89", "status": "200"}
[WebServer] {"duration_ms": 7.113250001566485, "event": "console.request", "id_hash": "h_cfcee083549b", "status": "200"}
[WebServer] {"duration_ms": 55.06295799932559, "event": "console.request", "id_hash": "h_bf77e6c7d777", "status": "200"}
[WebServer] {"duration_ms": 58.128374999796506, "event": "console.request", "id_hash": "h_1c8da4135f8e", "status": "200"}
[WebServer] {"duration_ms": 57.1918329987966, "event": "console.request", "id_hash": "h_012734d0ee2d", "status": "200"}
[WebServer] {"duration_ms": 57.96650000047521, "event": "console.request", "id_hash": "h_e03fb5489567", "status": "200"}
[WebServer] {"duration_ms": 60.53887500092969, "event": "console.request", "id_hash": "h_4e264d37170b", "status": "200"}
[WebServer] {"duration_ms": 60.78216700188932, "event": "console.request", "id_hash": "h_d3ca39df3ac7", "status": "200"}
[WebServer] {"duration_ms": 4.7182079979393166, "event": "console.request", "id_hash": "h_7e31431a4134", "status": "200"}
[WebServer] {"duration_ms": 1.1250829993514344, "event": "console.request", "id_hash": "h_f3140f359b3c", "status": "200"}
[WebServer] {"duration_ms": 1.846666000346886, "event": "console.request", "id_hash": "h_64201241fbc8", "status": "200"}
[WebServer] {"duration_ms": 1.2647499970626086, "event": "console.request", "id_hash": "h_36c9f2c15486", "status": "200"}
[WebServer] {"duration_ms": 2.4987079996208195, "event": "console.request", "id_hash": "h_159ddd410190", "status": "200"}
[WebServer] {"duration_ms": 5.344916000467492, "event": "console.request", "id_hash": "h_aba54d2c2997", "status": "200"}
[WebServer] {"duration_ms": 51.40091699649929, "event": "console.request", "id_hash": "h_677b243e1330", "status": "200"}
[WebServer] {"duration_ms": 59.02391699783038, "event": "console.request", "id_hash": "h_7bf8a1e6ab0d", "status": "200"}
[WebServer] {"duration_ms": 60.4154170032416, "event": "console.request", "id_hash": "h_6fcff07eb79c", "status": "200"}
[WebServer] {"duration_ms": 61.24779099991429, "event": "console.request", "id_hash": "h_5f5940f9810d", "status": "200"}
[WebServer] {"duration_ms": 61.84604200097965, "event": "console.request", "id_hash": "h_914414d05ac4", "status": "200"}
[WebServer] {"duration_ms": 61.26299999959883, "event": "console.request", "id_hash": "h_d699d8388a93", "status": "200"}
[WebServer] {"duration_ms": 15.631292000762187, "event": "console.request", "id_hash": "h_ae04b2a5eb31", "status": "200"}
[WebServer] {"duration_ms": 17.362250000587665, "event": "console.request", "id_hash": "h_4441530bda01", "status": "200"}
[WebServer] {"duration_ms": 4.7437920002266765, "event": "console.request", "id_hash": "h_bdc0d808c3dd", "status": "200"}
[WebServer] {"duration_ms": 19.066166001721285, "event": "console.request", "id_hash": "h_9e4783c0d583", "status": "409"}
[WebServer] {"duration_ms": 5.058833998191403, "event": "console.request", "id_hash": "h_d1d13e3a571e", "status": "200"}
[WebServer] {"duration_ms": 6.9483749975916, "event": "console.request", "id_hash": "h_a76610488cd2", "status": "200"}
[WebServer] {"duration_ms": 1.284167003177572, "event": "console.request", "id_hash": "h_6ce55c3d40a5", "status": "200"}
[WebServer] {"duration_ms": 2.347459001612151, "event": "console.request", "id_hash": "h_533c6846eb47", "status": "200"}
[WebServer] {"duration_ms": 1.8742089996521827, "event": "console.request", "id_hash": "h_a835ce4b92f2", "status": "200"}
[WebServer] {"duration_ms": 3.9406659998348914, "event": "console.request", "id_hash": "h_54c362408077", "status": "200"}
[WebServer] {"duration_ms": 6.4197080027952325, "event": "console.request", "id_hash": "h_bea7a9d1a67b", "status": "200"}
[WebServer] {"duration_ms": 55.32308299734723, "event": "console.request", "id_hash": "h_c2ac4673dca6", "status": "200"}
[WebServer] {"duration_ms": 56.7474579984264, "event": "console.request", "id_hash": "h_bad5bcde814b", "status": "200"}
[WebServer] {"duration_ms": 59.92645800142782, "event": "console.request", "id_hash": "h_a8ff80f19a3b", "status": "200"}
[WebServer] {"duration_ms": 58.26858300133608, "event": "console.request", "id_hash": "h_07f1f7dc4e5f", "status": "200"}
[WebServer] {"duration_ms": 60.13566700130468, "event": "console.request", "id_hash": "h_2ce09b1a719c", "status": "200"}
[WebServer] {"duration_ms": 60.61279099958483, "event": "console.request", "id_hash": "h_ae85407e99d3", "status": "200"}
[WebServer] {"duration_ms": 9.944207999069477, "event": "console.request", "id_hash": "h_54a99ff3ae1f", "status": "200"}
[WebServer] {"duration_ms": 4.57033299971954, "event": "console.request", "id_hash": "h_308c373acfe2", "status": "200"}
[WebServer] {"duration_ms": 6.820999999035848, "event": "console.request", "id_hash": "h_da101479014b", "status": "200"}
[WebServer] {"duration_ms": 13.595249998616055, "event": "console.request", "id_hash": "h_630af7f387cd", "status": "200"}
[WebServer] {"duration_ms": 14.973916000599274, "event": "console.request", "id_hash": "h_c0a24bcc8a29", "status": "200"}
[WebServer] {"duration_ms": 9.648792001826223, "event": "console.request", "id_hash": "h_4cc57160142e", "status": "200"}
[WebServer] {"duration_ms": 24.433000002318295, "event": "console.request", "id_hash": "h_652e9e6159ac", "status": "200"}
[WebServer] {"duration_ms": 5.579624998063082, "event": "console.request", "id_hash": "h_b0f63285675f", "status": "200"}
[WebServer] {"duration_ms": 1.5243749985529575, "event": "console.request", "id_hash": "h_3a68065c15e6", "status": "200"}
[WebServer] {"duration_ms": 2.0450000010896474, "event": "console.request", "id_hash": "h_0271e04f80ac", "status": "200"}
[WebServer] {"duration_ms": 2.947625001979759, "event": "console.request", "id_hash": "h_33ada4003b1c", "status": "200"}
[WebServer] {"duration_ms": 5.021125001803739, "event": "console.request", "id_hash": "h_115e8ac752ad", "status": "200"}
[WebServer] {"duration_ms": 8.415832999162376, "event": "console.request", "id_hash": "h_860e36c3e096", "status": "200"}
[WebServer] {"duration_ms": 13.295832999574486, "event": "console.request", "id_hash": "h_91eaf2d7f48a", "status": "200"}
[WebServer] {"duration_ms": 53.75116700088256, "event": "console.request", "id_hash": "h_acf92d74189f", "status": "200"}
[WebServer] {"duration_ms": 53.924916002870305, "event": "console.request", "id_hash": "h_3a4d7772e00b", "status": "200"}
[WebServer] {"duration_ms": 55.9482909993676, "event": "console.request", "id_hash": "h_374de302a5c6", "status": "200"}
[WebServer] {"duration_ms": 58.92129100175225, "event": "console.request", "id_hash": "h_e86277d74502", "status": "200"}
[WebServer] {"duration_ms": 59.65624999953434, "event": "console.request", "id_hash": "h_0a9a26e1fdcf", "status": "200"}
[WebServer] {"duration_ms": 60.75466599941137, "event": "console.request", "id_hash": "h_8fc741a79fee", "status": "200"}
[WebServer] {"duration_ms": 13.46979200025089, "event": "console.request", "id_hash": "h_24e43c6aee69", "status": "200"}
[WebServer] {"duration_ms": 17.758125002728775, "event": "console.request", "id_hash": "h_a0cdf2d9288a", "status": "200"}
  ✓  19 tests/browser/persona-state.spec.ts:3:1 › real State writer updates and clears expired State without changing Persona Core (2.6s)
[WebServer] {"duration_ms": 0.9544579988869373, "event": "console.request", "id_hash": "h_0f018a81d151", "status": "200"}
[WebServer] {"duration_ms": 1.4777500000491273, "event": "console.request", "id_hash": "h_751919704520", "status": "200"}
[WebServer] {"duration_ms": 0.9666669975558762, "event": "console.request", "id_hash": "h_1827e1772b33", "status": "200"}
[WebServer] {"duration_ms": 3.3834999994724058, "event": "console.request", "id_hash": "h_1824148f8e7f", "status": "401"}
[WebServer] {"duration_ms": 100.9169999997539, "event": "console.request", "id_hash": "h_dcb4fc647e15", "status": "200"}
[WebServer] {"duration_ms": 6.3914160018612165, "event": "console.request", "id_hash": "h_b185f91fc194", "status": "200"}
[WebServer] {"duration_ms": 6.530292001116322, "event": "console.request", "id_hash": "h_9392b1dc22a9", "status": "200"}
[WebServer] {"duration_ms": 42.97204199974658, "event": "console.request", "id_hash": "h_004691ebf224", "status": "200"}
[WebServer] {"duration_ms": 58.74237500029267, "event": "console.request", "id_hash": "h_14f29e7fbd59", "status": "200"}
[WebServer] {"duration_ms": 59.4011249995674, "event": "console.request", "id_hash": "h_a5c73292fbd1", "status": "200"}
[WebServer] {"duration_ms": 59.55866700242041, "event": "console.request", "id_hash": "h_273a19a1dc5d", "status": "200"}
[WebServer] {"duration_ms": 60.03529200097546, "event": "console.request", "id_hash": "h_24175a105b02", "status": "200"}
[WebServer] {"duration_ms": 60.071832998801256, "event": "console.request", "id_hash": "h_8b6b285446a1", "status": "200"}
[WebServer] {"duration_ms": 6.863000002340414, "event": "console.request", "id_hash": "h_9c31fcb7106e", "status": "200"}
[WebServer] {"duration_ms": 5.741167002270231, "event": "console.request", "id_hash": "h_2d70ff824874", "status": "200"}
  ✓  20 tests/browser/persona.spec.ts:3:1 › real Persona reader has current and history without publication controls (580ms)
[WebServer] {"duration_ms": 0.8308340002258774, "event": "console.request", "id_hash": "h_a343521cf401", "status": "200"}
[WebServer] {"duration_ms": 1.5787920019647572, "event": "console.request", "id_hash": "h_99333b55f226", "status": "200"}
[WebServer] {"duration_ms": 1.494959000410745, "event": "console.request", "id_hash": "h_6146cf0e687a", "status": "200"}
[WebServer] {"duration_ms": 2.9801659984514117, "event": "console.request", "id_hash": "h_0ed8239ac387", "status": "401"}
[WebServer] {"duration_ms": 102.42241599917179, "event": "console.request", "id_hash": "h_df3d90548719", "status": "200"}
[WebServer] {"duration_ms": 7.226790999993682, "event": "console.request", "id_hash": "h_fa771c0db114", "status": "200"}
[WebServer] {"duration_ms": 6.970540998736396, "event": "console.request", "id_hash": "h_2591b0fae6c0", "status": "200"}
[WebServer] {"duration_ms": 58.36345799980336, "event": "console.request", "id_hash": "h_6a7b68578cad", "status": "200"}
[WebServer] {"duration_ms": 57.5295830021787, "event": "console.request", "id_hash": "h_b9fd402e5d65", "status": "200"}
[WebServer] {"duration_ms": 61.182040997664444, "event": "console.request", "id_hash": "h_94c7c32ea0c7", "status": "200"}
[WebServer] {"duration_ms": 61.693625000771135, "event": "console.request", "id_hash": "h_9cfc2f391351", "status": "200"}
[WebServer] {"duration_ms": 61.883999998826766, "event": "console.request", "id_hash": "h_a70de1cdef20", "status": "200"}
[WebServer] {"duration_ms": 64.52399999761838, "event": "console.request", "id_hash": "h_60ea771fcec6", "status": "200"}
[WebServer] {"duration_ms": 4.824291998374974, "event": "console.request", "id_hash": "h_0e0ac1725c1b", "status": "200"}
[WebServer] {"duration_ms": 0.8171250010491349, "event": "console.request", "id_hash": "h_f5488df34449", "status": "200"}
[WebServer] {"duration_ms": 2.124791000824189, "event": "console.request", "id_hash": "h_2b43d0732376", "status": "200"}
[WebServer] {"duration_ms": 1.6961669971351512, "event": "console.request", "id_hash": "h_0dd545864c48", "status": "200"}
[WebServer] {"duration_ms": 2.7731660011340864, "event": "console.request", "id_hash": "h_a727ea0cee58", "status": "200"}
[WebServer] {"duration_ms": 5.346792000636924, "event": "console.request", "id_hash": "h_a4d21c2c6daa", "status": "200"}
[WebServer] {"duration_ms": 53.190542002994334, "event": "console.request", "id_hash": "h_594f0439a695", "status": "200"}
[WebServer] {"duration_ms": 55.50445900007617, "event": "console.request", "id_hash": "h_18f03a57ea17", "status": "200"}
[WebServer] {"duration_ms": 59.21679200037033, "event": "console.request", "id_hash": "h_f7006fce4747", "status": "200"}
[WebServer] {"duration_ms": 61.52237499918556, "event": "console.request", "id_hash": "h_c435d7668182", "status": "200"}
[WebServer] {"duration_ms": 60.44179200034705, "event": "console.request", "id_hash": "h_a49f85ef79ff", "status": "200"}
[WebServer] {"duration_ms": 60.70379199809395, "event": "console.request", "id_hash": "h_eb9b8515cfe5", "status": "200"}
[WebServer] {"duration_ms": 12.951874999998836, "event": "console.request", "id_hash": "h_cab7bec2544a", "status": "200"}
[WebServer] {"duration_ms": 9.061208998900838, "event": "console.request", "id_hash": "h_27f7af6fd013", "status": "403"}
[WebServer] {"duration_ms": 9.592292000888847, "event": "console.request", "id_hash": "h_f596ff5e6bbc", "status": "200"}
[WebServer] {"duration_ms": 19.6307500009425, "event": "console.request", "id_hash": "h_4d09c6a574e9", "status": "201"}
[WebServer] {"duration_ms": 55.177957998239435, "event": "console.request", "id_hash": "h_10e32fe623d3", "status": "200"}
[WebServer] {"duration_ms": 57.749957999476464, "event": "console.request", "id_hash": "h_dd104abba05a", "status": "200"}
[WebServer] {"duration_ms": 58.31629100066493, "event": "console.request", "id_hash": "h_2d6ad2da4feb", "status": "200"}
[WebServer] {"duration_ms": 60.205334000784205, "event": "console.request", "id_hash": "h_6a50a0352701", "status": "200"}
[WebServer] {"duration_ms": 61.47700000292389, "event": "console.request", "id_hash": "h_d24bfd609b3d", "status": "200"}
[WebServer] {"duration_ms": 61.85166700015543, "event": "console.request", "id_hash": "h_90863502a440", "status": "200"}
[WebServer] {"duration_ms": 16.33287500226288, "event": "console.request", "id_hash": "h_d7000f91059e", "status": "409"}
[WebServer] {"duration_ms": 4.38916699931724, "event": "console.request", "id_hash": "h_020bb0402c2e", "status": "200"}
[WebServer] {"duration_ms": 55.0791659989045, "event": "console.request", "id_hash": "h_f5d0a37c54b8", "status": "200"}
[WebServer] {"duration_ms": 61.35124999855179, "event": "console.request", "id_hash": "h_4e243186b9da", "status": "200"}
[WebServer] {"duration_ms": 61.05583300086437, "event": "console.request", "id_hash": "h_7a6366fdf54d", "status": "200"}
[WebServer] {"duration_ms": 63.66483400051948, "event": "console.request", "id_hash": "h_4417cb16bf62", "status": "200"}
[WebServer] {"duration_ms": 63.831084000412375, "event": "console.request", "id_hash": "h_f6a27bdb83be", "status": "200"}
[WebServer] {"duration_ms": 64.55141699916567, "event": "console.request", "id_hash": "h_3c4b42a764e7", "status": "200"}
[WebServer] {"duration_ms": 0.8450000023003668, "event": "console.request", "id_hash": "h_98835111affc", "status": "200"}
[WebServer] {"duration_ms": 1.2271250016056001, "event": "console.request", "id_hash": "h_68fc5dba9403", "status": "200"}
[WebServer] {"duration_ms": 1.7834579994087107, "event": "console.request", "id_hash": "h_a7159107d7a3", "status": "200"}
[WebServer] {"duration_ms": 2.8454169987526257, "event": "console.request", "id_hash": "h_ce26acbd0b26", "status": "200"}
[WebServer] {"duration_ms": 5.113791998155648, "event": "console.request", "id_hash": "h_d0148378fd0e", "status": "200"}
[WebServer] {"duration_ms": 52.160291001200676, "event": "console.request", "id_hash": "h_23022014b965", "status": "200"}
[WebServer] {"duration_ms": 58.52704200151493, "event": "console.request", "id_hash": "h_f0b9a4bd3e1f", "status": "200"}
[WebServer] {"duration_ms": 59.62504199851537, "event": "console.request", "id_hash": "h_e038cbb955b1", "status": "200"}
[WebServer] {"duration_ms": 59.55295800231397, "event": "console.request", "id_hash": "h_90c0bada29b4", "status": "200"}
[WebServer] {"duration_ms": 60.11608299741056, "event": "console.request", "id_hash": "h_25e010121292", "status": "200"}
[WebServer] {"duration_ms": 60.60237500059884, "event": "console.request", "id_hash": "h_46eecdd50274", "status": "200"}
[WebServer] {"duration_ms": 13.533375000406522, "event": "console.request", "id_hash": "h_bb8762d78d39", "status": "200"}
[WebServer] {"duration_ms": 19.716124999831663, "event": "console.request", "id_hash": "h_ecb9530c6c02", "status": "201"}
[WebServer] {"duration_ms": 52.55004200080293, "event": "console.request", "id_hash": "h_00d5e0e0de81", "status": "200"}
[WebServer] {"duration_ms": 58.50504199770512, "event": "console.request", "id_hash": "h_5a47929d940a", "status": "200"}
[WebServer] {"duration_ms": 58.88529200092307, "event": "console.request", "id_hash": "h_1b4ae1535574", "status": "200"}
[WebServer] {"duration_ms": 61.48949999987963, "event": "console.request", "id_hash": "h_bbf47eeb11ec", "status": "200"}
[WebServer] {"duration_ms": 60.85949999760487, "event": "console.request", "id_hash": "h_ca81222aade2", "status": "200"}
[WebServer] {"duration_ms": 61.73950000084005, "event": "console.request", "id_hash": "h_b2fa05b19d4e", "status": "200"}
[WebServer] {"duration_ms": 0.8619580003141891, "event": "console.request", "id_hash": "h_55873e3e87ab", "status": "200"}
[WebServer] {"duration_ms": 1.6979169995465782, "event": "console.request", "id_hash": "h_992d96e5877c", "status": "200"}
[WebServer] {"duration_ms": 1.4534589972754475, "event": "console.request", "id_hash": "h_27ecb055d19e", "status": "200"}
[WebServer] {"duration_ms": 3.035708999959752, "event": "console.request", "id_hash": "h_d956a65b8c62", "status": "200"}
[WebServer] {"duration_ms": 5.092167000839254, "event": "console.request", "id_hash": "h_f40586e88894", "status": "200"}
[WebServer] {"duration_ms": 52.035125001566485, "event": "console.request", "id_hash": "h_161ca85220b5", "status": "200"}
[WebServer] {"duration_ms": 54.4026669995219, "event": "console.request", "id_hash": "h_9d20670db353", "status": "200"}
[WebServer] {"duration_ms": 54.19545799668413, "event": "console.request", "id_hash": "h_3631202e0cbc", "status": "200"}
[WebServer] {"duration_ms": 54.60537500039209, "event": "console.request", "id_hash": "h_cfea9f259604", "status": "200"}
[WebServer] {"duration_ms": 55.35237499861978, "event": "console.request", "id_hash": "h_c7358e77db82", "status": "200"}
[WebServer] {"duration_ms": 55.81591699956334, "event": "console.request", "id_hash": "h_f853dd0c7c73", "status": "200"}
[WebServer] {"duration_ms": 9.488583000347717, "event": "console.request", "id_hash": "h_0075e5d487f0", "status": "200"}
[WebServer] {"duration_ms": 5.004458002076717, "event": "console.request", "id_hash": "h_9f1239434219", "status": "200"}
  ✓  21 tests/browser/persona.spec.ts:67:1 › real Persona publish, reauth, refresh and rollback preserve immutable history in Required mode (1.9s)

  21 passed (1.6m)
UV_CACHE_DIR=.uv-cache uv run python -m tools.check_packages
warning: The cache directory `.uv-cache` is inside the build source directory `.` and may be included in distributions
Building source distribution...
Building wheel from source distribution...
Successfully built /var/folders/vr/xq2gyj_j1w5f2rbw5h06rtqw0000gn/T/iris-package-check-qvb5u7jt/core/iris_memory_core-0.14.0.tar.gz
Successfully built /var/folders/vr/xq2gyj_j1w5f2rbw5h06rtqw0000gn/T/iris-package-check-qvb5u7jt/core/iris_memory_core-0.14.0-py3-none-any.whl
Building source distribution...
Building wheel from source distribution...
Successfully built /var/folders/vr/xq2gyj_j1w5f2rbw5h06rtqw0000gn/T/iris-package-check-qvb5u7jt/sdk/iris_memory_sdk-0.11.1.tar.gz
Successfully built /var/folders/vr/xq2gyj_j1w5f2rbw5h06rtqw0000gn/T/iris-package-check-qvb5u7jt/sdk/iris_memory_sdk-0.11.1-py3-none-any.whl
{"artifact_digests": [{"name": "iris_memory_core-0.14.0-py3-none-any.whl", "sha256": "4001b5ac806777e75e4d36b6020f6b4a6e8564f193472707e894bae3f233ed68", "bytes": 849364}, {"name": "iris_memory_core-0.14.0.tar.gz", "sha256": "d23ac3e6fe3d60c3ad3444feb26b7d97c7f4e98abf8267075f4dad1079585147", "bytes": 704535}, {"name": "iris_memory_sdk-0.11.1-py3-none-any.whl", "sha256": "19f3cd76e9dc5adcd68417d6ae638a7aff2206b62d39f2b3975df2f273c5cbeb", "bytes": 33574}, {"name": "iris_memory_sdk-0.11.1.tar.gz", "sha256": "6d96c57f839c28d2614d4314bb1c2b1e30391fab9ada9586093d54e87060d3f9", "bytes": 32705}]}
Using CPython 3.12.13
Creating virtual environment at: /var/folders/vr/xq2gyj_j1w5f2rbw5h06rtqw0000gn/T/iris-installation-2aba6bss/venv
Activate with: source /var/folders/vr/xq2gyj_j1w5f2rbw5h06rtqw0000gn/T/iris-installation-2aba6bss/venv/bin/activate
Using Python 3.12.13 environment at: /var/folders/vr/xq2gyj_j1w5f2rbw5h06rtqw0000gn/T/iris-installation-2aba6bss/venv
Resolved 26 packages in 2.36s
Prepared 2 packages in 28ms
Installed 26 packages in 45ms
 + annotated-doc==0.0.5
 + annotated-types==0.8.0
 + anyio==4.15.1
 + attrs==26.1.0
 + cffi==2.1.1
 + click==8.5.0
 + cryptography==50.0.1
 + faiss-cpu==1.15.0
 + fastapi==0.141.1
 + h11==0.16.0
 + idna==3.19
 + iris-memory-core==0.14.0 (from file:///private/var/folders/vr/xq2gyj_j1w5f2rbw5h06rtqw0000gn/T/iris-package-check-qvb5u7jt/core/iris_memory_core-0.14.0-py3-none-any.whl)
 + iris-memory-sdk==0.11.1 (from file:///private/var/folders/vr/xq2gyj_j1w5f2rbw5h06rtqw0000gn/T/iris-package-check-qvb5u7jt/sdk/iris_memory_sdk-0.11.1-py3-none-any.whl)
 + jsonschema==4.26.0
 + jsonschema-specifications==2025.9.1
 + numpy==2.5.3
 + packaging==26.3
 + pycparser==3.0
 + pydantic==2.13.5
 + pydantic-core==2.46.5
 + referencing==0.37.0
 + rpds-py==2026.6.3
 + starlette==1.6.0
 + typing-extensions==4.16.0
 + typing-inspection==0.4.4
 + uvicorn==0.52.4
public API exports, signatures, DTOs, CLI and HTTP snapshot: passed
{
  "core_version": "0.14.0",
  "development_sqlite_override": true,
  "private_endpoint_rejections": 4,
  "public_sdk_smoke": "passed",
  "schema_version": 21,
  "sdk_version": "0.11.1",
  "serve_exit_code": -15,
  "shutdown_seconds": 0.2531492080015596,
  "surface_mode": "required",
  "worker_once": "passed"
}
{"rebuild": "vector", "state": [["pending", 0, null]]}
{"rebuild": "vector", "state": [["leased", 1, null]]}
{"rebuild": "vector", "state": [["completed", 1, null]]}
{"rebuild": "graph", "state": [["completed", 1, null]]}
{"rebuild": "fts", "state": [["completed", 1, null]]}
{"rebuild": "profile", "state": [["completed", 1, null]]}
{
  "development_embedding": true,
  "installed_recall": {
    "graph": {
      "expected_resource_found": true,
      "trace_candidates": 2
    },
    "vector": {
      "expected_resource_found": true,
      "trace_candidates": 1
    }
  },
  "required_lease": true,
  "worker_rebuilds": 4
}
fresh package build, archive boundaries and isolated installation: passed
